api10,well_name,operator,state_code,county,formation_blueox,box_bench,box_action,box_depth_witness,box_reason,planned,tvd_ft,tvd_round,lateral_length_ft,first_production_date,cum_12m_oil_bbl,oil12_kft,gor12,cohort,mid_lon,mid_lat,cons_status,cons_suggest,cons_nearest_delta,cons_own_delta,sql23_nearest,cons_gor_vote,pool,geom_src,evidence,pinned_ft,sides,qc_caveat,perf_ratio
3001546377,JAMES RANCH UNIT DI 11 WHITLASH #251H,Exxon Mobil,30,Eddy,WCA_1,WCA,keep,True,,False,10611.0,False,11664.0,2020-11-01,283910.0,24340.70644718793,1904.085801838611,True,-103.92660543,32.39131333,no_evidence,,,,BS3_S,none,WCA,enverus_lateralline,True,28899.457437247638,N/NW,,1.0945429168778407
3002551668,GOLD STATE COM #701H,Devon,30,Lea,WCA_2,WCA,keep,True,,False,10997.0,False,8806.0,2024-02-20,4628.0,525.5507608448785,736.8193604148661,True,-103.5367335,32.720832,no_evidence,,,,BS3_S,none,WCA,enverus_lateralline,True,26399.504371741787,N,,0.023632751333270304
3002546472,OUTLAND WCA STATE UNIT 11 2 #005H,Permian Resources,30,Lea,WCA_1,WCA,keep,True,,False,11664.0,False,6930.0,2020-05-10,151120.0,21806.63780663781,9980.637903652729,True,-103.43635768,32.50766997,off_band,,1111.0,,BS3_S,none,WCA,enverus_lateralline,True,26299.50624912155,N,,0.9805919562755104
4210932938,ADMIRAL WILLIAM HALSEY JR STATE 3HX,US Energy Development,42,Culberson,WCA_1,WCA,keep,True,,False,7330.0,False,9767.0,2017-04-15,,,,False,-104.36466217,31.70009804,no_evidence,,,,WCXY,none,WCA,enverus_lateralline,True,24199.545674096637,W,,
4237139676,MAXWELL-NATALIE WEST 1H,Battalion Oil,42,Pecos,WCA_2,WCA,keep,True,,False,9956.0,False,9622.0,2018-04-12,77215.0,8024.838910829349,592.6827688920547,True,-103.12743378,30.98286247,no_evidence,,,,WCA_1,none,WCA,enverus_lateralline,True,23199.5644478943,SE,,0.36085766894200827
3001555349,STAGE FRIGHT 12 8 FEDERAL COM #718H,Mewbourne,30,Eddy,WCA_2,WCA,keep,True,,False,8170.0,False,11334.0,2025-04-01,322335.0,28439.65060878772,2521.023159135682,True,-104.33825985,32.48906762,off_band,,137.0,,BS3_S,none,WCA,enverus_lateralline,True,22999.56820265383,NW,,1.2788625588936189
4210933029,H. M. PHILLIPS STATE 1720 1H,Chevron,42,Culberson,WCA_1,WCA,keep,True,,False,8062.0,False,7027.0,2017-04-13,,,,False,-104.28514099,31.66169357,no_evidence,,,,WCB_1,none,WCA,enverus_lateralline,True,22899.570080033594,W,,
3001553729,SIMON CAMAMILE 0206 FEDERAL COM #206H,Matador,30,Eddy,WCA_2,WCA,keep,False,,True,9937.0,False,12241.0,2023-10-29,163838.0,13384.364022547175,2702.8772323880908,True,-104.04393689,32.50324752,agree,,17.0,17.0,WCA_2,none,WCA,enverus_lateralline,True,22299.58134431219,NW,planned survey,0.6018625987532129
3001555836,OCOTILLO STATE COM #213H,Permian Resources,30,Eddy,WCA_2,WCA,keep,False,,True,8550.0,False,10061.0,2025-12-01,,,,False,-104.33123149,32.3416167,no_evidence,,,,BS3_S,none,WCA,enverus_lateralline,True,22099.585099071723,NW,planned survey,
3001555987,PINTA 29 27 FEDERAL COM #711H,Mewbourne,30,Eddy,WCA_2,WCA,keep,True,,False,8539.0,False,15114.0,2025-09-29,,,,False,-104.28554202,32.54974011,off_band,,321.5,,WCA_2,none,WCA,enverus_lateralline,True,21999.58697645149,NW,,
4238937747,ZUMA STATE UNIT 72 10-21 3H,EOG,42,Reeves,WCA_2,WCA,keep,True,,False,9703.0,False,8543.0,2019-02-14,155271.0,18175.231183425025,8935.802564548434,True,-103.72720337,31.34950638,no_evidence,,,,WCA_1,none,WCA,enverus_lateralline,True,21299.60011810985,S,,0.8172963507693676
3001557155,BLOOMIN ONION 11 14 FEDERAL COM #717H,Mewbourne,30,Eddy,WCA_1,WCA,keep,False,,True,9914.0,False,10250.0,2026-03-23,,,,False,-103.93639974,32.58079885,off_band,,1315.0,,WCA_1,none,WCA,enverus_lateralline,True,21299.60011810985,N,planned survey,
4210933980,DR STATE WISE UNIT 1 034 0342TB,Chevron,42,Culberson,WCA_2,WCA,keep,True,,False,7455.0,False,10873.0,2024-03-05,48465.0,4457.371470615286,17858.372021046114,True,-104.39716339,31.92434502,off_band,,188.0,,BS3_S,none,WCA,enverus_lateralline,True,20899.607627628913,W,,0.2004372544256606
3002554322,RAES CREEK 25 36 22 FEDERAL COM #115H,Matador,30,Lea,WCA_2,WCA,keep,False,,True,11137.0,False,10424.0,2025-11-11,,,,False,-103.25178639,32.12305116,no_evidence,,,,OTHER,none,WCA,enverus_lateralline,True,20799.60950500868,NE,planned survey,
3002543291,WITHERSPOON 26 23 STATE #001H,Devon,30,Lea,WCA_2,WCA,keep,True,,False,12241.0,False,6300.0,2016-11-01,143338.0,22752.06349206349,2259.4148097503803,True,-103.55009662,32.45237757,off_band,,1233.0,,BS3_S,none,WCA,enverus_lateralline,True,20399.617014527747,N,,1.0231054712247287
4238939390,EDDIE GUNNER STATE 44 1H,Perun Energy,42,Reeves,WCA_2,WCA,keep,True,,False,9768.0,False,9773.0,2021-07-31,99490.0,10180.087997544251,4473.947130364861,True,-103.73594666,31.28328133,no_evidence,,,,WCA_1,none,WCA,enverus_lateralline,True,20199.620769287278,S,,0.457774027022641
4210933218,AZRA STATE 16 UNIT 1H,Devon,42,Culberson,WCA_1,WCA,keep,True,,False,8125.0,False,12515.0,2019-05-01,87418.0,6985.057930483419,9898.316136264842,True,-104.26433563,31.7111721,no_evidence,,,,WCA_1,none,WCA,enverus_lateralline,True,20099.62264666704,W,,0.31410122374140415
3001555509,BENNY HUEVOS 36 24 W0OB FEDERAL COM #001H,Mewbourne,30,Eddy,WCXY,WCA,keep,True,,False,11694.0,False,13569.0,2025-06-10,526771.0,38821.652295673965,1811.046925514123,False,-103.7275379,32.45280785,agree,,26.0,26.0,WCXY,none,WCA,enverus_lateralline,True,19899.626401426576,N,,1.7457161579890534
3002546588,GAVILON FEDERAL COM #704H,Matador,30,Lea,WCA_1,WCA,keep,True,,False,11452.0,False,10414.0,2022-10-29,153723.0,14761.186863837143,1167.7237628721791,True,-103.67495172,32.53696332,off_band,,187.0,,BS3_S,none,WCA,enverus_lateralline,True,19799.62827880634,N,,0.6637750042949042
3001557255,BEER 30 FEDERAL COM #211H,Tap Rock Resources,30,Eddy,WCXY,WCA,keep,False,,False,8369.0,False,9737.0,2026-06-22,,,,False,-104.39220771,32.16549398,no_evidence,,,,WCXY,none,WCA,enverus_lateralline,True,19199.639543084937,NW,,
3002551110,TREBLE STATE COM #702H,Devon,30,Lea,WCA_1,WCA,keep,True,,False,11270.0,False,5193.0,2023-12-01,98861.0,19037.35798189871,645.6843446859732,False,-103.4478782,32.61739994,no_evidence,,,,BS3_S,none,WCA,enverus_lateralline,True,18599.650807363534,N,,0.8560641154916999
3002544810,MAGNOLIA 26 36 22 STATE COM #125H,Matador,30,Lea,WCA_1,WCA,keep,True,,False,11713.0,False,10155.0,2019-07-20,89887.0,8851.50172328902,9848.420794998165,True,-103.25243774,32.03638437,no_evidence,,,,WCA_2,none,WCA,enverus_lateralline,True,18599.65080736353,NE,,0.3980307036683106
4238936972,BULLDOG 1HA,Tap Rock Resources,42,Reeves,WCA_1,WCA,keep,True,,False,9890.0,False,4634.0,2018-10-27,,,,False,-103.49958801,30.95109558,no_evidence,,,,WCA_1,none,WCA,enverus_lateralline,True,18599.65080736353,S,,
3001557161,BOLANDER 32 STATE FEDERAL COM #201H,Permian Resources,30,Eddy,WCA_2,WCA,keep,False,,False,8788.0,False,9849.0,2026-04-04,,,,False,-104.20781163,32.62324996,off_band,,248.0,,BS3_S,none,WCA,enverus_lateralline,True,18599.65080736353,NW,,
4210932993,AT LANDS STATE UNIT 40 406H,Petro-Hunt,42,Culberson,WCA_2,WCA,keep,True,,False,8897.0,False,6280.0,2017-12-18,53741.0,8557.484076433122,16344.020394112502,True,-104.15556335,31.61377144,no_evidence,,,,WCA_2,none,WCA,enverus_lateralline,True,18399.654562123065,SW,,0.38480943856240846
4237139722,STALLION 1HA,Tap Rock Resources,42,Pecos,WCA_2,WCA,keep,True,,False,9744.0,False,4454.0,2018-10-04,,,,False,-103.33123016,30.96634483,no_evidence,,,,WCA_1,none,WCA,enverus_lateralline,True,18099.66019426236,S,,
4249534914,BIRDIE 2803A 08H,Continental Resources,42,Winkler,WCA_1,WCA,keep,True,,False,12192.0,False,10111.0,2024-07-16,173101.0,17120.0672534863,6253.950006065823,True,-103.2644577,31.88998604,off_band,,340.0,,WCA_1,none,WCA,enverus_lateralline,True,17999.662071642128,E,,0.7698481713927643
3001553321,COLD SNACK FEDERAL COM #214H,SM Energy,30,Eddy,WCA_1,WCA,keep,True,,False,8368.0,False,9894.0,2023-12-15,132060.0,13347.4833232262,5096.395577767681,True,-104.35800617,32.12450368,off_band,,869.0,,WCXY,none,WCA,enverus_lateralline,True,17699.667703781426,NW,,0.6002041625735212
3001554646,RENA 7 FEDERAL COM #702H,3r Operating,30,Eddy,WCA_1,WCA,keep,False,,True,8511.0,False,9433.0,2024-09-01,92806.0,9838.439520831123,4167.812425920738,True,-104.33438026,32.31059324,no_evidence,,,,BS3_S,none,WCA,enverus_lateralline,True,17099.67896806002,NW,planned survey,0.4424109182706491
4238936976,STATE OL SARGE 1HA,SM Energy,42,Reeves,WCA_2,WCA,keep,True,,False,10070.0,False,5945.0,2019-12-15,31398.0,5281.412952060556,1944.582457481368,False,-103.44694519,30.9356575,no_evidence,,,,WCA_2,none,WCA,enverus_lateralline,True,16899.682722819554,S,,0.2374924142126784
3001554870,LITTLE BETTY 20 #703H,Devon,30,Eddy,WCA_2,WCA,keep,True,,False,9405.0,False,4807.0,2024-08-19,84122.0,17499.895985021845,4453.5080002853,False,-104.10899625,32.46592925,no_evidence,,,,WCA_2,none,WCA,enverus_lateralline,True,16799.684600199318,NW,,0.7869281542039023
4238935554,STATE CLARK 38-47 1H,Atlantic,42,Reeves,WCA_1,WCA,keep,True,,False,10233.0,False,6816.0,2017-08-12,32288.0,4737.089201877934,10783.63478691774,True,-103.91507721,31.52805519,no_evidence,,,,BS3_S,none,WCA,enverus_lateralline,True,16799.684600199318,SW,,0.2130154867848139
3001548000,CRAZY HORSE 32 STATE FEDERAL COM #133H,Permian Resources,30,Eddy,WCA_1,WCA,keep,True,,False,9696.0,False,9761.0,2022-01-08,41661.0,4268.107775842639,2119.15220469984,True,-103.98527668,32.61407465,off_band,,136.0,,BS3_S,none,WCA,enverus_lateralline,True,16599.68835495885,N,,0.19192652212686725
4249534517,UL BALDWIN 352623-21 I 9H,Devon,42,Winkler,WCA_2,WCA,keep,True,"in-pool swap, moot for extents (D19)",False,11382.0,False,10073.0,2021-02-01,215662.0,21409.90767397995,1337.6069961328376,True,-103.18418884,31.72243118,flag,WCA_1,84.0,,BS3_S,own,WCA,enverus_lateralline,True,16499.690232338617,E,,0.9627519581819944
4247538458,SEALY RANCH 6304H,Battalion Oil,42,Ward,WCA_1,WCA,keep,True,,False,10830.0,False,10300.0,2022-12-06,145024.0,14080.0,1193.0783870255957,True,-103.08070374,31.58953667,off_band,,174.0,,WCA_1,none,WCA,enverus_lateralline,True,16499.690232338617,E,,0.6331436724352114
4238938530,STORM CAT UNIT 40 402AH,Apache,42,Reeves,WCA_2,WCA,keep,True,,False,9645.0,False,7182.0,2019-12-05,56901.0,7922.723475355055,9258.079822850214,True,-103.66027069,31.06389427,no_evidence,,,,WCA_1,none,WCA,enverus_lateralline,True,16399.692109718384,S,,0.3562657838689603
3001556010,JAMES RANCH UNIT APACHE #111H,Exxon Mobil,30,Eddy,WCXY,WCA,keep,False,,True,11102.0,False,10335.0,2026-04-16,,,,False,-103.84367425,32.39840913,no_evidence,,,,WCXY,none,WCA,enverus_lateralline,True,16399.692109718384,N,planned survey,
4238937892,DENTON UNIT 68-107E 10H,Apache,42,Reeves,WCA_2,WCA,keep,True,,False,9984.0,False,9477.0,2019-07-29,158320.0,16705.70855756041,1218.8605356240523,True,-103.64772034,31.12383842,no_evidence,,,,WCA_1,none,WCA,enverus_lateralline,True,16199.695864477915,S,,0.7512154592873678
3002541808,MALLON 27 FEDERAL COM #003H,Matador,30,Lea,WCXY,WCA,keep,True,class WCA->BS3_S rejected (precision 0.40),False,10863.0,False,6972.0,2016-12-01,305199.0,43774.95697074011,620.5459388792231,True,-103.55000502,32.63508322,flag,BS3_S,6.5,,BS3_S,none,WCA,enverus_lateralline,True,15999.699619237446,N,flag kept: class WCA->BS3_S rejected (precision 0.40),1.9684543336042437
4237139901,AMERICAN HORNET 3631 1H,Crescent Energy,42,Pecos,WCA_1,WCA,keep,True,,False,9816.0,False,9650.0,2019-08-29,45173.0,4681.139896373056,849.7111106191752,True,-103.16818237,30.98932076,no_evidence,,,,WCA_1,none,WCA,enverus_lateralline,True,15899.701496617212,SE,,0.2104995813332828
4237139542,CRUSADER 2930 1H,Crescent Energy,42,Pecos,WCA_2,WCA,keep,True,,False,10111.0,False,9773.0,2017-12-12,38985.0,3989.0514683311167,2119.122739515198,True,-103.25325775,31.00676537,no_evidence,,,,WCA_1,none,WCA,enverus_lateralline,True,15899.701496617212,SE,,0.17937803240001676
3001555808,SILVER BAR 35 FEDERAL STATE COM #203H,Permian Resources,30,Eddy,WCA_1,WCA,keep,False,,True,9605.0,False,10461.0,2025-03-25,240927.0,23030.97218239174,1601.995625230879,True,-104.03680754,32.61273585,off_band,,411.0,,BS3_S,none,WCA,enverus_lateralline,True,15699.705251376745,N,planned survey,1.0356473229625498
4210933032,HS STATE 114-13X12 1H,BP,42,Culberson,WCA_2,WCA,keep,True,,False,8671.0,False,10141.0,2017-05-04,76206.0,7514.643526279459,17051.97753457733,True,-104.21884918,31.72993851,no_evidence,,,,WCB_1,none,WCA,enverus_lateralline,True,15599.70712875651,W,,0.33791541187997615
4237140209,WILSON 8-7 UNIT 4WA,Diamondback,42,Pecos,WCA_1,WCA,keep,True,,False,9292.0,False,9647.0,2022-02-08,150249.0,15574.686431014825,2285.2598020619107,True,-102.85996246,31.04652405,agree,,23.0,23.0,OTHER,none,WCA,enverus_lateralline,True,15499.709006136276,SE,,0.7003561195994022
3002545352,CHILES 28 21 STATE COM #003H,Devon,30,Lea,WCA_2,WCA,keep,True,,False,11840.0,False,9806.0,2019-07-09,173541.0,17697.4301448093,1261.5981237863098,True,-103.47712762,32.45817645,off_band,,592.0,,BS3_S,none,WCA,enverus_lateralline,True,15499.709006136276,N,,0.795810789385666
3002551201,EAGLE STATE COM #703H,Devon,30,Lea,WCA_2,WCA,keep,True,,False,11061.0,False,9633.0,2023-10-01,61977.0,6433.821239489256,746.2284395824257,True,-103.44342191,32.68135077,off_band,,1637.0,,BS3_S,none,WCA,enverus_lateralline,True,15399.710883516043,N,,0.28931343802286164
3002545566,DUCK HUNT 1 STATE COM #601H,Permian Resources,30,Lea,WCA_1,WCA,keep,True,,False,11594.0,False,6846.0,2019-06-01,165924.0,24236.634531113057,1224.0121983558738,True,-103.41642724,32.32176708,agree,,151.0,151.0,BS3_S,none,WCA,enverus_lateralline,True,15199.714638275575,N,,1.0898630535865754
3002551165,NORTE STATE COM #702H,Devon,30,Lea,WCA_2,WCA,keep,False,,True,10269.0,False,9850.0,2023-10-01,133240.0,13526.903553299491,710.2821975382768,True,-103.44830358,32.71185449,no_evidence,,,,WCA_1,none,WCA,novi_lp_bhl,True,15099.71651565534,N,planned survey,0.6082722579838744
3002549685,DAGGER LAKE SOUTH 8 FEDERAL COM #708H,Matador,30,Lea,WCA_1,WCA,keep,True,,False,12155.0,False,6910.0,2024-05-02,152415.0,22057.163531114325,1884.7357543548865,True,-103.58958364,32.41098185,agree,,13.0,13.0,WCA_1,none,WCA,enverus_lateralline,True,15099.71651565534,N,,0.9918574944313736
4249534152,EAST AXIS 2H,Matador,42,Winkler,WCA_2,WCA,keep,True,,False,11964.0,False,7782.0,2018-10-24,86413.0,11104.214854793112,9584.819413745618,True,-103.25318909,31.95114136,no_evidence,,,,WCA_1,none,WCA,enverus_lateralline,True,14699.724025174404,NE,,0.4993297849910042
4210933138,WISE WEST STATE UNIT 120 1201H,Petro-Hunt,42,Culberson,WCA_2,WCA,keep,True,,False,8413.0,False,8931.0,2018-02-13,86703.0,9708.09539805173,15483.962492647312,True,-104.21900177,31.6864872,agree,,159.5,159.5,WCB_1,none,WCA,enverus_lateralline,True,14599.72590255417,W,,0.4365496571501313
4247538537,UL ECLIPSE 16-29-24 WA4 4H,Crescent Energy,42,Ward,WCA_2,WCA,keep,True,,False,10894.0,False,10407.0,2023-07-15,224823.0,21603.055635629866,1189.744821481788,True,-103.08309174,31.50918198,no_evidence,,,,BS3_S,none,WCA,enverus_lateralline,True,14499.727779933935,SE,,0.9714373566026197
3002553266,BIVINS FEDERAL COM #213H,Matador,30,Lea,WCA_2,WCA,keep,True,class WCA->BS3_S rejected (precision 0.40),False,11703.0,False,7594.0,2025-04-03,88533.0,11658.282854885436,1854.2916200738707,True,-103.30207465,32.1774087,flag,BS3_S,7.0,,OTHER,none,WCA,enverus_lateralline,True,14399.729657313703,NE,flag kept: class WCA->BS3_S rejected (precision 0.40),0.5242448878572888
4237140023,MAGNOLIA STATE UNIT 4309BH,Continental Resources,42,Pecos,WCA_2,WCA,keep,True,class WCA->WCB_1 rejected (precision 0.40),False,10049.0,False,9882.0,2020-01-24,126076.0,12758.146124266344,889.923538183318,True,-102.98197174,31.28198624,flag,WCB_1,86.0,,WCA_2,none,WCA,enverus_lateralline,True,14399.729657313703,SE,flag kept: class WCA->WCB_1 rejected (precision 0.40),0.5737030888198191
3001553356,BARRY MILLER STATE COM #201H,Matador,30,Eddy,WCA_1,WCA,keep,True,,False,9580.0,False,6962.0,2023-08-13,125554.0,18034.18557885665,2742.1826465106647,True,-104.0994145,32.3973811,no_evidence,,,,WCA_1,none,WCA,enverus_lateralline,True,14399.729657313703,NW,,0.8109538697993913
3001549124,JAMES RANCH UNIT DI 11 EKALAKA #123H,Exxon Mobil,30,Eddy,WCA_1,WCA,keep,True,,False,10822.0,False,13701.0,2022-10-14,296151.0,21615.28355594482,2400.842813294569,False,-103.8824424,32.3964595,off_band,,179.0,,BS3_S,none,WCA,enverus_lateralline,True,14299.731534693468,N,,0.9719872167144418
4237140013,STATE LONGS 8-7 UNIT 1WA,Diamondback,42,Pecos,OTHER,WCA,reassign,False,card verdict AGREE (OTHER->WCA),False,9385.0,False,7633.0,2019-10-22,166791.0,21851.30355037338,1645.418517785732,True,-102.86618042,31.02506638,flag,WCA_1,70.0,,BS3_S,none,WCA,enverus_lateralline,True,14299.731534693467,SE,reassigned in from OTHER,0.9826004671434643
4249534055,BOOTH FALLS 2722-27 2H,Devon,42,Winkler,WCA_2,WCA,keep,True,,False,12138.0,False,9758.0,2019-01-01,201437.0,20643.26706292273,4181.411557956086,True,-103.24459839,31.83609772,agree,,66.0,66.0,WCA_1,none,WCA,enverus_lateralline,True,14199.733412073234,E,,0.9282779772215723
3001554631,ALYSON 33 32 FEDERAL COM #204H,Matador,30,Eddy,WCA_1,WCA,keep,False,,True,10193.0,False,7203.0,2024-07-27,148766.0,20653.33888657504,3486.5627898847856,True,-103.98227086,32.52437509,no_evidence,,,,WCB_1,none,WCA,enverus_lateralline,True,14099.735289453,N,planned survey,0.9287308828618666
4238936655,MAVERICKS STATE 58 09-04 6 61H,EOG,42,Reeves,WCA_2,WCA,keep,True,,False,10221.0,False,7493.0,2019-09-09,107267.0,14315.62791939143,9562.68004139204,True,-103.8463974,31.49402046,off_band,,210.5,,BS3_S,none,WCA,enverus_lateralline,True,13999.737166832765,SW,,0.6437392921945693
4210933481,TAYLOR RANCH STATE UNIT 001 0011WA,Chevron,42,Culberson,WCA_2,WCA,keep,True,,False,7576.0,False,10891.0,2020-07-02,172965.0,15881.461757414378,8575.278235481166,True,-104.37033844,31.86320686,agree,,40.0,40.0,WCA_2,none,WCA,enverus_lateralline,True,13999.737166832765,W,,0.7141510668131184
3002550451,DESERT ROSE 17 8 FEDERAL COM #005H,3r Operating,30,Lea,WCA_1,WCA,keep,True,"in-pool swap, moot for extents (D19)",False,11519.0,False,7196.0,2023-04-24,143551.0,19948.721511951084,949.425639668132,True,-103.47654485,32.5775829,flag,WCA_2,93.0,,BS3_S,none,WCA,enverus_lateralline,True,13999.737166832765,N,,0.8970459373909101
3002544282,HUNTER 21 STATE COM #604H,EOG,30,Lea,WCA_1,WCA,keep,True,class WCA->BS3_S rejected (precision 0.40),False,11633.0,False,6532.0,2018-04-01,190752.0,29202.69442743417,915.1044287871164,True,-103.37238721,32.28558618,flag,BS3_S,72.0,,WCA_1,none,WCA,enverus_lateralline,True,13899.739044212532,NE,flag kept: class WCA->BS3_S rejected (precision 0.40),1.313174800766261
3002548378,CRUNCH BERRY 6 FEDERAL COM #601H,Permian Resources,30,Lea,WCA_1,WCA,keep,True,,False,12230.0,False,8970.0,2021-09-10,214107.0,23869.23076923077,1536.1898490007334,True,-103.51659589,32.41177409,off_band,,1352.0,,BS3_S,none,WCA,enverus_lateralline,True,13799.740921592298,N,,1.0733417917211874
4210933322,LILI VON SHTUPP STATE 1HA,Permian Resources,42,Culberson,WCA_2,WCA,keep,True,,False,7374.0,False,9710.0,2019-01-11,36834.0,3793.40885684861,36883.64011511104,True,-104.37097931,31.77355385,agree,,187.0,187.0,WCXY,none,WCA,enverus_lateralline,True,13699.742798972064,W,,0.17058045558759846
3002546803,SANTA VACA 19 18 B3MD STATE COM #001H,Mewbourne,30,Lea,WCA_1,WCA,keep,False,class WCA->BS3_S rejected (precision 0.40),False,10800.0,True,5084.0,2022-02-01,329759.0,64862.11644374508,528.0401747943195,False,-103.5021968,32.64617612,flag,BS3_S,72.0,,BS3_S,none,WCA,enverus_lateralline,True,13599.74467635183,N,permit-round TVD; flag kept: class WCA->BS3_S rejected (precision 0.40),2.9166930828915536
3002542597,CABRA NINO 11 B3NC STATE COM #001H,Mewbourne,30,Lea,WCA_1,WCA,keep,True,,False,11202.0,False,4320.0,2016-11-22,312608.0,72362.96296296296,1071.4313133381104,False,-103.4432803,32.40608965,ambiguous,,3.5,19.0,WCA_1,none,WCA,enverus_lateralline,True,13399.74843111136,N,,3.253988076609628
3001556869,COORS FEDERAL COM #213H,Tap Rock Resources,30,Eddy,WCA_2,WCA,keep,True,,False,8408.0,False,10162.0,2025-12-29,,,,False,-104.32886208,32.0351361,no_evidence,,,,WCA_1,none,WCA,enverus_lateralline,True,12999.755940630424,W/NW,,
3002549864,INLAND 26 23 B3PI STATE COM #002H,Mewbourne,30,Lea,WCA_1,WCA,tvd_suspect,False,"A-prime: planned survey flagged -> BS3_S; tag kept, TVD not evidence",True,11221.0,False,7246.0,2022-09-04,261027.0,36023.599227159815,2028.1158654085596,True,-103.43432149,32.45434249,flag,BS3_S,29.0,,BS3_S,none,WCA,enverus_lateralline,True,12699.761572769723,N,TVD suspect (A-prime); planned survey,1.619894453765498
3001543690,COTTONWOOD 28 33 FEDERAL WCA #004H,Permian Resources,30,Eddy,WCA_2,WCA,keep,True,,False,8504.0,False,6690.0,2018-01-10,49972.0,7469.65620328849,3617.7659489314015,True,-104.29094895,32.01039262,off_band,,1373.0,,WCA_2,none,WCA,enverus_lateralline,True,12599.763450149489,W,,0.33589244036779353
4210933981,DR STATE WISE UNIT 1 034 0345TB,Chevron,42,Culberson,WCA_2,WCA,keep,True,,False,7475.0,False,10867.0,2024-03-05,55772.0,5132.235207508972,13546.86939682995,True,-104.39294434,31.92443657,off_band,,168.0,,BS3_S,none,WCA,enverus_lateralline,True,12499.765327529256,W,,0.23078425050309093
4249534833,UL 21 WAR-WINK 38-47 C 3H,Continental Resources,42,Winkler,WCA_2,WCA,keep,True,,False,11359.0,False,10006.0,2023-07-22,111539.0,11147.211672996202,953.0029855028286,True,-103.17362976,31.68683434,no_evidence,,,,WCA_2,none,WCA,enverus_lateralline,True,12399.767204909022,E,,0.5012632482992523
4249534216,NE AXIS 2H,Matador,42,Winkler,WCA_1,WCA,keep,True,,False,12016.0,False,7512.0,2018-11-29,43307.0,5765.042598509052,15720.299258780336,True,-103.26014709,31.97237968,off_band,,351.0,,WCA_1,none,WCA,enverus_lateralline,True,12299.769082288787,NE,,0.25924007404584204
4210933957,TAYLOR RANCH STATE UNIT 003 0031WA,Chevron,42,Culberson,WCB_1,WCA,reassign,True,class WCB_1->WCA (precision 0.70) + sql/23 concurs + GOR none,False,7549.0,False,10839.0,2024-04-22,118977.0,10976.750622751177,13677.198113921178,True,-104.37086487,31.83334351,flag,WCA_2,27.0,,WCA_2,none,WCA,enverus_lateralline,True,12299.769082288787,W,reassigned in from WCB_1,0.493598025617484
3001544971,BLACK RIVER 3 10 FEDERAL COM WCA #004H,Permian Resources,30,Eddy,WCA_2,WCA,keep,True,,False,8771.0,False,9630.0,2018-08-29,104960.0,10899.273104880582,3527.6962652439024,True,-104.28240616,32.23910875,no_evidence,,,,WCA_1,none,WCA,enverus_lateralline,True,11699.780346567382,NW,,0.49011404833085376
4247537951,TRINITY A 620 6206H,Battalion Oil,42,Ward,WCA_1,WCA,keep,True,,False,10602.0,False,10440.0,2020-03-23,135368.0,12966.283524904216,1079.5978370072692,True,-103.07312012,31.56076241,agree,,218.0,218.0,BS3_S,none,WCA,enverus_lateralline,True,11599.78222394715,SE,,0.5830625261927581
3002544494,VERNA RAE FEDERAL COM #204H,Matador,30,Lea,WCXY,WCA,keep,True,class WCA->BS3_S rejected (precision 0.40),False,10984.0,False,4679.0,2019-04-01,110987.0,23720.23936738619,805.2024110931911,False,-103.59206269,32.60200046,flag,BS3_S,86.0,,BS3_S,none,WCA,enverus_lateralline,True,11599.78222394715,N,flag kept: class WCA->BS3_S rejected (precision 0.40),1.0666420073941172
4247537489,SEALY RANCH 750 7506H,Battalion Oil,42,Ward,WCA_2,WCA,keep,True,,False,11136.0,False,9984.0,2018-09-22,76858.0,7698.116987179487,3981.6544796898174,True,-103.1110611,31.6119976,off_band,,271.0,,WCB_1,none,WCA,enverus_lateralline,True,11299.787856086448,E,,0.3461657713138286
3002542315,MALLON 27 FEDERAL COM #002H,Matador,30,Lea,WCXY,WCA,tvd_suspect,False,"A-prime: planned survey flagged -> BS3_S; tag kept, TVD not evidence",True,10880.0,False,6988.0,2016-12-01,346161.0,49536.491127647394,656.0993295027458,True,-103.54594571,32.63547794,flag,BS3_S,18.5,,BS3_S,none,WCA,enverus_lateralline,True,11199.789733466212,N,TVD suspect (A-prime); planned survey,2.227536641485294
3002549157,SQUEEZE 2 STATE 3BS COM #002H,Permian Resources,30,Lea,WCA_1,WCA,keep,True,,False,11169.0,False,4951.0,2022-03-01,89931.0,18164.209250656437,940.243075246578,False,-103.44325845,32.42105051,ambiguous,,2.0,33.0,BS3_S,none,WCA,enverus_lateralline,True,10999.793488225745,N,,0.8168007210115239
3001556680,MAMA JO 3531 FEDERAL COM #201H,Matador,30,Eddy,WCXY,WCA,keep,True,,False,9935.0,False,9950.0,2025-10-20,,,,False,-104.04078566,32.35384063,off_band,,176.5,,WCXY,none,WCA,enverus_lateralline,True,10999.793488225745,NW,,
3001554530,HIGH LIFE FEDERAL COM #211H,Tap Rock Resources,30,Eddy,WCA_1,WCA,keep,True,,False,8612.0,False,15089.0,2025-04-22,197337.0,13078.20266419246,3506.144311507725,False,-104.35000127,32.15064907,no_evidence,,,,WCA_1,none,WCA,enverus_lateralline,True,10899.79536560551,NW,,0.5880952602030384
3001556502,OLIVE WON UNIT #231H,Occidental,30,Eddy,WCA_1,WCA,keep,True,,False,11678.0,False,7196.0,2026-01-15,,,,False,-103.75577288,32.37402195,agree,,27.0,27.0,WCA_1,none,WCA,enverus_lateralline,True,10899.79536560551,N,,
4238937461,GRIZZLY 1HA,SM Energy,42,Reeves,WCA_2,WCA,keep,True,,False,9870.0,False,6570.0,2020-01-15,32294.0,4915.372907153729,1534.3097789062983,True,-103.46389008,30.92116737,no_evidence,,,,WCA_1,none,WCA,enverus_lateralline,True,10799.797242985276,S,,0.22103247541362597
4237140009,WC TYRRELL 5 1H,Mongoose Energy,42,Pecos,WCA_2,WCA,keep,True,,False,9788.0,False,10106.0,2019-06-22,176312.0,17446.269542845832,1060.1036798402831,True,-102.96094513,31.05151939,no_evidence,,,,WCA_1,none,WCA,enverus_lateralline,True,10699.799120365042,SE,,0.7845167023190333
4237139368,STATE NEAL LETHCO 3427-142 1H,Swordfish Energy Operating,42,Pecos,WCA_2,WCA,keep,True,,False,8829.0,False,7401.0,2016-03-15,129761.0,17532.900959329818,1255.300128698145,True,-102.92793274,31.12308884,no_evidence,,,,BS3_S,none,WCA,enverus_lateralline,True,10699.799120365042,SE,,0.7884123083688156
3002543110,LEA SOUTH 25 FEDERAL COM WCA #012H,Permian Resources,30,Lea,WCA_1,WCA,keep,True,,False,11466.0,False,4126.0,2018-02-10,17071.0,4137.421231216675,484.3887294241696,False,-103.50655455,32.54409799,off_band,,299.0,,BS3_S,none,WCA,enverus_lateralline,True,10499.802875124575,N,,0.18604986312101843
4238934995,ORBISON 28 6H,EOG,42,Reeves,WCA_2,WCA,keep,True,,False,10191.0,False,2609.0,2016-03-22,49336.0,18909.9271751629,15016.762607426626,False,-103.94934845,31.56339073,agree,,67.0,67.0,BS3_S,none,WCA,enverus_lateralline,True,10399.80475250434,SW,,0.8503338591736536
4237139588,WHISKEY RIVER 19.5A-8 1H,Continental Resources,42,Pecos,WCA_1,WCA,keep,True,,False,10248.0,False,11443.0,2018-02-09,336538.0,29409.94494450756,1221.1815604775686,True,-103.0100708,31.34801102,no_evidence,,,,WCA_2,none,WCA,enverus_lateralline,True,10299.806629884106,SE,,1.3224943571223648
4238934984,STATE BB KING 32 2H,EOG,42,Reeves,WCA_2,WCA,keep,True,,False,9788.0,False,4404.0,2016-02-01,24260.0,5508.628519527702,9230.915086562243,False,-103.97743225,31.54605293,off_band,,243.0,,WCA_1,none,WCA,enverus_lateralline,True,10199.808507263871,SW,,0.24770975077664145
3002548539,ANACONDA 11 14 3BS FEDERAL COM #013H,Permian Resources,30,Lea,WCXY,WCA,keep,True,,False,11040.0,False,9883.0,2022-04-08,114626.0,11598.300111302236,883.220211819308,True,-103.63111929,32.58037419,no_evidence,,,,BS3_S,none,WCA,enverus_lateralline,True,10099.810384643639,N,,0.5215476084144617
4238938109,GUNNISON STATE UNIT 2575H,Scout Energy Partners,42,Reeves,WCA_2,WCA,keep,True,,False,10233.0,False,8330.0,2019-11-09,213920.0,25680.672268907565,1548.1909124906508,True,-103.45121002,30.98233223,agree,,61.0,61.0,WCA_1,none,WCA,enverus_lateralline,True,9799.816016782936,S,,1.154797951061167
3001549653,ULURU 35 FEDERAL STATE COM #203H,Permian Resources,30,Eddy,WCA_1,WCA,keep,True,,False,9106.0,False,9766.0,2022-11-05,334220.0,34222.8138439484,3381.661779666088,True,-104.13773288,32.612762,agree,,42.0,42.0,WCA_1,none,WCA,enverus_lateralline,True,9799.816016782936,NW,,1.5389174743056881
3001549125,CATALINA 25 30 STATE COM #003H,Permian Resources,30,Eddy,WCA_2,WCA,keep,False,,False,17600.0,True,10208.0,2022-08-25,226712.0,22209.24764890282,4211.903207593776,True,-104.32901705,32.5399982,off_band,,9822.0,,WCA_2,none,WCA,enverus_lateralline,True,9799.816016782936,NW,permit-round TVD,0.9986963507421461
4237139511,BIRCH STATE UNIT 23-26 4315H,Continental Resources,42,Pecos,WCA_1,WCA,keep,True,,False,9926.0,False,10065.0,2018-02-07,169926.0,16882.861400894188,805.8566670197615,True,-102.98724365,31.31053734,no_evidence,,,,BS3_S,none,WCA,enverus_lateralline,True,9599.819771542469,SE,,0.7591815957796041
3001545911,CONGRESSIONAL 28 33 FEDERAL COM #001H,Devon,30,Eddy,WCA_1,WCA,keep,True,,False,8498.0,False,9211.0,2019-12-01,177873.0,19310.93258061014,10921.3596217526,True,-104.29065971,32.1801735,agree,,258.0,258.0,WCA_1,none,WCA,enverus_lateralline,True,9599.819771542469,NW,,0.8683661059826904
3002543553,BOONE 16 STATE COM #003H,ConocoPhillips,30,Lea,WCA_1,WCA,keep,True,,False,11814.0,False,9825.0,2018-08-07,164347.0,16727.430025445294,1632.557941428806,True,-103.57922044,32.48577688,off_band,,129.0,,BS3_S,none,WCA,enverus_lateralline,True,9599.819771542469,N,,0.7521922213574898
4238935497,OLIVER 13-24 1H,Crescent Energy,42,Reeves,WCA_2,WCA,keep,True,,False,9865.0,False,10100.0,2017-05-05,319521.0,31635.742574257423,3351.6169516244627,True,-103.67713928,31.21670914,no_evidence,,,,WCA_1,none,WCA,enverus_lateralline,True,9499.821648922234,S,,1.4225831131875224
4249535032,CHUCKWAGON 34-39A5 A 3H,Apache,42,Winkler,WCA_1,WCA,keep,True,,False,11826.0,False,9544.0,2025-04-15,227158.0,23801.131601005865,1537.2736157212162,True,-103.23630524,31.80583763,off_band,,377.0,,BS3_S,none,WCA,enverus_lateralline,True,9399.823526302,E,,1.070279536219788
3002543607,GRAMA RIDGE 8 STATE COM #002H,ConocoPhillips,30,Lea,WCA_2,WCA,keep,True,,False,11645.0,False,4451.0,2017-12-18,111116.0,24964.27769040665,1881.6822059829367,False,-103.49037552,32.40615362,agree,,250.5,250.5,WCA_2,none,WCA,enverus_lateralline,True,9299.825403681767,N,,1.1225834131105459
3001556199,UPSLOPE FEDERAL #213H,Tap Rock Resources,30,Eddy,WCXY,WCA,keep,True,,False,8212.0,False,9863.0,2025-12-14,,,,False,-104.39312194,32.14117879,no_evidence,,,,BS3_S,none,WCA,enverus_lateralline,True,9299.825403681765,NW,,
3001545876,ASTEROID 20 29 FEDERAL COM WCA #001H,Permian Resources,30,Eddy,WCA_1,WCA,keep,True,,False,8686.0,False,9420.0,2020-02-05,98527.0,10459.341825902336,3816.882681904453,True,-104.31413346,32.28233283,agree,,46.0,46.0,WCA_1,none,WCA,enverus_lateralline,True,9199.827281061533,NW,,0.4703313987860096
3002548598,TRIUMPH FEDERAL COM #706H,Devon,30,Lea,WCA_2,WCA,keep,True,class WCA->BS3_S rejected (precision 0.40),False,12193.0,False,9757.0,2023-12-20,119292.0,12226.299067336273,908.233578110854,True,-103.3309127,32.20941351,flag,BS3_S,28.0,,WCA_2,none,WCA,enverus_lateralline,True,9099.829158441298,NE,flag kept: class WCA->BS3_S rejected (precision 0.40),0.5497872082233302
3001556552,RUNWAY 26 30 FEDERAL COM #713H,Mewbourne,30,Eddy,WCA_1,WCA,keep,False,"in-pool swap, moot for extents (D19)",True,8950.0,False,15517.0,2025-10-31,,,,False,-104.24641762,32.36615267,flag,WCA_2,42.0,,WCA_1,none,WCA,enverus_lateralline,True,9099.829158441298,NW,planned survey,
4238940649,STATE SHEKEL UNIT 73 732H,EOG,42,Reeves,WCA_2,WCA,keep,True,,False,10603.0,False,9999.0,2024-05-11,242429.0,24245.324532453247,8752.348110168337,True,-103.90236664,31.58364105,agree,,48.0,48.0,WCA_2,none,WCA,enverus_lateralline,True,8999.831035821064,SW,,1.0902538220071716
4237139764,TREES STATE 52-53-E 4309H,Continental Resources,42,Pecos,WCA_1,WCA,keep,True,,False,10032.0,False,10333.0,2019-10-02,195137.0,18884.83499467725,851.8220532241451,True,-102.98920441,31.25284386,off_band,,120.5,,WCB_1,none,WCA,enverus_lateralline,True,8999.831035821064,SE,,0.8492055242800391
3001556868,COORS FEDERAL COM #212H,Tap Rock Resources,30,Eddy,WCA_2,WCA,keep,False,,False,8400.0,True,9786.0,2025-12-29,,,,False,-104.31765235,32.03641815,no_evidence,,,,WCA_1,none,WCA,enverus_lateralline,True,8899.83291320083,NW,permit-round TVD,
4238940597,PINTO 2-11 UNIT C 3H,Crescent Energy,42,Reeves,WCA_2,WCA,keep,True,,False,9905.0,False,10696.0,2025-03-28,140537.0,13139.210919970084,6418.786511737123,True,-103.70088196,31.2466259,no_evidence,,,,WCB_1,none,WCA,enverus_lateralline,True,8899.83291320083,S,,0.5908386544581458
4210933304,SAVAGE UNIT 170 1708H,Petro-Hunt,42,Culberson,WCA_2,WCA,keep,True,,False,9403.0,False,4678.0,2018-12-06,69496.0,14855.921333903378,12015.727523886268,False,-104.06784058,31.57959557,no_evidence,,,,WCA_1,none,WCA,enverus_lateralline,True,8899.83291320083,SW,,0.668034985138934
4237139904,STATE REED F 11-12 6WA,Diamondback,42,Pecos,WCA_1,WCA,keep,True,,False,9868.0,False,10175.0,2020-01-15,76719.0,7539.95085995086,10659.66709680783,True,-102.90890503,31.0807457,agree,,106.0,106.0,WCA_2,none,WCA,enverus_lateralline,True,8799.834790580595,SE,,0.33905342169391467
3001548356,HH SO 17 20 FEDERAL 003 #402H,Chevron,30,Eddy,WCA_2,WCA,keep,True,,False,8935.0,False,10067.0,2023-04-02,214678.0,21324.923015794186,4892.061599232338,True,-104.21743987,32.03504828,off_band,,1415.0,,WCA_2,none,WCA,enverus_lateralline,True,8699.836667960362,NW,,0.9589304028848079
3001553454,SIG 6 5 W0DA FEDERAL COM #001H,Mewbourne,30,Eddy,WCA_1,WCA,keep,True,,False,9189.0,False,9722.0,2024-12-20,168834.0,17366.179798395395,3502.854875202862,True,-104.10459726,32.60845943,agree,,86.0,86.0,WCA_1,none,WCA,enverus_lateralline,True,8499.840422719893,NW,,0.7809152594976023
4247537454,STATE EILAND 3-33 11H,Continental Resources,42,Ward,WCA_1,WCA,keep,True,,False,10684.0,False,9614.0,2018-08-21,223090.0,23204.70147701269,1995.208211932404,True,-103.02651215,31.39330482,agree,,100.0,100.0,WCA_2,none,WCA,enverus_lateralline,True,8399.842300099659,SE,,1.04345951071865
4210934142,DR STATE WISE UNIT 1 042 0422WA,Chevron,42,Culberson,WCA_2,WCA,keep,True,,False,7751.0,False,13215.0,2024-07-12,191114.0,14461.899356791526,5782.695145305943,False,-104.36547089,31.95401573,off_band,,193.0,,BS3_S,none,WCA,enverus_lateralline,True,8399.842300099659,W,,0.6503167662746739
4237139628,STATE REED A 11-12 1WA,Diamondback,42,Pecos,WCA_1,WCA,keep,True,,False,9724.0,False,10144.0,2018-12-16,148635.0,14652.503943217664,5702.573418104753,True,-102.90879059,31.06794167,agree,,89.0,89.0,WCA_1,none,WCA,enverus_lateralline,True,8399.842300099659,SE,,0.6588877952400745
3002544279,HUNTER 21 STATE #601H,EOG,30,Lea,WCA_2,WCA,keep,True,class WCA->BS3_S rejected (precision 0.40),False,11655.0,False,4407.0,2018-04-01,82702.0,18766.054004992056,1061.1351599719476,False,-103.37992268,32.28974068,flag,BS3_S,22.0,,WCA_1,none,WCA,enverus_lateralline,True,8299.844177479426,NE,flag kept: class WCA->BS3_S rejected (precision 0.40),0.8438642293919161
3001543773,PINTAIL 23 26 FEDERAL COM #010H,Devon,30,Eddy,WCA_2,WCA,keep,True,,False,8950.0,False,9379.0,2017-02-09,184299.0,19650.17592493869,3402.470984649944,True,-104.26451436,32.10758328,off_band,,1653.0,,WCC,none,WCA,enverus_lateralline,True,8299.844177479425,NW,,0.8836210617268224
4210933419,LIVE OAK STATE 8-5 1H,Moontower Resources,42,Culberson,WCA_2,WCA,keep,True,,False,8168.0,False,7285.0,2019-11-18,138552.0,19018.805765271103,15933.108147121658,True,-104.2729187,31.74746513,no_evidence,,,,WCA_1,none,WCA,enverus_lateralline,True,8199.846054859192,W,,0.8552298670139005
3001546689,NORMANDY 31 32 W0MP FEDERAL #001H,Mewbourne,30,Eddy,WCA_2,WCA,keep,True,,False,9560.0,False,10206.0,2020-08-16,258608.0,25338.820301783264,2910.192260100229,True,-104.10535206,32.52382606,agree,,63.0,63.0,WCA_2,none,WCA,enverus_lateralline,True,8199.846054859192,NW,,1.1394256918357208
4237140015,IRON SNAKE 1912 1H,Crescent Energy,42,Pecos,WCA_2,WCA,keep,True,,False,10269.0,False,9630.0,2019-10-08,121981.0,12666.770508826585,1041.408088144875,True,-103.06626129,31.04404831,agree,,143.5,143.5,WCA_2,none,WCA,enverus_lateralline,True,8099.847932238958,SE,,0.5695941475747511
4210932934,ADMIRAL CHESTER NIMITZ 2HX,US Energy Development,42,Culberson,WCXY,WCA,keep,True,,False,7539.0,False,8556.0,2017-04-01,,,,False,-104.33316803,31.68534279,no_evidence,,,,WCA_2,none,WCA,enverus_lateralline,True,7999.849809618723,W,,
4210933376,OWL DRAW 12 UNIT D 9H,Devon,42,Culberson,WCA_1,WCA,keep,True,,False,8924.0,False,10072.0,2019-08-01,229829.0,22818.60603653693,5112.818660830443,True,-104.22725677,31.98594093,off_band,,151.0,,WCA_1,none,WCA,enverus_lateralline,True,7999.849809618723,W,,1.0260977291069089
3002547863,GAVILON FEDERAL COM #708H,Matador,30,Lea,WCA_1,WCA,keep,True,,False,11615.0,False,9888.0,2022-10-27,90599.0,9162.520226537215,1413.1171425733176,True,-103.66511419,32.53754893,off_band,,350.0,,BS3_S,none,WCA,enverus_lateralline,True,7999.849809618723,N,,0.4120164563204317
3002552805,MORAN 9 FEDERAL COM #702H,Permian Resources,30,Lea,WCXY,WCA,keep,True,,False,11904.0,False,10217.0,2024-09-01,244419.0,23922.7757658804,1893.8584970890151,True,-103.68017129,32.47121987,off_band,,602.0,,BS3_S,none,WCA,enverus_lateralline,True,7999.849809618723,N,,1.0757495811969884
4237139851,STATE BIG TEX SOUTH 781615-143 11H,Swordfish Energy Operating,42,Pecos,WCA_1,WCA,keep,True,,False,9243.0,False,11793.0,2019-07-01,190894.0,16187.060120410411,1176.7787358429284,True,-102.95728302,31.18567276,no_evidence,,,,WCA_1,none,WCA,enverus_lateralline,True,7799.853564378255,SE,,0.7278930888186225
4210933509,DR STATE WISE UNIT 1 021 0213WA,Chevron,42,Culberson,WCA_2,WCA,keep,True,,False,7885.0,False,10838.0,2020-06-09,70350.0,6491.050009226795,22899.2039800995,True,-104.36765289,31.98496056,agree,,45.0,45.0,WCA_2,none,WCA,enverus_lateralline,True,7799.853564378255,W,,0.2918868778979024
3001555867,CRIPPLE CREEK 35 34 FEDERAL #716H,Mewbourne,30,Eddy,WCA_1,WCA,keep,False,,True,8647.0,False,9903.0,2025-09-01,,,,False,-104.26132028,32.52802682,off_band,,142.0,,WCA_2,none,WCA,enverus_lateralline,True,7699.855441758022,NW,planned survey,
4237140075,STATE ELBERT 7-8 UNIT 3WA,Diamondback,42,Pecos,WCA_1,WCA,keep,True,,False,9338.0,False,11150.0,2020-04-03,208439.0,18694.08071748879,2171.508211035363,True,-102.86276245,31.03099632,ambiguous,,38.0,40.0,BS3_S,none,WCA,enverus_lateralline,True,7399.861073897319,SE,,0.840627764081756
3001548597,TOP SPOT 12 13 FEDERAL COM #031H,Occidental,30,Eddy,WCXY,WCA,keep,True,,False,11680.0,False,10265.0,2023-05-22,876444.0,85381.78275694106,1917.1492987572508,True,-103.7362724,32.39935746,off_band,,273.0,,WCXY,none,WCA,enverus_lateralline,True,7399.861073897319,N,,3.8394130322297637
4210933213,COTTONWOOD WEST STATE UNIT 80 807H,Petro-Hunt,42,Culberson,WCA_2,WCA,keep,True,,False,9420.0,False,7114.0,2018-09-15,78594.0,11047.7930840596,15481.627096215996,True,-104.06997681,31.60129166,no_evidence,,,,WCA_1,none,WCA,enverus_lateralline,True,7299.862951277085,SW,,0.49679263391660694
4238938424,BAJA STATE 58 15-22 5 51H,EOG,42,Reeves,WCA_1,WCA,keep,True,,False,9853.0,False,6447.0,2019-09-01,52456.0,8136.497595780984,11529.682019216105,True,-103.8319397,31.47066307,no_evidence,,,,WCA_2,none,WCA,enverus_lateralline,True,7299.862951277085,SW,,0.3658786909483694
4210933017,COVINGTON STATE 13 2H,Moontower Resources,42,Culberson,WCA_2,WCA,keep,True,,False,7703.0,False,7186.0,2017-03-16,22930.0,3190.9268021152243,28165.852594853903,True,-104.32512665,31.74222565,no_evidence,,,,WCB_1,none,WCA,enverus_lateralline,True,7299.862951277085,W,,0.14348828934397573
4249534903,UL MONTGOMERY 1003-21 421H,Devon,42,Winkler,WCA_2,WCA,keep,True,,False,11750.0,False,10296.0,2024-04-16,140550.0,13650.9324009324,1678.6339381003202,True,-103.22553253,31.76400757,off_band,,366.0,,WCA_1,none,WCA,enverus_lateralline,True,7199.864828656851,E,,0.6138495363985197
4237139630,FIGHTING ACE 2827 2H,Crescent Energy,42,Pecos,WCA_2,WCA,keep,True,,False,10051.0,False,9839.0,2018-09-16,81703.0,8303.994308364672,2030.243687502295,True,-103.22033691,31.00893021,agree,,153.0,153.0,WCA_1,none,WCA,enverus_lateralline,True,7199.864828656851,SE,,0.37341061450845897
4210934324,DR STATE WISE UNIT 1 029 0297WA,Chevron,42,Culberson,WCA_2,WCA,keep,True,,False,8022.0,False,10839.0,2025-12-11,,,,False,-104.33813477,31.92396736,ambiguous,,61.0,95.5,WCB_1,none,WCA,enverus_lateralline,True,7099.866706036617,W,,
4238938465,MANHATTAN STATE UNIT 5 51H,EOG,42,Reeves,WCA_1,WCA,keep,True,,False,9734.0,False,9131.0,2019-09-01,190725.0,20887.6355273245,11375.310001310789,True,-103.7568512,31.46049309,off_band,,668.5,,WCXY,none,WCA,enverus_lateralline,True,6899.870460796149,S,,0.9392666382285816
4237139805,JOSE-KATIE EAST 2H,Battalion Oil,42,Pecos,WCA_2,WCA,keep,True,,False,10103.0,False,9480.0,2019-01-05,108983.0,11496.0970464135,836.4882596368241,True,-103.1367569,31.02629852,no_evidence,,,,WCA_1,none,WCA,enverus_lateralline,True,6899.870460796149,SE,,0.5169517828578005
4238936501,UNCOMPAGHRE STATE UNIT 9702H,Scout Energy Partners,42,Reeves,WCA_2,WCA,keep,True,,False,10346.0,False,7261.0,2018-06-02,203644.0,28046.27461782124,1295.1032193435603,True,-103.38026428,31.00290108,no_evidence,,,,WCA_2,none,WCA,enverus_lateralline,True,6799.872338175915,S,,1.2611733884697298
3001543927,HH SO 8 P2 #021H,Chevron,30,Eddy,WCA_2,WCA,keep,True,,False,9020.0,False,9870.0,2018-07-25,271261.0,27483.38399189463,2930.3438385908776,True,-104.21884511,32.06387396,off_band,,1450.0,,WCA_2,none,WCA,enverus_lateralline,True,6799.872338175915,NW,,1.2358615533789252
3001555498,WHITBY 25 26 FEDERAL COM #204H,Matador,30,Eddy,WCA_2,WCA,keep,True,,False,9221.0,False,9786.0,2025-04-25,191329.0,19551.297772327813,2941.8122710096222,True,-104.15290595,32.44561069,off_band,,1410.0,,WCA_2,none,WCA,enverus_lateralline,True,6799.872338175915,NW,,0.8791747494634944
4238936842,TOYAH B 2H,Crescent Energy,42,Reeves,WCA_1,WCA,keep,True,,False,9508.0,False,5967.0,2019-04-02,52818.0,8851.68426344897,20497.235790828883,False,-103.68961334,31.40865707,no_evidence,,,,WCA_2,none,WCA,enverus_lateralline,True,6699.874215555681,S,,0.3980389120594496
3001545505,NASH UNIT #404H,Exxon Mobil,30,Eddy,WCXY,WCA,keep,True,,False,10437.0,False,14896.0,2021-05-01,317168.0,21292.1589688507,2069.5561973465165,False,-103.92651983,32.320453,agree,,82.0,82.0,WCXY,none,WCA,enverus_lateralline,True,6599.876092935447,NW,,0.9574570826429303
3001557262,STAGE FRIGHT 12 7 FEDERAL COM #711H,Mewbourne,30,Eddy,WCA_2,WCA,keep,False,class WCA->BS3_S rejected (precision 0.40),False,8088.0,False,9990.0,2026-03-01,,,,False,-104.34008456,32.50013852,flag,BS3_S,55.0,,WCA_2,none,WCA,enverus_lateralline,True,6599.876092935447,NW,flag kept: class WCA->BS3_S rejected (precision 0.40),
3002552597,JUNIPER 25 36 34 FEDERAL COM #103H,Matador,30,Lea,WCA_2,WCA,keep,False,,False,11430.0,False,10301.0,2026-02-10,,,,False,-103.25858595,32.09391332,no_evidence,,,,BS3_S,none,WCA,enverus_lateralline,True,6599.876092935447,NE,,
4210933141,WACO KID STATE UNIT 34 1H,Permian Resources,42,Culberson,WCB_1,WCA,reassign,True,class WCB_1->WCA (precision 0.70) + sql/23 concurs + GOR none,False,7487.0,False,5025.0,2017-12-15,76767.0,15277.014925373134,14968.736566493417,False,-104.37122345,31.7958889,flag,WCA_2,45.0,,WCA_2,none,WCA,enverus_lateralline,True,6499.877970315213,W,reassigned in from WCB_1,0.686970549268344
4238936489,TERLINGUA STATE UNIT 15-17 1H,Apache,42,Reeves,WCA_2,WCA,keep,True,,False,9875.0,False,10425.0,2018-05-24,111663.0,10711.079136690649,2053.822662833705,True,-103.64043427,31.1697464,off_band,,569.5,,WCA_1,none,WCA,enverus_lateralline,True,6299.881725074744,S,,0.48165141905884173
3002543395,AIRSTRIP 31 18 35 RN STATE COM #201H,Matador,30,Lea,WCA_1,WCA,keep,True,,False,10877.0,False,4110.0,2017-01-10,48411.0,11778.83211678832,530.7058313193282,False,-103.50335405,32.7039009,off_band,,1410.0,,BS3_S,none,WCA,enverus_lateralline,True,6199.883602454511,N,,0.5296656976861629
3002544214,MAS FEDERAL COM #002H,ConocoPhillips,30,Lea,WCA_1,WCA,keep,True,"in-pool swap, moot for extents (D19)",False,11414.0,False,4220.0,2018-04-05,166762.0,39517.06161137441,2079.130737218311,False,-103.54161414,32.52912264,flag,WCA_2,10.5,120.0,WCA_2,none,WCA,enverus_lateralline,True,6099.885479834276,N,,1.776987039238218
4237140322,STATE SPEARHEAD 1114 3H,Crescent Energy,42,Pecos,WCA_1,WCA,keep,True,,False,10044.0,False,9433.0,2022-01-15,130597.0,13844.6941588042,1409.7950182622878,True,-103.09282684,31.04084396,no_evidence,,,,BS3_C,none,WCA,enverus_lateralline,True,6099.885479834276,SE,,0.6225625357562224
4238937620,HERMOSA STATE 55 30-31 3H,EOG,42,Reeves,WCA_2,WCA,keep,True,,False,9847.0,False,9450.0,2018-12-08,93642.0,9909.206349206348,11902.362187907136,True,-103.79656982,31.46166039,no_evidence,,,,WCA_1,none,WCA,enverus_lateralline,True,6099.885479834276,S,,0.44559313202093903
3001555268,SANTA MARIA 31 36 FEDERAL COM #628H,Mewbourne,30,Eddy,WCA_1,WCA,keep,False,,True,7994.0,False,10392.0,2024-10-29,192827.0,18555.33102386451,2991.479409003926,True,-104.32901483,32.52441612,no_evidence,,,,BS3_S,none,WCA,enverus_lateralline,True,5999.887357214043,NW,planned survey,0.8343885246946441
3002548247,MARGARITA 13 FEDERAL COM #017H,Matador,30,Lea,WCA_1,WCA,keep,True,,False,12175.0,False,12097.0,2023-08-17,167582.0,13853.186740514177,1953.2109653781436,True,-103.63372519,32.46672287,off_band,,301.0,,BS3_S,none,WCA,enverus_lateralline,True,5999.887357214043,N,,0.6229444266917559
4210933466,WISE WEST STATE UNIT 714WA,Admiral Permian Resources,42,Culberson,WCA_2,WCA,keep,True,,False,8484.0,False,6719.0,2019-12-15,7140.0,1062.658133650841,17466.10644257703,True,-104.19338226,31.67746353,agree,,118.0,118.0,WCB_1,none,WCA,enverus_lateralline,True,5799.891111973575,W,,0.047785175659292696
3001545184,ROAD RUNNER FEDERAL COM #023H,ConocoPhillips,30,Eddy,WCA_2,WCA,keep,True,,False,8989.0,False,9656.0,2019-02-02,266772.0,27627.58906379453,3078.4302700433327,True,-104.24859177,32.09380978,off_band,,1168.0,,WCC,none,WCA,enverus_lateralline,True,5599.894866733106,NW,,1.2423461079816587
4238937038,SANDHU STATE UNIT 1 12H,US Energy Development,42,Reeves,WCA_2,WCA,keep,True,"in-pool swap, moot for extents (D19)",False,9748.0,False,9999.0,2018-07-09,155066.0,15508.150815081508,10552.222924432175,True,-103.68973541,31.43240738,flag,WCA_1,28.0,,WCA_2,none,WCA,enverus_lateralline,True,5499.8967441128725,S,,0.6973641732769761
3001547671,SCHLITZ FEDERAL COM #211H,SM Energy,30,Eddy,WCA_1,WCA,keep,True,,False,8691.0,False,9868.0,2021-10-15,3431.0,347.6895014187272,6080.443019527835,True,-104.30428741,32.13728062,off_band,,847.0,,WCA_1,none,WCA,enverus_lateralline,True,5499.8967441128725,NW,,0.015634759076379304
4238936044,TOMMY HABANERO UNIT 160-161W 1H,Apache,42,Reeves,WCA_2,WCA,keep,True,,False,9999.0,False,7149.0,2021-07-23,62563.0,8751.29388725696,3225.5006952991384,True,-103.61264038,31.0485363,agree,,22.0,22.0,WCA_2,none,WCA,enverus_lateralline,True,5499.8967441128725,S,,0.3935245987455745
3002547431,WAR EAGLE FEDERAL COM #701H,ConocoPhillips,30,Lea,WCA_1,WCA,keep,True,,False,11074.0,False,9930.0,2021-08-23,212773.0,21427.291037260828,926.9879166999572,True,-103.61144379,32.59548926,off_band,,175.0,,BS3_S,none,WCA,enverus_lateralline,True,5499.8967441128725,N,,0.9635336461412934
4247537867,SEALY WINK A 9204H,Battalion Oil,42,Ward,WCA_2,WCA,keep,True,,False,11347.0,False,7547.0,2019-09-03,214154.0,28376.04346097787,1270.5296188724003,True,-103.16918182,31.66040993,agree,,103.0,103.0,WCA_2,none,WCA,enverus_lateralline,True,5399.898621492638,E,,1.2760022987261859
4238935064,STATE JOHNNY CASH 23 2H,EOG,42,Reeves,WCA_2,WCA,keep,True,,False,9592.0,False,5852.0,2016-03-14,93916.0,16048.53041695147,8148.739298947996,False,-104.02832794,31.57240677,off_band,,188.0,,WCA_2,none,WCA,enverus_lateralline,True,5399.898621492638,SW,,0.7216637418591512
4237139474,MONARCH STATE 3405H,ConocoPhillips,42,Pecos,WCA_2,WCA,keep,True,,False,10250.0,False,4473.0,2017-04-16,76412.0,17082.942097026604,2607.483117834895,False,-103.32052612,30.98988533,agree,,22.0,22.0,WCA_1,none,WCA,enverus_lateralline,True,5399.898621492638,S,,0.768178742564595
4237140142,STATE SPEARHEAD 1114 1H,Crescent Energy,42,Pecos,WCA_2,WCA,keep,True,,False,10101.0,False,8980.0,2020-01-06,149328.0,16628.953229398663,975.5102860816456,True,-103.08555603,31.04075241,no_evidence,,,,BS3_C,none,WCA,enverus_lateralline,True,5399.898621492638,SE,,0.7477639571317357
4237139346,LARIMER STATE UNIT 6202H,Scout Energy Partners,42,Pecos,WCA_2,WCA,keep,True,,False,10228.0,False,4504.0,2016-02-12,76800.0,17051.50976909414,1770.0651041666667,False,-103.34414673,30.98947144,no_evidence,,,,WCA_1,none,WCA,enverus_lateralline,True,5399.898621492638,S,,0.7667653065176953
3002551567,ANGRY ANGUS 32 STATE COM #701H,Devon,30,Lea,WCA_1,WCA,keep,True,,False,11227.0,False,4856.0,2023-12-31,37141.0,7648.476112026359,1994.6689642174415,False,-103.48573212,32.61729589,ambiguous,,12.5,79.0,WCA_1,none,WCA,enverus_lateralline,True,5399.898621492638,N,,0.3439335407742441
4210933455,WACO KID STATE UNIT 34 2HA,Permian Resources,42,Culberson,WCA_2,WCA,keep,True,flag into WCXY is never applied (D20),False,7396.0,False,4473.0,2019-07-22,90531.0,20239.436619718308,11400.8019352487,False,-104.37104034,31.81080055,flag,WCXY,4.0,190.0,WCXY,none,WCA,enverus_lateralline,True,5299.900498872405,W,,0.9101186952718858
3002551520,BOA STATE COM #701H,Devon,30,Lea,WCA_1,WCA,keep,False,,False,12200.0,True,10340.0,2024-12-11,291080.0,28150.870406189555,1620.685035041913,True,-103.56686956,32.34072817,agree,,55.5,55.5,WCA_1,none,WCA,enverus_lateralline,True,5199.90237625217,N,permit-round TVD,1.2658768090356938
3001549005,DAWSON 34 FEDERAL COM #204H,Permian Resources,30,Eddy,WCA_2,WCA,keep,True,,False,8969.0,False,9902.0,2024-03-02,206419.0,20846.19268834579,5932.443234392183,True,-104.17433566,32.6128554,off_band,,1484.0,,WCA_1,none,WCA,enverus_lateralline,True,4999.906131011702,NW,,0.9374030536215416
4247538478,UL TILDEN 16-31-32 WA3 3H,Crescent Energy,42,Ward,WCA_1,WCA,keep,True,class WCA->BS3_S rejected (precision 0.40),False,10860.0,False,9658.0,2023-06-04,150339.0,15566.266307724169,1650.4566346723072,True,-103.10651398,31.49098778,flag,BS3_S,38.5,,BS3_S,none,WCA,enverus_lateralline,True,4999.906131011702,SE,flag kept: class WCA->BS3_S rejected (precision 0.40),0.6999774869443878
4210933031,HS STATE 114-24 1H,BP,42,Culberson,WCA_2,WCA,keep,True,,False,8601.0,False,4847.0,2017-05-02,47485.0,9796.781514338769,12303.443192587132,False,-104.21843719,31.70746994,no_evidence,,,,WCA_1,none,WCA,wellstick,True,4899.908008391468,W,,0.44053765809899437
3002549792,NORTH RIDGE 8040 FEDERAL COM #009H,BTA Oil,30,Lea,WCA_1,WCA,keep,True,,False,11419.0,False,7220.0,2025-07-16,121207.0,16787.673130193903,1809.482950654665,False,-103.4382658,32.34463142,ambiguous,,39.0,72.0,WCA_1,none,WCA,enverus_lateralline,True,4899.908008391468,N,,0.7549012086145519
4247537345,CATMAN 6263C-34 1H,Continental Resources,42,Ward,WCC,WCA,reassign,True,card verdict AGREE (WCC->WCA),False,11281.0,False,7436.0,2018-04-09,216929.0,29172.8079612695,1291.8328116572704,True,-103.0818634,31.43325806,flag,WCA_2,39.0,,WCA_2,none,WCA,enverus_lateralline,True,4799.909885771234,SE,reassigned in from WCC,1.311830878398107
3001557247,ESKY 17 18 FEDERAL COM #203H,Permian Resources,30,Eddy,WCA_2,WCA,keep,False,,False,9037.0,False,10026.0,2026-05-31,,,,False,-104.173227,32.56914029,off_band,,271.0,,WCA_1,none,WCA,enverus_lateralline,True,4799.909885771234,NW,,
4210932958,WISE UNIT 103 H,Admiral Permian Resources,42,Culberson,WCA_1,WCA,keep,True,,False,9078.0,False,6421.0,2017-01-22,41937.0,6531.225665784146,9169.44464315521,True,-104.11386108,31.61400414,no_evidence,,,,WCA_1,none,WCA,novi_lp_bhl,True,4799.909885771234,SW,,0.2936934803648923
4238935548,STATE DAGGER 37-48 1H,Atlantic,42,Reeves,WCA_2,WCA,keep,True,,False,10252.0,False,7574.0,2017-07-01,25472.0,3363.084235542646,9404.875942211056,True,-103.89781241,31.53899342,off_band,,206.0,,BS3_S,none,WCA,enverus_lateralline,True,4799.909885771234,SW,,0.15122979428980374
4237139421,STATE NEAL LETHCO 3405A-142 1H,Swordfish Energy Operating,42,Pecos,WCA_1,WCA,keep,True,,False,8938.0,False,7783.0,2017-04-26,59328.0,7622.767570345625,1932.7804746494064,True,-102.94142151,31.14283371,agree,,227.0,227.0,BS3_S,none,WCA,enverus_lateralline,True,4699.911763151,SE,,0.342777489602888
4247537222,STATE QUADRICORN1617AGG HOUSTON 1H,Continental Resources,42,Ward,WCA_2,WCA,keep,True,"in-pool swap, moot for extents (D19)",False,10792.0,False,10223.0,2017-07-02,221440.0,21660.96057908637,1509.9981936416184,True,-103.05288696,31.40582275,flag,WCA_1,35.0,,WCA_1,none,WCA,enverus_lateralline,True,4699.911763151,SE,,0.9740412023804752
4237139836,TREES ESTATE -77- H003,Swordfish Energy Operating,42,Pecos,WCA_1,WCA,keep,True,class WCA->BS3_S rejected (precision 0.40),False,9315.0,False,4802.0,2019-04-08,83644.0,17418.57559350271,776.7084309693463,False,-102.96039581,31.20341301,flag,BS3_S,39.0,134.5,WCA_1,none,WCA,enverus_lateralline,True,4699.911763151,SE,flag kept: class WCA->BS3_S rejected (precision 0.40),0.7832713721491937
4210933321,DR STATE WISE UNIT 1 002 0021WA,Chevron,42,Culberson,WCA_2,WCA,keep,True,,False,8453.0,False,10785.0,2019-04-03,122145.0,11325.452016689846,4121.879733104098,True,-104.29141235,31.98459435,agree,,98.0,98.0,WCA_2,none,WCA,enverus_lateralline,True,4599.913640530766,W,,0.5092782870622004
4238937957,TOYAH B 22-21 2H,Crescent Energy,42,Reeves,WCA_2,WCA,keep,True,"in-pool swap, moot for extents (D19)",False,9607.0,False,11367.0,2019-04-02,51614.0,4540.687956364916,21593.831131088464,True,-103.68753815,31.40121269,flag,WCA_1,28.0,,WCA_1,none,WCA,enverus_lateralline,True,4599.913640530766,S,,0.2041837960280695
3002551407,SERPENTINE 35 26 FEDERAL COM #010H,Devon,30,Lea,WCA_2,WCA,keep,True,,False,12307.0,False,10346.0,2024-01-05,330017.0,31898.028223468005,1969.5591439228888,True,-103.54589435,32.35581298,agree,,50.0,50.0,WCA_2,none,WCA,enverus_lateralline,True,4499.915517910532,N,,1.4343774668216305
3001548215,RANA SALADA FEDERAL COM 0605 #201H,Permian Resources,30,Eddy,WCA_1,WCA,keep,True,,False,10076.0,False,9646.0,2024-05-22,174769.0,18118.287373004358,2129.7541325978864,True,-104.0149897,32.33918308,off_band,,802.0,,WCA_2,none,WCA,enverus_lateralline,True,4499.915517910532,NW,,0.8147357248281605
3002551405,SERPENTINE 35 26 FEDERAL COM #002H,Devon,30,Lea,WCA_2,WCA,keep,True,,False,12393.0,False,8674.0,2024-01-07,280257.0,32310.006917223887,1748.6021758600143,True,-103.55013814,32.35732048,agree,,70.0,70.0,WCA_2,none,WCA,enverus_lateralline,True,4399.9173952902975,N,,1.4529031559643621
4249534818,UL FOURTH OF JULY 15-22 C 424H,Devon,42,Winkler,WCA_2,WCA,keep,True,,False,11663.0,False,10221.0,2023-10-20,147853.0,14465.61001858918,1224.513537094276,True,-103.21046448,31.73731422,off_band,,137.0,,WCA_2,none,WCA,enverus_lateralline,True,4299.919272670064,E,,0.6504836257943992
3002546434,PAC-MAN 36 FEDERAL COM #601H,Permian Resources,30,Lea,WCA_2,WCA,keep,True,"in-pool swap, moot for extents (D19)",False,11545.0,False,10321.0,2020-08-01,236929.0,22956.012014339696,1455.7272431825568,True,-103.42543962,32.32643492,flag,WCA_1,114.0,,WCA_1,none,WCA,enverus_lateralline,True,4299.919272670064,N,,1.0322765448313829
3002545350,CHILES 28 21 STATE COM #001H,Devon,30,Lea,WCA_2,WCA,keep,True,,False,11613.0,False,9981.0,2019-07-08,215525.0,21593.52770263501,2409.609094072613,True,-103.47071567,32.45742583,off_band,,357.0,,BS3_S,none,WCA,enverus_lateralline,True,4099.923027429596,N,,0.9710089084146167
4237139793,STATE BUBBLIN' CRUDE 0807B-143 61H,Swordfish Energy Operating,42,Pecos,WCA_1,WCA,keep,True,,False,9081.0,False,7882.0,2019-02-13,102721.0,13032.352194874396,722.539694901724,True,-102.94765472,31.1581974,no_evidence,,,,BS3_S,none,WCA,enverus_lateralline,True,4099.923027429596,SE,,0.586033475080388
3001550032,MAD MAX 6 FEDERAL COM #200H,Permian Resources,30,Eddy,WCA_2,WCA,keep,True,,False,8853.0,False,10361.0,2023-08-23,318273.0,30718.366952996814,4983.35705510678,True,-104.20815422,32.60713522,off_band,,271.0,,WCA_2,none,WCA,enverus_lateralline,True,4099.923027429596,NW,,1.3813309420335824
4238935876,FOUNDERS JOHNSON STATE 1H,Fed Operating,42,Reeves,WCA_2,WCA,keep,True,,False,9850.0,False,4540.0,2017-07-06,82538.0,18180.176211453745,6705.565921151469,False,-103.70648193,31.45361519,no_evidence,,,,WCA_2,none,WCA,enverus_lateralline,True,3999.9249048093616,S,,0.8175187167641402
4238935615,SARGE 17 1H,Crescent Energy,42,Reeves,WCA_1,WCA,keep,True,,False,9812.0,False,4652.0,2017-05-27,59151.0,12715.17626827171,6626.109448699092,False,-103.65715027,31.19174194,no_evidence,,,,WCA_1,none,WCA,enverus_lateralline,True,3999.9249048093616,S,,0.5717708379371164
3002552796,MORAN 9 FEDERAL COM #701H,Permian Resources,30,Lea,WCXY,WCA,keep,False,,True,11725.0,False,10399.0,2024-09-01,310493.0,29857.96711222233,1763.1734048754722,True,-103.6847078,32.47147437,off_band,,425.5,,BS3_S,none,WCA,enverus_lateralline,True,3999.9249048093616,N,planned survey,1.342640834437657
4210933001,MARAUDER STATE UNIT 1H,1920 Energy,42,Culberson,WCA_2,WCA,keep,True,,False,8868.0,False,3392.0,2017-05-12,36315.0,10706.073113207549,11123.888200468124,False,-104.14902496,31.66714668,no_evidence,,,,WCA_2,none,WCA,enverus_lateralline,True,3899.9267821891276,W,,0.481426310245462
4238937958,STORM CAT UNIT 40 401AH,Apache,42,Reeves,WCA_1,WCA,keep,True,,False,9718.0,False,3405.0,2019-05-17,25267.0,7420.5580029368575,10280.72189021253,False,-103.64631653,31.06126022,no_evidence,,,,WCA_1,none,WCA,enverus_lateralline,True,3899.9267821891276,S,,0.3336846126063878
4238938822,DYLAN UNIT 176-175E 10H,Apache,42,Reeves,WCA_2,WCA,keep,True,,False,10041.0,False,6954.0,2020-12-18,61149.0,8793.356341673856,4390.652341003123,True,-103.58734131,31.02776909,agree,,14.5,14.5,WCA_1,none,WCA,enverus_lateralline,True,3799.9286595688936,S,,0.3954160459658268
4237140494,MAX Q 1H,Mbx Operating,42,Pecos,WCA_2,WCA,keep,False,,False,9900.0,True,10252.0,2025-04-25,117736.0,11484.198205228247,1277.9778487463475,True,-102.99584198,31.05476761,agree,,26.0,26.0,WCA_2,none,WCA,enverus_lateralline,True,3799.9286595688936,SE,permit-round TVD,0.5164167206414827
3001556333,CANAL 20 19 FEDERAL COM #718H,Mewbourne,30,Eddy,WCA_1,WCA,keep,False,,False,8964.0,False,10324.0,2026-06-13,,,,False,-104.22069805,32.45933856,agree,,4.0,4.0,WCA_1,none,WCA,enverus_lateralline,True,3799.9286595688936,NW,,
3001555142,BETTY #221H,Permian Resources,30,Eddy,WCA_1,WCA,keep,False,,True,8890.0,False,10360.0,2024-12-17,223596.0,21582.62548262548,4675.038909461708,True,-104.22037537,32.42793441,off_band,,495.0,,WCA_1,none,WCA,enverus_lateralline,True,3799.9286595688936,NW,planned survey,0.9705186618510849
3002550955,STACK CATS 25 36 FEDERAL COM #313H,Occidental,30,Lea,WCA_1,WCA,keep,True,,False,12377.0,False,10231.0,2023-07-18,174319.0,17038.314925227252,2054.6412037701,True,-103.62125342,32.35575023,agree,,58.0,58.0,WCA_1,none,WCA,enverus_lateralline,True,3799.9286595688936,N,,0.7661719661836689
3002548757,SENILE FELINES 18 7 STATE COM #313H,Occidental,30,Lea,WCXY,WCA,keep,True,,False,12041.0,False,9841.0,2022-10-05,159369.0,16194.390813941673,1755.2660806053875,True,-103.60633978,32.39983079,agree,,22.5,22.5,WCA_1,none,WCA,enverus_lateralline,True,3799.9286595688936,N,,0.7282227324424776
3002553176,ZN 27 22 FEDERAL STATE COM #602H,Chevron,30,Lea,WCA_1,WCA,keep,False,class WCA->BS3_S rejected (precision 0.40),False,11500.0,True,11238.0,2025-12-30,,,,False,-103.452632,32.281916,flag,BS3_S,101.0,,BS3_S,none,WCA,enverus_lateralline,True,3699.9305369486597,N,permit-round TVD; flag kept: class WCA->BS3_S rejected (precision 0.40),
3001554347,PENNY 34 36 FEDERAL COM #711H,Mewbourne,30,Eddy,WCA_2,WCA,keep,True,,False,8999.0,False,9292.0,2024-11-25,161175.0,17345.566078346965,2506.2571738793235,True,-104.26256108,32.35491669,no_evidence,,,,WCA_2,none,WCA,enverus_lateralline,True,3699.9305369486597,NW,,0.7799883101784252
3002550762,PERRO LOCO 27 B3OB FEDERAL COM #001H,Mewbourne,30,Lea,WCA_1,WCA,keep,True,,False,11312.0,False,4624.0,2023-05-01,247448.0,53513.84083044983,1297.165465067408,False,-103.45614053,32.36323858,agree,,2.5,2.5,WCA_1,none,WCA,enverus_lateralline,True,3699.930536948659,N,,2.40638847368639
3002553272,LEA UNIT #701H,Devon,30,Lea,WCA_1,WCA,keep,False,class WCA->BS3_S rejected (precision 0.40),False,11000.0,True,7697.0,2024-10-12,26023.0,3380.927634143173,983.0918802597702,True,-103.52564656,32.58394501,flag,BS3_S,33.0,,BS3_S,none,WCA,enverus_lateralline,True,3599.9324143284257,N,permit-round TVD; flag kept: class WCA->BS3_S rejected (precision 0.40),0.1520321689289133
4237140516,DJT 47 1H,Mbx Operating,42,Pecos,WCA_2,WCA,keep,False,,False,9910.0,False,9901.0,2026-03-01,,,,False,-103.01399231,31.05748177,agree,,88.0,88.0,WCA_2,none,WCA,enverus_lateralline,True,3599.9324143284257,SE,,
3001549372,CASSIUS FEDERAL COM 1510 #214H,Permian Resources,30,Eddy,WCA_1,WCA,keep,False,,True,10201.0,False,10074.0,2022-08-15,102630.0,10187.611673615247,1926.0547598168175,True,-103.96515029,32.31287165,off_band,,793.0,,WCA_1,none,WCA,enverus_lateralline,True,3499.9342917081913,NW,planned survey,0.4581123486062918
3001554591,ALYSON 33 32 FEDERAL COM #201H,Matador,30,Eddy,WCA_1,WCA,keep,False,,True,10100.0,True,7197.0,2024-07-25,167359.0,23253.99472002223,3126.8351268829283,True,-103.98230997,32.53513179,no_evidence,,,,WCB_1,none,WCA,enverus_lateralline,True,3499.9342917081913,N,planned survey; permit-round TVD,1.0456761090784015
3002549528,DOGWOOD 25 36 20 FEDERAL COM #112H,Matador,30,Lea,WCA_2,WCA,keep,True,,False,11533.0,False,10090.0,2022-02-06,213528.0,21162.338949454905,1834.9630961747405,True,-103.29244426,32.12364562,off_band,,163.0,234.0,BS3_S,none,WCA,enverus_lateralline,True,3499.9342917081913,NE,,0.9516193891886785
4237139779,STATE ELBERT 7-8 UNIT 1WA,Diamondback,42,Pecos,WCA_1,WCA,keep,True,,False,9337.0,False,11111.0,2018-12-24,355614.0,32005.58005580056,1275.9649507612187,True,-102.86250305,31.0366497,agree,,39.0,39.0,BS3_S,none,WCA,enverus_lateralline,True,3499.9342917081913,SE,,1.4392138135616994
3001549444,JAMES RANCH UNIT DI 8 EAGLE #702H,Exxon Mobil,30,Eddy,WCXY,WCA,keep,False,,True,11194.0,False,8335.0,2023-02-01,187686.0,22517.816436712656,2001.6463668041304,True,-103.82262128,32.35134871,off_band,,161.0,,WCXY,none,WCA,enverus_lateralline,True,3499.9342917081913,N,planned survey,1.0125719455939075
4247537744,SEALY RANCH 930 9302H,Battalion Oil,42,Ward,WCA_1,WCA,keep,True,,False,11320.0,False,6782.0,2019-04-10,130653.0,19264.67118843999,1952.5613648366284,True,-103.1659317,31.64006233,agree,,67.0,67.0,WCA_1,none,WCA,enverus_lateralline,True,3399.9361690879578,E,,0.8662858426495529
4237139569,MDJ CALDWELL H 12SH,Crescent Energy,42,Pecos,WCA_2,WCA,keep,True,,False,10273.0,False,10274.0,2017-11-04,94513.0,9199.240802024528,5102.070614624443,True,-103.3170929,31.01124382,no_evidence,,,,WCA_1,none,WCA,enverus_lateralline,True,3399.9361690879573,S,,0.4136676921171626
3002547528,BIG STAG FEDERAL COM #303H,Matador,30,Lea,WCA_1,WCA,keep,True,,False,11745.0,False,6298.0,2024-01-07,72532.0,11516.671959352176,1726.0795235206529,True,-103.6251968,32.49172018,off_band,,718.0,,BS3_S,none,WCA,enverus_lateralline,True,3399.9361690879573,N,,0.5178769871147627
3001554647,RENA 7 FEDERAL COM #704H,3r Operating,30,Eddy,WCA_1,WCA,keep,False,,True,8587.0,False,9320.0,2024-09-01,101767.0,10919.206008583693,3900.792987903741,True,-104.32499781,32.31061516,no_evidence,,,,BS3_S,none,WCA,enverus_lateralline,True,3399.9361690879573,NW,planned survey,0.4910103829794962
3002543679,NORTH LEA 10 FEDERAL #001H,Permian Resources,30,Lea,WCXY,WCA,keep,True,class WCA->BS3_S rejected (precision 0.40),False,10898.0,False,4460.0,2022-01-01,133188.0,29862.78026905829,1133.615641048743,False,-103.54107205,32.5876343,flag,BS3_S,33.0,,BS3_S,none,WCA,enverus_lateralline,True,3299.9380464677233,N,flag kept: class WCA->BS3_S rejected (precision 0.40),1.3428572705026518
3001554345,PENNY 34 36 FEDERAL COM #718H,Mewbourne,30,Eddy,WCA_1,WCA,keep,False,"in-pool swap, moot for extents (D19)",True,8900.0,True,9950.0,2024-05-18,202552.0,20356.98492462312,2222.757612859908,True,-104.26347483,32.3420709,flag,WCA_2,92.0,,WCA_2,none,WCA,enverus_lateralline,True,3299.9380464677233,NW,planned survey; permit-round TVD,0.915404559295747
4238938520,BLANCO A 224-223E 10H,Apache,42,Reeves,WCA_2,WCA,keep,True,,False,10057.0,False,9896.0,2019-11-29,210325.0,21253.5367825384,2432.3546891715205,True,-103.56970215,31.02186584,agree,,21.0,21.0,WCA_2,none,WCA,enverus_lateralline,True,3299.9380464677233,S,,0.9557203359895746
4238937873,STATE ASPEN C UNIT 2H,EOG,42,Reeves,WCA_1,WCA,keep,True,class WCA->BS3_S rejected (precision 0.40),False,10458.0,False,7301.0,2019-08-02,75419.0,10329.954800712232,8698.471207520652,True,-103.88092041,31.53569221,flag,BS3_S,78.0,,BS3_S,none,WCA,enverus_lateralline,True,3199.9399238474894,SW,flag kept: class WCA->BS3_S rejected (precision 0.40),0.46451317603783276
4238939480,TEA TIME STATE WEST 2H,Perun Energy,42,Reeves,WCA_1,WCA,keep,True,,False,9765.0,False,8563.0,2021-10-27,110531.0,12907.97617657363,6052.492061050746,True,-103.72428131,31.27465057,agree,,61.0,61.0,WCA_1,none,WCA,enverus_lateralline,True,3199.9399238474894,S,,0.5804405852373613
3002547029,BRECKENRIDGE FEDERAL COM #706H,Devon,30,Lea,WCA_1,WCA,keep,False,,True,11957.0,False,9634.0,2022-10-17,186141.0,19321.25804442599,1237.0085043058757,True,-103.36529533,32.2401381,no_evidence,,,,BS3_S,none,WCA,enverus_lateralline,True,3199.9399238474894,NE,planned survey,0.8688304172099606
4238938331,ZELDA-LINK UNIT 237-238E 10H,Apache,42,Reeves,WCA_1,WCA,keep,True,"in-pool swap, moot for extents (D19)",False,10010.0,False,9109.0,2019-12-28,187760.0,20612.58096388188,1816.5210907541543,True,-103.55317688,31.01917458,flag,WCA_2,36.5,,WCA_2,none,WCA,enverus_lateralline,True,3199.9399238474894,S,,0.9268980972897943
4249534035,MOOSE 1H,Matador,42,Winkler,WCA_2,WCA,keep,True,,False,12245.0,False,7275.0,2018-05-01,97227.0,13364.536082474227,3971.9419502813,True,-103.30542755,31.94415474,no_evidence,,,,WCA_2,none,WCA,enverus_lateralline,True,3199.9399238474894,NE,,0.6009709840660956
4237139838,STATE BLANCO 58 UNIT H001,Swordfish Energy Operating,42,Pecos,WCA_2,WCA,keep,True,"in-pool swap, moot for extents (D19)",False,9513.0,False,4593.0,2019-04-15,57488.0,12516.438057914216,611.9190091845255,False,-102.97514343,31.21301079,flag,WCA_1,63.5,,BS3_S,none,WCA,enverus_lateralline,True,3199.9399238474894,SE,,0.5628340595025322
4247537668,CREOSOTE 86 302H,Atlas Resources,42,Ward,WCA_2,WCA,keep,True,,False,11258.0,False,4911.0,2019-03-21,87354.0,17787.41600488699,2919.4312796208533,False,-103.13465118,31.61801529,off_band,,267.0,,WCA_2,none,WCA,enverus_lateralline,True,3099.9418012272554,E,,0.7998572366808953
3002549017,CRUNCH BERRY 6 FEDERAL COM #602H,Permian Resources,30,Lea,WCA_1,WCA,keep,True,,False,12155.0,False,9838.0,2021-09-10,203988.0,20734.70217523887,1490.979861560484,True,-103.5134643,32.41285951,off_band,,1310.0,,BS3_S,none,WCA,enverus_lateralline,True,3099.9418012272554,N,,0.9323895938978057
3002546276,PORK PIE STATE COM #704H,ConocoPhillips,30,Lea,WCA_2,WCA,keep,True,,False,11973.0,False,9699.0,2020-05-26,270723.0,27912.465202598207,1189.9210632269885,True,-103.35405104,32.22540022,off_band,,144.5,348.0,BS3_S,none,WCA,enverus_lateralline,True,2999.9436786070214,NE,,1.255156301498088
4238940987,SANDY E 3A,Crescent Energy,42,Reeves,WCA_2,WCA,keep,True,,False,10056.0,False,10001.0,2024-08-05,193607.0,19358.76412358764,1306.6882912291394,True,-103.52508545,31.01293945,no_evidence,,,,WCA_1,none,WCA,enverus_lateralline,True,2999.9436786070214,S,,0.8705169752141546
4238935534,COTTONWOOD WEST 160 1606H,Petro-Hunt,42,Reeves,WCA_2,WCA,keep,True,,False,9549.0,False,6126.0,2017-10-21,120784.0,19716.617695070192,10354.806928069944,True,-104.05400848,31.5798378,off_band,,173.0,,WCA_2,none,WCA,enverus_lateralline,True,2899.9455559867874,SW,,0.8866087880296745
3001550030,MAD MAX 6 FEDERAL COM #203H,Permian Resources,30,Eddy,WCA_1,WCA,keep,True,,False,8905.0,False,9911.0,2023-08-13,299646.0,30233.67974977298,4703.423372913371,True,-104.20732756,32.59807075,off_band,,325.0,,WCA_1,none,WCA,enverus_lateralline,True,2899.9455559867874,NW,,1.3595357264205503
4238938784,GARRISON BROTHERS STATE UNIT 2H,Permian Resources,42,Reeves,WCA_1,WCA,keep,True,,False,9628.0,False,8396.0,2021-02-21,31575.0,3760.7193901858022,4113.634204275534,True,-103.70969391,31.3413372,no_evidence,,,,WCA_1,none,WCA,enverus_lateralline,True,2899.9455559867874,S,,0.16911048904123208
3001553366,MICHAEL RYAN FEDERAL COM #203H,Matador,30,Eddy,WCA_1,WCA,keep,True,,False,9646.0,False,8333.0,2023-08-15,127854.0,15343.09372374895,2723.106042830103,True,-104.08598865,32.38944395,agree,,14.0,14.0,WCA_1,none,WCA,enverus_lateralline,True,2899.9455559867874,NW,,0.6899419536059698
3002545351,CHILES 28 21 STATE COM #002H,Devon,30,Lea,WCA_2,WCA,keep,True,,False,11806.0,False,9919.0,2019-07-08,327974.0,33065.22834963202,1829.0809637349305,True,-103.47256551,32.45852908,off_band,,550.0,,BS3_S,none,WCA,enverus_lateralline,True,2899.9455559867874,N,,1.4868636439769094
3002543929,TORO 36 B3AP STATE #001H,Mewbourne,30,Lea,WCA_2,WCA,keep,True,,False,11698.0,False,4465.0,2017-12-01,209268.0,46868.53303471445,1297.5992507215628,False,-103.41686322,32.26111034,ambiguous,,92.0,,BS3_S,none,WCA,enverus_lateralline,True,2799.947433366553,N,,2.107564994833106
4238938136,CUTTHROAT 3601H,Scout Energy Partners,42,Reeves,WCA_2,WCA,keep,True,,False,10195.0,False,8869.0,2019-09-22,203223.0,22913.857255609422,1347.2293982472456,True,-103.41085052,31.01787949,agree,,186.0,186.0,WCA_1,none,WCA,enverus_lateralline,True,2799.947433366553,S,,1.0303809469085772
3001557234,BLOOMIN ONION 11 14 FEDERAL COM #715H,Mewbourne,30,Eddy,WCA_1,WCA,keep,False,,True,9890.0,False,10376.0,2026-03-24,,,,False,-103.9406778,32.58052989,off_band,,1291.0,,WCA_1,none,WCA,enverus_lateralline,True,2799.947433366553,N,planned survey,
3002552677,SANDRA JEAN 23 FEDERAL COM #705H,Devon,30,Lea,WCA_1,WCA,keep,True,,False,11366.0,False,5018.0,2024-11-24,41385.0,8247.30968513352,859.2726833393742,False,-103.63755856,32.55876429,off_band,,882.0,,BS3_S,none,WCA,enverus_lateralline,True,2799.947433366553,N,,0.3708616435906196
4210933791,GO FOR GIN 27 STATE UNIT 5H,Devon,42,Culberson,WCA_1,WCA,keep,True,,False,8335.0,False,10556.0,2022-07-07,170172.0,16120.87912087912,12251.892203182662,True,-104.25317383,31.80347252,off_band,,344.0,,WCXY,none,WCA,enverus_lateralline,True,2799.947433366553,W,,0.7249170887413018
3001547246,ACE STERN VEGAS FEE 22 21 #203H,Matador,30,Eddy,WCA_1,WCA,keep,False,,True,9518.0,False,9867.0,2020-11-12,168679.0,17095.267051788793,2887.6505077691945,True,-104.0832988,32.37648911,agree,,128.0,128.0,WCA_1,none,WCA,enverus_lateralline,True,2799.947433366553,NW,planned survey,0.7687329660816923
3001556241,HOLLYWOOD STAR FEE 17 18 #704H,Paloma Permian Assetco,30,Eddy,WCA_1,WCA,keep,True,,False,8841.0,False,10056.0,2025-10-29,,,,False,-104.22029729,32.39820906,ambiguous,,30.0,46.5,BS3_S,none,WCA,enverus_lateralline,True,2699.949310746319,NW,,
3001549087,TOMAHAWK 13 14 FEDERAL COM #620H,Devon,30,Eddy,WCA_1,WCA,keep,False,,True,9353.0,False,10054.0,2024-03-21,172190.0,17126.516809230157,2890.946047970265,True,-104.1524535,32.398197,no_evidence,,,,WCA_2,none,WCA,enverus_lateralline,True,2699.949310746319,NW,planned survey,0.7701381923735342
4247537539,CATMAN 6263A-34 11H,Continental Resources,42,Ward,WCA_2,WCA,keep,True,,False,11225.0,False,8719.0,2018-09-18,231649.0,26568.299116871203,1062.409075800025,True,-103.08952332,31.43692398,agree,,57.0,57.0,WCB_2,none,WCA,enverus_lateralline,True,2699.949310746319,SE,,1.1947123915634246
4238938545,NEW JERSEY STATE 55 29-32 6 61H,EOG,42,Reeves,WCA_1,WCA,keep,True,,False,9694.0,False,8606.0,2019-11-29,85041.0,9881.59423657913,17412.941992685883,True,-103.77597046,31.4631691,no_evidence,,,,WCXY,none,WCA,enverus_lateralline,True,2699.949310746319,S,,0.4443514818510178
4238940986,CONNIE C 2A,Crescent Energy,42,Reeves,WCA_2,WCA,keep,True,,False,10144.0,False,10006.0,2024-08-07,153546.0,15345.392764341395,1444.023289437693,True,-103.52947235,31.0138607,no_evidence,,,,WCA_1,none,WCA,enverus_lateralline,True,2699.949310746319,S,,0.690045335921579
3001555143,BARNEY #223H,Permian Resources,30,Eddy,WCA_1,WCA,keep,True,class WCA->BS3_S rejected (precision 0.40),False,8884.0,False,7667.0,2024-12-21,88054.0,11484.805008477892,3131.896336339065,True,-104.22479832,32.42078235,flag,BS3_S,69.5,,WCA_1,none,WCA,enverus_lateralline,True,2699.949310746319,NW,flag kept: class WCA->BS3_S rejected (precision 0.40),0.516444007121449
3001555177,OLIVE WON UNIT #031H,Occidental,30,Eddy,WCXY,WCA,keep,True,,False,11748.0,False,7473.0,2024-09-23,213870.0,28619.02850260939,2734.9604900173003,True,-103.7560013,32.35111035,agree,,37.0,37.0,WCA_1,none,WCA,enverus_lateralline,True,2599.951188126085,N,,1.2869287505447515
3002548709,EL PASO FEDERAL COM #706H,Devon,30,Lea,WCA_2,WCA,keep,False,,True,11757.0,False,10277.0,2022-11-20,201705.0,19626.83662547436,1461.5701147715724,True,-103.31385187,32.18111226,agree,,86.0,86.0,BS3_S,none,WCA,enverus_lateralline,True,2599.951188126085,NE,planned survey,0.8825715496689452
3002547352,RODNEY ROBINSON FEDERAL COM #204H,Matador,30,Lea,WCA_1,WCA,keep,True,,False,12220.0,False,9962.0,2021-03-14,319994.0,32121.461553904835,2143.005806358869,True,-103.60385705,32.32718185,no_evidence,,,,BS3_S,none,WCA,enverus_lateralline,True,2599.951188126085,N,,1.4444247253001252
4249533991,MEERKAT 1H,Matador,42,Winkler,WCA_1,WCA,keep,True,,False,11857.0,False,4637.0,2018-02-01,74864.0,16144.92128531378,9373.971468262447,False,-103.2684021,31.95882034,off_band,,510.0,,WCA_2,none,WCA,enverus_lateralline,True,2599.951188126085,NE,,0.7259982069432515
3002551306,SPEYSIDE 18 FEDERAL #602H,Paloma Permian Assetco,30,Lea,WCA_2,WCA,keep,True,,False,11881.0,False,4616.0,2023-11-01,247708.0,53662.9116117851,1758.5826860658517,False,-103.50386913,32.39104278,off_band,,562.0,,WCA_2,none,WCA,enverus_lateralline,True,2499.953065505851,N,,2.4130918275178814
4210934225,NYQUIST 25 STATE UNIT 3H,Devon,42,Culberson,WCA_2,WCA,keep,True,,False,8613.0,False,10106.0,2025-02-10,94252.0,9326.3407876509,16423.089165216654,True,-104.2306366,31.80309105,agree,,82.0,82.0,WCA_1,none,WCA,enverus_lateralline,True,2499.953065505851,W,,0.41938307220707344
3001554055,RANA SALADA 0503 FEDERAL COM #224H,Permian Resources,30,Eddy,WCB_1,WCA,reassign,True,class WCB_1->WCA (precision 0.70) + sql/23 concurs + GOR none,False,10375.0,False,8797.0,2024-05-22,163365.0,18570.535409798795,2042.1510115385795,True,-103.99237715,32.32987336,flag,WCA_2,58.0,,WCA_2,none,WCA,enverus_lateralline,True,2499.953065505851,NW,reassigned in from WCB_1,0.835072229293192
3001556197,UPSLOPE FEDERAL #211H,Tap Rock Resources,30,Eddy,WCXY,WCA,keep,True,,False,8227.0,False,9845.0,2025-12-12,,,,False,-104.3931733,32.14884803,no_evidence,,,,BS3_S,none,WCA,enverus_lateralline,True,2399.954942885617,NW,,
3002544853,MINIS 1 FEDERAL COM WCA #016H,Permian Resources,30,Lea,WCXY,WCA,keep,False,,True,11535.0,False,7320.0,2019-10-20,109488.0,14957.377049180328,1006.786131813532,True,-103.62152184,32.5111179,off_band,,517.0,,BS3_S,none,WCA,enverus_lateralline,True,2399.954942885617,N,planned survey,0.6725972041843877
4210934493,LILI VON SHTUPP STATE 234H,Permian Resources,42,Culberson,WCA_2,WCA,keep,True,,False,7570.0,False,9993.0,2025-10-23,,,,False,-104.35627747,31.77295876,agree,,72.0,72.0,WCA_2,none,WCA,enverus_lateralline,True,2399.954942885617,W,,
4210933036,SEATTLE SLEW 42 STATE UNIT 2H,Devon,42,Culberson,WCA_2,WCA,keep,True,,False,8695.0,False,7584.0,2017-08-15,118571.0,15634.361814345992,12449.646203540497,True,-104.21328735,31.79368782,agree,,30.0,30.0,WCA_1,none,WCA,enverus_lateralline,True,2399.954942885617,W,,0.7030395777923194
3002553247,FOXTAIL STATE COM #701H,Devon,30,Lea,WCA_2,WCA,keep,False,,True,10751.0,False,9897.0,2024-12-20,132464.0,13384.257855915934,975.6160164271048,True,-103.4860965,32.69757312,no_evidence,,,,BS3_S,none,WCA,enverus_lateralline,True,2399.954942885617,N,planned survey,0.6018578246956281
3002552230,CAPER 20 29 FEDERAL COM #711H,Mewbourne,30,Lea,WCXY,WCA,keep,True,"in-pool swap, moot for extents (D19)",False,11817.0,False,10022.0,2024-12-28,198862.0,19842.546397924565,1827.6292102060725,True,-103.70427544,32.45621024,flag,WCA_1,29.5,121.0,WCA_1,none,WCA,enverus_lateralline,True,2399.954942885617,N,,0.8922714983556844
4238939852,WAPITI B UNIT 73 735H,EOG,42,Reeves,WCA_2,WCA,keep,True,,False,10150.0,False,9876.0,2023-07-04,168985.0,17110.672336978536,12557.262478918246,True,-103.95253754,31.58250237,agree,,29.5,29.5,WCB_1,none,WCA,enverus_lateralline,True,2399.954942885617,SW,,0.7694257046356656
4237140495,COME AND TAKE IT 1H,Mbx Operating,42,Pecos,WCA_2,WCA,keep,True,,False,9926.0,False,10297.0,2025-04-25,116912.0,11353.986598038264,1014.070411933762,True,-102.9993515,31.05628586,no_evidence,,,,WCA_2,none,WCA,enverus_lateralline,True,2299.956820265383,SE,,0.5105614184277073
4249534982,DIVOT 361918F 06H,Continental Resources,42,Winkler,WCA_2,WCA,keep,True,,False,12196.0,False,15624.0,2025-05-03,360618.0,23081.02918586789,3553.8658636008186,False,-103.29866028,31.90373421,off_band,,421.0,,WCA_1,none,WCA,enverus_lateralline,True,2299.956820265383,NE,,1.0378982657901061
4238935082,ALLMAN 24 6H,Victerra Energy,42,Reeves,WCA_2,WCA,keep,True,class WCA->WCB_1 rejected (precision 0.40),False,9897.0,False,5885.0,2017-06-02,94078.0,15986.06627017842,10391.855694211186,False,-104.0,31.57323456,flag,WCB_1,2.5,,WCB_1,none,WCA,enverus_lateralline,True,2299.956820265383,SW,flag kept: class WCA->WCB_1 rejected (precision 0.40),0.7188548796941355
3002552590,ROBIN FEDERAL #203H,Permian Resources,30,Lea,WCA_1,WCA,keep,True,,False,11221.0,False,9925.0,2024-07-24,223690.0,22538.035264483628,1345.040010729134,True,-103.57920848,32.56658992,off_band,,124.0,,WCA_1,none,WCA,enverus_lateralline,True,2199.9586976451487,N,,1.013481137558911
4247538444,STATE MUDSLINGER 8685K 8614H,Continental Resources,42,Ward,WCB_2,WCA,reassign,True,class WCB_2->WCA (precision 0.70) + sql/23 concurs + GOR none,False,11256.0,False,10194.0,2023-04-24,92682.0,9091.818716892289,1493.439934399344,True,-103.10642242,31.44681931,flag,WCA_2,70.0,,WCA_2,none,WCA,enverus_lateralline,True,2199.9586976451487,SE,reassigned in from WCB_2,0.40883717979604944
3001555537,TOUGH OMBRES 6 5 FEDERAL COM #716H,Mewbourne,30,Eddy,WCA_1,WCA,keep,True,,False,8876.0,False,2729.0,2025-07-08,109862.0,40257.237083180655,4264.832244088037,False,-104.23092217,32.50342988,agree,,53.0,53.0,WCA_2,none,WCA,enverus_lateralline,True,2199.9586976451487,NW,,1.810270946657669
4238936358,STATE MAYFLY UNIT 3H,EOG,42,Reeves,WCA_1,WCA,keep,True,,False,10049.0,False,10349.0,2017-12-04,139369.0,13466.905014977292,6893.319174278355,True,-103.71572876,31.47546196,ambiguous,,24.0,37.0,WCA_1,none,WCA,enverus_lateralline,True,2199.9586976451487,S,,0.6055742682896939
3001544539,DARK CANYON 15 22 STATE COM WCA #003H,Permian Resources,30,Eddy,WCA_2,WCA,keep,True,,False,8853.0,False,7290.0,2018-07-19,95123.0,13048.422496570643,5131.398294839313,True,-104.28766445,32.3009758,agree,,6.0,6.0,WCA_2,none,WCA,enverus_lateralline,True,2199.9586976451487,NW,,0.5867561178242164
4210933351,DR STATE WISE UNIT 1 003 0031WA,Chevron,42,Culberson,WCA_2,WCA,keep,True,,False,8701.0,False,10479.0,2019-07-19,194971.0,18605.87842351369,3885.470146842351,True,-104.24700165,31.95512962,off_band,,1334.0,,WCA_2,none,WCA,enverus_lateralline,True,2199.9586976451487,W,,0.8366615194564291
4237139586,WHISKEY RIVER 6-8 1H,Continental Resources,42,Pecos,WCA_2,WCA,keep,True,,False,10383.0,False,8820.0,2017-11-27,172660.0,19575.96371882086,2300.0405421058726,True,-103.01665497,31.35672188,no_evidence,,,,WCA_2,none,WCA,enverus_lateralline,True,2199.9586976451487,SE,,0.880283917641527
3001553728,SIMON CAMAMILE 0206 FEDERAL COM #205H,Matador,30,Eddy,WCA_2,WCA,keep,False,,True,9990.0,False,12267.0,2023-10-28,139740.0,11391.538273416483,3009.4675826534994,True,-104.04407061,32.50687671,agree,,70.0,70.0,WCB_1,none,WCA,enverus_lateralline,True,2099.9605750249148,NW,planned survey,0.5122500267838906
3002545102,LITTLE BEAR FEDERAL COM #006H,ConocoPhillips,30,Lea,WCA_2,WCA,keep,True,,False,11603.0,False,4424.0,2019-06-18,74542.0,16849.457504520797,1522.7791043975208,False,-103.55608569,32.52997967,off_band,,189.0,231.0,WCA_1,none,WCA,enverus_lateralline,True,2099.9605750249148,N,,0.7576795030506627
4237139655,NEAL LETHCO A 21-22 1WA,Diamondback,42,Pecos,WCA_2,WCA,keep,True,,False,9421.0,False,10105.0,2018-06-15,266575.0,26380.504700643247,1447.9339773046986,True,-102.94248962,31.10719872,no_evidence,,,,WCA_2,none,WCA,enverus_lateralline,True,2099.9605750249148,SE,,1.186267729180371
3002543885,TORO 36 B3CN STATE #001H,Mewbourne,30,Lea,WCA_2,WCA,keep,True,,False,11658.0,False,4558.0,2017-11-01,270971.0,59449.53927161035,1234.3424204066118,False,-103.42563214,32.26078457,no_evidence,,,,BS3_S,none,WCA,enverus_lateralline,True,2099.9605750249148,N,,2.673302529759141
3001555166,ATLATL 11 10 FEDERAL COM #621H,Devon,30,Eddy,WCA_2,WCA,keep,False,"in-pool swap, moot for extents (D19)",True,9082.0,False,10501.0,2025-01-08,188867.0,17985.62041710313,3063.0284803591944,True,-104.1688475,32.4121855,flag,WCA_1,23.0,,WCA_1,none,WCA,enverus_lateralline,True,2099.9605750249148,NW,planned survey,0.8087700114993179
4210933442,LEE CALDWELL STATE UNIT 4WA,Petro-Hunt,42,Culberson,WCA_1,WCA,keep,True,,False,9265.0,False,9406.0,2019-10-28,53248.0,5661.067403784818,11035.64453125,True,-104.1266098,31.62724686,no_evidence,,,,WCA_1,none,WCA,enverus_lateralline,True,1999.9624524046808,SW,,0.2545645600806526
3002543064,SMALLS FEDERAL #002H,ConocoPhillips,30,Lea,WCA_1,WCA,keep,True,,False,11265.0,False,4292.0,2018-06-01,161279.0,37576.654240447344,1354.8447100986489,False,-103.47294666,32.362831,agree,,19.0,19.0,WCA_1,none,WCA,enverus_lateralline,True,1999.9624524046808,N,,1.6897315954279115
3002547760,DESERT ROSE 17 8 FEDERAL COM #012H,3r Operating,30,Lea,WCA_1,WCA,keep,True,"in-pool swap, moot for extents (D19)",False,11501.0,False,7175.0,2023-04-24,99611.0,13883.066202090591,1316.1598618626456,True,-103.48081305,32.5776134,flag,WCA_2,75.0,,BS3_S,none,WCA,enverus_lateralline,True,1999.9624524046808,N,,0.6242880340804546
3001556027,JAMES RANCH UNIT APACHE #141H,Exxon Mobil,30,Eddy,WCXY,WCA,keep,False,,False,11169.0,False,7023.0,2026-03-29,,,,False,-103.8400965,32.37561,off_band,,228.0,,WCXY,none,WCA,enverus_lateralline,True,1999.9624524046808,N,,
4238941375,DURLENE B 4A,Crescent Energy,42,Reeves,WCA_2,WCA,keep,True,class WCA->WCB_1 rejected (precision 0.40),False,10216.0,False,9976.0,2025-04-17,125822.0,12612.469927826784,1977.9132425172068,True,-103.49770355,31.00760078,flag,WCB_1,95.0,,WCB_1,none,WCA,enverus_lateralline,True,1999.9624524046808,S,flag kept: class WCA->WCB_1 rejected (precision 0.40),0.5671523812914003
4238937067,BLANCO UNIT 224-223W 1H,Apache,42,Reeves,WCA_2,WCA,keep,True,,False,10017.0,False,7357.0,2018-10-15,186715.0,25379.2306646731,85.59569397209651,True,-103.58339691,31.02752495,agree,,21.5,21.5,WCA_1,none,WCA,enverus_lateralline,True,1999.9624524046808,S,,1.1412428484809276
4238939825,STATE MUDDY WATERS UNIT 71 711H,EOG,42,Reeves,WCA_1,WCA,keep,True,"in-pool swap, moot for extents (D19)",False,9699.0,False,7511.0,2023-08-25,53430.0,7113.566768739182,9699.15777653004,True,-103.98568726,31.56472015,flag,WCA_2,89.0,,WCA_1,none,WCA,enverus_lateralline,True,1899.9643297844468,SW,,0.3198799565392476
4247537392,STATE QUADRICORN 1617C GG H 51H,Continental Resources,42,Ward,WCA_1,WCA,keep,True,,False,10860.0,False,10133.0,2019-04-15,107940.0,10652.324089608212,1207.9951825088012,True,-103.0463028,31.40224838,agree,,89.0,89.0,WCA_1,none,WCA,enverus_lateralline,True,1899.9643297844468,SE,,0.47900934616936175
3001556328,CANAL 20 19 FEDERAL COM #712H,Mewbourne,30,Eddy,WCA_1,WCA,keep,True,,False,8948.0,False,9740.0,2025-11-29,,,,False,-104.22142459,32.46665456,agree,,12.0,12.0,WCA_1,none,WCA,enverus_lateralline,True,1899.9643297844468,NW,,
4238936903,ORCA NORTH 1HA,Tap Rock Resources,42,Reeves,WCA_2,WCA,keep,True,,False,10038.0,False,9526.0,2018-08-16,,,,False,-103.47515106,30.94417,no_evidence,,,,WCA_1,none,WCA,enverus_lateralline,True,1899.9643297844468,S,,
3001545504,NASH UNIT #402H,Exxon Mobil,30,Eddy,WCXY,WCA,keep,True,,False,10519.0,False,15605.0,2020-02-01,303280.0,19434.79653957065,1858.3421260881037,False,-103.91763975,32.31982282,agree,,34.0,34.0,BS3_S,none,WCA,enverus_lateralline,True,1899.9643297844468,N,,0.8739359697510583
4237139512,BIRCH STATE UNIT 23-26 4311H,Continental Resources,42,Pecos,WCA_1,WCA,keep,True,,False,10051.0,False,10104.0,2018-02-07,203566.0,20147.07046714173,780.7050293270978,True,-102.99037933,31.31123543,off_band,,189.0,,WCA_1,none,WCA,enverus_lateralline,True,1899.9643297844468,SE,,0.9059652119586012
4237140205,WILSON 8-7 UNIT 3WA,Diamondback,42,Pecos,WCA_1,WCA,keep,True,,False,9298.0,False,9794.0,2022-02-03,124218.0,12683.07126812334,2496.071422821169,True,-102.86233521,31.04439163,agree,,17.0,17.0,OTHER,none,WCA,enverus_lateralline,True,1899.9643297844468,SE,,0.5703271534415573
3002554453,WEST GRAMA RIDGE 7 6 FEDERAL COM #351H,Devon,30,Lea,WCA_2,WCA,keep,True,,False,12080.0,False,10131.0,2025-09-01,,,,False,-103.506103,32.4138765,no_evidence,,,,BS3_S,none,WCA,enverus_lateralline,True,1799.9662071642128,N,,
4238934820,STATE HARRISON RANCH 56 30 306H,EOG,42,Reeves,WCA_1,WCA,keep,True,,False,9899.0,False,4900.0,2017-01-09,105480.0,21526.530612244896,5771.994690936671,False,-103.9407959,31.60479355,agree,,56.5,56.5,WCA_1,none,WCA,enverus_lateralline,True,1799.9662071642128,SW,,0.9679962106978505
3001556952,BLOOMIN ONION 11 14 FEDERAL COM #711H,Mewbourne,30,Eddy,WCA_1,WCA,keep,False,,True,9861.0,False,9650.0,2026-03-20,,,,False,-103.94929119,32.58026822,off_band,,1262.0,,WCA_1,none,WCA,enverus_lateralline,True,1799.9662071642128,N,planned survey,
3002544500,FRUIT LOOP 29 STATE #602H,EOG,30,Lea,WCA_1,WCA,keep,False,,True,11990.0,False,4643.0,2021-01-18,115894.0,24961.016584105106,1930.5486047595216,False,-103.59812029,32.44946225,agree,,28.0,28.0,WCA_1,none,WCA,enverus_lateralline,True,1699.9680845439786,N,planned survey,1.122436769018219
3002546327,WOOL HEAD 20 STATE COM #804H,Matador,30,Lea,WCA_1,WCA,keep,True,,False,12125.0,False,7245.0,2020-07-06,97560.0,13465.838509316767,1681.3038130381303,True,-103.5879755,32.46831117,off_band,,2072.0,,WCA_1,none,WCA,enverus_lateralline,True,1699.9680845439786,N,,0.6055263101000221
3001549023,SCHLITZ FEDERAL COM #204H,SM Energy,30,Eddy,WCA_1,WCA,keep,True,,False,8705.0,False,9826.0,2021-10-15,1037.0,105.5363321799308,27191.899710703958,True,-104.2917936,32.1379119,off_band,,876.0,,WCA_1,none,WCA,enverus_lateralline,True,1699.9680845439786,NW,,0.004745714554811348
3001556002,TOUGH OMBRES 6 4 FEDERAL COM #714H,Mewbourne,30,Eddy,WCA_1,WCA,keep,True,,False,8874.0,False,14484.0,2025-07-30,269548.0,18610.052471692903,3022.044311217297,False,-104.21412524,32.51049432,ambiguous,,38.0,51.0,WCA_2,none,WCA,enverus_lateralline,True,1699.9680845439786,NW,,0.8368492163451441
3002544104,AZALEA 26 36 28 STATE #111H,Matador,30,Lea,WCA_1,WCA,keep,True,,False,11966.0,False,6817.0,2018-05-28,38725.0,5680.651312894235,26722.040025823117,True,-103.27755815,32.0143919,no_evidence,,,,WCA_2,none,WCA,enverus_lateralline,True,1699.9680845439786,NE,,0.25544520128336373
4238938894,ZELDA-LINK UNIT 237-238W 1H,Apache,42,Reeves,WCA_2,WCA,keep,True,,False,10036.0,False,9619.0,2021-01-07,97708.0,10157.812662438922,4264.18512301961,True,-103.56620026,31.02033615,agree,,5.0,5.0,WCA_2,none,WCA,enverus_lateralline,True,1699.9680845439786,S,,0.4567723588782296
4247537865,SEALY WINK 9203H,Battalion Oil,42,Ward,WCA_2,WCA,keep,True,,False,11367.0,False,7313.0,2019-09-04,150482.0,20577.32804594558,1443.813878071796,True,-103.17149353,31.66083717,agree,,89.0,89.0,WCA_2,none,WCA,enverus_lateralline,True,1699.9680845439786,E,,0.9253128585166234
4210933513,DR STATE WISE UNIT 1 022 0225WA,Chevron,42,Culberson,WCA_2,WCA,keep,True,,False,7937.0,False,10873.0,2020-08-15,109208.0,10043.96210797388,2287.826899128269,True,-104.35491943,31.98496056,agree,,19.5,19.5,WCA_2,none,WCA,enverus_lateralline,True,1699.9680845439786,W,,0.45165277378144114
3001546536,CRAWFORD 27 26 FEE #029H,Devon,30,Eddy,WCA_1,WCA,keep,True,,False,8717.0,False,9815.0,2020-12-06,256243.0,26107.28476821192,3913.164457175416,True,-104.2723433,32.18217252,agree,,39.0,39.0,WCA_1,none,WCA,enverus_lateralline,True,1699.9680845439786,NW,,1.1739816871773832
4210933155,WISE WEST STATE 120 1206H,Petro-Hunt,42,Culberson,WCA_2,WCA,keep,True,,False,8544.0,False,8973.0,2017-11-25,123521.0,13765.853114900256,14178.455485302096,True,-104.20809937,31.68763733,no_evidence,,,,WCA_1,none,WCA,enverus_lateralline,True,1599.9699619237447,W,,0.6190172439894632
3001554344,PENNY 34 36 FEDERAL COM #713H,Mewbourne,30,Eddy,WCA_2,WCA,keep,True,,False,8992.0,False,9644.0,2024-11-27,189841.0,19684.88179178764,2660.984718790988,True,-104.2629347,32.35073963,no_evidence,,,,WCA_2,none,WCA,enverus_lateralline,True,1599.9699619237447,NW,,0.885181700930785
4238937079,ANGELS ENVY 4-3W UNIT 1H,Permian Resources,42,Reeves,WCA_1,WCA,keep,True,,False,9607.0,False,10182.0,2018-08-24,67155.0,6595.462581025338,14983.709329163874,True,-103.68516541,31.38507652,no_evidence,,,,WCA_1,none,WCA,enverus_lateralline,True,1599.9699619237447,S,,0.2965820596562075
4210933431,DR STATE WISE UNIT 1 006 0063WA,Chevron,42,Culberson,WCA_2,WCA,keep,True,,False,8559.0,False,10507.0,2020-02-18,183439.0,17458.74179118683,4840.088530792253,True,-104.26881409,31.95377541,agree,,46.0,46.0,WCA_2,none,WCA,enverus_lateralline,True,1599.9699619237447,W,,0.7850775492734468
4210934488,LILI VON SHTUPP STATE 132H,Permian Resources,42,Culberson,WCXY,WCA,keep,True,,False,7204.0,False,10070.0,2025-10-23,,,,False,-104.36701202,31.77313042,off_band,,325.5,,WCA_1,none,WCA,enverus_lateralline,True,1599.9699619237447,W,,
4247538693,STATE EILAND 4-33 0401H,Continental Resources,42,Ward,WCA_1,WCA,keep,True,,False,10784.0,False,10170.0,2024-09-13,178243.0,17526.352015732544,2113.519184484104,True,-103.03620911,31.39479637,agree,,13.0,13.0,WCA_2,none,WCA,enverus_lateralline,True,1599.9699619237447,SE,,0.7881178181557652
4210933093,SMARTY JONES 42 STATE UNIT 2H,Devon,42,Culberson,WCA_1,WCA,keep,True,,False,8677.0,False,7287.0,2017-10-18,164343.0,22552.90242898312,5795.178376931174,True,-104.19867706,31.77004433,no_evidence,,,,WCA_2,none,WCA,enverus_lateralline,True,1599.9699619237447,W,,1.0141496781221147
4210933429,DR STATE WISE UNIT 1 006 0061WA,Chevron,42,Culberson,WCA_2,WCA,keep,True,,False,8513.0,False,10980.0,2020-02-20,188819.0,17196.63023679417,5755.485411955365,True,-104.27297974,31.95448875,agree,,7.0,7.0,WCA_2,none,WCA,enverus_lateralline,True,1599.9699619237447,W,,0.773291024263797
3001557256,BEER 30 FEDERAL COM #204H,Tap Rock Resources,30,Eddy,WCXY,WCA,keep,False,,False,8259.0,False,9852.0,2026-06-21,,,,False,-104.39217838,32.15423643,no_evidence,,,,WCXY,none,WCA,enverus_lateralline,True,1499.9718393035107,NW,,
3002546277,BILBREY 34 27 W0PA FEDERAL COM #001H,Mewbourne,30,Lea,WCA_1,WCA,keep,True,,False,12020.0,False,9727.0,2021-04-01,273005.0,28066.7214968644,1958.9348180436257,True,-103.65510899,32.44326763,agree,,3.0,3.0,WCA_1,none,WCA,enverus_lateralline,True,1499.9718393035107,N,,1.2620928353509249
4237139385,MDJ CALDWELL M 11NH,Crescent Energy,42,Pecos,WCA_1,WCA,keep,True,,False,10262.0,False,7200.0,2016-11-20,123677.0,17177.36111111111,1528.1903668426628,True,-103.30342102,31.02937126,agree,,1.0,1.0,WCA_1,none,WCA,enverus_lateralline,True,1499.9718393035107,S,,0.772424538113258
3001554846,BURTON FLAT 3 1 FEDERAL STATE COM #626H,Devon,30,Eddy,WCA_1,WCA,keep,True,,False,9255.0,False,15348.0,2025-07-23,145282.0,9465.85874381027,2770.3431946146115,False,-104.1592809,32.50503984,ambiguous,,32.0,118.5,WCA_1,none,WCA,enverus_lateralline,True,1499.9718393035107,NW,,0.42565685850916135
4210933467,WISE WEST STATE UNIT 717WA,Admiral Permian Resources,42,Culberson,WCA_2,WCA,keep,True,,False,8552.0,False,5259.0,2019-12-04,6076.0,1155.352728655638,16508.064516129034,False,-104.18724823,31.67983627,agree,,46.0,46.0,WCB_1,none,WCA,enverus_lateralline,True,1499.9718393035107,W,,0.05195342823715007
4210932838,ADMIRAL WILLIAM HALSEY JR STATE 1HA,US Energy Development,42,Culberson,WCA_2,WCA,keep,True,,False,7487.0,False,4265.0,2016-07-11,1878.0,440.3282532239156,287774.7603833866,False,-104.35889435,31.69220352,no_evidence,,,,WCA_1,none,WCA,enverus_lateralline,True,1499.9718393035107,W,,0.019800500520111626
3001545466,JAMES RANCH UNIT DI 2 #111H,Exxon Mobil,30,Eddy,WCA_1,WCA,keep,True,,False,11181.0,False,13346.0,2021-05-02,278880.0,20896.148658774167,2451.9148020654043,False,-103.86441132,32.36766049,agree,,63.0,63.0,WCXY,none,WCA,enverus_lateralline,True,1499.9718393035107,N,,0.9396494532363917
3001548743,CHOLULA 12 11 W0AB FEDERAL COM #001H,Mewbourne,30,Eddy,WCA_2,WCA,keep,True,"in-pool swap, moot for extents (D19)",False,9105.0,False,7234.0,2022-05-11,206572.0,28555.7091512303,2531.582208624596,True,-104.15188279,32.49933752,flag,WCA_1,32.0,224.0,WCA_1,none,WCA,enverus_lateralline,True,1499.9718393035107,NW,,1.2840814318893272
3001546586,NASH UNIT #403H,Exxon Mobil,30,Eddy,WCXY,WCA,keep,True,,False,10485.0,False,15145.0,2021-04-26,203511.0,13437.504126774513,2110.7949938823945,False,-103.92214782,32.32001575,agree,,34.0,34.0,WCXY,none,WCA,enverus_lateralline,True,1499.9718393035107,NW,,0.6042521811924236
4238937389,SUNSET STATE UNIT 58 13-24 5 51H,EOG,42,Reeves,WCA_2,WCA,keep,True,,False,10082.0,False,7032.0,2019-08-23,127508.0,18132.5369738339,9396.406499984314,True,-103.80918884,31.47009087,off_band,,169.0,,WCA_1,none,WCA,enverus_lateralline,True,1499.9718393035107,S,,0.8153764950412252
4237140300,BREAKTHROUGH STATE 1009 2H,Crescent Energy,42,Pecos,WCA_2,WCA,keep,True,,False,10193.0,False,9765.0,2021-10-24,116869.0,11968.15156169995,1175.4870838289023,True,-103.11789703,31.04937553,no_evidence,,,,WCA_1,none,WCA,enverus_lateralline,True,1499.9718393035107,SE,,0.5381789369343691
3001554402,RANA SALADA 0604 FEDERAL COM #223H,Permian Resources,30,Eddy,WCA_2,WCA,keep,True,,False,10320.0,False,11988.0,2024-06-01,230311.0,19211.7951284618,2157.478366209169,True,-104.01013011,32.33369066,off_band,,220.0,,WCB_1,none,WCA,enverus_lateralline,True,1499.9718393035107,NW,,0.8639081336439779
3002544659,IRVIN WALL STATE COM #131H,Matador,30,Lea,WCA_1,WCA,keep,True,,False,11790.0,False,4588.0,2018-07-01,155744.0,33945.94594594595,1003.3516539963016,False,-103.39642416,32.26119341,off_band,,140.5,,BS3_S,none,WCA,enverus_lateralline,True,1499.9718393035107,NE,,1.526467392081207
3001554346,PENNY 34 36 FEDERAL COM #716H,Mewbourne,30,Eddy,WCA_2,WCA,keep,False,,True,8900.0,True,10003.0,2024-05-18,145868.0,14582.425272418275,2331.518907505416,True,-104.26343114,32.34630362,agree,,57.5,57.5,WCA_1,none,WCA,enverus_lateralline,True,1499.9718393035107,NW,planned survey; permit-round TVD,0.655736526277766
4237140204,WILSON 8-7 UNIT 2WA,Diamondback,42,Pecos,WCA_1,WCA,keep,True,,False,9315.0,False,10527.0,2022-02-02,155040.0,14727.842690225134,2326.9285345717235,True,-102.86107635,31.04220581,agree,,17.0,17.0,BS3_S,none,WCA,enverus_lateralline,True,1499.9718393035105,SE,,0.6622755971546325
3001555653,UTAH 17 18 FEDERAL COM #716H,Mewbourne,30,Eddy,WCA_1,WCA,keep,True,,False,8973.0,False,9786.0,2025-12-08,,,,False,-104.22149843,32.47799658,agree,,25.0,25.0,WCA_1,none,WCA,enverus_lateralline,True,1399.9737166832765,NW,,
3002554727,WEST GRAMA RIDGE 8 5 FEDERAL COM #353H,Devon,30,Lea,WCA_2,WCA,keep,True,,False,11910.0,False,10048.0,2025-10-08,,,,False,-103.498453,32.413997,no_evidence,,,,WCA_2,none,WCA,enverus_lateralline,True,1399.9737166832765,N,,
3001555529,JAMES RANCH UNIT APACHE #112H,Exxon Mobil,30,Eddy,WCXY,WCA,keep,False,,True,11103.0,False,10341.0,2026-04-12,,,,False,-103.84342288,32.39485874,no_evidence,,,,WCXY,none,WCA,enverus_lateralline,True,1399.9737166832765,N,planned survey,
4210934492,LILI VON SHTUPP STATE 233H,Permian Resources,42,Culberson,WCA_2,WCA,keep,True,,False,7561.0,False,10153.0,2025-10-22,,,,False,-104.36045837,31.77324295,agree,,63.0,63.0,WCA_2,none,WCA,enverus_lateralline,True,1399.9737166832765,W,,
3001554632,ALYSON 33 32 FEDERAL COM #203H,Matador,30,Eddy,WCA_1,WCA,keep,False,,True,10185.0,False,7190.0,2024-07-27,164189.0,22835.74408901252,3190.079725194745,True,-103.98244098,32.52800462,no_evidence,,,,WCB_1,none,WCA,enverus_lateralline,True,1399.9737166832765,N,planned survey,1.026868386030402
3001555351,STAGE FRIGHT 12 7 FEDERAL COM #716H,Mewbourne,30,Eddy,WCA_2,WCA,keep,True,class WCA->BS3_S rejected (precision 0.40),False,8130.0,False,10002.0,2025-04-01,198197.0,19815.736852629478,2655.8373739259423,True,-104.3402141,32.49266436,flag,BS3_S,97.0,,WCA_2,none,WCA,enverus_lateralline,True,1399.9737166832765,NW,flag kept: class WCA->BS3_S rejected (precision 0.40),0.8910659377048001
4210933510,DR STATE WISE UNIT 1 022 0223WA,Chevron,42,Culberson,WCA_2,WCA,keep,True,,False,7905.0,False,10853.0,2020-07-27,131239.0,12092.416843269142,2566.1198271855164,True,-104.35913849,31.984972,agree,,28.5,28.5,WCA_2,none,WCA,enverus_lateralline,True,1399.9737166832765,W,,0.5437668472134113
3001555783,JAMES RANCH UNIT APACHE #113H,Exxon Mobil,30,Eddy,WCXY,WCA,keep,False,,True,11121.0,False,10346.0,2026-04-08,,,,False,-103.84340836,32.39122452,no_evidence,,,,WCXY,none,WCA,enverus_lateralline,True,1399.9737166832765,N,planned survey,
3002550169,FOXTAIL E2 05 32 W1 STATE COM #002H,Devon,30,Lea,WCA_2,WCA,keep,False,,True,10800.0,True,10320.0,2022-11-17,121425.0,11765.988372093025,697.3440395305744,True,-103.47223313,32.69699553,off_band,,211.0,,BS3_S,none,WCA,enverus_lateralline,True,1399.9737166832765,N,planned survey; permit-round TVD,0.5290881454358646
3001555652,UTAH 17 18 FEDERAL COM #718H,Mewbourne,30,Eddy,WCA_1,WCA,keep,True,,False,8972.0,False,9718.0,2025-12-08,,,,False,-104.22167717,32.474405,agree,,24.0,24.0,WCA_1,none,WCA,enverus_lateralline,True,1399.9737166832765,NW,,
3001555654,UTAH 17 18 FEDERAL COM #712H,Mewbourne,30,Eddy,WCA_1,WCA,keep,True,,False,8947.0,False,9774.0,2025-12-11,,,,False,-104.22144711,32.48496422,agree,,7.0,7.0,WCA_1,none,WCA,enverus_lateralline,True,1399.9737166832765,NW,,
3001555831,JAMES RANCH UNIT APACHE #115H,Exxon Mobil,30,Eddy,WCXY,WCA,keep,False,,True,11131.0,False,7647.0,2026-04-02,,,,False,-103.838593,32.38405023,no_evidence,,,,WCXY,none,WCA,enverus_lateralline,True,1399.9737166832765,N,planned survey,
3001545467,JAMES RANCH UNIT DI 2 #112H,Exxon Mobil,30,Eddy,WCA_1,WCA,keep,True,,False,11189.0,False,13133.0,2021-05-01,234972.0,17891.723140181224,2497.7571795788435,False,-103.862226,32.36402386,agree,,71.0,71.0,WCA_1,none,WCA,enverus_lateralline,True,1399.9737166832765,N,,0.8045476772136644
3001557162,BOLANDER 32 STATE FEDERAL COM #202H,Permian Resources,30,Eddy,WCA_2,WCA,keep,False,,False,8802.0,False,9792.0,2026-04-04,,,,False,-104.20800163,32.6198551,off_band,,241.0,,BS3_S,none,WCA,enverus_lateralline,True,1399.9737166832765,NW,,
3001548996,JOE HOLLINGSWORTH FEE #135H,Matador,30,Eddy,WCXY,WCA,keep,True,,False,9487.0,False,8341.0,2022-03-25,98425.0,11800.143867641773,2780.777241554483,True,-104.08523187,32.38459204,off_band,,152.0,,WCA_1,none,WCA,enverus_lateralline,True,1399.9737166832765,NW,,0.5306240357686471
3001557073,CANAL 20 19 FEDERAL COM #714H,Mewbourne,30,Eddy,WCA_1,WCA,keep,True,,False,8948.0,False,9816.0,2025-12-02,,,,False,-104.22151701,32.47030482,agree,,12.0,12.0,WCA_1,none,WCA,enverus_lateralline,True,1399.9737166832765,NW,,
3001556216,HOLLYWOOD STAR FEE 17 18 #702H,Paloma Permian Assetco,30,Eddy,WCA_2,WCA,keep,True,"in-pool swap, moot for extents (D19)",False,8868.0,False,9849.0,2025-11-01,,,,False,-104.22030849,32.39094541,flag,WCA_1,19.5,,WCA_1,none,WCA,enverus_lateralline,True,1399.9737166832765,NW,,
3001557257,BEER 30 FEDERAL COM #213H,Tap Rock Resources,30,Eddy,WCXY,WCA,keep,False,,False,8337.0,False,9851.0,2026-06-21,,,,False,-104.39184942,32.15828671,no_evidence,,,,WCXY,none,WCA,enverus_lateralline,True,1399.9737166832765,NW,,
3001556239,HOLLYWOOD STAR FEE 17 18 #703H,Paloma Permian Assetco,30,Eddy,WCA_1,WCA,keep,True,,False,8888.0,False,9780.0,2025-10-15,,,,False,-104.2207278,32.39458969,agree,,1.0,1.0,WCA_1,none,WCA,enverus_lateralline,True,1399.9737166832765,NW,,
3002545633,PIMENTO 26 36 03 FEDERAL COM #111H,Matador,30,Lea,WCA_2,WCA,keep,True,,False,11679.0,False,9809.0,2020-04-27,3671.0,374.2481394637578,5703.350585671479,True,-103.26097645,32.06414944,agree,,227.0,227.0,WCA_2,none,WCA,enverus_lateralline,True,1399.9737166832765,NE,,0.01682903703282165
3001557261,STAGE FRIGHT 12 7 FEDERAL COM #713H,Mewbourne,30,Eddy,WCA_2,WCA,keep,False,class WCA->BS3_S rejected (precision 0.40),False,8101.0,False,10154.0,2026-03-05,,,,False,-104.34036061,32.49653131,flag,BS3_S,68.0,,WCA_2,none,WCA,enverus_lateralline,True,1399.9737166832765,NW,flag kept: class WCA->BS3_S rejected (precision 0.40),
3001549022,SCHLITZ FEDERAL COM #202H,SM Energy,30,Eddy,WCXY,WCA,keep,True,"in-pool swap, moot for extents (D19)",False,8662.0,False,9810.0,2021-10-15,3360.0,342.50764525993884,4318.452380952381,True,-104.30005419,32.13743266,flag,WCA_1,43.0,,WCA_1,none,WCA,enverus_lateralline,True,1299.9755940630425,NW,,0.015401743491265222
3001549024,SCHLITZ FEDERAL COM #213H,SM Energy,30,Eddy,WCA_1,WCA,keep,True,,False,8713.0,False,9806.0,2021-10-15,1309.0,133.48970018356107,14587.471352177234,True,-104.29567386,32.13738243,off_band,,846.5,,WCA_1,none,WCA,enverus_lateralline,True,1299.9755940630425,NW,,0.006002710156711305
3001556025,JAMES RANCH UNIT APACHE #140H,Exxon Mobil,30,Eddy,WCXY,WCA,keep,False,,False,11156.0,False,7176.0,2026-03-25,,,,False,-103.84001928,32.37862896,off_band,,172.0,,WCXY,none,WCA,enverus_lateralline,True,1299.9755940630425,N,,
3001557254,BEER 30 FEDERAL COM #202H,Tap Rock Resources,30,Eddy,WCXY,WCA,keep,False,,False,8305.0,False,9844.0,2026-06-22,,,,False,-104.39232501,32.16199363,no_evidence,,,,WCXY,none,WCA,enverus_lateralline,True,1299.9755940630425,NW,,
3001554123,SCREAMING EAGLES 9 7 W0FG FEDERAL COM #001H,Mewbourne,30,Eddy,WCA_1,WCA,keep,False,,True,8910.0,False,9825.0,2024-03-05,215516.0,21935.47073791349,2767.446500491843,True,-104.21385718,32.49644118,agree,,23.0,23.0,BS3_S,none,WCA,enverus_lateralline,True,1299.9755940630425,NW,planned survey,0.986385262755516
4238936293,WINKLER STATE 34 1H,Perun Energy,42,Reeves,WCB_1,WCA,reassign,True,class WCB_1->WCA (precision 0.70) + sql/23 concurs + GOR none,False,9870.0,False,9057.0,2018-09-05,232757.0,25699.12774649442,3935.6582186572255,True,-103.70056152,31.29661942,flag,WCA_2,16.5,,WCA_2,none,WCA,enverus_lateralline,True,1299.9755940630425,S,reassigned in from WCB_1,1.155627849417409
3001548934,CHOLULA 12 11 W0HG FEDERAL COM #002H,Mewbourne,30,Eddy,WCA_1,WCA,keep,False,,True,9224.0,False,10121.0,2022-05-11,148907.0,14712.676612982908,2902.6305009166795,True,-104.15248282,32.49660654,ambiguous,,52.0,87.0,WCA_2,none,WCA,enverus_lateralline,True,1299.9755940630425,NW,planned survey,0.6615936152056567
4238938853,BABS 110-111 UNIT E 6H,Crescent Energy,42,Reeves,WCA_2,WCA,keep,True,,False,9911.0,False,9111.0,2021-02-07,126912.0,13929.53572604544,2669.10930408472,True,-103.63909912,31.0950985,off_band,,640.0,,WCA_1,none,WCA,enverus_lateralline,True,1299.9755940630425,S,,0.6263776565984297
3001556870,COORS FEDERAL COM #214H,Tap Rock Resources,30,Eddy,WCA_2,WCA,keep,True,,False,8762.0,False,9786.0,2025-12-29,,,,False,-104.32449619,32.03561979,no_evidence,,,,WCA_1,none,WCA,enverus_lateralline,True,1299.9755940630425,NW,,
3001556867,COORS FEDERAL COM #211H,Tap Rock Resources,30,Eddy,WCA_2,WCA,keep,True,,False,8371.0,False,9750.0,2025-12-29,,,,False,-104.31981775,32.0364192,no_evidence,,,,WCA_1,none,WCA,enverus_lateralline,True,1299.9755940630425,NW,,
3001554590,ALYSON 33 32 FEDERAL COM #202H,Matador,30,Eddy,WCA_1,WCA,keep,False,,True,10119.0,False,7234.0,2024-07-25,144218.0,19936.134918440697,3584.198921077813,True,-103.98238408,32.53162501,no_evidence,,,,WCB_1,none,WCA,enverus_lateralline,True,1299.9755940630425,N,planned survey,0.8964799486097584
3002553248,FOXTAIL STATE COM #702H,Devon,30,Lea,WCA_2,WCA,keep,False,,True,10760.0,False,9847.0,2024-12-20,232615.0,23622.930841880778,851.0844098617888,True,-103.48127635,32.69757188,no_evidence,,,,BS3_S,none,WCA,enverus_lateralline,True,1299.9755940630425,N,planned survey,1.062266277479504
3001555485,BENNY HUEVOS 36 24 W0PA FEDERAL COM #001H,Mewbourne,30,Eddy,WCXY,WCA,keep,True,,False,11720.0,False,12766.0,2025-06-14,303018.0,23736.33087889707,1967.5365819852288,True,-103.72411506,32.45381482,agree,,24.0,24.0,WCXY,none,WCA,enverus_lateralline,True,1299.9755940630425,N,,1.067365603892202
4210933498,DR STATE WISE UNIT 1 021 0215WA,Chevron,42,Culberson,WCA_2,WCA,keep,True,,False,7930.0,False,10846.0,2020-06-02,79723.0,7350.451779457865,16316.934887046398,True,-104.36341858,31.98490524,agree,,25.0,25.0,WCA_2,none,WCA,enverus_lateralline,True,1299.9755940630425,W,,0.3305321046664693
3001554864,SCREAMING EAGLES 8 7 FEDERAL COM #716H,Mewbourne,30,Eddy,WCA_1,WCA,keep,False,,True,8936.0,False,10288.0,2024-07-28,204368.0,19864.6967340591,3571.792061379472,True,-104.22028197,32.49264131,agree,,11.0,11.0,BS3_S,none,WCA,enverus_lateralline,True,1299.9755940630425,NW,planned survey,0.8932675455975803
3001555135,FNR FEDERAL UNIT #030H,Mewbourne,30,Eddy,WCA_2,WCA,keep,True,,False,10820.0,False,10970.0,2025-05-18,190691.0,17382.95350957156,2197.245806042236,True,-103.91061882,32.32566312,off_band,,318.0,,WCA_1,none,WCA,enverus_lateralline,True,1299.9755940630425,N,,0.7816695328707872
3001555144,BETTY #222H,Permian Resources,30,Eddy,WCA_1,WCA,keep,False,,True,8890.0,False,10396.0,2024-12-17,190965.0,18369.084263178145,4892.519571649255,True,-104.22032603,32.42430589,off_band,,497.0,,WCA_1,none,WCA,enverus_lateralline,True,1299.9755940630425,NW,planned survey,0.8260134566520214
4210933789,GO FOR GIN 27 STATE UNIT 3H,Devon,42,Culberson,WCA_1,WCA,keep,True,,False,8236.0,False,10475.0,2022-07-23,155409.0,14836.18138424821,13798.512312671724,True,-104.25933838,31.80345345,off_band,,245.0,,WCA_1,none,WCA,enverus_lateralline,True,1299.9755940630425,W,,0.66714732716888
3002550168,FOXTAIL E2 05 32 W1 STATE COM #001H,Devon,30,Lea,WCA_2,WCA,keep,False,,True,10800.0,True,10340.0,2022-11-18,132621.0,12826.015473887814,624.3882944631695,True,-103.47635986,32.69702297,no_evidence,,,,WCA_1,none,WCA,enverus_lateralline,True,1299.9755940630425,N,planned survey; permit-round TVD,0.5767550099323991
3001545877,ASTEROID 20 29 FEDERAL COM WCA #002H,Permian Resources,30,Eddy,WCA_1,WCA,keep,True,,False,8716.0,False,9630.0,2020-02-05,113201.0,11755.036344755972,3356.171765267092,True,-104.30978232,32.28226408,agree,,16.0,16.0,WCA_1,none,WCA,enverus_lateralline,True,1299.9755940630425,NW,,0.528595659156831
3001548293,CHOLULA 12 11 W0PO FEDERAL COM #001H,Mewbourne,30,Eddy,WCA_2,WCA,keep,True,,False,9223.0,False,7154.0,2022-05-09,127899.0,17877.970366228685,3410.229947067608,True,-104.14824699,32.48938351,ambiguous,,64.5,106.0,WCA_2,none,WCA,enverus_lateralline,True,1299.9755940630425,NW,,0.8039292481080903
4249534917,BIRDIE 2803D 11H,Continental Resources,42,Winkler,WCA_1,WCA,keep,True,,False,12205.0,False,5784.0,2024-07-15,92944.0,16069.156293222684,7109.592873127905,False,-103.26837921,31.88856506,off_band,,327.0,,WCA_2,none,WCA,enverus_lateralline,True,1299.9755940630425,E,,0.7225912378143751
3001547244,ACE STERN VEGAS FEE 22 21 #204H,Matador,30,Eddy,WCA_1,WCA,keep,True,,False,9646.0,False,9836.0,2020-11-12,184734.0,18781.41520943473,2611.105697922418,True,-104.08396789,32.37293751,no_evidence,,,,WCA_1,none,WCA,enverus_lateralline,True,1299.9755940630425,NW,,0.844554985740912
3002547852,BELL LAKE UNIT NORTH #424H,Kaiser Francis,30,Lea,WCA_2,WCA,keep,True,,False,11783.0,False,7523.0,2021-09-07,160942.0,21393.327130134257,2863.864000695903,True,-103.51903035,32.34427767,agree,,556.0,556.0,WCA_1,none,WCA,enverus_lateralline,True,1299.9755940630425,N,,0.9620063710781993
3001555830,JAMES RANCH UNIT APACHE #114H,Exxon Mobil,30,Eddy,WCXY,WCA,keep,False,,False,11144.0,False,9868.0,2026-04-05,,,,False,-103.84414511,32.38590326,no_evidence,,,,WCXY,none,WCA,enverus_lateralline,True,1299.9755940630425,N,,
3001555655,UTAH 17 18 FEDERAL COM #714H,Mewbourne,30,Eddy,WCA_1,WCA,keep,True,,False,8960.0,False,9587.0,2025-12-08,,,,False,-104.22181653,32.4817563,agree,,12.0,12.0,WCA_1,none,WCA,enverus_lateralline,True,1299.9755940630425,NW,,
3001548333,CHOLULA 12 11 W0IJ FEDERAL COM #002H,Mewbourne,30,Eddy,WCA_2,WCA,keep,False,,True,9227.0,False,10138.0,2022-05-09,132538.0,13073.387255869007,3348.669815449154,True,-104.15245783,32.49299573,agree,,49.0,49.0,WCA_2,none,WCA,enverus_lateralline,True,1299.9755940630425,NW,planned survey,0.5878787228940764
3002546890,PAR THREE 25 36 06 FEDERAL COM #103H,Matador,30,Lea,WCA_2,WCA,keep,True,,False,11863.0,False,9941.0,2022-05-15,133011.0,13380.042249270698,2987.497274661494,True,-103.3070894,32.15155285,no_evidence,,,,WCC,none,WCA,enverus_lateralline,True,1199.9774714428086,NE,,0.6016682590228365
3001556953,BLOOMIN ONION 11 14 FEDERAL COM #713H,Mewbourne,30,Eddy,WCA_1,WCA,keep,False,,True,9869.0,False,9647.0,2026-03-21,,,,False,-103.94500643,32.58026684,off_band,,1270.0,,WCA_1,none,WCA,enverus_lateralline,True,1199.9774714428086,N,planned survey,
4237140515,DJT 45 1H,Mbx Operating,42,Pecos,WCA_2,WCA,keep,False,,False,10006.0,False,9918.0,2026-03-01,,,,False,-103.0104599,31.0574379,agree,,8.0,8.0,WCA_2,none,WCA,enverus_lateralline,True,1199.9774714428086,SE,,
3001554863,SCREAMING EAGLES 8 7 FEDERAL COM #718H,Mewbourne,30,Eddy,WCA_1,WCA,keep,False,,True,8925.0,False,10285.0,2024-07-28,241508.0,23481.5751093826,3411.2161915961374,True,-104.2203248,32.48901145,agree,,23.0,23.0,WCA_1,none,WCA,enverus_lateralline,True,1199.9774714428086,NW,planned survey,1.0559098508038176
4238939479,TEA TIME STATE EAST 1H,Perun Energy,42,Reeves,WCA_1,WCA,keep,True,,False,9771.0,False,6972.0,2021-11-03,138069.0,19803.356282271947,5152.155806154894,True,-103.72073364,31.27445221,agree,,55.0,55.0,WCA_1,none,WCA,enverus_lateralline,True,1199.9774714428086,S,,0.8905092132883933
3001546406,LONE TREE DRAW 14 13 STATE COM #331H,Devon,30,Eddy,WCA_1,WCA,keep,True,,False,9137.0,False,9926.0,2021-10-16,123189.0,12410.739472093494,2149.039281104644,True,-104.1509813,32.48636413,agree,,43.5,43.5,WCA_1,none,WCA,enverus_lateralline,True,1199.9774714428086,NW,,0.5580810487924653
4210932835,ADMIRAL FRANK FLETCHER 1HC,US Energy Development,42,Culberson,WCA_1,WCA,keep,True,,False,7878.0,False,4281.0,2016-07-15,16586.0,3874.328427937398,38424.45435909803,False,-104.30665588,31.6926136,no_evidence,,,,WCA_2,none,WCA,enverus_lateralline,True,1199.9774714428086,W,,0.17421921371338236
3002542988,EAGLE CLAW FEDERAL COM #001H,3r Operating,30,Lea,WCA_2,WCA,keep,True,,False,11282.0,False,6806.0,2017-11-09,351114.0,51588.89215398178,724.2548004351863,True,-103.48653708,32.59703397,off_band,,611.5,,BS3_S,none,WCA,wellstick,True,1199.9774714428086,N,,2.3198281701161996
3001556235,HOLLYWOOD STAR FEE 17 18 #701H,Paloma Permian Assetco,30,Eddy,WCA_2,WCA,keep,True,"in-pool swap, moot for extents (D19)",False,8889.0,False,10689.0,2025-11-01,,,,False,-104.2196535,32.388552,flag,WCA_1,1.5,,WCA_1,none,WCA,enverus_lateralline,True,1199.9774714428086,NW,,
3002553926,EILEEN 25 FEDERAL COM #501H,Permian Resources,30,Lea,WCA_2,WCA,keep,False,,True,11609.0,False,9935.0,2026-05-23,,,,False,-103.62427745,32.55207743,off_band,,1185.0,,WCA_2,none,WCA,enverus_lateralline,True,1099.9793488225744,N,planned survey,
3001555541,CAT LANTA 16 4 FEDERAL COM #622H,Devon,30,Eddy,WCA_1,WCA,keep,True,,False,11433.0,False,15505.0,2025-09-10,,,,False,-103.78760368,32.31945143,off_band,,294.0,,WCA_2,none,WCA,enverus_lateralline,True,1099.9793488225744,N,,
4238936690,RIDGEWAY 3603H,Scout Energy Partners,42,Reeves,WCA_2,WCA,keep,True,,False,10389.0,False,11245.0,2018-07-03,355464.0,31610.8492663406,1184.221186955641,True,-103.41645813,31.02041245,agree,,10.5,10.5,WCA_2,none,WCA,enverus_lateralline,True,1099.9793488225744,S,,1.4214637211141192
4238937010,CASH UNIT 176-177W 1H,Apache,42,Reeves,WCA_2,WCA,keep,True,,False,10016.0,False,7043.0,2018-09-15,297964.0,42306.40352122675,9.80655381186989,True,-103.59628296,31.04489326,agree,,17.0,17.0,WCA_2,none,WCA,enverus_lateralline,True,1099.9793488225744,S,,1.9024170236474052
4210933334,MAVERICK STATE UNIT 7H,Admiral Permian Resources,42,Culberson,WCA_2,WCA,keep,True,,False,9273.0,False,7047.0,2018-12-23,59322.0,8418.050234142187,8801.759886719936,True,-104.10406494,31.63073158,no_evidence,,,,WCA_1,none,WCA,enverus_lateralline,True,1099.9793488225744,SW,,0.37853943465830087
4210933525,TAYLOR RANCH STATE UNIT 002 0025WA,Chevron,42,Culberson,WCA_1,WCA,keep,True,"in-pool swap, moot for extents (D19)",False,7530.0,False,10963.0,2020-07-24,156648.0,14288.789564900118,5208.95893978857,True,-104.35548401,31.86337662,flag,WCA_2,38.0,,WCA_2,none,WCA,enverus_lateralline,True,1099.9793488225744,W,,0.6425324360635503
3001547514,JAMES RANCH UNIT DI 1A ENNIS #115H,Exxon Mobil,30,Eddy,WCA_1,WCA,keep,True,,False,10971.0,False,9851.0,2021-03-01,290678.0,29507.46117145468,2568.415910388815,True,-103.86792928,32.37129236,agree,,210.0,210.0,BS3_S,none,WCA,enverus_lateralline,True,1099.9793488225744,N,,1.3268794268703283
4210932839,ADMIRAL ERNEST KING 1HC,US Energy Development,42,Culberson,WCA_2,WCA,keep,True,,False,7589.0,False,3791.0,2017-01-15,4050.0,1068.31970456344,139993.82716049382,False,-104.34185028,31.6925602,no_evidence,,,,WCA_2,none,WCA,enverus_lateralline,True,1099.9793488225744,W,,0.048039762860951456
3001556394,JUNO 26 25 STATE COM #705H,Mewbourne,30,Eddy,WCA_2,WCA,keep,False,,True,8806.0,False,9953.0,2025-12-27,,,,False,-104.24265159,32.542616,agree,,5.5,5.5,WCA_2,none,WCA,enverus_lateralline,True,1099.9793488225744,NW,planned survey,
3001553604,CLETUS 28 21 WCA FEDERAL COM #005H,Permian Resources,30,Eddy,WCA_1,WCA,keep,True,,False,8750.0,False,9794.0,2024-05-22,145598.0,14866.040432918113,4307.0577892553465,True,-104.30052851,32.28257933,agree,,26.0,26.0,WCA_1,none,WCA,enverus_lateralline,True,1099.9793488225744,NW,,0.6684900166383604
3001555499,WHITBY 25 26 FEDERAL COM #203H,Matador,30,Eddy,WCA_1,WCA,keep,True,,False,9238.0,False,9862.0,2025-04-25,207417.0,21031.94078280268,3276.0766957385363,True,-104.1526654,32.44931615,off_band,,1427.0,,WCA_2,none,WCA,enverus_lateralline,True,999.9812262023404,NW,,0.9457556978454251
3001545616,JAMES RANCH UNIT DI 2 #113H,Exxon Mobil,30,Eddy,WCA_1,WCA,keep,True,,False,11118.0,False,13058.0,2021-05-02,277539.0,21254.32684944096,2540.5582638836345,False,-103.8608665,32.3599155,agree,,63.0,63.0,WCA_1,none,WCA,enverus_lateralline,True,999.9812262023404,N,,0.9557558633944153
4237139632,STATE REED B 11-12 2WA,Diamondback,42,Pecos,WCA_1,WCA,keep,True,,False,9740.0,False,10017.0,2018-12-14,137598.0,13736.448038334833,6881.611651332141,True,-102.90847015,31.07045364,agree,,73.0,73.0,WCA_1,none,WCA,enverus_lateralline,True,999.9812262023404,SE,,0.6176949685516173
3001555167,ATLATL 11 10 FEDERAL COM #622H,Devon,30,Eddy,WCA_1,WCA,keep,False,,True,9082.0,False,9811.0,2025-01-10,141187.0,14390.68392620528,3052.759814997132,True,-104.16971976,32.40922538,agree,,23.0,23.0,WCA_1,none,WCA,enverus_lateralline,True,999.9812262023404,NW,planned survey,0.647114379963919
4238938697,GARRISON BROTHERS STATE UNIT 1H,Permian Resources,42,Reeves,WCA_1,WCA,keep,True,"in-pool swap, moot for extents (D19)",False,9627.0,False,10639.0,2021-02-03,179915.0,16910.893881003856,5306.044521023817,True,-103.70600128,31.34065819,flag,WCA_2,76.0,,WCA_1,none,WCA,enverus_lateralline,True,999.9812262023404,S,,0.7604421488622818
4247537677,STATE EMAIL QUEEN 1359 GG 61H,Continental Resources,42,Ward,WCA_1,WCA,keep,True,,False,11065.0,False,9232.0,2019-01-19,149378.0,16180.459272097054,1402.0337666858572,True,-103.07949829,31.41067314,agree,,20.0,20.0,WCA_1,none,WCA,enverus_lateralline,True,999.9812262023404,SE,,0.7275962645755609
4238936237,STATE WHISKEY RIVER 4B-8 1H,Continental Resources,42,Reeves,WCA_2,WCA,keep,True,,False,10682.0,False,10563.0,2018-06-01,250609.0,23725.17277288649,1948.0864613800784,True,-103.02816772,31.36465836,agree,,49.5,49.5,WCA_1,none,WCA,enverus_lateralline,True,999.9812262023404,SE,,1.0668638507517927
4237139903,STATE REED E 11-12 5WA,Diamondback,42,Pecos,WCA_1,WCA,keep,True,,False,9874.0,False,10175.0,2020-01-14,66726.0,6557.8378378378375,11661.825974882357,True,-102.90888214,31.07818031,agree,,112.0,112.0,WCA_2,none,WCA,enverus_lateralline,True,999.9812262023404,SE,,0.29489016561670706
4238938399,ELECTRIC STATE 57-33 6H,Devon,42,Reeves,WCA_2,WCA,keep,True,,False,10669.0,False,7899.0,2020-01-15,157623.0,19954.80440562097,6421.63262975581,True,-103.85356903,31.54151917,agree,,9.0,9.0,WCA_2,none,WCA,enverus_lateralline,True,999.9812262023404,SW,,0.8973194704617328
3002552490,REGAL LAGER 31 19 FEDERAL COM #033H,Occidental,30,Lea,WCXY,WCA,keep,False,,True,11648.0,False,15729.0,2024-06-13,571293.0,36320.99942780851,2167.6232686204803,False,-103.71586321,32.4496519,agree,,60.0,60.0,BS3_S,none,WCA,enverus_lateralline,True,899.9831035821064,N,planned survey,1.6332678241647651
3001546537,CRAWFORD 27 26 FEE #030H,Devon,30,Eddy,WCA_2,WCA,keep,True,"in-pool swap, moot for extents (D19)",False,8812.0,False,9860.0,2020-12-03,207288.0,21023.12373225152,5539.399289876887,True,-104.27225161,32.18480708,flag,WCA_1,75.5,,WCA_1,none,WCA,enverus_lateralline,True,899.9831035821064,NW,,0.9453592163279528
4247538694,STATE EILAND 1705 2H,Continental Resources,42,Ward,WCA_1,WCA,keep,True,,False,10827.0,False,10499.0,2024-09-14,130214.0,12402.514525192875,2180.656457830956,True,-103.0414505,31.39696121,agree,,56.0,56.0,WCA_1,none,WCA,enverus_lateralline,True,899.9831035821064,SE,,0.5577111927494084
4237139721,NEAL LETHCO B 21-22 2WA,Diamondback,42,Pecos,WCA_1,WCA,keep,True,"in-pool swap, moot for extents (D19)",False,9477.0,False,10139.0,2018-11-18,175971.0,17355.853634480718,1023.8846173517228,True,-102.94271851,31.1047821,flag,WCA_2,9.0,275.0,WCA_2,suggest,WCA,enverus_lateralline,True,899.9831035821064,SE,,0.7804509167885749
4237139865,STATE REED C 11-12 3WA,Diamondback,42,Pecos,WCA_1,WCA,keep,True,,False,9813.0,False,10169.0,2019-05-30,103529.0,10180.843740780803,9809.7248114055,True,-102.9100647,31.07368279,agree,,51.0,51.0,WCA_1,none,WCA,enverus_lateralline,True,899.9831035821064,SE,,0.45780801097492857
4237139831,NEAL LETHCO C 21-22 3WA,Diamondback,42,Pecos,WCA_1,WCA,keep,True,,False,9803.0,False,9766.0,2019-06-28,121216.0,12412.04177759574,3146.89479936642,True,-102.94216156,31.10237312,no_evidence,,,,WCA_1,none,WCA,enverus_lateralline,True,899.9831035821064,SE,,0.5581396103328293
4237139866,STATE REED D 11-12 4WA,Diamondback,42,Pecos,WCA_1,WCA,keep,True,,False,9762.0,False,10119.0,2019-05-30,100231.0,9905.227789307244,7717.582384691363,True,-102.90911102,31.07541466,agree,,51.0,51.0,WCA_1,none,WCA,enverus_lateralline,True,899.9831035821064,SE,,0.44541422576912637
3002548547,SOUTH RIDGE 8030 2 11 STATE COM #011H,BTA Oil,30,Lea,WCA_1,WCA,keep,True,,False,11443.0,False,7700.0,2022-07-11,145033.0,18835.454545454544,1270.262629884233,True,-103.43445227,32.32277137,off_band,,126.5,,WCA_1,none,WCA,enverus_lateralline,True,899.9831035821064,N,,0.8469850044670161
4210934491,LILI VON SHTUPP STATE 232H,Permian Resources,42,Culberson,WCA_2,WCA,keep,True,,False,7498.0,False,9930.0,2025-10-23,,,,False,-104.36503601,31.77292633,agree,,63.0,63.0,WCA_2,none,WCA,enverus_lateralline,True,899.9831035821064,W,,
4210932935,ADMIRAL ERNEST KING STATE 2H,US Energy Development,42,Culberson,WCA_1,WCA,keep,True,,False,7392.0,False,4433.0,2017-03-24,,,,False,-104.3503952,31.69270706,no_evidence,,,,WCXY,none,WCA,enverus_lateralline,True,899.9831035821064,W,,
3001555233,FNR FEDERAL UNIT #034H,Mewbourne,30,Eddy,WCA_1,WCA,keep,True,,False,10820.0,False,11025.0,2025-05-18,138157.0,12531.24716553288,1951.0556830272808,True,-103.90481931,32.32554247,off_band,,318.0,,WCA_1,none,WCA,enverus_lateralline,True,899.9831035821064,N,,0.5634999893877005
3001555536,TOUGH OMBRES 6 5 FEDERAL COM #715H,Mewbourne,30,Eddy,WCA_1,WCA,keep,True,,False,8933.0,False,7639.0,2025-07-03,201744.0,26409.739494698257,2616.0183202474423,False,-104.2247214,32.50692618,ambiguous,,21.0,33.0,WCA_1,none,WCA,enverus_lateralline,True,899.9831035821064,NW,,1.1875823474240412
3001555730,THE DUDE FEE 20 19 N #704H,Paloma Permian Assetco,30,Eddy,WCA_1,WCA,keep,True,,False,8890.0,False,9921.0,2025-11-01,,,,False,-104.22047267,32.38371441,agree,,3.0,3.0,WCA_1,none,WCA,enverus_lateralline,True,899.9831035821064,NW,,
3002551406,SERPENTINE 35 26 FEDERAL COM #009H,Devon,30,Lea,WCA_1,WCA,keep,False,,True,12275.0,False,9910.0,2024-01-06,346603.0,34975.07568113017,1960.378300245526,True,-103.54755224,32.35811121,agree,,35.0,35.0,WCA_1,none,WCA,enverus_lateralline,True,899.9831035821064,N,planned survey,1.5727448764524297
3002552489,REGAL LAGER 31 19 FEDERAL COM #032H,Occidental,30,Lea,WCA_1,WCA,keep,True,,False,11826.0,False,15362.0,2024-07-02,555823.0,36181.68207264679,2152.5377683183315,False,-103.71881109,32.45018602,agree,,41.0,41.0,WCA_1,none,WCA,enverus_lateralline,True,899.9831035821064,N,,1.6270030584061679
3001553722,MAD MAX 6 FEDERAL COM #202H,Permian Resources,30,Eddy,WCA_1,WCA,keep,True,,False,8867.0,False,10083.0,2023-08-23,258908.0,25677.67529505108,4822.998903085266,True,-104.2077007,32.60172015,off_band,,287.0,,WCA_1,none,WCA,enverus_lateralline,True,799.9849809618723,NW,,1.1546631843684336
4237140004,NEAL LETHCO D 21-22 4WA,Diamondback,42,Pecos,WCA_1,WCA,keep,True,,False,9665.0,False,10145.0,2019-11-22,139853.0,13785.411532774766,2049.730788756766,True,-102.9426651,31.10001373,no_evidence,,,,WCA_2,none,WCA,enverus_lateralline,True,799.9849809618723,SE,,0.6198967389127651
3001554645,RENA 7 FEDERAL COM #603H,3r Operating,30,Eddy,WCA_1,WCA,keep,False,,True,8490.0,False,9569.0,2024-09-01,84686.0,8850.03657644477,4021.243180691023,True,-104.32926974,32.31036614,no_evidence,,,,BS3_S,none,WCA,enverus_lateralline,True,799.9849809618723,NW,planned survey,0.3979648195451838
3002548597,TRIUMPH FEDERAL COM #705H,Devon,30,Lea,WCA_2,WCA,keep,True,,False,12184.0,False,9769.0,2023-12-19,138242.0,14151.090183232674,906.6492093575037,True,-103.33373492,32.20919446,ambiguous,,59.0,77.5,BS3_S,none,WCA,enverus_lateralline,True,799.9849809618723,NE,,0.6363404266742759
3001556183,WAYNE GAYLORD 2930 FEDERAL COM #201H,Matador,30,Eddy,WCA_2,WCA,keep,True,,False,8875.0,False,9764.0,2025-09-21,,,,False,-104.20963265,32.54987437,off_band,,1679.0,,BS3_S,none,WCA,enverus_lateralline,True,799.9849809618723,NW,,
3002544281,HUNTER 21 STATE COM #603H,EOG,30,Lea,WCA_1,WCA,keep,True,class WCA->BS3_S rejected (precision 0.40),False,11641.0,False,6920.0,2018-04-01,63916.0,9236.416184971098,1179.4073471431254,True,-103.37419631,32.28653347,flag,BS3_S,80.0,,WCA_1,none,WCA,enverus_lateralline,True,799.9849809618723,NE,flag kept: class WCA->BS3_S rejected (precision 0.40),0.4153393795094195
3002548170,BILBREY 34 27 W0OB FEDERAL COM #002H,Mewbourne,30,Lea,WCA_1,WCA,keep,False,,True,12006.0,False,9941.0,2021-04-01,291370.0,29309.92857861382,1997.8034801111987,True,-103.66151851,32.44288675,agree,,5.5,5.5,WCA_1,none,WCA,enverus_lateralline,True,699.9868583416383,N,planned survey,1.3179968621503773
4210933482,TAYLOR RANCH STATE UNIT 001 0012WA,Chevron,42,Culberson,WCA_2,WCA,keep,True,,False,7502.0,False,10889.0,2020-07-03,167457.0,15378.547157682064,9349.546450730635,True,-104.36819458,31.86348343,agree,,66.0,66.0,WCB_1,none,WCA,enverus_lateralline,True,699.9868583416383,W,,0.6915362091003484
3002552488,REGAL LAGER 31 19 FEDERAL COM #031H,Occidental,30,Lea,WCXY,WCA,keep,True,,False,11696.0,False,15410.0,2024-06-01,543958.0,35299.026606099935,2032.7966497413404,False,-103.7214373,32.44957729,agree,,24.0,24.0,WCXY,none,WCA,enverus_lateralline,True,699.9868583416383,N,,1.587312168947042
4249534197,OSO 1H,Matador,42,Winkler,WCA_1,WCA,keep,True,,False,12056.0,False,6964.0,2018-10-01,68341.0,9813.469270534177,6659.530881901055,True,-103.30641174,31.95875168,no_evidence,,,,WCA_2,none,WCA,enverus_lateralline,True,699.9868583416383,NE,,0.44128806628381423
4210933522,TAYLOR RANCH STATE UNIT 002 0021WA,Chevron,42,Culberson,WCA_2,WCA,keep,False,,False,7600.0,True,10927.0,2020-08-15,137747.0,12606.113297336871,10448.43081882001,True,-104.36185455,31.8632679,agree,,32.0,32.0,WCA_2,none,WCA,enverus_lateralline,True,699.9868583416383,W,permit-round TVD,0.566866538935385
4210933524,TAYLOR RANCH STATE UNIT 002 0024WA,Chevron,42,Culberson,WCA_2,WCA,keep,True,,False,7681.0,False,10957.0,2020-07-23,92780.0,8467.646253536552,10041.776244880362,True,-104.35761261,31.86342049,agree,,121.0,121.0,WCB_1,none,WCA,enverus_lateralline,True,699.9868583416383,W,,0.3807696481424994
3002544280,HUNTER 21 STATE COM #602H,EOG,30,Lea,WCA_1,WCA,keep,True,class WCA->BS3_S rejected (precision 0.40),False,11633.0,False,7113.0,2018-04-01,108411.0,15241.248418388865,1002.0016418998072,True,-103.37729211,32.2861676,flag,BS3_S,72.0,,WCA_1,none,WCA,enverus_lateralline,True,699.9868583416383,NE,flag kept: class WCA->BS3_S rejected (precision 0.40),0.6853622156332446
4237139745,BIRCH STATE UNIT 23-26 4301H,Continental Resources,42,Pecos,WCA_2,WCA,keep,True,,False,10209.0,False,9936.0,2019-02-11,199918.0,20120.57165861514,1017.5071779429566,True,-103.00065613,31.31302261,agree,,46.0,46.0,WCB_1,none,WCA,enverus_lateralline,True,699.9868583416383,SE,,0.9047736243914363
3001554366,SIMON CAMAMILE 0206 FEDERAL COM #204H,Matador,30,Eddy,WCA_2,WCA,keep,True,,False,9950.0,False,11969.0,2024-06-01,169889.0,14194.084718857046,4309.796396470637,True,-104.04383636,32.51054398,agree,,34.0,34.0,WCA_2,none,WCA,enverus_lateralline,True,699.9868583416383,NW,,0.6382737873404593
4247537395,TRINITY 6205AH,Battalion Oil,42,Ward,WCA_1,WCA,keep,True,,False,10614.0,False,9532.0,2018-08-15,272199.0,28556.336550566517,1291.242803977972,True,-103.07595062,31.5601902,agree,,206.0,206.0,BS3_S,none,WCA,enverus_lateralline,True,699.9868583416383,SE,,1.2841096445256779
4237139780,WILSON 8-7 UNIT 1WA,Diamondback,42,Pecos,WCA_1,WCA,keep,True,,False,9279.0,False,10801.0,2018-12-27,213808.0,19795.204147764096,1127.61917234154,True,-102.8626709,31.0391407,agree,,36.0,36.0,OTHER,none,WCA,enverus_lateralline,True,699.9868583416383,SE,,0.8901426314431882
4210933484,TAYLOR RANCH STATE UNIT 001 0015WA,Chevron,42,Culberson,WCA_2,WCA,keep,True,,False,7531.0,False,10917.0,2020-07-06,153630.0,14072.547403132729,9500.15621948838,True,-104.36396027,31.86355591,agree,,37.0,37.0,WCB_1,none,WCA,enverus_lateralline,True,699.9868583416383,W,,0.6328085471120777
3001553695,MICHAEL RYAN FEDERAL COM #204H,Matador,30,Eddy,WCA_1,WCA,keep,False,,True,9606.0,False,8414.0,2023-08-16,103425.0,12292.013311148086,2572.21174764322,True,-104.08545552,32.38803275,agree,,33.0,33.0,WCA_1,none,WCA,enverus_lateralline,True,599.9887357214043,NW,planned survey,0.5527422194206536
3001556330,CANAL 20 19 FEDERAL COM #716H,Mewbourne,30,Eddy,WCA_1,WCA,keep,False,,False,8940.0,False,10311.0,2026-06-12,,,,False,-104.2207023,32.46300157,agree,,20.0,20.0,BS3_S,none,WCA,enverus_lateralline,True,599.9887357214043,NW,,
4237140323,STATE SPEARHEAD 1114 4H,Crescent Energy,42,Pecos,WCA_2,WCA,keep,True,,False,10296.0,False,9715.0,2022-01-16,98972.0,10187.545033453423,3780.604615446793,True,-103.09108734,31.04122543,no_evidence,,,,WCA_1,none,WCA,enverus_lateralline,True,599.9887357214043,SE,,0.4581093519587926
4237140005,NEAL LETHCO E 21-22 5WA,Diamondback,42,Pecos,WCA_1,WCA,keep,True,,False,9569.0,False,10303.0,2020-09-12,155174.0,15061.050179559352,3694.59445525668,True,-102.94261932,31.09753799,agree,,234.0,234.0,WCA_2,none,WCA,enverus_lateralline,True,599.9887357214043,SE,,0.6772591350438358
3001555530,CAT LANTA 16 4 FEDERAL COM #625H,Devon,30,Eddy,WCXY,WCA,keep,True,,False,11596.0,False,15340.0,2025-09-08,,,,False,-103.77694251,32.31951746,agree,,52.0,52.0,WCA_1,none,WCA,enverus_lateralline,True,599.9887357214043,N,,
3001555538,CAT LANTA 16 4 FEDERAL COM #623H,Devon,30,Eddy,WCXY,WCA,keep,True,,False,11544.0,False,15071.0,2025-09-11,,,,False,-103.78363036,32.31987227,agree,,22.0,22.0,WCA_1,none,WCA,enverus_lateralline,True,599.9887357214043,N,,
4210933483,TAYLOR RANCH STATE UNIT 001 0014WA,Chevron,42,Culberson,WCA_2,WCA,keep,True,,False,7614.0,False,10903.0,2020-07-06,95668.0,8774.465743373383,13938.338838483089,True,-104.36612701,31.86329079,agree,,66.0,66.0,WCA_2,none,WCA,enverus_lateralline,True,599.9887357214043,W,,0.39456658127957256
4210933523,TAYLOR RANCH STATE UNIT 002 0022WA,Chevron,42,Culberson,WCA_2,WCA,keep,True,,False,7536.0,False,10957.0,2020-07-23,135365.0,12354.202792735236,8985.49846710745,True,-104.35972595,31.86342239,agree,,40.0,40.0,WCA_2,none,WCA,enverus_lateralline,True,599.9887357214043,W,,0.5555387305541003
3002553088,ALPHA STATE COM #702H,Devon,30,Lea,WCA_2,WCA,keep,False,,True,10760.0,False,10349.0,2024-12-20,125962.0,12171.4175282636,664.6448929042092,True,-103.46560759,32.69683856,off_band,,1336.0,,BS3_S,none,WCA,enverus_lateralline,True,599.9887357214043,N,planned survey,0.5473193176553353
3002545211,LEA UNIT #100H,Devon,30,Lea,WCA_1,WCA,keep,True,,False,11199.0,False,4646.0,2019-03-12,29266.0,6299.182092122256,990.5692612587986,False,-103.52969054,32.58260091,off_band,,232.0,,WCXY,none,WCA,enverus_lateralline,True,599.9887357214043,N,,0.2832590399960514
4237139840,STATE BLANCO 58 UNIT G001,Swordfish Energy Operating,42,Pecos,WCA_1,WCA,keep,True,,False,9592.0,False,4398.0,2019-03-23,73919.0,16807.412460209187,957.3722588238476,False,-102.9779129,31.21319199,off_band,,175.0,177.0,BS3_S,none,WCA,enverus_lateralline,True,599.9887357214043,SE,,0.7557888387208933
3001555726,CAT LANTA 16 4 FEDERAL COM #713H,Devon,30,Eddy,WCA_2,WCA,keep,True,,False,11615.0,False,15503.0,2025-09-12,,,,False,-103.78256072,32.31945115,ambiguous,,41.5,125.0,WCA_2,none,WCA,enverus_lateralline,True,499.9906131011702,N,,
3001555539,CAT LANTA 16 4 FEDERAL COM #624H,Devon,30,Eddy,WCXY,WCA,keep,True,,False,11467.0,False,15521.0,2025-09-11,,,,False,-103.78167838,32.31945084,agree,,99.0,99.0,WCA_1,none,WCA,enverus_lateralline,True,499.9906131011702,N,,
3001549373,CASSIUS FEDERAL COM 1510 #223H,Permian Resources,30,Eddy,WCA_2,WCA,keep,False,,True,10461.0,False,10196.0,2022-08-15,95941.0,9409.67045900353,2251.7693165591354,True,-103.96903196,32.312547,off_band,,340.5,,WCA_1,none,WCA,enverus_lateralline,True,499.9906131011702,NW,planned survey,0.42313020673427676
3001555531,CAT LANTA 16 4 FEDERAL COM #714H,Devon,30,Eddy,WCA_2,WCA,keep,True,,False,11727.0,False,15069.0,2025-09-08,,,,False,-103.77863267,32.32000608,agree,,13.0,13.0,WCA_2,none,WCA,enverus_lateralline,True,499.9906131011702,N,,
3001546405,LONE TREE DRAW 14 13 STATE COM #333H,Devon,30,Eddy,WCA_1,WCA,keep,True,"in-pool swap, moot for extents (D19)",False,9180.0,False,9921.0,2021-10-22,124371.0,12536.135470214696,2838.8531088437016,True,-104.15113549,32.48183423,flag,WCA_2,96.0,,WCA_1,none,WCA,enverus_lateralline,True,399.99249048093617,NW,,0.563719804670245
3002552491,REGAL LAGER 31 19 FEDERAL COM #034H,Occidental,30,Lea,WCA_1,WCA,keep,True,flag into WCXY is never applied (D20),False,11660.0,False,15525.0,2024-06-13,592471.0,38162.38325281804,2143.333597762591,False,-103.71044894,32.44832838,flag,WCXY,25.0,207.0,BS3_S,none,WCA,enverus_lateralline,True,399.99249048093617,N,,1.7160704177250872
3001555543,CAT LANTA 16 4 FEDERAL COM #712H,Devon,30,Eddy,WCA_2,WCA,keep,False,,True,11640.0,False,15242.0,2025-09-10,,,,False,-103.78529669,32.31968836,ambiguous,,22.0,93.5,WCA_2,none,WCA,enverus_lateralline,True,399.99249048093617,N,planned survey,
4237140301,STATE SPEARHEAD 1114 2H,Crescent Energy,42,Pecos,WCA_1,WCA,keep,True,,False,10054.0,False,9586.0,2022-01-17,90536.0,9444.606718130608,1911.5379517539984,True,-103.08934021,31.04108429,off_band,,215.0,,BS3_C,none,WCA,enverus_lateralline,True,399.99249048093617,SE,,0.42470120612382695
3001555065,LITTLE RASCALS 17 18 W0IL FEDERAL COM #003H,Mewbourne,30,Eddy,WCA_1,WCA,keep,True,,False,9423.0,False,9503.0,2025-03-05,286570.0,30155.7402925392,2798.956624908399,True,-104.11890106,32.39164012,agree,,54.0,54.0,WCA_1,none,WCA,enverus_lateralline,True,399.99249048093617,NW,,1.3560309768338599
3002547767,BELL LAKE UNIT NORTH #420H,Kaiser Francis,30,Lea,WCA_2,WCA,keep,True,,False,12246.0,False,7858.0,2021-07-28,246840.0,31412.573173835583,2378.844595689516,True,-103.53041322,32.3445882,agree,,93.0,93.0,WCA_2,none,WCA,enverus_lateralline,True,299.99436786070214,N,,1.4125477230058285
4247537280,STATE EMAIL QUEEN 1359 GG 1H,Continental Resources,42,Ward,WCA_1,WCA,keep,True,,False,10934.0,False,8732.0,2018-03-21,125182.0,14336.005497022446,1763.6561166940935,True,-103.07669067,31.40789223,agree,,151.0,151.0,WCA_2,none,WCA,enverus_lateralline,True,299.99436786070214,SE,,0.6446556227582507
3001543687,COTTONWOOD 28 33 FED COM WCA #003H,Permian Resources,30,Eddy,WCA_2,WCA,keep,True,,False,8515.0,False,6690.0,2018-01-10,78527.0,11737.96711509716,3954.295974632929,True,-104.29431372,32.01030196,off_band,,1402.0,,WCA_2,none,WCA,enverus_lateralline,True,299.99436786070214,NW,,0.5278280970295711
3001555532,CAT LANTA 16 4 FEDERAL COM #715H,Devon,30,Eddy,WCA_1,WCA,keep,True,,False,11730.0,False,15503.0,2025-09-08,,,,False,-103.77601478,32.31945051,ambiguous,,10.0,73.5,WCA_2,none,WCA,enverus_lateralline,True,199.99624524046808,N,,
4237139513,BIRCH STATE UNIT 23-26 4313H,Continental Resources,42,Pecos,WCA_1,WCA,keep,True,,False,9914.0,False,10177.0,2018-02-07,188839.0,18555.468212636337,968.756453910474,True,-102.98819733,31.31101608,no_evidence,,,,BS3_S,none,WCA,enverus_lateralline,True,199.99624524046808,SE,,0.8343946937431391
3002550167,GAVILON FEDERAL COM #604H,Matador,30,Lea,WCXY,WCA,keep,True,,False,11476.0,False,9805.0,2024-03-01,67544.0,6888.730239673636,964.6304631055312,True,-103.66716404,32.53751504,off_band,,211.0,,BS3_S,none,WCA,enverus_lateralline,True,99.99812262023404,N,,0.30976959959960654
