api10,well_name,operator,state_code,county,formation_blueox,box_bench,box_action,box_depth_witness,box_reason,planned,tvd_ft,tvd_round,lateral_length_ft,first_production_date,cum_12m_oil_bbl,oil12_kft,gor12,cohort,mid_lon,mid_lat,cons_status,cons_suggest,cons_nearest_delta,cons_own_delta,sql23_nearest,cons_gor_vote,pool,geom_src,evidence,pinned_ft,sides,qc_caveat,perf_ratio
3002551528,SKY DWELLER 14 STATE COM #607H,Avant Operating II,30,Lea,BS2_S,BS2_S,keep,True,,False,10096.0,False,7620.0,2024-01-17,152814.0,20054.33070866142,474.4264268980591,True,-103.5326713,32.743835,off_band,,236.0,,BS3_S,none,BS2_S,wellstick,True,29299.708997523998,NE,,0.8083154259493422
3001544291,SECRETARIAT 3 FEDERAL COM #501H,EOG,30,Eddy,BS2_S,BS2_S,keep,True,,False,6546.0,False,7147.0,2018-04-01,19824.0,2773.751224289912,2379.9435028248586,True,-104.25887835,32.67884573,no_evidence,,,,BS2_S,none,BS2_S,enverus_lateralline,True,27499.726874809214,NW,,0.11179958757591779
3001556943,PADRON 3 STATE BS UNIT #504H,EOG,30,Eddy,BS2_S,BS2_S,keep,True,,False,8004.0,False,15216.0,2025-12-10,,,,False,-104.16030992,32.15893482,off_band,,1436.0,,BS2_S,none,BS2_S,enverus_lateralline,True,26199.739786181868,SW,,
3002551195,EAGLE STATE COM #501H,Devon,30,Lea,BS2_S,BS2_S,keep,True,,False,9954.0,False,8587.0,2023-10-03,94736.0,11032.490974729242,715.2508022293531,True,-103.45130735,32.68334477,off_band,,520.0,,BS3_C,none,BS2_S,enverus_lateralline,True,24299.758656649596,NE,,0.44467864677573077
3001553350,SCHLITZ FEDERAL COM #121H,SM Energy,30,Eddy,BS2_S,BS2_S,keep,True,,False,7188.0,False,10272.0,2023-05-29,49165.0,4786.31230529595,17681.948540628495,True,-104.30430854,32.13753048,off_band,,528.5,,BS3_C,none,BS2_S,enverus_lateralline,True,24199.759649832107,W,,0.19291843372817857
4230137215,GALAXY 29-0-28-33 F 61H,Occidental,42,Loving,BS2_S,BS2_S,keep,True,,False,10528.0,False,10076.0,2025-07-19,137614.0,13657.602223104406,1429.389451654628,False,-103.45110321,31.76273155,off_band,,456.5,,BS2_C,none,BS2_S,enverus_lateralline,True,24099.76064301462,SE,,0.5504871101805119
4230135721,BUTTERNUT 55-1-39-27 C 62H,Occidental,42,Loving,BS2_S,BS2_S,keep,True,,False,9820.0,False,12580.0,2022-08-05,368417.0,29285.930047694757,2820.969173518052,True,-103.73870087,31.91599274,off_band,,1337.5,,WCXY,none,BS2_S,enverus_lateralline,True,23199.769581657227,S,,1.1804068340511125
3001546378,JAMES RANCH UNIT DI 12 ELKHORN #702H,Exxon Mobil,30,Eddy,BS2_S,BS2_S,keep,True,,False,9232.0,False,7795.0,2020-12-01,136120.0,17462.47594611931,3087.995885982956,True,-103.87250466,32.42930182,no_evidence,,,,BS2_S,none,BS2_S,enverus_lateralline,True,21799.783486212396,NW,,0.7038474077033773
3002550439,BIG EDDY UNIT BB HUX #200H,Exxon Mobil,30,Lea,BS2_S,BS2_S,keep,True,,False,9852.0,False,15828.0,2023-05-23,176462.0,11148.7237806419,1095.176298579864,False,-103.78848106,32.53870148,agree,,49.0,49.0,BS3_C,none,BS2_S,enverus_lateralline,True,21699.784479394908,N,,0.44936355854792964
3001554311,SIMON CAMAMILE 0206 FEDERAL COM #124H,Matador,30,Eddy,BS2_S,BS2_S,keep,False,,False,8508.0,False,12113.0,2026-03-29,,,,False,-104.0441297,32.51051268,off_band,,1422.5,,BS2_S,none,BS2_S,enverus_lateralline,True,21199.789445307466,NW,,
3001549247,JACK SLEEPER COM 9 16 23S 28E #121H,Matador,30,Eddy,BS2_S,BS2_S,keep,False,,True,8083.0,False,10483.0,2022-07-16,147636.0,14083.373080225128,2130.252783873852,True,-104.09843069,32.31251696,agree,,111.0,111.0,BS2_S,none,BS2_S,enverus_lateralline,True,20299.798383950074,W,planned survey,0.5676483486546392
4230137306,BUCCO 54-2-41 LOV W UNIT 4141H,ConocoPhillips,42,Loving,BS2_S,BS2_S,keep,False,,False,9947.0,False,10074.0,2026-03-03,,,,False,-103.68473816,31.78154945,off_band,,1484.5,,BS2_S,none,BS2_S,enverus_lateralline,True,19899.802356680124,S,,
3002553330,GOAT ROPE 7 18 STATE COM #523H,Mewbourne,30,Lea,BS2_S,BS2_S,keep,True,,False,9909.0,False,9727.0,2025-06-09,168195.0,17291.55957643672,572.4664823567882,True,-103.39649717,32.58112054,no_evidence,,,,BS3_C,none,BS2_S,enverus_lateralline,True,19899.802356680124,NE,,0.6969584050151935
3002554855,NORTH WILSON DEEP UNIT #019H,Mewbourne,30,Lea,BS2_S,BS2_S,keep,False,,True,9999.0,False,15665.0,2026-05-01,,,,False,-103.37408729,32.44996461,agree,,91.0,91.0,BS2_S,none,BS2_S,enverus_lateralline,True,19599.80533622766,NE,planned survey,
4230137470,HAWKS 55-1-33-28 M 61H,Occidental,42,Loving,BS2_S,BS2_S,keep,False,,False,9750.0,False,10302.0,2026-05-11,,,,False,-103.76264191,31.92717171,off_band,,1388.5,,BS3_C,none,BS2_S,enverus_lateralline,True,19599.80533622766,S,,
3001555623,COUSIN EDDY FEDERAL UNIT #006H,Mewbourne,30,Eddy,BS2_S,BS2_S,keep,True,,False,10391.0,False,12773.0,2025-04-26,297768.0,23312.299381507863,1508.0901910211976,True,-103.72902523,32.45389261,off_band,,1317.0,,BS2_S,none,BS2_S,enverus_lateralline,True,19499.80632941017,N,,0.9396320165540888
3002551337,BELGIAN BLUE 28 21 STATE COM #501H,Mewbourne,30,Lea,BS2_S,BS2_S,keep,True,,False,9592.0,False,9955.0,2024-02-01,152595.0,15328.478151682571,626.7571021330974,True,-103.46944315,32.72679753,no_evidence,,,,BS3_C,none,BS2_S,enverus_lateralline,True,19199.809308957705,NE,,0.6178338996365093
4210934178,DR STATE WISE UNIT 1 201 2016SB,Chevron,42,Culberson,BS2_S,BS2_S,keep,True,,False,7173.0,False,10881.0,2025-02-09,123135.0,11316.515026192446,8712.023388963333,True,-104.28414917,31.98477173,off_band,,1280.0,,BS3_C,none,BS2_S,enverus_lateralline,True,18699.814274870267,SW,,0.45612659911448333
4210933573,DR STATE WISE UNIT 1 014 0142SB,Chevron,42,Culberson,BS2_S,BS2_S,keep,True,,False,6883.0,False,10874.0,2021-03-15,104567.0,9616.240573845873,7321.076439029522,True,-104.28892517,31.95440292,off_band,,1194.0,,BS2_S,none,BS2_S,enverus_lateralline,True,18399.8172544178,SW,,0.3875948645906419
3002550903,LOE FEDERAL COM #503H,Devon,30,Lea,BS2_S,BS2_S,keep,True,,False,10407.0,False,9633.0,2025-07-01,114326.0,11868.161528080556,4578.171194653884,True,-103.31834738,32.12433346,off_band,,1310.5,,BS1_S,none,BS2_S,enverus_lateralline,True,18099.820233965336,E/SE,,0.4783614163031002
3002549872,TATANKA FEDERAL COM #654H,Devon,30,Lea,BS2_S,BS2_S,keep,False,,True,10710.0,False,9618.0,2025-10-01,,,,False,-103.33100758,32.06418314,no_evidence,,,,BS2_C,none,BS2_S,enverus_lateralline,True,17799.823213512875,SE,planned survey,
3001553832,DAVID EDELSTEIN STATE COM #123H,Matador,30,Eddy,BS2_S,BS2_S,keep,True,,False,7437.0,False,10116.0,2024-03-05,143562.0,14191.577698695137,2917.422437692426,True,-104.15309475,32.2300994,off_band,,1666.0,,BS3_S,none,BS2_S,enverus_lateralline,True,17599.825199877898,W,,0.5720096740730186
4230136737,REN STATE 13-14G 305H,Devon,42,Loving,BS2_S,BS2_S,keep,True,,False,10946.0,False,9269.0,2024-10-23,106867.0,11529.506958679469,3961.110539268436,True,-103.35585022,31.98783112,ambiguous_lith,BS2_C,56.5,,BS2_C,suggest,BS2_S,enverus_lateralline,True,17499.82619306041,SE,,0.46471151112840875
4230132977,ARNO 78-TTT-B33 WF 121H,Matador,42,Loving,BS2_S,BS2_S,keep,True,,False,9585.0,False,5776.0,2017-04-08,54960.0,9515.235457063713,9226.146288209608,False,-103.61254883,31.66110229,off_band,,1076.0,,WCXY,none,BS2_S,enverus_lateralline,True,17099.830165790456,S,,0.38352372428778586
3001556991,FRESH SQUEEZED 6 5 FEDERAL COM #521H,Mewbourne,30,Eddy,BS2_S,BS2_S,keep,True,,False,8034.0,False,9832.0,2026-01-17,,,,False,-103.89938932,32.78265221,no_evidence,,,,BS3_S,none,BS2_S,enverus_lateralline,True,16999.831158972967,N,,
3002554231,BRIDGE STATE UNIT 27 #502H,Permian Resources,30,Lea,BS2_S,BS2_S,keep,False,,False,10068.0,False,9994.0,2026-03-12,,,,False,-103.35658433,32.37063477,agree,,398.0,398.0,BS2_C,none,BS2_S,enverus_lateralline,True,16999.831158972967,E,,
3001555500,WHITBY 25 26 FEDERAL COM #124H,Matador,30,Eddy,BS2_S,BS2_S,keep,True,,False,7807.0,False,9931.0,2025-04-25,450117.0,45324.43862652301,2407.5873606195723,True,-104.15272768,32.44547055,agree,,8.0,8.0,BS2_S,none,BS2_S,enverus_lateralline,True,16799.833145337994,NW,,1.8268594173770945
3001556739,CERROS LOCOS 6 4 FEDERAL COM #521H,Mewbourne,30,Eddy,BS2_S,BS2_S,keep,True,,False,7715.0,False,15045.0,2025-10-24,,,,False,-103.99304318,32.78194137,agree,,131.0,131.0,BS2_S,none,BS2_S,enverus_lateralline,True,16799.833145337994,N,,
4230135990,RUDD DRAW E 341H,ConocoPhillips,42,Loving,BS2_S,BS2_S,keep,True,,False,10804.0,False,10225.0,2023-03-15,179799.0,17584.254278728607,1951.8184194572827,True,-103.45145416,31.87017441,off_band,,1095.5,,BS2_C,none,BS2_S,enverus_lateralline,True,16699.834138520506,SE,,0.7087558390155213
3002552915,BELGIAN BLUE 28 21 STATE COM #508H,Mewbourne,30,Lea,BS2_S,BS2_S,keep,True,,False,9448.0,False,9877.0,2024-08-17,145651.0,14746.481725220208,637.441555499104,True,-103.455499,32.72663952,off_band,,206.0,,BS2_C,none,BS2_S,enverus_lateralline,True,16299.838111250552,NE,,0.5943757899548064
3001546284,JAMES RANCH UNIT DI 11 WHITLASH A #715H,Exxon Mobil,30,Eddy,BS2_S,BS2_S,keep,True,,False,9056.0,False,11885.0,2020-11-01,249798.0,21017.92175010517,1643.9523134692831,True,-103.92697317,32.38960054,no_evidence,,,,BS2_S,none,BS2_S,enverus_lateralline,True,16099.840097615577,NW,,0.8471541942144521
4238939550,STATE AL OLSON 57-T2-6X43 2A B20 B201H,BP,42,Reeves,BS2_S,BS2_S,keep,True,,False,8199.0,False,6633.0,2022-06-12,28360.0,4275.5917382783055,2889.8448519040903,True,-104.00757599,31.88084984,agree,,38.0,38.0,BS2_S,none,BS2_S,enverus_lateralline,True,15999.841090798089,SW,,0.1723331886423548
3002554324,DIRE WOLF 16 9 FEDERAL COM #521H,Mewbourne,30,Lea,BS2_S,BS2_S,keep,False,,False,9541.0,False,9708.0,2026-05-08,,,,False,-103.67509857,32.75570047,no_evidence,,,,BS2_S,none,BS2_S,enverus_lateralline,True,15699.844070345624,N,,
3001549670,CATALINA 25 30 STATE COM #202H,Permian Resources,30,Eddy,BS2_S,BS2_S,keep,True,,False,6530.0,False,5642.0,2022-12-11,73477.0,13023.218716767104,9970.779971964015,False,-104.33498473,32.54555734,off_band,,1248.0,,BS2_S,none,BS2_S,enverus_lateralline,True,15599.845063528137,NW,,0.5249174723008092
4230137385,SCOTT-STATE-REVOLVER B 12 121H,SM Energy,42,Loving,BS2_S,BS2_S,keep,True,,False,11106.0,False,10203.0,2025-09-26,,,,False,-103.36301422,31.92322159,agree,,11.0,11.0,BS2_S,none,BS2_S,enverus_lateralline,True,15399.84704989316,SE,,
3001547771,TOP SPOT 12 13 FEDERAL COM #021H,Occidental,30,Eddy,BS2_S,BS2_S,keep,True,,False,10395.0,False,10142.0,2023-05-18,331499.0,32685.762177085388,980.5157783281396,True,-103.73863769,32.39853282,agree,,40.0,40.0,BS2_S,none,BS2_S,enverus_lateralline,True,15299.848043075672,N,,1.317441412554285
4238940317,CHEVY COLORADO 56-T2-20X17 B20 B202H,BP,42,Reeves,BS2_S,BS2_S,keep,True,,False,8777.0,False,6949.0,2023-12-15,150968.0,21725.14030795798,6179.740077367389,True,-103.88404846,31.83671761,off_band,,1249.5,,BS3_C,none,BS2_S,enverus_lateralline,True,15199.849036258183,S,,0.8756595419188846
4230137038,SCOTT-STATE-AFTERBUZZ D 12 123H,SM Energy,42,Loving,BS2_S,BS2_S,keep,True,,False,11119.0,False,10283.0,2025-09-18,,,,False,-103.35268402,31.92721748,agree,,13.0,13.0,BS2_S,none,BS2_S,enverus_lateralline,True,15099.850029440697,SE,,
4230132918,LUDEMAN F 505H,ConocoPhillips,42,Loving,BS2_S,BS2_S,keep,True,,False,11063.0,False,4377.0,2016-08-15,100384.0,22934.42997486863,1916.072282435448,False,-103.46459961,31.90451241,off_band,,1083.0,,BS2_C,none,BS2_S,enverus_lateralline,True,14999.851022623208,SE,,0.9244015072532275
3002555210,ART SMITH STATE COM #121H,Matador,30,Lea,BS2_S,BS2_S,keep,False,,False,10023.0,False,9906.0,2026-05-02,,,,False,-103.55456938,32.69596031,agree,,81.0,81.0,BS3_C,none,BS2_S,enverus_lateralline,True,14799.853008988233,N/NE,,
4230135126,CARTHEL 31-TTT-B02 WF 122H,Matador,42,Loving,BS2_S,BS2_S,keep,True,,False,9579.0,False,9227.0,2021-04-17,103415.0,11207.868212853582,6288.816902770391,True,-103.63611603,31.68590355,off_band,,1091.5,,BS2_S,none,BS2_S,enverus_lateralline,True,14699.854002170743,S,,0.45174745046684917
3001543811,GRAHAM NASH FEDERAL COM #007H,ConocoPhillips,30,Eddy,BS2_S,BS2_S,keep,True,,False,7899.0,False,6827.0,2017-05-19,98389.0,14411.747473267907,7608.807895191536,True,-104.09473369,32.01037125,agree,,26.0,26.0,BS2_S,none,BS2_S,enverus_lateralline,True,14299.857974900791,SW,,0.5808838981845267
3002550873,DRAGONSTONE 11 2 FEDERAL COM #528H,Mewbourne,30,Lea,BS2_S,BS2_S,keep,False,,True,9278.0,False,7746.0,2023-09-02,132160.0,17061.709269300285,738.2869249394673,True,-103.7300401,32.76562188,no_evidence,,,,BS2_S,none,BS2_S,enverus_lateralline,True,14299.857974900791,N,planned survey,0.6876939946682885
4230135801,LINDSAY 2-11E-55-1 32 322H,Devon,42,Loving,BS2_S,BS2_S,keep,True,,False,10099.0,False,7055.0,2022-10-17,176409.0,25004.81927710844,2879.994784846578,True,-103.72798157,31.98834991,off_band,,525.0,,BS3_C,none,BS2_S,enverus_lateralline,True,14299.857974900791,S,,1.0078511937590025
4230136839,FLEA FLICKER D 2BS,Occidental,42,Loving,BS2_S,BS2_S,keep,True,,False,11733.0,False,4666.0,2024-10-10,142799.0,30604.157736819543,1192.8724991071365,False,-103.44450378,31.80375099,ambiguous,,104.0,,BS3_S,none,BS2_S,enverus_lateralline,True,13999.860954448326,SE,,1.2335396855789331
3001555990,BIG EDDY UNIT DI 5 WEST 27 29 #005H,Exxon Mobil,30,Eddy,BS2_S,BS2_S,keep,False,,False,9685.0,False,13545.0,2026-03-30,,,,False,-103.87779,32.5474795,no_evidence,,,,BS3_C,none,BS2_S,enverus_lateralline,True,13499.865920360888,N,,
4230137208,TAYLOR RUDD DRAW E 1841H,ConocoPhillips,42,Loving,BS2_S,BS2_S,keep,False,,False,10875.0,False,15083.0,2026-02-01,,,,False,-103.47075653,31.87358093,off_band,,1020.0,,BS2_C,none,BS2_S,enverus_lateralline,True,13499.865920360888,SE,,
3002554852,NORTH WILSON DEEP UNIT #015H,Mewbourne,30,Lea,BS2_S,BS2_S,keep,False,,True,9829.0,False,12549.0,2026-05-08,,,,False,-103.37856865,32.49047235,no_evidence,,,,BS2_S,none,BS2_S,enverus_lateralline,True,13299.86790672591,NE,planned survey,
3002549601,EASTWATCH 4 3 B2DA FEDERAL COM #001H,Mewbourne,30,Lea,BS2_S,BS2_S,keep,False,,True,8338.0,False,9920.0,2022-03-03,333068.0,33575.403225806454,1069.8415939087513,True,-103.76196919,32.78224962,no_evidence,,,,BS2_S,none,BS2_S,enverus_lateralline,True,13299.86790672591,N,planned survey,1.3532995318645649
4230137185,OLIVER LOVING UNIT 553H,EOG,42,Loving,BS2_S,BS2_S,keep,True,,False,10806.0,False,9800.0,2025-06-15,240557.0,24546.632653061224,1920.25174906571,True,-103.52310944,31.89842606,agree,,307.0,307.0,BS3_C,none,BS2_S,enverus_lateralline,True,13199.868899908422,SE,,0.9893833963759137
3002550442,COONSKIN FEE #151H,SM Energy,30,Lea,BS2_S,BS2_S,keep,True,,False,11280.0,False,7504.0,2023-01-15,159803.0,21295.70895522388,3804.590652240571,True,-103.3788323,32.18472778,off_band,,738.0,,BS2_S,none,BS2_S,enverus_lateralline,True,13199.868899908422,E,,0.8583507624914392
3001557796,BIG MICK 4 U FEDERAL COM #501H,3r Operating,30,Eddy,BS2_S,BS2_S,keep,False,,False,7058.0,False,8704.0,2026-06-01,,,,False,-104.29074442,32.16221535,no_evidence,,,,BS2_S,none,BS2_S,enverus_lateralline,True,13099.869893090934,W,,
3002545342,CHAROLAIS 28 21 B2NC STATE COM #001H,Mewbourne,30,Lea,BS2_S,BS2_S,keep,True,,False,10130.0,False,10068.0,2019-07-21,124421.0,12358.065156932857,835.9842791811672,True,-103.46551064,32.63884244,off_band,,541.5,,BS2_S,none,BS2_S,enverus_lateralline,True,12999.870886273446,NE,,0.49810760809492327
3001556956,PADRON 3 STATE BS UNIT #507H,EOG,30,Eddy,BS2_S,BS2_S,keep,True,,False,8099.0,False,14885.0,2025-12-10,,,,False,-104.15987513,32.16558817,off_band,,1341.0,,BS3_C,none,BS2_S,enverus_lateralline,True,12899.871879455959,W,,
4238941817,STATE LEE WAY 57-T2-10X3 2E B21 B214H,BP,42,Reeves,BS2_S,BS2_S,keep,False,,False,8261.0,False,9411.0,2026-02-26,,,,False,-103.94309235,31.86937141,off_band,,329.0,,BS3_C,none,BS2_S,enverus_lateralline,True,12899.871879455957,S,,
3001554633,ALYSON 33 32 FEDERAL COM #124H,Matador,30,Eddy,BS2_S,BS2_S,keep,False,,True,8774.0,False,7196.0,2024-08-08,92784.0,12893.829905503058,3459.141662355579,True,-103.98229894,32.5243749,no_evidence,,,,BS2_S,none,BS2_S,enverus_lateralline,True,12699.873865820982,NW,planned survey,0.5197022909213177
4238939801,HEAD HONCHO STATE ALLOC1 BS 8H,ConocoPhillips,42,Reeves,BS2_S,BS2_S,keep,True,,False,8369.0,False,10494.0,2023-04-15,6034.0,574.9952353725939,4967.020218760358,True,-104.00712585,31.98518562,agree,,40.5,40.5,BS2_S,none,BS2_S,enverus_lateralline,True,12699.873865820982,SW,,0.023175917728249302
3001544574,TED PAUP 3231 FEDERAL COM #126H,Matador,30,Eddy,BS2_S,BS2_S,keep,True,,False,8125.0,False,10196.0,2021-06-25,62471.0,6127.010592389172,3676.7620175761554,True,-104.10586146,32.53094965,agree,,193.0,193.0,BS2_S,none,BS2_S,enverus_lateralline,True,12599.874859003496,NW,,0.24695699142151814
3001554163,VENTURA 3233 FEDERAL COM #204H,Permian Resources,30,Eddy,BS2_S,BS2_S,keep,False,,True,6800.0,True,9928.0,2025-02-01,229797.0,23146.35374697824,5594.346314355714,True,-104.294067,32.52616989,no_evidence,,,,BS2_S,none,BS2_S,enverus_lateralline,True,12399.876845368519,NW,planned survey; permit-round TVD,0.9329433656981759
3001555893,WIGEON 23 26 FEDERAL COM #003H,Devon,30,Eddy,BS2_S,BS2_S,keep,True,,False,7218.0,False,10153.0,2026-01-10,,,,False,-104.261368,32.1077105,agree,,87.0,87.0,BS2_S,none,BS2_S,enverus_lateralline,True,12199.878831733542,SW/W,,
3002551606,MARLAN DOWNEY STATE COM #123H,Matador,30,Lea,BS2_S,BS2_S,keep,False,,True,10345.0,False,12502.0,2023-12-10,194234.0,15536.234202527596,1320.4742732992163,True,-103.37041519,32.31473228,off_band,,469.5,,BS2_S,none,BS2_S,enverus_lateralline,True,12199.878831733542,E,planned survey,0.6262077727501016
3001557959,CRIPPLE CREEK 35 34 FEDERAL #527H,Mewbourne,30,Eddy,BS2_S,BS2_S,keep,False,,False,7102.0,False,10274.0,2026-07-12,,,,False,-104.26079872,32.52445542,no_evidence,,,,BS2_S,none,BS2_S,enverus_lateralline,True,12199.878831733542,NW,,
4230137550,BACKDOOR SLIDER E 124H,SM Energy,42,Loving,BS2_S,BS2_S,keep,False,,False,11001.0,False,9994.0,2026-04-13,,,,False,-103.3456192,31.89824486,off_band,,1108.5,,BS2_S,none,BS2_S,enverus_lateralline,True,11999.880818098567,SE,,
4238939786,ALPHA STATE BS 9H,ConocoPhillips,42,Reeves,BS2_S,BS2_S,keep,True,,False,8296.0,False,10299.0,2023-04-13,7068.0,686.2802213807165,4023.910582908885,True,-104.00527191,31.95666504,off_band,,1488.0,,BS2_S,none,BS2_S,enverus_lateralline,True,11999.880818098567,SW,,0.027661401296547674
4230135920,OXTAIL 54-2-40 SB UNIT 4H,ConocoPhillips,42,Loving,BS2_S,BS2_S,keep,True,,False,9969.0,False,10068.0,2022-11-01,285805.0,28387.46523639253,2943.618900998933,True,-103.66561127,31.78095818,off_band,,1487.5,,BS2_S,none,BS2_S,enverus_lateralline,True,11899.881811281079,S,,1.1441930617144176
4230137545,BACKDOOR SLIDER D 122H,SM Energy,42,Loving,BS2_S,BS2_S,keep,False,,False,11039.0,False,9998.0,2026-04-11,,,,False,-103.34983826,31.89730453,off_band,,1070.5,,BS2_S,none,BS2_S,enverus_lateralline,True,11899.881811281079,SE,,
3002554037,GRACKLE 26 EAST FEDERAL COM #103H,EOG,30,Lea,BS2_S,BS2_S,keep,False,,False,11195.0,False,9661.0,2026-06-21,,,,False,-103.43299819,32.19668724,agree,,61.0,61.0,BS2_S,none,BS2_S,enverus_lateralline,True,11799.88280446359,E,,
3002546669,SEINFELD GIPPLE FEDERAL UNIT #134H,SM Energy,30,Lea,BS2_S,BS2_S,keep,True,,False,12274.0,False,10106.0,2020-08-19,182429.0,18051.55353255492,1069.4078244138816,True,-103.36611516,32.18148726,off_band,,502.0,,OTHER,none,BS2_S,enverus_lateralline,True,11599.884790828613,E,,0.7275909325865717
3001553347,FOREIGNER 33 4 FEE #521H,Mewbourne,30,Eddy,BS2_S,BS2_S,keep,False,,True,8049.0,False,10102.0,2024-08-19,126516.0,12523.85666204712,2307.257580068924,True,-104.10449983,32.25512959,off_band,,1439.0,,BS2_S,none,BS2_S,enverus_lateralline,True,11399.886777193638,W,planned survey,0.5047900465677934
4230133756,Z&T 42 E00 E006,Lime Rock Resources,42,Loving,BS2_S,BS2_S,keep,True,,False,10123.0,False,4896.0,2018-04-05,183060.0,37389.705882352944,2434.31115481263,False,-103.69215393,31.90541077,off_band,,1435.0,,BS2_S,none,BS2_S,enverus_lateralline,True,11399.886777193638,S,,1.5070398746023295
3001555417,SAMSONITE 4 3 FEDERAL COM #523H,Mewbourne,30,Eddy,BS2_S,BS2_S,keep,True,,False,7213.0,False,7721.0,2025-01-22,192291.0,24904.934593964517,1570.978360921728,True,-104.07531109,32.77830535,no_evidence,,,,BS2_S,none,BS2_S,enverus_lateralline,True,11399.886777193638,NW,,1.0038252139656991
3001546020,LOCO HILLS 2 3 B2CD FEDERAL COM #001H,Mewbourne,30,Eddy,BS2_S,BS2_S,keep,True,,False,7848.0,False,7657.0,2021-06-01,184655.0,24115.841713464804,975.9551596219978,True,-103.95545099,32.78260514,no_evidence,,,,BS3_C,none,BS2_S,enverus_lateralline,True,11299.88777037615,N,,0.9720198170626133
3001553736,BONNEVILLE 16 STATE #204H,Permian Resources,30,Eddy,BS2_S,BS2_S,keep,True,,False,6801.0,False,4472.0,2023-11-13,194834.0,43567.5313059034,6818.491639036308,False,-104.28511187,32.56833568,no_evidence,,,,BS2_S,none,BS2_S,enverus_lateralline,True,11099.889756741173,NW,,1.7560450227283213
4230132836,TXL 40/45 B20 B201DM,Mewbourne,42,Loving,BS2_S,BS2_S,keep,True,,False,8940.0,False,4467.0,2016-06-16,77189.0,17279.82986344303,3526.8885462954568,False,-103.87135315,31.89082336,off_band,,1391.0,,BS3_C,none,BS2_S,enverus_lateralline,True,10899.891743106198,S,,0.6964856239439875
3001553996,WOODFORD 27 26 STATE COM #528H,Mewbourne,30,Eddy,BS2_S,BS2_S,tvd_suspect,False,"A-prime: planned survey flagged -> BS3_C; tag kept, TVD not evidence",True,7503.0,False,7169.0,2024-01-07,162658.0,22689.07797461292,3049.816178730834,True,-104.1589559,32.71285282,flag,BS3_C,54.0,,BS2_S,none,BS2_S,enverus_lateralline,True,10799.89273628871,NW,TVD suspect (A-prime); planned survey,0.9145122813560718
3001555874,OMAHA 36 31 FEDERAL COM #527H,Mewbourne,30,Eddy,BS2_S,BS2_S,keep,False,,False,7422.0,False,10403.0,2026-07-18,,,,False,-104.22580099,32.52420801,off_band,,1421.5,,BS2_S,none,BS2_S,enverus_lateralline,True,10799.892736288708,NW,,
4230136602,WD JOHNSON B 53-32 B20 B201HS,Petro-Hunt,42,Loving,BS2_S,BS2_S,keep,True,,False,10141.0,False,4895.0,2024-10-30,29482.0,6022.88049029622,6948.171765823214,False,-103.57352448,31.80876541,off_band,,1285.0,,WCXY,none,BS2_S,enverus_lateralline,True,10699.893729471221,S,,0.2427598945923998
3001548772,BENT TREE 9 11 FEDERAL COM #221H,Devon,30,Eddy,BS2_S,BS2_S,keep,True,,False,7651.0,False,9910.0,2026-01-19,,,,False,-104.17651971,32.50101393,agree,,106.5,106.5,BS2_S,none,BS2_S,enverus_lateralline,True,10599.894722653735,NW,,
4230136153,GELLER 54-2 SB UNIT 3751H,ConocoPhillips,42,Loving,BS2_S,BS2_S,keep,True,,False,10035.0,False,10043.0,2023-08-03,228756.0,22777.6560788609,2469.670740876742,True,-103.61378479,31.78073883,off_band,,1317.0,,BS2_S,none,BS2_S,enverus_lateralline,True,10599.894722653733,S,,0.9180825350386874
3001553306,AWESOME BLOSSOM 24 23 FEDERAL COM #528H,Mewbourne,30,Eddy,BS2_S,BS2_S,keep,False,,True,9014.0,False,10412.0,2023-08-03,229765.0,22067.32616212063,2700.6071420799512,True,-103.93422125,32.55263975,no_evidence,,,,BS2_S,none,BS2_S,enverus_lateralline,True,10599.894722653733,NW,planned survey,0.8894517800383978
3001555400,PERDOMO 25 STATE COM #501H,EOG,30,Eddy,BS2_S,BS2_S,keep,True,,False,7742.0,False,9923.0,2025-02-23,143409.0,14452.181799858912,4451.073503057688,True,-104.151248,32.1962015,off_band,,1563.5,,BS2_S,none,BS2_S,enverus_lateralline,True,10499.895715836245,W,,0.5825136553874068
3001555401,PERDOMO 25 STATE COM #502H,EOG,30,Eddy,BS2_S,BS2_S,keep,True,,False,7748.0,False,9861.0,2025-02-23,139214.0,14117.635128283137,5038.990331432184,True,-104.14822774,32.19618109,off_band,,1567.0,,BS2_S,none,BS2_S,enverus_lateralline,True,10499.895715836245,W,,0.5690293242839054
3001554610,RANA SALADA FEDERAL COM 0605 #122H,Permian Resources,30,Eddy,BS2_S,BS2_S,keep,False,,False,8529.0,False,10173.0,2026-07-01,,,,False,-104.01513252,32.33712,off_band,,852.0,,BS2_S,none,BS2_S,enverus_lateralline,True,10399.896709018758,W,,
3002550865,WINTERFELL 6 5 B2BA FEDERAL COM #001H,Mewbourne,30,Lea,BS2_S,BS2_S,keep,False,,True,8362.0,False,7745.0,2023-04-05,171718.0,22171.46546158812,823.425616417615,True,-103.79288348,32.78249819,no_evidence,,,,BS2_S,none,BS2_S,enverus_lateralline,True,10399.896709018758,N,planned survey,0.8936492475794497
3001556185,JAMES RANCH UNIT APACHE #701H,Exxon Mobil,30,Eddy,BS2_S,BS2_S,keep,False,,True,9788.0,False,10352.0,2026-04-14,,,,False,-103.84336497,32.39849121,no_evidence,,,,BS2_S,none,BS2_S,enverus_lateralline,True,10299.89770220127,NW,planned survey,
4230135838,BRENNAN DALE 21 214H,Apache,42,Loving,BS2_S,BS2_S,keep,True,,False,10056.0,False,7899.0,2022-07-15,120243.0,15222.559817698442,2459.45294112755,True,-103.63492584,31.86534309,agree,,26.0,26.0,BS2_S,none,BS2_S,enverus_lateralline,True,10099.899688566293,S,,0.6135647258358973
4238935213,TXL 7 B20 B201BO,Mewbourne,42,Reeves,BS2_S,BS2_S,keep,True,,False,8675.0,False,4340.0,2016-11-02,81801.0,18848.15668202765,4082.7740492170014,False,-103.8973999,31.8617115,off_band,,415.0,,BS3_C,none,BS2_S,enverus_lateralline,True,9999.900681748804,S,,0.7596990404777283
4230132879,THRESHER 54-1-5 1H,Occidental,42,Loving,BS2_S,BS2_S,keep,True,,False,10309.0,False,4288.0,2016-08-14,91387.0,21312.266791044774,2109.216847035136,False,-103.68045044,31.99373627,agree,,87.0,87.0,BS3_C,none,BS2_S,enverus_lateralline,True,9999.900681748804,S,,0.859018147222887
4230132844,NEELIE 1-85 LOV 1H,ConocoPhillips,42,Loving,BS2_S,BS2_S,keep,True,,False,9809.0,False,4147.0,2016-07-10,59371.0,14316.614420062697,2901.9723433999766,False,-103.57767487,31.73359871,off_band,,1146.5,,BS2_S,none,BS2_S,enverus_lateralline,True,9899.901674931318,S,,0.5770494389078469
3001555000,CAMACHO 25 26 STATE COM #204H,Permian Resources,30,Eddy,BS2_S,BS2_S,keep,True,,False,7069.0,False,9807.0,2025-11-12,,,,False,-104.2421857,32.62512466,off_band,,1270.0,,BS2_S,none,BS2_S,enverus_lateralline,True,9799.90266811383,NW,,
4238938571,STATE KATE OLSON 57-T2-17X8 B20 B208H,BP,42,Reeves,BS2_S,BS2_S,keep,True,,False,8360.0,False,7494.0,2020-07-02,396382.0,52893.24793167868,3710.688174538703,True,-103.97718048,31.85820198,off_band,,1359.0,,BS3_C,none,BS2_S,enverus_lateralline,True,9699.903661296341,S,,2.1319299483414564
3001549427,BO HOWARD 1211 FEDERAL COM #121H,Matador,30,Eddy,BS2_S,BS2_S,keep,True,,False,7779.0,False,7054.0,2022-11-14,216450.0,30684.71789055855,3241.940401940402,True,-104.14859145,32.50105946,off_band,,1090.0,,BS2_S,none,BS2_S,enverus_lateralline,True,9699.903661296341,NW,,1.2367867655204225
3002554928,MACHO MAN 18 19 FEDERAL COM #526H,Mewbourne,30,Lea,BS2_S,BS2_S,keep,False,,False,10016.0,False,7523.0,2026-04-27,,,,False,-103.59760207,32.73656073,agree,,72.0,72.0,BS2_S,none,BS2_S,enverus_lateralline,True,9599.904654478853,N,,
4230134970,ST JOHN 76 2734 TG 601H,Exxon Mobil,42,Loving,BS2_S,BS2_S,keep,True,,False,10673.0,False,9565.0,2022-01-18,254653.0,26623.41871406168,1895.834724114776,True,-103.53147125,31.92578697,agree,,10.0,10.0,BS2_S,none,BS2_S,enverus_lateralline,True,9499.905647661364,SE,,1.0730909124177337
3001543315,MAN STATE #003H,Permian Resources,30,Eddy,BS2_S,BS2_S,keep,True,,False,6985.0,False,3768.0,2016-07-06,60251.0,15990.180467091295,4001.145209208146,False,-104.19818629,32.69766452,no_evidence,,,,BS2_S,none,BS2_S,enverus_lateralline,True,9499.905647661364,NW,,0.6445046570255983
3001555329,LITTLE BETTY 20 #501H,Devon,30,Eddy,BS2_S,BS2_S,keep,True,,False,8127.0,False,5180.0,2025-07-01,137960.0,26633.204633204638,3210.278341548275,False,-104.10852304,32.47216492,no_evidence,,,,BS2_S,none,BS2_S,enverus_lateralline,True,9499.905647661364,NW,,1.0734853463938787
4230135501,MAHOGANY 24-13P-56-1 32 322H,Devon,42,Loving,BS2_S,BS2_S,keep,True,,False,9632.0,False,10194.0,2021-12-22,214036.0,20996.272317049243,3500.1635238931767,True,-103.80817413,31.95678329,agree,,60.5,60.5,BS3_C,none,BS2_S,enverus_lateralline,True,9299.90763402639,S,,0.84628158615007
3001543444,BIG EDDY UNIT DI 5 #024H,Exxon Mobil,30,Eddy,BS2_S,BS2_S,keep,True,,False,9585.0,False,11402.0,2017-09-14,185983.0,16311.436590071917,1982.5629224176405,True,-103.83356356,32.54597802,off_band,,127.5,,BS3_C,none,BS2_S,enverus_lateralline,True,9199.9086272089,N,,0.657453295584439
3002549464,SAKER 6 7 FEDERAL #024H,Occidental,30,Lea,BS2_S,BS2_S,keep,False,,False,10715.0,False,10370.0,2026-06-22,,,,False,-103.40984,32.2390505,off_band,,1470.0,,BS2_S,none,BS2_S,enverus_lateralline,True,9199.9086272089,E,,
3001555878,BILL WILSHUSEN FEDERAL COM #122H,Matador,30,Eddy,BS2_S,BS2_S,keep,True,,False,7603.0,False,9742.0,2025-06-10,148725.0,15266.372408129748,5267.238191292654,True,-104.18670247,32.46650165,no_evidence,,,,BS2_S,none,BS2_S,enverus_lateralline,True,9199.9086272089,NW,,0.6153306482798275
3001555346,LITTLE BETTY 20 #502H,Devon,30,Eddy,BS2_S,BS2_S,keep,True,,False,8157.0,False,5137.0,2025-07-01,134278.0,26139.380961650768,3668.627772233724,False,-104.10915836,32.46909194,no_evidence,,,,BS2_S,none,BS2_S,enverus_lateralline,True,9199.9086272089,NW,,1.0535811522716818
3001555100,BIG SINKS 1 12 H3AP FEDERAL COM #001H,Mewbourne,30,Eddy,BS2_S,BS2_S,keep,True,,False,10152.0,False,9992.0,2025-11-08,,,,False,-103.72447749,32.06418584,agree,,88.0,88.0,BS2_S,none,BS2_S,enverus_lateralline,True,8999.910613573924,S,,
3002550972,RED HILLS WEST 22 15 FEDERAL COM #502H,Mewbourne,30,Lea,BS2_S,BS2_S,keep,True,,False,10356.0,False,4607.0,2024-10-14,269166.0,58425.43954851313,2538.3592281343117,False,-103.66711739,32.02813193,off_band,,379.0,,BS3_C,none,BS2_S,enverus_lateralline,True,8999.910613573924,S,,2.3549120008546116
4210932794,HH SW 3 4H,Chevron,42,Culberson,BS2_S,BS2_S,keep,True,,False,7798.0,False,4594.0,2016-02-15,96715.0,21052.459730082715,3352.1687432145995,False,-104.1449585,31.99189377,agree,,124.0,124.0,BS2_S,none,BS2_S,enverus_lateralline,True,8799.912599938949,SW,,0.8485462916323391
3001555399,SWANSON 2 3 FEDERAL COM #513H,Mewbourne,30,Eddy,BS2_S,BS2_S,keep,True,,False,7223.0,False,7204.0,2025-01-21,282710.0,39243.47584675181,1381.235188001839,True,-104.05068319,32.77910671,no_evidence,,,,BS2_C,none,BS2_S,enverus_lateralline,True,8699.91359312146,NW,,1.5817584418860533
4230136605,BRENNAN DALE 21 213H,Apache,42,Loving,BS2_S,BS2_S,keep,True,,False,10003.0,False,7156.0,2024-06-05,142597.0,19926.914477361657,3086.572648793453,True,-103.64338684,31.86467552,off_band,,761.5,,BS2_C,none,BS2_S,enverus_lateralline,True,8599.914586303972,S,,0.803179751926003
4230137315,SILVERTIP 76-9 UNIT F 63H,Occidental,42,Loving,BS2_S,BS2_S,keep,True,,False,10988.0,False,10692.0,2025-12-15,,,,False,-103.55234528,31.98508453,off_band,,1286.5,,BS2_S,none,BS2_S,enverus_lateralline,True,8499.915579486484,SE,,
3002554355,RED BULL 29 20 FEDERAL #204H,Devon,30,Lea,BS2_S,BS2_S,keep,False,,False,10533.0,False,9739.0,2026-05-24,,,,False,-103.38230204,32.28404545,off_band,,612.0,,BS2_S,none,BS2_S,enverus_lateralline,True,8199.91855903402,E,,
3001546135,HADES 22102 2 STATE COM #003H,BTA Oil,30,Eddy,BS2_S,BS2_S,keep,False,,True,8430.0,False,4412.0,2021-03-03,162809.0,36901.40525838622,2633.3249390389965,False,-104.05256158,32.33442352,agree,,8.0,8.0,BS2_S,none,BS2_S,enverus_lateralline,True,8099.919552216532,W,planned survey,1.487358293970844
3001548476,PIEROGI BS FEDERAL COM #502H,ConocoPhillips,30,Eddy,BS2_S,BS2_S,keep,False,,True,8235.0,False,15404.0,2024-08-01,311561.0,20225.98026486627,1988.3554103369809,False,-104.07202983,32.18932554,agree,,2.0,2.0,BS2_S,none,BS2_S,enverus_lateralline,True,7799.9225317640685,W,planned survey,0.8152339806572196
3001545498,NASH UNIT #206H,Exxon Mobil,30,Eddy,BS2_S,BS2_S,keep,True,,False,9193.0,False,15571.0,2021-05-01,399994.0,25688.395093442938,1852.4302864542967,False,-103.92415145,32.31958374,off_band,,1150.0,,BS2_S,none,BS2_S,enverus_lateralline,True,7699.92352494658,W,,1.0354035905542964
4230135420,COTTONWOOD 55-1-14-11 A 61H,Occidental,42,Loving,BS2_S,BS2_S,keep,True,,False,9983.0,False,7675.0,2021-06-28,266933.0,34779.54397394136,4392.386853629937,True,-103.73312378,31.96712494,agree,,116.5,116.5,BS2_S,none,BS2_S,enverus_lateralline,True,7499.925511311604,S,,1.401833963448026
3001554250,BULLEIT 13 24 FEDERAL STATE COM 32 #004H,Chevron,30,Eddy,BS2_S,BS2_S,keep,True,,False,7776.0,False,10347.0,2025-07-08,402163.0,38867.59447182758,3574.806732593501,False,-104.14037756,32.03470137,agree,,0.5,0.5,BS2_S,none,BS2_S,enverus_lateralline,True,7499.925511311604,SW,,1.566608062743902
4230133498,Z&T 20 A00 A002,Lime Rock Resources,42,Loving,BS2_S,BS2_S,keep,True,,False,10241.0,False,4835.0,2017-10-10,78571.0,16250.465356773524,3015.5909941326954,False,-103.68310547,31.94911766,agree,,61.5,61.5,BS2_S,none,BS2_S,enverus_lateralline,True,7299.927497676627,S,,0.6549957721133136
3002548029,CASTLE BLACK 6 1 B2FE FEDERAL COM #001H,Mewbourne,30,Lea,BS2_S,BS2_S,keep,False,,True,8603.0,False,7751.0,2021-07-01,295050.0,38066.05599277512,689.2526690391459,True,-103.81880301,32.7782402,no_evidence,,,,BS2_S,none,BS2_S,enverus_lateralline,True,7299.927497676627,N,planned survey,1.534301030087347
4230136253,QUEEN ROBYN W2W2 O 121H,SM Energy,42,Loving,BS2_S,BS2_S,keep,True,,False,11109.0,False,10346.0,2024-03-16,164231.0,15873.864295379855,6074.650948968221,True,-103.38549805,31.98004532,off_band,,209.5,,BS2_S,none,BS2_S,enverus_lateralline,True,7299.927497676627,SE,,0.6398163850883494
3001542485,HORNED OWL FEDERAL #002H,ConocoPhillips,30,Eddy,BS2_S,BS2_S,keep,True,,False,7402.0,False,4306.0,2016-02-29,61941.0,14384.811890385508,8258.181172405999,False,-104.24860053,32.01260603,no_evidence,,,,BS2_S,none,BS2_S,enverus_lateralline,True,7199.92849085914,SW,,0.5797982250964002
3001556176,WAYNE GAYLORD 2930 FEDERAL COM #121H,Matador,30,Eddy,BS2_S,BS2_S,keep,True,,False,7196.0,False,10038.0,2025-09-25,,,,False,-104.20899115,32.54984979,no_evidence,,,,BS2_S,none,BS2_S,enverus_lateralline,True,7199.92849085914,NW,,
3001554238,DAVID EDELSTEIN STATE COM #124H,Matador,30,Eddy,BS2_S,BS2_S,keep,True,,False,7761.0,False,10201.0,2024-03-01,109358.0,10720.321537104204,2766.6745917079684,True,-104.15281621,32.22678149,off_band,,1342.0,,BS3_S,none,BS2_S,enverus_lateralline,True,6999.930477224163,W,,0.43209625868170837
3002554482,LOS VAQUEROS FEDERAL #121H,Permian Resources,30,Lea,BS2_S,BS2_S,keep,True,,False,11151.0,False,9874.0,2026-01-01,,,,False,-103.4098048,32.00622059,agree,,28.0,28.0,BS2_S,none,BS2_S,enverus_lateralline,True,6899.9314704066755,SE,,
4210933305,MIDDLEGROUND 16 UNIT 7H,Devon,42,Culberson,BS2_S,BS2_S,keep,True,,False,7526.0,False,4758.0,2018-09-17,134828.0,28337.11643547709,10452.495030705788,False,-104.16596985,31.96263313,agree,,11.0,11.0,BS2_S,none,BS2_S,enverus_lateralline,True,6899.9314704066755,SW,,1.1421636889545266
3001547740,DAKOTA 32 STATE FEDERAL COM #124H,Permian Resources,30,Eddy,BS2_S,BS2_S,keep,True,,False,7250.0,False,9600.0,2021-10-08,201553.0,20995.104166666668,4189.657310980238,True,-104.20908984,32.61080621,agree,,44.0,44.0,BS2_S,none,BS2_S,enverus_lateralline,True,6899.9314704066755,NW,,0.8462345023561613
3002548527,GAVILON FEDERAL COM #706H,Matador,30,Lea,BS2_S,BS2_S,keep,True,,False,10513.0,False,10385.0,2023-05-05,110544.0,10644.583533943189,780.5217831813577,True,-103.67253614,32.53696929,off_band,,752.0,,BS3_C,none,BS2_S,enverus_lateralline,True,6799.932463589187,N,,0.42904354168132464
3001555415,WINE MIXER 21 20 FEDERAL COM #522H,Mewbourne,30,Eddy,BS2_S,BS2_S,keep,True,,False,6836.0,False,9710.0,2025-05-08,156178.0,16084.243048403709,7777.427038379285,True,-104.29598298,32.56466732,off_band,,1330.5,,BS2_S,none,BS2_S,enverus_lateralline,True,6799.932463589187,NW,,0.6482959695647199
3001553297,YUMA 3 10 FEDERAL COM #521H,Mewbourne,30,Eddy,BS2_S,BS2_S,keep,True,,False,8245.0,False,9955.0,2025-01-05,251469.0,25260.57257659468,3614.206920137273,True,-104.08216176,32.15115086,agree,,123.0,123.0,BS2_S,none,BS2_S,enverus_lateralline,True,6699.9334567717,SW,,1.0181596573131058
4230136891,SILVERTIP 76-16 UNIT R 64H,Occidental,42,Loving,BS2_S,BS2_S,keep,True,,False,10948.0,False,9591.0,2024-09-19,176149.0,18366.0723595037,2324.3674389295425,True,-103.54922485,31.95542908,agree,,82.0,82.0,BS2_S,none,BS2_S,enverus_lateralline,True,6499.935443136724,SE,,0.7402680158194911
4230137008,VIPER 53-47 S B20 B203HS,Petro-Hunt,42,Loving,BS2_S,BS2_S,keep,False,,False,10133.0,False,10398.0,2026-04-14,,,,False,-103.51478577,31.78093719,off_band,,666.0,,BS3_C,none,BS2_S,enverus_lateralline,True,6399.936436319235,SE,,
3001543619,BONNIE 35 FEDERAL COM #004H,Devon,30,Eddy,BS3_C,BS2_S,reassign,True,class BS3_C->BS2_S (precision 0.90) + sql/23 concurs + GOR none,False,7432.0,False,4249.0,2017-09-01,129599.0,30501.059072722997,3274.0607566416406,False,-104.26137976,32.08630067,flag,BS2_S,54.0,403.0,BS2_S,none,BS2_S,enverus_lateralline,True,6399.936436319235,SW,reassigned in from BS3_C,1.2293841621762989
3001543055,RUSTLER BLUFF 25 26 28 FEDERAL #001H,Smc Oil & Gas,30,Eddy,BS2_S,BS2_S,keep,True,,False,8262.0,False,4132.0,2016-03-20,55350.0,13395.450145208131,3323.8482384823847,False,-104.04802515,32.01368616,agree,,54.0,54.0,BS2_S,none,BS2_S,enverus_lateralline,True,6299.937429501747,SW,,0.5399207356858142
3002548406,HAGBERRY 9 STATE COM #503H,Permian Resources,30,Lea,BS2_S,BS2_S,keep,True,,False,10281.0,False,9795.0,2021-05-30,119235.0,12173.047473200611,1639.2837673501908,True,-103.37249576,32.39829942,agree,,126.0,126.0,BS2_S,none,BS2_S,enverus_lateralline,True,6299.937429501747,E,,0.4906502339243857
4230134078,RIFLE 21801 1H,BTA Oil,42,Loving,BS2_S,BS2_S,keep,True,,False,9745.0,False,7324.0,2019-04-04,60898.0,8314.855270344075,3799.6485927288254,True,-103.67289734,31.74228096,off_band,,1109.5,,BS2_S,none,BS2_S,enverus_lateralline,True,6299.937429501747,S,,0.33514086693765893
4238940308,CHEVY COLORADO 56-T2-20X17 B20 B201H,BP,42,Reeves,BS2_S,BS2_S,keep,True,,False,8745.0,False,6938.0,2023-12-13,139806.0,20150.763908907466,6575.976710584668,True,-103.89006805,31.83712196,off_band,,1266.0,,BS3_C,none,BS2_S,enverus_lateralline,True,6299.937429501747,S,,0.812202289313916
3002554735,QUERECHO 23 26 FEDERAL COM #527H,Mewbourne,30,Lea,BS2_S,BS2_S,keep,False,,False,9619.0,False,10323.0,2026-03-15,,,,False,-103.73057681,32.72575596,no_evidence,,,,BS2_S,none,BS2_S,enverus_lateralline,True,6099.939415866771,N,,
3002546811,TALCO STATE FEDERAL COM #127H,SM Energy,30,Lea,BS2_S,BS2_S,keep,True,,False,11106.0,False,10037.0,2022-05-15,148510.0,14796.253860715353,3127.3786277018385,True,-103.37349161,32.03586828,agree,,30.0,30.0,BS2_S,none,BS2_S,enverus_lateralline,True,5999.9404090492835,SE,,0.5963819194780317
3001546479,BOROS FEDERAL #124H,Matador,30,Eddy,BS2_S,BS2_S,keep,True,,False,12262.0,False,9640.0,2021-10-17,225461.0,23388.070539419085,3260.0937634446755,True,-103.76026891,32.03476227,off_band,,321.0,2141.0,WCB_2,none,BS2_S,enverus_lateralline,True,5899.941402231795,S,,0.9426860698990469
3002551015,BILL ALEXANDER STATE COM #124H,Matador,30,Lea,BS2_S,BS2_S,keep,False,,True,10242.0,False,7267.0,2023-12-10,174368.0,23994.49566533645,1249.8508900715728,True,-103.36522442,32.34523156,off_band,,428.5,,BS2_C,none,BS2_S,enverus_lateralline,True,5799.942395414307,E,planned survey,0.967128809528875
4230136468,SEVENGILLS-MCKNIGHT 55 551H,EOG,42,Loving,BS2_S,BS2_S,keep,True,,False,10201.0,False,4855.0,2024-01-01,134636.0,27731.410916580844,2532.769838676134,False,-103.68338776,31.93479538,off_band,,371.0,,BS2_S,none,BS2_S,enverus_lateralline,True,5699.943388596819,S,,1.1177499540052456
4230133132,BONGO 76-43 LOV UNIT 2H,ConocoPhillips,42,Loving,BS2_S,BS2_S,keep,True,,False,10344.0,False,4695.0,2018-01-11,51562.0,10982.321618743345,1898.6850781583337,False,-103.58493042,31.89043236,agree,,99.0,99.0,BS3_S,none,BS2_S,enverus_lateralline,True,5599.944381779331,S,,0.4426565067730315
3002552264,PAKSE 3 SOUTH FEDERAL COM #302H,Permian Resources,30,Lea,BS2_S,BS2_S,keep,True,,False,10006.0,False,12544.0,2024-07-13,277767.0,22143.415178571428,1222.056615796693,True,-103.72081549,32.54693138,agree,,71.0,71.0,BS3_C,none,BS2_S,enverus_lateralline,True,5599.944381779331,N,,0.892518645077974
3001543319,WILD TURKEY 36 35 B2AB STATE COM #001H,Mewbourne,30,Eddy,BS2_S,BS2_S,keep,True,,False,7516.0,False,6760.0,2017-03-06,104497.0,15458.136094674555,1455.180531498512,True,-104.13502249,32.71056291,off_band,,137.0,151.0,BS2_S,none,BS2_S,enverus_lateralline,True,5499.945374961843,NW,,0.6230599287142095
4210933618,DR STATE WISE UNIT 1 103 1031SB,Chevron,42,Culberson,BS2_S,BS2_S,keep,True,,False,7355.0,False,10426.0,2021-10-01,165397.0,15863.897947439094,7371.50613372673,True,-104.24700165,31.95493889,agree,,18.0,18.0,BS2_S,none,BS2_S,enverus_lateralline,True,5499.945374961842,SW,,0.6394146786989451
4230135578,WAHOO 53-2-23 LOV UNIT 11H,ConocoPhillips,42,Loving,BS2_S,BS2_S,keep,True,,False,10357.0,False,7164.0,2022-06-02,133082.0,18576.49357900614,2164.9960174929743,True,-103.52972412,31.82809448,agree,,41.0,41.0,BS2_S,none,BS2_S,enverus_lateralline,True,5399.946368144355,SE,,0.7487493119615474
4238940387,GORGON WEST UNIT 57-1-33-28 6 61H,Occidental,42,Reeves,BS2_S,BS2_S,keep,True,,False,8494.0,False,10267.0,2023-06-10,,,,False,-103.97374725,31.92757225,off_band,,1348.0,,WCA_1,none,BS2_S,enverus_lateralline,True,5399.946368144355,SW,,
3001554432,BOOMERANG 25 FEDERAL COM #123H,Permian Resources,30,Eddy,BS2_S,BS2_S,keep,False,,False,7600.0,True,8053.0,2025-08-17,279244.0,34675.7730038495,2685.0066608414145,False,-104.13194794,32.54222648,agree,,169.0,169.0,BS2_S,none,BS2_S,enverus_lateralline,True,5399.946368144355,NW,permit-round TVD,1.3976513418931338
4230137438,LAGER 29-0-16-21 B 61H,Occidental,42,Loving,BS2_S,BS2_S,keep,False,,False,10563.0,False,10251.0,2026-03-15,,,,False,-103.46894073,31.78821564,off_band,,985.5,,BS2_C,none,BS2_S,enverus_lateralline,True,5299.9473613268665,SE,,
3002547581,FIGHTING OKRA 18 19 FEDERAL #026H,Devon,30,Lea,BS2_S,BS2_S,keep,True,,False,13299.0,False,9833.0,2025-01-11,193577.0,19686.46394793044,2252.6436508469496,True,-103.50436918,32.03600727,off_band,,341.0,,WCB_2,none,BS2_S,enverus_lateralline,True,5099.949347691891,SE,,0.7934880860738489
4210933622,DR STATE WISE UNIT 1 104 1043SB,Chevron,42,Culberson,BS3_C,BS2_S,reassign,True,card verdict AGREE (BS3_C->BS2_S),False,7480.0,False,10542.0,2021-10-11,173806.0,16487.004363498385,7568.904410664764,True,-104.231987,31.95495415,flag,BS2_S,92.0,,BS2_S,none,BS2_S,enverus_lateralline,True,4999.950340874402,SW,reassigned in from BS3_C,0.6645297790443883
3002553023,LA ROCA 14 11 B2MD FEDERAL COM #001H,Mewbourne,30,Lea,BS2_S,BS2_S,keep,True,,False,9537.0,False,10302.0,2025-02-07,371806.0,36090.662007377214,1030.1017197140443,True,-103.6413834,32.7550663,no_evidence,,,,BS2_S,none,BS2_S,enverus_lateralline,True,4999.950340874402,N,,1.4546802512181203
3001541745,MYOX 21 STATE COM #001H,ConocoPhillips,30,Eddy,BS2_S,BS2_S,keep,True,,False,8082.0,False,9768.0,2018-03-03,275854.0,28240.58149058149,3244.7127828488983,True,-104.0992293,32.12272927,agree,,71.0,71.0,BS2_S,none,BS2_S,enverus_lateralline,True,4899.951334056915,SW,,1.1382727246418367
3001542453,GRAHAM NASH STATE COM #005H,ConocoPhillips,30,Eddy,BS2_S,BS2_S,keep,True,,False,8058.0,False,6508.0,2019-10-11,189185.0,29069.60663798402,4827.1797446943465,True,-104.0848631,32.01058872,off_band,,1243.0,,BS2_S,none,BS2_S,enverus_lateralline,True,4799.952327239426,SW,,1.1716876425905056
4230132592,BILLY BURT 90-TTT-B33 WF 121H,Matador,42,Loving,BS2_S,BS2_S,keep,True,,False,9664.0,False,6594.0,2016-09-20,179048.0,27153.16954807401,2816.864751351593,True,-103.67181396,31.73865128,off_band,,1170.5,,BS2_S,none,BS2_S,enverus_lateralline,True,4799.952327239426,S,,1.0944431967328994
3001549242,CASSIUS FEDERAL COM #124H,Permian Resources,30,Eddy,BS2_S,BS2_S,keep,True,,False,8866.0,False,10406.0,2024-10-24,272006.0,26139.3426869114,2624.1332911774007,True,-103.9668112,32.31240747,agree,,27.0,27.0,BS2_S,none,BS2_S,enverus_lateralline,True,4799.952327239426,W,,1.0535796095594014
4230136929,MOOSEHORN 54-1-41-44 H 62H,Occidental,42,Loving,BS2_S,BS2_S,keep,True,,False,10174.0,False,9617.0,2024-12-05,187900.0,19538.317562649478,2735.5508249068653,True,-103.680336,31.89746857,off_band,,1043.0,,BS2_S,none,BS2_S,enverus_lateralline,True,4599.95431360445,S,,0.7875168567039494
3002550328,KING EIDER 12 FEDERAL COM #501H,Permian Resources,30,Lea,BS2_S,BS2_S,keep,True,,False,10245.0,False,9777.0,2022-10-16,134607.0,13767.720159558146,595.191929097298,True,-103.41814329,32.59562277,no_evidence,,,,BS2_S,none,BS2_S,enverus_lateralline,True,4499.955306786962,NE,,0.5549255543251885
3001542487,MARQUARDT FEDERAL #016H,Devon,30,Eddy,BS2_S,BS2_S,keep,True,,False,7162.0,False,4716.0,2016-02-16,179890.0,38144.61407972858,5532.052921229641,False,-104.25364548,32.15888053,agree,,32.0,32.0,BS2_S,none,BS2_S,enverus_lateralline,True,4399.9562999694745,W,,1.537467414168673
3001549952,BAILEYS 25 36 STATE COM #236H,Chevron,30,Eddy,BS2_S,BS2_S,keep,True,,False,7673.0,False,8398.0,2025-08-12,177180.0,21097.88044772565,5597.273958686082,False,-104.144794,32.0116335,agree,,78.5,78.5,BS2_S,none,BS2_S,enverus_lateralline,True,4299.957293151986,SW,,0.8503770316985042
3002555132,FIRST TEE FEDERAL COM #122H,SM Energy,30,Lea,BS2_S,BS2_S,keep,False,,True,11144.0,False,7809.0,2026-07-09,,,,False,-103.35009364,32.14839773,off_band,,1007.5,,BS1_S,none,BS2_S,enverus_lateralline,True,4199.958286334499,E,planned survey,
3002552958,BURKE STATE COM #120H,Matador,30,Lea,BS2_S,BS2_S,keep,True,,False,10522.0,False,8387.0,2024-11-23,222222.0,26496.00572314296,3180.00018000018,True,-103.39575129,32.25468376,off_band,,546.5,,BS2_C,none,BS2_S,enverus_lateralline,True,4199.958286334499,E,,1.067955369002093
4230135784,CBR 14-23-26K-56-1 32 321H,Devon,42,Loving,BS2_S,BS2_S,keep,True,,False,9608.0,False,15293.0,2022-10-26,146916.0,9606.74818544432,3297.1970377630755,False,-103.82301331,31.94877434,no_evidence,,,,BS2_S,none,BS2_S,enverus_lateralline,True,4199.958286334499,S,,0.38721226174612194
4210933569,DR STATE WISE UNIT 1 014 0147SB,Chevron,42,Culberson,BS2_S,BS2_S,keep,True,,False,7061.0,False,10874.0,2021-03-15,105729.0,9723.10097480228,7749.501082957372,True,-104.28475189,31.95430756,off_band,,1016.0,,BS2_S,none,BS2_S,enverus_lateralline,True,4199.958286334499,SW,,0.39190200960440646
3002550676,RAILSPLITTER 15 22 FEDERAL COM #012H,Devon,30,Lea,BS2_S,BS2_S,keep,True,,False,11112.0,False,7387.0,2023-05-30,100812.0,13647.218085826453,5832.688568821172,True,-103.46492742,32.03181126,ambiguous_lith,BS2_C,4.0,,BS2_S,none,BS2_S,enverus_lateralline,True,4199.958286334499,SE,,0.5500685642579936
3002550993,RED HILLS WEST 22 15 FEDERAL COM #524H,Mewbourne,30,Lea,BS2_S,BS2_S,keep,False,,True,10555.0,False,10018.0,2024-10-14,326448.0,32586.144939109603,2699.462088908494,True,-103.66418859,32.03622137,off_band,,205.0,,BS2_S,none,BS2_S,enverus_lateralline,True,4199.958286334499,S,planned survey,1.3134262124802425
3002550825,PAKSE SOUTH FEDERAL COM #221H,Permian Resources,30,Lea,BS2_S,BS2_S,keep,True,,False,9982.0,False,12354.0,2023-11-01,343785.0,27827.829043224865,969.7485346946492,True,-103.72521997,32.54671214,agree,,47.0,47.0,BS3_C,none,BS2_S,enverus_lateralline,True,4099.95927951701,N,,1.1216362098090276
3001549616,MAKERS MARK 8 5 FEDERAL COM 27 #001H,Chevron,30,Eddy,BS2_S,BS2_S,keep,True,,False,7570.0,False,11671.0,2025-06-03,388305.0,33270.92794105047,2761.367996806634,True,-104.216033,32.0632865,agree,,31.0,31.0,BS2_S,none,BS2_S,enverus_lateralline,True,4099.95927951701,SW,,1.341027266434022
4230135222,MCGREGOR D 5 UNIT 501H,EOG,42,Loving,BS2_S,BS2_S,keep,True,,False,10422.0,False,10043.0,2022-10-31,221437.0,22048.88977397192,1688.6970108879727,True,-103.54518127,31.89785576,off_band,,445.0,,BS2_C,none,BS2_S,enverus_lateralline,True,4099.95927951701,SE,,0.8887086778548402
3001547399,LIGHTFOOT 19 STATE COM #222H,V-F Petroleum,30,Eddy,BS2_S,BS2_S,keep,False,,True,7189.0,False,7311.0,2023-03-01,111343.0,15229.517165914374,2282.39763613339,True,-104.22003892,32.64360826,agree,,142.0,142.0,BS2_S,none,BS2_S,enverus_lateralline,True,4099.95927951701,NW,planned survey,0.6138451506462954
3001549443,JAMES RANCH UNIT DI 8 EAGLE #701H,Exxon Mobil,30,Eddy,BS2_S,BS2_S,keep,True,,False,9871.0,False,8776.0,2023-02-01,196983.0,22445.64721969006,1848.8092881111568,True,-103.82260636,32.35437937,off_band,,1162.0,,BS2_S,none,BS2_S,enverus_lateralline,True,3999.960272699522,N,,0.9047004937071499
4210933300,WAR ADMIRAL 18 FEE 6H,Devon,42,Culberson,BS2_S,BS2_S,keep,True,,False,7358.0,False,5255.0,2018-09-08,80920.0,15398.667935299714,12936.406327236777,False,-104.20513153,31.96261024,agree,,108.0,108.0,BS2_S,none,BS2_S,enverus_lateralline,True,3999.960272699522,SW,,0.620662988558299
4230136807,CONDOR 24 246H,Apache,42,Loving,BS2_S,BS2_S,keep,True,,False,9714.0,False,8987.0,2024-08-03,13128.0,1460.7766774229442,5498.70505789153,True,-103.6418457,31.73316383,agree,,260.0,260.0,BS3_C,none,BS2_S,enverus_lateralline,True,3999.960272699522,S,,0.05887847065960775
3001545396,JAMES RANCH UNIT DI 1 BS2A 7W #212H,Exxon Mobil,30,Eddy,BS2_S,BS2_S,keep,True,,False,9292.0,False,12737.0,2020-06-01,283014.0,22219.831985553898,1632.84148487354,True,-103.90844347,32.37229402,agree,,162.0,162.0,BS2_S,none,BS2_S,enverus_lateralline,True,3999.960272699522,NW,,0.8955987221338014
3001544209,CRAIG FEDERAL COM #002H,ConocoPhillips,30,Eddy,BS2_S,BS2_S,keep,True,,False,7544.0,False,9868.0,2017-11-03,293332.0,29725.57762464532,3454.573657152987,True,-104.25393235,32.09291433,agree,,193.0,193.0,BS2_S,none,BS2_S,enverus_lateralline,True,3999.960272699522,SW,,1.1981273914505628
4230137346,LOS VAQUEROS UNIT 2 151H,Permian Resources,42,Loving,BS2_S,BS2_S,keep,True,,False,11026.0,False,11242.0,2025-12-13,,,,False,-103.40696716,32.00505829,agree,,97.0,97.0,BS2_S,none,BS2_S,enverus_lateralline,True,3999.960272699522,SE,,
3001544434,TANKLESS FEDERAL COM #002H,ConocoPhillips,30,Eddy,BS2_S,BS2_S,keep,True,,False,10254.0,False,7073.0,2018-02-14,379791.0,53695.8857627598,1884.5048987469424,True,-103.74157121,32.3515862,agree,,11.0,11.0,BS2_S,none,BS2_S,enverus_lateralline,True,3899.9612658820342,N,,2.16428129178635
3001542825,SCREECH OWL FEDERAL #001H,ConocoPhillips,30,Eddy,BS2_S,BS2_S,keep,True,,False,7496.0,False,9790.0,2016-05-27,146228.0,14936.465781409604,4841.063271056159,True,-104.23545479,32.02039166,agree,,76.0,76.0,BS3_C,none,BS2_S,enverus_lateralline,True,3899.9612658820342,SW,,0.6020333401135854
3001555877,BILL WILSHUSEN FEDERAL COM #121H,Matador,30,Eddy,BS2_S,BS2_S,keep,True,,False,7597.0,False,9881.0,2025-06-11,141092.0,14279.121546402186,5375.719388767613,True,-104.18718174,32.47104843,no_evidence,,,,BS2_S,none,BS2_S,enverus_lateralline,True,3899.9612658820342,NW,,0.5755382407241113
3002554505,MORAN 9 FEDERAL COM #501H,Permian Resources,30,Lea,BS2_S,BS2_S,keep,True,,False,10558.0,False,10425.0,2025-09-10,,,,False,-103.68725599,32.47140899,agree,,36.0,36.0,BS2_S,none,BS2_S,enverus_lateralline,True,3899.9612658820342,N,,
3001543986,JAWBONE STATE COM #004H,Flat Creek Resources,30,Eddy,BS2_S,BS2_S,keep,True,,False,7154.0,False,4590.0,2017-05-24,44264.0,9643.572984749457,9131.980842219413,False,-104.27125214,32.15886077,agree,,67.0,67.0,BS2_S,none,BS2_S,enverus_lateralline,True,3899.9612658820342,W,,0.388696532339255
3001550125,DOUBLE STAMP 9 8 FEDERAL COM #528H,Mewbourne,30,Eddy,BS2_S,BS2_S,keep,True,,False,7567.0,False,9666.0,2024-07-15,344854.0,35677.012207738466,1168.56408799086,True,-104.08956348,32.75662224,off_band,,137.0,,BS3_C,none,BS2_S,enverus_lateralline,True,3799.962259064546,NW,,1.4380075674548847
3001550212,DOUBLE STAMP 9 8 FEDERAL COM #526H,Mewbourne,30,Eddy,BS2_S,BS2_S,keep,True,,False,7505.0,False,9747.0,2024-07-17,274387.0,28150.91823125064,1310.2114896113883,True,-104.08929193,32.76013783,off_band,,199.0,,BS3_C,none,BS2_S,enverus_lateralline,True,3799.962259064546,NW,,1.1346587323969237
3001549684,CICADA UNIT #069H,Chevron,30,Eddy,BS2_S,BS2_S,keep,True,,False,7715.0,False,10182.0,2024-11-29,404152.0,39692.79120015714,2430.2217977394644,True,-104.16819141,32.10884779,agree,,78.0,78.0,BS2_S,none,BS2_S,enverus_lateralline,True,3799.962259064546,SW,,1.5998686713696304
3001549335,JACK SLEEPER FEDERAL COM #122H,Matador,30,Eddy,BS2_S,BS2_S,keep,True,,False,8142.0,False,11534.0,2022-07-16,183364.0,15897.693774926303,2724.635151938221,True,-104.0945963,32.31405434,agree,,54.0,54.0,BS2_S,none,BS2_S,enverus_lateralline,True,3799.962259064546,W,,0.640776862712338
3002554957,MALLON 27 FEDERAL COM #123H,Matador,30,Lea,BS2_S,BS2_S,keep,False,,False,10095.0,False,7204.0,2026-02-28,,,,False,-103.5407008,32.63573768,off_band,,767.0,,BS1_S,none,BS2_S,enverus_lateralline,True,3799.962259064546,NE,,
3001555003,CAMACHO 25 26 STATE COM #201H,Permian Resources,30,Eddy,BS2_S,BS2_S,keep,False,,True,7035.0,False,10409.0,2025-11-08,,,,False,-104.24082861,32.63773754,agree,,21.0,21.0,BS2_S,none,BS2_S,enverus_lateralline,True,3699.963252247058,NW,planned survey,
4230133129,ARNO 78-TTT-B33 WF 122H,Matador,42,Loving,BS2_S,BS2_S,keep,True,,False,9576.0,False,5146.0,2017-05-02,55488.0,10782.743878740768,10199.520617070357,False,-103.61580658,31.66422462,off_band,,1083.0,,WCXY,none,BS2_S,enverus_lateralline,True,3699.9632522470574,S,,0.43461227092872506
3001557040,FOSTERS 16 15 FEDERAL COM #132H,Permian Resources,30,Eddy,BS2_S,BS2_S,keep,False,,False,7549.0,False,10508.0,2026-05-01,,,,False,-104.17403821,32.57094142,off_band,,1217.0,,BS2_S,none,BS2_S,enverus_lateralline,True,3599.96424542957,NW,,
3001556178,WAYNE GAYLORD 2930 FEDERAL COM #122H,Matador,30,Eddy,BS2_S,BS2_S,keep,True,,False,7189.0,False,10314.0,2025-09-25,,,,False,-104.20869392,32.54536789,agree,,206.0,206.0,BS2_S,none,BS2_S,enverus_lateralline,True,3599.96424542957,NW,,
3002542699,EK 29 BS2 FEDERAL COM #003H,Paloma Permian Assetco,30,Lea,BS2_S,BS2_S,keep,True,,False,9880.0,False,4550.0,2016-11-03,114403.0,25143.516483516483,1005.6204819803676,False,-103.58444827,32.71884396,agree,,66.5,66.5,BS3_C,none,BS2_S,enverus_lateralline,True,3499.965238612082,N,,1.0134415618996495
3001557280,JAMES RANCH UNIT DI 11 EKALAKA #703H,Exxon Mobil,30,Eddy,BS2_S,BS2_S,keep,False,,True,9314.0,False,13279.0,2026-06-28,,,,False,-103.88188348,32.39600299,off_band,,837.0,,BS2_S,none,BS2_S,enverus_lateralline,True,3499.965238612082,NW,planned survey,
3001543488,GADWALL 18 FEDERAL COM #005H,Devon,30,Eddy,BS2_S,BS2_S,keep,True,,False,7288.0,False,4798.0,2016-07-21,170339.0,35502.084201750724,4114.73003833532,False,-104.23160075,32.12996781,off_band,,520.5,,BS2_S,none,BS2_S,enverus_lateralline,True,3499.965238612082,W,,1.4309568706390903
4230136547,KING CANYON STATE 54-1-8-5 N 63H,Occidental,42,Loving,BS3_C,BS2_S,reassign,True,class BS3_C->BS2_S (precision 0.90) + sql/23 concurs + GOR suggest,False,10453.0,False,10226.0,2024-01-12,179447.0,17548.11265401917,2628.5867136257502,True,-103.67716217,31.9846611,flag,BS2_S,6.0,,BS2_S,suggest,BS2_S,enverus_lateralline,True,3399.9662317945936,S,reassigned in from BS3_C,0.7072991046474731
4230132953,DICK JAY 92-TTT-B01 WF 121H,Matador,42,Loving,BS2_S,BS2_S,keep,True,,False,9738.0,False,4656.0,2016-12-22,79251.0,17021.26288659794,3425.8621342317447,False,-103.59355164,31.72357559,agree,,23.0,23.0,BS2_S,none,BS2_S,enverus_lateralline,True,3399.9662317945936,S,,0.6860637515284347
3001553846,IRON ISLANDS 11 7 FEDERAL COM #521H,Mewbourne,30,Eddy,BS2_S,BS2_S,keep,False,,True,8705.0,False,10398.0,2023-09-22,228874.0,22011.348336218503,766.5527757630837,True,-103.82302324,32.76752944,no_evidence,,,,BS2_S,none,BS2_S,enverus_lateralline,True,3399.9662317945936,N,planned survey,0.8871955222332817
4210932771,MIDDLEGROUND 16 UNIT 5H,Devon,42,Culberson,BS2_S,BS2_S,keep,True,,False,7537.0,False,4705.0,2016-06-23,116904.0,24846.758767268864,7603.734688291248,False,-104.17230225,31.96275902,agree,,5.0,5.0,BS2_S,none,BS2_S,enverus_lateralline,True,3299.9672249771056,SW,,1.0014803629298505
3001548796,BENT TREE 9 11 FEDERAL COM #333H,Devon,30,Eddy,BS2_S,BS2_S,keep,True,,False,7689.0,False,9893.0,2026-01-19,,,,False,-104.17647449,32.4975508,agree,,144.5,144.5,BS2_S,none,BS2_S,enverus_lateralline,True,3199.9682181596177,NW,,
4230136237,COPPERHEAD 53-14 B201HS,Petro-Hunt,42,Loving,BS2_S,BS2_S,keep,True,,False,10469.0,False,5078.0,2024-10-07,85765.0,16889.523434423,1987.1276161604385,False,-103.52542114,31.84694672,agree,,111.0,111.0,BS2_S,none,BS2_S,enverus_lateralline,True,3199.9682181596177,SE,,0.6807538245632268
3001557113,FRESH SQUEEZED 6 5 FEDERAL COM #523H,Mewbourne,30,Eddy,BS2_S,BS2_S,keep,True,,False,8194.0,False,9550.0,2026-01-17,,,,False,-103.8990367,32.7793032,no_evidence,,,,BS2_S,none,BS2_S,enverus_lateralline,True,3199.9682181596177,N,,
3002550528,PERLA VERDE 31 STATE COM #401H,Exxon Mobil,30,Lea,BS2_S,BS2_S,keep,True,,False,10558.0,False,9811.0,2024-03-01,96127.0,9797.879930690042,664.4751214539099,True,-103.5028179,32.6244818,off_band,,365.0,,BS2_S,none,BS2_S,enverus_lateralline,True,3199.9682181596177,NE,,0.3949160709789083
3001543658,COTTONBERRY 20 FEDERAL COM #004H,Devon,30,Eddy,BS2_S,BS2_S,keep,True,,False,7508.0,False,4511.0,2017-06-19,166824.0,36981.6005320328,4874.856135807798,False,-104.20523002,32.11533516,agree,,72.0,72.0,BS2_S,none,BS2_S,enverus_lateralline,True,3099.9692113421297,SW,,1.4905906669539404
3002553732,COW BELL 9 4 FEDERAL COM #508H,Mewbourne,30,Lea,BS2_S,BS2_S,keep,True,,False,9956.0,False,9880.0,2025-03-28,258024.0,26115.78947368421,1045.8368213809567,True,-103.55925401,32.68298766,off_band,,784.0,,BS2_S,none,BS2_S,enverus_lateralline,True,3099.9692113421297,NE,,1.0526302672024417
3001546598,DAISY 24 STATE COM #506H,ConocoPhillips,30,Eddy,BS2_S,BS2_S,keep,True,,False,7837.0,False,10120.0,2020-09-15,268060.0,26488.14229249012,4184.484816832052,True,-104.1370211,32.10789698,agree,,40.0,40.0,BS2_S,none,BS2_S,enverus_lateralline,True,3099.9692113421297,SW,,1.067638423381224
4230135500,MAHOGANY 24-13K-56-1 32 324H,Devon,42,Loving,BS2_S,BS2_S,keep,True,,False,9426.0,False,10170.0,2021-12-24,254775.0,25051.62241887905,3360.408203316652,True,-103.81172943,31.95672035,agree,,158.5,158.5,BS3_C,none,BS2_S,enverus_lateralline,True,2999.9702045246418,S,,1.0097376541961858
3001542646,MARQUARDT FEDERAL #017H,Devon,30,Eddy,BS2_S,BS2_S,keep,True,,False,7138.0,False,4517.0,2016-02-06,155359.0,34394.28824441,4953.333891181071,False,-104.24352781,32.14447064,agree,,104.0,104.0,BS2_S,none,BS2_S,enverus_lateralline,True,2899.9711977071534,W,,1.3863057389642703
3001555123,PRATER 10 9 24S 28E RB #124H,Matador,30,Eddy,BS3_S,BS2_S,reassign,True,card verdict AGREE (BS3_S->BS2_S),False,8195.0,False,10711.0,2025-06-30,106244.0,9919.148538885258,2505.346184255111,True,-104.08349205,32.229114,flag,BS2_S,33.5,,BS2_S,none,BS2_S,enverus_lateralline,True,2899.9711977071534,W,reassigned in from BS3_S,0.39980395719718353
3002550677,RAILSPLITTER 15 22 FEDERAL COM #013H,Devon,30,Lea,BS2_S,BS2_S,keep,True,,False,11105.0,False,7438.0,2023-05-22,108190.0,14545.576767948374,6566.161382752565,True,-103.46340788,32.03181126,ambiguous_lith,BS2_C,11.0,,BS2_S,none,BS2_S,enverus_lateralline,True,2899.9711977071534,SE,,0.5862780589224574
3002547419,MUSKIE 23 11 FEDERAL COM #009H,Devon,30,Lea,BS2_S,BS2_S,tvd_suspect,False,"card verdict REJECT (BS2_S->WCA): TVD wrong, tag right; TVD not evidence",True,12800.0,True,12663.0,2024-10-21,202282.0,15974.25570559899,5705.020713657172,True,-103.44720184,32.04766389,flag,WCA_1,18.0,,WCA_1,own,BS2_S,enverus_lateralline,True,2899.9711977071534,SE,TVD suspect (A-prime); planned survey; permit-round TVD,0.6438627891639481
3001549002,GEORGE 14 15 24S 28E #123H,Matador,30,Eddy,BS2_S,BS2_S,keep,True,,False,8315.0,False,10454.0,2022-04-18,150033.0,14351.73139468146,2563.6826564822404,True,-104.06673105,32.21613966,off_band,,433.0,,BS2_S,none,BS2_S,enverus_lateralline,True,2799.9721908896654,W,,0.5784648734446254
3002545059,CAST AWAY 6 B2BW STATE COM UNIT #001H,Mewbourne,30,Lea,BS2_S,BS2_S,keep,True,,False,9894.0,False,7508.0,2019-03-10,65913.0,8779.035695258392,1274.8623185107642,True,-103.40532269,32.51147284,no_evidence,,,,BS2_S,none,BS2_S,enverus_lateralline,True,2799.9721908896654,NE,,0.35385025212396753
4230136866,COBRA STATE 53-46 B203HS,Petro-Hunt,42,Loving,BS2_S,BS2_S,keep,False,,False,10025.0,False,4814.0,2026-04-01,,,,False,-103.53219604,31.77417564,off_band,,712.0,,BS2_S,none,BS2_S,enverus_lateralline,True,2799.9721908896654,S,,
4230133174,DOROTHY WHITE 82-TTT-B33 WF 124H,Matador,42,Loving,BS2_S,BS2_S,keep,True,,False,9560.0,False,6651.0,2017-05-26,38324.0,5762.141031423847,8559.414466130884,True,-103.61645508,31.70266724,agree,,109.5,109.5,BS2_S,none,BS2_S,enverus_lateralline,True,2799.9721908896654,S,,0.23225045751259757
3002542977,ELAND 32 18 33 RN STATE COM #123H,Matador,30,Lea,BS2_S,BS2_S,keep,True,,False,9770.0,False,4704.0,2017-02-25,50849.0,10809.736394557824,505.3393380400794,False,-103.68271157,32.70374575,agree,,49.5,49.5,BS2_S,none,BS2_S,enverus_lateralline,True,2699.9731840721774,N,,0.4357002387715354
3001557617,PINTA 29 27 FEDERAL COM #522H,Mewbourne,30,Eddy,BS2_S,BS2_S,keep,False,,False,6968.0,False,15241.0,2026-06-04,,,,False,-104.28539446,32.5499627,agree,,125.5,125.5,BS2_S,none,BS2_S,enverus_lateralline,True,2699.9731840721774,NW,,
3002554052,PEACHTREE 24 FEDERAL COM #202H,EOG,30,Lea,BS2_S,BS2_S,keep,True,,False,11292.0,False,9682.0,2025-05-25,128956.0,13319.148936170212,3533.336952138714,True,-103.51957008,32.03703982,off_band,,1655.5,,BS2_C,none,BS2_S,enverus_lateralline,True,2699.9731840721774,SE,,0.5368453179528605
4230136812,VIPER 53-47 Q B201HS,Petro-Hunt,42,Loving,BS2_S,BS2_S,keep,False,,False,10117.0,False,10492.0,2026-04-10,,,,False,-103.52718353,31.78094101,agree,,13.5,13.5,BS2_S,none,BS2_S,enverus_lateralline,True,2699.9731840721774,S,,
3002554661,ELECTRA SPECIAL 0310 FEDERAL COM #121H,Matador,30,Lea,BS2_S,BS2_S,keep,True,,False,10550.0,False,12633.0,2025-09-28,,,,False,-103.6678259,32.50363235,no_evidence,,,,BS2_S,none,BS2_S,enverus_lateralline,True,2699.9731840721774,N,,
3001554320,MADERA 9 STATE COM #121H,Permian Resources,30,Eddy,BS2_S,BS2_S,keep,True,,False,7277.0,False,9699.0,2024-06-01,207312.0,21374.57469842252,2249.09315427954,True,-104.19019575,32.68040702,agree,,13.0,13.0,BS2_S,none,BS2_S,enverus_lateralline,True,2599.9741772546895,NW,,0.8615295470508704
4230136424,LINDSAY 9-4Q-55-1 32 324H,Devon,42,Loving,BS2_S,BS2_S,keep,True,,False,9822.0,False,10078.0,2023-11-20,106311.0,10548.819210160746,3320.559490551307,True,-103.76580048,31.98583221,agree,,18.0,18.0,BS2_S,none,BS2_S,enverus_lateralline,True,2599.9741772546895,S,,0.4251836382373506
3001553847,IRON ISLANDS 11 7 FEDERAL COM #523H,Mewbourne,30,Eddy,BS2_S,BS2_S,keep,False,,True,8798.0,False,10441.0,2023-09-20,223101.0,21367.780863901924,657.3659463650993,True,-103.82302376,32.76390267,no_evidence,,,,BS2_S,none,BS2_S,enverus_lateralline,True,2499.975170437201,N,planned survey,0.8612557128689112
3001549496,LOCAL LEGEND 18 17 B2DA FEDERAL COM #001H,Mewbourne,30,Eddy,BS2_S,BS2_S,keep,False,,True,8489.0,False,9829.0,2022-10-17,180561.0,18370.230949231864,1280.4426204994434,True,-103.89948201,32.7536007,no_evidence,,,,BS2_S,none,BS2_S,enverus_lateralline,True,2499.975170437201,N,planned survey,0.7404356330926029
4230136243,COPPERHEAD 53-14 B202HS,Petro-Hunt,42,Loving,BS2_S,BS2_S,keep,True,,False,10517.0,False,5080.0,2024-10-07,133466.0,26272.834645669293,2210.8177363523296,False,-103.51834106,31.84644508,agree,,159.0,159.0,BS2_S,none,BS2_S,enverus_lateralline,True,2499.975170437201,SE,,1.058960173541903
4230137395,JOEY CHESTNUT 202BS,Admiral Permian Resources,42,Loving,BS2_S,BS2_S,keep,True,,False,10245.0,False,10386.0,2026-01-15,,,,False,-103.50854492,31.79511261,off_band,,1272.0,,BS2_S,none,BS2_S,enverus_lateralline,True,2499.975170437201,SE,,
3001557001,TAIPAN 21 FEDERAL COM #124H,Permian Resources,30,Eddy,BS2_S,BS2_S,keep,False,,False,7500.0,True,10340.0,2026-05-01,,,,False,-104.17354868,32.55259711,no_evidence,,,,BS2_S,none,BS2_S,enverus_lateralline,True,2499.975170437201,NW,permit-round TVD,
3002550525,PERLA VERDE 31 STATE COM #402H,Exxon Mobil,30,Lea,BS2_S,BS2_S,keep,True,,False,10598.0,False,10402.0,2024-03-01,100737.0,9684.387617765817,685.2497096399535,True,-103.49947177,32.62441712,off_band,,328.5,,BS2_S,none,BS2_S,enverus_lateralline,True,2499.975170437201,NE,,0.3903416182785896
4238939551,STATE AL OLSON 57-T2-6X43 2B B20 B202H,BP,42,Reeves,BS2_S,BS2_S,keep,True,,False,8226.0,False,7173.0,2022-06-10,3154.0,439.7044472326781,5789.473684210527,True,-104.00357056,31.88078308,agree,,11.0,11.0,BS2_S,none,BS2_S,enverus_lateralline,True,2399.976163619713,SW,,0.017722849628843372
3001554401,RANA SALADA 0604 FEDERAL COM #116H,Permian Resources,30,Eddy,BS2_S,BS2_S,keep,False,,False,8648.0,False,16817.0,2026-07-01,,,,False,-104.00454231,32.32979079,agree,,65.0,65.0,BS2_S,none,BS2_S,enverus_lateralline,True,2399.976163619713,W,,
4230135337,BARNETT TRUST 90-TTT-B01 WF D 123H,Matador,42,Loving,BS2_S,BS2_S,keep,True,,False,9945.0,False,9917.0,2022-02-11,207001.0,20873.34879499849,3660.1852164965385,True,-103.58094788,31.74384689,off_band,,641.0,,BS2_S,none,BS2_S,enverus_lateralline,True,2399.976163619713,S,,0.84132699651409
4230137324,LOS VAQUEROS UNIT 2 121H,Permian Resources,42,Loving,BS2_S,BS2_S,keep,True,,False,11151.0,False,9887.0,2026-01-02,,,,False,-103.40966797,32.0065155,agree,,28.0,28.0,BS2_S,none,BS2_S,enverus_lateralline,True,2399.976163619713,SE,,
3001546017,PAVO FRIO 29 28 B3BA FEDERAL COM #001H,Mewbourne,30,Eddy,BS2_S,BS2_S,keep,False,,True,7874.0,False,7422.0,2020-10-24,159353.0,21470.35839396389,1727.1278231348012,True,-104.08388495,32.72462528,agree,,77.0,77.0,BS2_S,none,BS2_S,enverus_lateralline,True,2399.976163619713,NW,planned survey,0.8653902312983425
4238941044,THREADFIN 57-1-47-35 G 6 64H,Occidental,42,Reeves,BS2_S,BS2_S,keep,True,,False,8772.0,False,11137.0,2024-08-23,18853.0,1692.82571608153,3791.4390282713625,True,-103.92568207,31.91160965,agree,,59.0,59.0,BS2_S,none,BS2_S,enverus_lateralline,True,2299.977156802225,S,,0.06823150369019598
3001542238,LONGVIEW FEDERAL 12 #004H,Devon,30,Eddy,BS2_S,BS2_S,keep,True,,False,8440.0,False,4652.0,2016-01-15,92560.0,19896.81857265692,1424.297752808989,False,-104.03321908,32.33353237,agree,,29.0,29.0,BS2_S,none,BS2_S,enverus_lateralline,True,2299.977156802225,W,,0.8019666980283612
3002554576,STONE COLD 23 14 FEDERAL COM #528H,Mewbourne,30,Lea,BS2_S,BS2_S,keep,True,,False,9679.0,False,10447.0,2025-11-09,,,,False,-103.62728568,32.74031249,agree,,2.0,2.0,BS2_C,none,BS2_S,enverus_lateralline,True,2299.977156802225,N,,
4230135800,LINDSAY 2-11D-55-1 32 321H,Devon,42,Loving,BS2_S,BS2_S,keep,True,,False,9829.0,False,7226.0,2022-10-18,108208.0,14974.813174647108,3265.4609640692,True,-103.73208618,31.98867798,agree,,154.0,154.0,BS2_S,none,BS2_S,enverus_lateralline,True,2299.977156802225,S,,0.6035789808008327
4210933317,GRINDSTONE 2 FEE 4H,Devon,42,Culberson,BS2_S,BS2_S,keep,True,,False,7271.0,False,4370.0,2018-10-15,117307.0,26843.70709382151,9915.640157876342,False,-104.23917389,31.99353409,agree,,62.0,62.0,BS2_S,none,BS2_S,enverus_lateralline,True,2299.977156802225,SW,,1.0819699170628676
3001554317,KLONDIKE 9 STATE COM #124H,Permian Resources,30,Eddy,BS2_S,BS2_S,keep,True,,False,7299.0,False,9709.0,2024-06-01,150974.0,15549.902152641878,4003.907957661584,True,-104.19053561,32.66968344,ambiguous,,7.0,9.0,BS3_C,none,BS2_S,enverus_lateralline,True,2299.977156802225,NW,,0.6267586769452592
4230135214,MARSH 81-TTT-B33 WF SA 122H,Matador,42,Loving,BS2_S,BS2_S,keep,True,,False,9570.0,False,6852.0,2021-04-01,63817.0,9313.631056625802,6952.677186329662,True,-103.62454224,31.6879158,agree,,9.0,9.0,BS2_S,none,BS2_S,enverus_lateralline,True,2299.977156802225,S,,0.37539780130483386
4210932739,HORN SPLITTER STATE UNIT 100 1004H,ConocoPhillips,42,Culberson,BS2_S,BS2_S,keep,True,,False,7586.0,False,3834.0,2016-04-22,111316.0,29033.9071465832,10033.74178015739,False,-104.15940857,31.9777298,agree,,6.0,6.0,BS2_S,none,BS2_S,enverus_lateralline,True,2299.977156802225,SW,,1.1702487289704482
4230133857,WEBER 26 G006,Lime Rock Resources,42,Loving,BS2_S,BS2_S,keep,True,,False,10528.0,False,3992.0,2018-08-04,39845.0,9981.2124248497,3199.347471451876,False,-103.4786377,31.83966637,off_band,,501.5,,BS1_S,none,BS2_S,enverus_lateralline,True,2199.9781499847372,SE,,0.4023055214302772
3002552229,CAPER 20 29 FEDERAL COM #521H,Mewbourne,30,Lea,BS2_S,BS2_S,keep,True,,False,10511.0,False,10310.0,2024-12-29,244761.0,23740.15518913676,1550.7209073340932,True,-103.70426668,32.4568415,agree,,2.0,2.0,BS2_S,none,BS2_S,enverus_lateralline,True,2199.9781499847372,N,,0.9568772916227343
4238939536,STATE AL OLSON 57-T2-6X43 2C B20 B203H,BP,42,Reeves,BS2_S,BS2_S,keep,True,,False,8248.0,False,7172.0,2022-05-17,104287.0,14540.85331846068,2472.1010288914244,True,-103.99962616,31.88039398,agree,,22.0,22.0,BS2_S,none,BS2_S,enverus_lateralline,True,2199.9781499847372,SW,,0.5860876742549229
3002549869,TATANKA FEDERAL COM #651H,Devon,30,Lea,BS2_S,BS2_S,keep,False,,True,10770.0,False,9587.0,2025-10-01,,,,False,-103.34563358,32.06425304,no_evidence,,,,BS2_S,none,BS2_S,enverus_lateralline,True,2199.9781499847372,SE,planned survey,
3002550805,BRAVOS 15 10 B2OB FEDERAL COM #001H,Mewbourne,30,Lea,BS3_S,BS2_S,reassign,False,card verdict AGREE (BS3_S->BS2_S),True,9512.0,False,9932.0,2023-03-03,409209.0,41201.06725734998,771.7010134185709,True,-103.64902196,32.75558915,flag,BS2_S,69.0,,BS2_S,none,BS2_S,enverus_lateralline,True,1999.980136349761,N,reassigned in from BS3_S; planned survey,1.6606616652286812
3002548841,JEFE 29 FEDERAL COM #506H,EOG,30,Lea,BS2_S,BS2_S,keep,True,,False,10371.0,False,7143.0,2021-12-12,121183.0,16965.280694386114,3651.7993447925865,True,-103.69298159,32.0896715,off_band,,950.0,,BS2_S,none,BS2_S,enverus_lateralline,True,1999.980136349761,S,,0.6838073177336267
3001544083,HEYCO STATE #121H,Matador,30,Eddy,BS2_S,BS2_S,keep,True,,False,8657.0,False,4300.0,2017-09-01,26220.0,6097.674418604651,4855.377574370709,False,-104.00173587,32.52953746,no_evidence,,,,BS2_S,none,BS2_S,enverus_lateralline,True,1999.980136349761,NW,,0.24577455944944948
4238936028,ARCHER 56-2-5 1H,Occidental,42,Reeves,BS2_S,BS2_S,keep,True,,False,8785.0,False,4607.0,2018-12-02,77079.0,16730.844367267204,2897.58559400096,False,-103.88934326,31.87669754,off_band,,701.0,,BS3_C,none,BS2_S,enverus_lateralline,True,1999.980136349761,S,,0.6743580619910116
3001542236,LONGVIEW FEDERAL 12 #002H,Devon,30,Eddy,BS2_S,BS2_S,keep,True,,False,8332.0,False,4886.0,2016-01-15,83781.0,17147.155137126483,1658.335422112412,False,-104.03774953,32.33322907,agree,,101.0,101.0,BS2_S,none,BS2_S,enverus_lateralline,True,1999.980136349761,W,,0.6911379995593475
3002555129,FIRST TEE FEDERAL COM #121H,SM Energy,30,Lea,BS2_S,BS2_S,keep,False,,True,11144.0,False,7801.0,2026-07-01,,,,False,-103.35431692,32.14836728,off_band,,997.0,,BS1_S,none,BS2_S,enverus_lateralline,True,1999.980136349761,E,planned survey,
3001549428,BO HOWARD 1211 FEDERAL COM #122H,Matador,30,Eddy,BS2_S,BS2_S,keep,True,,False,7767.0,False,7287.0,2022-11-14,175128.0,24032.93536434747,3337.935681330227,True,-104.14800977,32.49743683,off_band,,1078.0,,BS2_S,none,BS2_S,enverus_lateralline,True,1999.980136349761,NW,,0.9686781707182783
3001556296,JAMES RANCH UNIT APACHE #706H,Exxon Mobil,30,Eddy,BS2_S,BS2_S,keep,False,,True,9589.0,False,10331.0,2026-04-17,,,,False,-103.84310953,32.38949658,no_evidence,,,,BS2_S,none,BS2_S,enverus_lateralline,True,1999.980136349761,N,planned survey,
3001543455,COTTONBERRY 20 FEDERAL COM #002H,Devon,30,Eddy,BS2_S,BS2_S,keep,True,,False,7388.0,False,4617.0,2017-02-19,204191.0,44225.90426683994,4277.495090381065,False,-104.21417052,32.11537547,agree,,48.0,48.0,BS2_S,none,BS2_S,enverus_lateralline,True,1899.981129532273,SW,,1.782581586230942
3002551338,BELGIAN BLUE 28 21 STATE COM #523H,Mewbourne,30,Lea,BS2_S,BS2_S,keep,True,,False,9788.0,False,10312.0,2024-02-01,185749.0,18012.897595034912,519.9812650404579,True,-103.46487459,32.72607857,no_evidence,,,,BS3_C,none,BS2_S,enverus_lateralline,True,1899.981129532273,NE,,0.72603285562774
3001555098,BIG SINKS 1 12 H3BO FEDERAL COM #001H,Mewbourne,30,Eddy,BS2_S,BS2_S,keep,True,,False,10088.0,False,10143.0,2025-11-09,,,,False,-103.73020295,32.06437944,agree,,153.5,153.5,BS2_S,none,BS2_S,enverus_lateralline,True,1899.981129532273,S,,
3002554327,DIRE WOLF 16 9 FEDERAL COM #528H,Mewbourne,30,Lea,BS2_S,BS2_S,keep,False,,False,9503.0,False,9810.0,2026-05-09,,,,False,-103.66107152,32.75559904,no_evidence,,,,BS2_S,none,BS2_S,enverus_lateralline,True,1899.981129532273,N,,
3001543987,JAWBONE STATE #001H,Flat Creek Resources,30,Eddy,BS2_S,BS2_S,keep,True,,False,7256.0,False,4512.0,2017-04-12,64227.0,14234.70744680851,6662.33826895231,False,-104.25699208,32.15888377,agree,,87.5,87.5,BS3_C,none,BS2_S,enverus_lateralline,True,1899.981129532273,W,,0.573748073684744
3002555312,NORTH WILSON DEEP UNIT #014H,Mewbourne,30,Lea,BS2_S,BS2_S,keep,False,,False,9618.0,False,10251.0,2026-04-18,,,,False,-103.3828253,32.49381898,agree,,380.0,380.0,BS1_S,none,BS2_S,enverus_lateralline,True,1899.981129532273,NE,,
4230133495,FALCON STATE UNIT S 2H,Apache,42,Loving,BS2_S,BS2_S,keep,True,,False,9570.0,False,4761.0,2017-11-09,74169.0,15578.449905482044,2918.456497997816,False,-103.62765503,31.76106071,off_band,,1403.0,,BS3_C,none,BS2_S,enverus_lateralline,True,1899.981129532273,S,,0.6279093306036697
3001556189,JAMES RANCH UNIT APACHE #708H,Exxon Mobil,30,Eddy,BS2_S,BS2_S,keep,False,,False,9823.0,False,6961.0,2026-04-02,,,,False,-103.84029833,32.38319554,no_evidence,,,,BS2_S,none,BS2_S,enverus_lateralline,True,1799.982122714785,NW,,
3001550126,DOUBLE STAMP 9 8 B2AB FEDERAL COM #001H,Mewbourne,30,Eddy,BS2_S,BS2_S,keep,False,,True,7326.0,False,7721.0,2023-06-06,268878.0,34824.24556404611,1686.3038255268189,True,-104.08419297,32.76743599,agree,,210.0,210.0,BS2_S,none,BS2_S,enverus_lateralline,True,1799.982122714785,NW,planned survey,1.4036357181598162
3001545534,SRO 5 STATE COM #507H,ConocoPhillips,30,Eddy,BS3_C,BS2_S,reassign,True,class BS3_C->BS2_S (precision 0.90) + sql/23 concurs + GOR none,False,8040.0,False,9913.0,2019-10-09,206749.0,20856.350247150207,4727.573047511717,True,-104.1084485,32.06389811,flag,BS2_S,53.5,,BS2_S,none,BS2_S,enverus_lateralline,True,1799.982122714785,SW,reassigned in from BS3_C,0.8406418483212077
3002554076,PEACHTREE 25 FEDERAL COM #504H,EOG,30,Lea,BS2_S,BS2_S,keep,False,,False,11310.0,False,9858.0,2026-06-18,,,,False,-103.52699983,32.03676796,off_band,,1637.5,,BS2_C,none,BS2_S,enverus_lateralline,True,1799.982122714785,SE,,
3002552870,BIGGERS FEDERAL COM #121H,Matador,30,Lea,BS2_S,BS2_S,keep,True,,False,11198.0,False,10009.0,2024-11-01,206076.0,20589.06983714657,3010.4815699062483,True,-103.41386031,32.13814547,ambiguous_lith,BS2_C,25.0,,BS3_S,none,BS2_S,enverus_lateralline,True,1799.982122714785,SE,,0.8298687698476043
3001555001,CAMACHO 25 26 STATE COM #203H,Permian Resources,30,Eddy,BS2_S,BS2_S,keep,True,,False,7043.0,False,10436.0,2025-11-12,,,,False,-104.241302,32.62934302,off_band,,1296.0,,BS2_S,none,BS2_S,enverus_lateralline,True,1799.982122714785,NW,,
3001556299,JAMES RANCH UNIT APACHE #711H,Exxon Mobil,30,Eddy,BS2_S,BS2_S,keep,False,,True,9815.0,False,7636.0,2026-04-03,,,,False,-103.83839898,32.37696669,off_band,,1169.0,,BS2_S,none,BS2_S,enverus_lateralline,True,1699.9831158972968,N,planned survey,
3001556021,JAMES RANCH UNIT APACHE #136H,Exxon Mobil,30,Eddy,BS2_S,BS2_S,keep,False,,False,9828.0,False,7001.0,2026-03-30,,,,False,-103.8400935,32.3762075,off_band,,1134.5,,BS2_S,none,BS2_S,enverus_lateralline,True,1699.9831158972968,NW,,
3001557790,KOALA 9 FEDERAL COM #124H,Permian Resources,30,Eddy,BS2_S,BS2_S,keep,False,,False,7531.0,False,10314.0,2026-06-01,,,,False,-104.17370219,32.58184853,agree,,38.0,38.0,BS2_S,none,BS2_S,enverus_lateralline,True,1699.9831158972968,NW,,
3001555101,EMMETT FEDERAL COM #121H,Matador,30,Eddy,BS2_S,BS2_S,keep,True,,False,8222.0,False,10164.0,2025-06-29,144709.0,14237.406532861078,2980.4642420305577,True,-104.08405716,32.23876415,off_band,,445.0,,BS2_S,none,BS2_S,enverus_lateralline,True,1699.9831158972968,W,,0.5738568637971616
3002552860,BIGGERS FEDERAL COM #123H,Matador,30,Lea,BS2_S,BS2_S,keep,True,,False,11144.0,False,10486.0,2024-11-09,240394.0,22925.23364485981,2788.1893890862502,True,-103.4039923,32.1377122,ambiguous_lith,BS2_C,29.0,,BS2_C,none,BS2_S,enverus_lateralline,True,1699.9831158972968,E,,0.9240308374205494
4230134990,TONOPAH 53-2-27 LOV SB 3H,ConocoPhillips,42,Loving,BS2_S,BS2_S,keep,True,,False,10169.0,False,4388.0,2021-06-17,86067.0,19614.175022789423,2428.363949016464,False,-103.53435516,31.81775856,agree,,188.5,188.5,BS2_S,none,BS2_S,enverus_lateralline,True,1699.9831158972968,SE,,0.7905743885705189
4230136225,PYTHON 54-1-37-48 F 66HA,Occidental,42,Loving,BS2_S,BS2_S,keep,True,,False,10452.0,False,9628.0,2023-08-30,365597.0,37972.26838388035,1894.8158764978923,True,-103.60033417,31.89735222,agree,,79.5,79.5,BS2_S,none,BS2_S,enverus_lateralline,True,1699.9831158972968,S,,1.5305208006628965
3002550980,ZEUS 2 11 2BS FEDERAL COM #003H,3r Operating,30,Lea,BS2_S,BS2_S,keep,False,,True,10300.0,True,9838.0,2023-11-01,115735.0,11764.078064647289,706.6488097809652,True,-103.43544152,32.59431401,no_evidence,,,,BS2_S,none,BS2_S,enverus_lateralline,True,1699.9831158972968,NE,planned survey; permit-round TVD,0.4741661993047584
4230136694,CONDOR 24 242H,Apache,42,Loving,BS2_S,BS2_S,keep,True,,False,9724.0,False,9014.0,2024-08-03,2452.0,272.0213001996894,5531.810766721044,True,-103.64560699,31.73618889,off_band,,365.0,,BS3_C,none,BS2_S,enverus_lateralline,True,1699.9831158972968,S,,0.010964166111175209
4210933620,DR STATE WISE UNIT 1 104 1041SB,Chevron,42,Culberson,BS2_S,BS2_S,keep,True,,False,7367.0,False,4972.0,2021-09-29,122911.0,24720.635559131137,8459.324226472814,False,-104.23674011,31.94749451,agree,,21.0,21.0,BS2_S,none,BS2_S,enverus_lateralline,True,1599.9841090798088,SW,,0.9963968058573669
4230132593,BILLY BURT 90-TTT-B33 WF 124H,Matador,42,Loving,BS2_S,BS2_S,keep,True,,False,9773.0,False,6597.0,2016-09-15,131643.0,19954.9795361528,3651.861473834537,True,-103.6567688,31.75395012,off_band,,356.0,,BS2_S,none,BS2_S,enverus_lateralline,True,1599.9841090798088,S,,0.8043109499839497
3001549687,CICADA UNIT #072H,Chevron,30,Eddy,BS2_S,BS2_S,keep,True,,False,7898.0,False,10168.0,2024-11-29,180708.0,17772.226593233674,2889.324213648538,True,-104.15777007,32.1085846,agree,,99.5,99.5,BS2_S,none,BS2_S,enverus_lateralline,True,1599.9841090798088,SW,,0.7163323033549781
3002552273,PAKSE 5 SOUTH FEDERAL COM #224H,Permian Resources,30,Lea,BS2_S,BS2_S,keep,False,,True,9865.0,False,7218.0,2024-07-12,176446.0,24445.27569963979,1303.7416546705508,True,-103.71220723,32.55396826,agree,,93.5,93.5,BS2_S,none,BS2_S,enverus_lateralline,True,1599.9841090798088,N,planned survey,0.9852980748477118
3001555002,CAMACHO 25 26 STATE COM #202H,Permian Resources,30,Eddy,BS2_S,BS2_S,keep,True,,False,7018.0,False,9879.0,2025-11-11,,,,False,-104.24205141,32.63347815,off_band,,1321.0,,BS2_S,none,BS2_S,enverus_lateralline,True,1599.9841090798088,NW,,
4230136156,GELLER 54-2 SB UNIT 3752H,ConocoPhillips,42,Loving,BS2_S,BS2_S,keep,True,,False,9805.0,False,10038.0,2023-08-02,55899.0,5568.738792588165,2705.1646719977102,True,-103.60953522,31.78100967,off_band,,1300.0,,BS2_S,none,BS2_S,enverus_lateralline,True,1599.9841090798088,S,,0.2244551331342825
4230135816,WEBER 26 L80 L801,Lime Rock Resources,42,Loving,BS2_S,BS2_S,keep,True,,False,10532.0,False,5112.0,2022-12-19,93771.0,18343.309859154928,591.8674216975397,False,-103.48751831,31.83685684,off_band,,505.5,,BS3_C,none,BS2_S,enverus_lateralline,True,1499.9851022623209,SE,,0.7393505441555205
3002549870,TATANKA FEDERAL COM #652H,Devon,30,Lea,BS2_S,BS2_S,keep,False,,True,10739.0,False,9829.0,2025-10-01,,,,False,-103.34080406,32.06435709,no_evidence,,,,BS2_S,none,BS2_S,enverus_lateralline,True,1499.9851022623209,SE,planned survey,
3002551126,MORPHEUS 25 36 STATE COM #001H,3r Operating,30,Lea,BS2_S,BS2_S,keep,True,,False,10372.0,False,7789.0,2024-01-13,111553.0,14321.864167415586,856.1132376538507,True,-103.41682079,32.53321914,no_evidence,,,,BS2_S,none,BS2_S,enverus_lateralline,True,1499.9851022623209,NE,,0.5772610366833759
3002550900,LOE FEDERAL #502H,Devon,30,Lea,BS2_S,BS2_S,keep,True,,False,10513.0,False,9700.0,2025-06-01,174987.0,18039.89690721649,5893.152062724659,True,-103.3227501,32.12422865,off_band,,1204.5,,BS3_S,none,BS2_S,enverus_lateralline,True,1499.9851022623209,E,,0.7271210974067073
3001555239,MOCKINGBIRD 16 17 FEDERAL COM #523H,Mewbourne,30,Eddy,BS3_C,BS2_S,reassign,True,card verdict AGREE (BS3_C->BS2_S),False,7653.0,False,7738.0,2025-02-06,203932.0,26354.61359524425,2203.886589647529,True,-104.08410755,32.74933457,flag,BS2_S,75.0,,BS3_C,none,BS2_S,enverus_lateralline,True,1499.9851022623209,NW,reassigned in from BS3_C,1.0622563786070176
3002551437,SAND CHUTE 33 9 FEDERAL COM #506H,Mewbourne,30,Lea,BS2_S,BS2_S,keep,True,,False,10603.0,False,12697.0,2023-08-01,212210.0,16713.396865401275,521.4457377126431,True,-103.46013735,32.59817985,off_band,,664.0,,BS2_S,none,BS2_S,enverus_lateralline,True,1499.9851022623209,NE,,0.6736548181327451
4230137052,CENTURION 53-2 UNIT 3941H,ConocoPhillips,42,Loving,BS2_S,BS2_S,keep,True,,False,10150.0,False,10382.0,2025-12-15,,,,False,-103.54579926,31.79607582,agree,,90.0,90.0,BS2_S,none,BS2_S,enverus_lateralline,True,1499.9851022623209,S,,
3001554223,BO HOWARD 1211 FEDERAL COM #124H,Matador,30,Eddy,BS2_S,BS2_S,keep,True,,False,7783.0,False,7368.0,2023-12-06,187207.0,25408.11617806732,3767.893294588344,True,-104.14792486,32.4900205,off_band,,1033.5,,BS2_S,none,BS2_S,enverus_lateralline,True,1499.9851022623209,NW,,1.0241065907113343
3002545236,VAN DOO DAH 28 33 FEDERAL COM #235H,Devon,30,Lea,BS2_S,BS2_S,keep,True,,False,10621.0,False,9890.0,2019-05-26,213593.0,21596.86552072801,3387.114746269775,True,-103.67784821,32.09390908,agree,,200.5,200.5,BS3_C,none,BS2_S,enverus_lateralline,True,1499.9851022623209,S,,0.8704892627016594
3002554326,DIRE WOLF 16 9 FEDERAL COM #526H,Mewbourne,30,Lea,BS2_S,BS2_S,keep,False,,False,9499.0,False,9925.0,2026-05-11,,,,False,-103.66536453,32.7554601,no_evidence,,,,BS2_S,none,BS2_S,enverus_lateralline,True,1399.9860954448327,N,,
3002554190,EMERALD FEDERAL COM #513H,Devon,30,Lea,BS2_S,BS2_S,keep,False,,False,9832.0,False,9706.0,2026-05-17,,,,False,-103.70455535,32.69699512,off_band,,644.0,,BS2_S,none,BS2_S,enverus_lateralline,True,1399.9860954448327,N,,
3002554424,REGAL LAGER 31 19 FEDERAL COM #022H,Occidental,30,Lea,BS2_S,BS2_S,keep,False,,True,10436.0,False,15766.0,2026-04-06,,,,False,-103.71647389,32.44962344,agree,,22.5,22.5,BS2_S,none,BS2_S,enverus_lateralline,True,1399.9860954448327,N,planned survey,
3002552861,BIGGERS FEDERAL COM #124H,Matador,30,Lea,BS2_S,BS2_S,keep,True,,False,11144.0,False,10473.0,2024-11-09,237901.0,22715.64976606512,2647.218801097936,True,-103.40186005,32.137667,ambiguous_lith,BS2_C,29.0,,BS2_C,none,BS2_S,enverus_lateralline,True,1399.9860954448327,E,,0.9155832913657275
4238939788,ALPHA STATE BS 11H,ConocoPhillips,42,Reeves,BS2_S,BS2_S,keep,True,,False,8354.0,False,10105.0,2023-04-13,85441.0,8455.319148936169,2206.8678971453987,True,-103.99930573,31.95635414,off_band,,1430.0,,BS2_S,none,BS2_S,enverus_lateralline,True,1399.9860954448327,SW,,0.3408024430582536
3001543984,JAWBONE STATE #002H,Flat Creek Resources,30,Eddy,BS2_S,BS2_S,keep,True,,False,7242.0,False,4495.0,2017-04-12,60665.0,13496.10678531702,7469.990933816863,False,-104.26132993,32.15931669,agree,,73.5,73.5,BS3_C,none,BS2_S,enverus_lateralline,True,1399.9860954448327,W,,0.5439778301910477
3002548840,JEFE 29 FEDERAL COM #505H,EOG,30,Lea,BS2_S,BS2_S,keep,True,,False,10372.0,False,7427.0,2021-12-12,143225.0,19284.367847044567,3317.786699249433,True,-103.69793448,32.09027233,off_band,,957.0,,BS2_S,none,BS2_S,enverus_lateralline,True,1399.9860954448327,S,,0.7772810889029207
4230133176,DOROTHY WHITE 82-TTT-B33 WF 127H,Matador,42,Loving,BS2_S,BS2_S,keep,True,,False,9649.0,False,5199.0,2017-06-11,46306.0,8906.712829390268,5958.860622813459,False,-103.61740875,31.70605278,agree,,19.0,19.0,BS2_S,none,BS2_S,enverus_lateralline,True,1399.9860954448327,S,,0.35899644216935384
4210933323,GIACOMO 11 FEE 4H,Devon,42,Culberson,BS2_S,BS2_S,keep,True,,False,7263.0,False,5037.0,2018-10-16,132611.0,26327.377407186817,9429.066970311664,False,-104.23931122,31.97752571,agree,,66.5,66.5,BS2_S,none,BS2_S,enverus_lateralline,True,1399.9860954448327,SW,,1.0611585892431785
3001549241,CASSIUS FEDERAL COM #123H,Permian Resources,30,Eddy,BS2_S,BS2_S,keep,True,,False,8859.0,False,10414.0,2024-10-24,290986.0,27941.809103130403,2728.773892902064,True,-103.97064725,32.31237539,agree,,44.0,44.0,BS2_S,none,BS2_S,enverus_lateralline,True,1399.9860954448327,W,,1.1262303217747032
4230137286,GOLDENEYE 54-2-3 UNIT 61H,Occidental,42,Loving,BS2_S,BS2_S,keep,True,,False,10310.0,False,7401.0,2025-09-15,,,,False,-103.64956665,31.88680458,agree,,52.0,52.0,BS2_S,none,BS2_S,enverus_lateralline,True,1399.9860954448327,S,,
4230136219,PYTHON 54-1-37-48 C 63HA,Occidental,42,Loving,BS2_S,BS2_S,keep,True,,False,10425.0,False,9976.0,2023-08-27,277896.0,27856.455493183643,2214.990500043182,True,-103.61068726,31.8976841,off_band,,486.0,,BS2_S,none,BS2_S,enverus_lateralline,True,1399.9860954448327,S,,1.1227900354553682
3002554325,DIRE WOLF 16 9 FEDERAL COM #523H,Mewbourne,30,Lea,BS2_S,BS2_S,keep,False,,False,9551.0,False,9970.0,2026-05-07,,,,False,-103.67080279,32.75535125,no_evidence,,,,BS2_S,none,BS2_S,enverus_lateralline,True,1399.9860954448327,N,,
3002548837,JEFE 29 FEDERAL COM #502H,EOG,30,Lea,BS2_S,BS2_S,keep,True,,False,10337.0,False,7344.0,2021-12-12,253680.0,34542.48366013072,2914.9440239672026,True,-103.70182301,32.08970572,agree,,15.5,15.5,BS2_S,none,BS2_S,enverus_lateralline,True,1399.9860954448327,S,,1.3922789445686983
3001547402,KO LANTA 9 4 FEDERAL COM #234H,Devon,30,Eddy,BS2_S,BS2_S,keep,True,,False,10195.0,False,9563.0,2022-01-05,263294.0,27532.57346021123,1873.9583887213528,True,-103.77711133,32.32732042,agree,,27.0,27.0,BS2_S,none,BS2_S,enverus_lateralline,True,1299.9870886273447,N,,1.1097355562387488
3001546965,ALEUTIAN 10 3 FEDERAL COM #212H,Devon,30,Eddy,BS3_C,BS2_S,reassign,True,card verdict AGREE (BS3_C->BS2_S),False,10278.0,False,9799.0,2021-01-04,239498.0,24441.06541483825,1973.4778578526752,True,-103.76995715,32.3269345,flag,BS2_S,110.0,,BS2_S,none,BS2_S,enverus_lateralline,True,1299.9870886273447,N,reassigned in from BS3_C,0.9851283739386081
3001554321,MADERA 9 STATE COM #122H,Permian Resources,30,Eddy,BS2_S,BS2_S,keep,True,,False,7284.0,False,9695.0,2024-06-01,194729.0,20085.507993811243,3548.978323721685,True,-104.19005915,32.67675849,agree,,15.0,15.0,BS2_S,none,BS2_S,enverus_lateralline,True,1299.9870886273447,NW,,0.8095720662676821
3001554316,KLONDIKE 9 STATE COM #123H,Permian Resources,30,Eddy,BS2_S,BS2_S,keep,True,,False,7296.0,False,9875.0,2024-06-01,205881.0,20848.70886075949,3640.170778265114,True,-104.18997039,32.67322014,agree,,3.0,3.0,BS3_C,none,BS2_S,enverus_lateralline,True,1299.9870886273447,NW,,0.8403338524780659
3001554592,ALYSON 33 32 FEDERAL COM #122H,Matador,30,Eddy,BS2_S,BS2_S,keep,False,,True,8705.0,False,7197.0,2024-07-29,128659.0,17876.754203140197,3041.124212064449,True,-103.9822984,32.53162904,no_evidence,,,,BS2_S,none,BS2_S,enverus_lateralline,True,1299.9870886273447,NW,planned survey,0.7205454222444839
3001554609,ALYSON 33 32 FEDERAL COM #123H,Matador,30,Eddy,BS2_S,BS2_S,keep,False,,True,8770.0,False,7194.0,2024-08-02,124632.0,17324.437030859048,3077.1872392323,True,-103.98233832,32.52800982,no_evidence,,,,BS2_S,none,BS2_S,enverus_lateralline,True,1299.9870886273447,NW,planned survey,0.6982835728286491
3001547362,KO LANTA 9 4 FEDERAL COM #232H,Devon,30,Eddy,BS2_S,BS2_S,keep,True,,False,10099.0,False,9706.0,2022-01-06,330039.0,34003.60601689677,1651.97143367905,True,-103.78697835,32.32659405,off_band,,958.0,,BS2_S,none,BS2_S,enverus_lateralline,True,1299.9870886273447,N,,1.3705587925450209
3001547363,KO LANTA 9 4 FEDERAL COM #233H,Devon,30,Eddy,BS2_S,BS2_S,keep,True,,False,10168.0,False,9652.0,2022-01-05,339328.0,35156.2370493162,1748.5176584307808,True,-103.78138219,32.32714111,agree,,31.5,31.5,BS2_S,none,BS2_S,enverus_lateralline,True,1299.9870886273447,N,,1.4170170592140827
4210933619,DR STATE WISE UNIT 1 103 1032SB,Chevron,42,Culberson,BS2_S,BS2_S,keep,True,,False,7388.0,False,10444.0,2021-10-06,175904.0,16842.589046342397,6641.366881935602,True,-104.24200439,31.95511818,agree,,21.0,21.0,BS2_S,none,BS2_S,enverus_lateralline,True,1299.9870886273447,SW,,0.6788620740758041
4230135778,CBR 27-22H-56-1 32 321H,Devon,42,Loving,BS2_S,BS2_S,keep,True,,False,9378.0,False,10031.0,2022-08-30,108235.0,10790.050842388597,3576.8743936804176,True,-103.83971405,31.94247627,off_band,,1388.0,,BS2_S,none,BS2_S,enverus_lateralline,True,1299.9870886273447,S,,0.4349067874358673
3001543985,JAWBONE STATE COM #003H,Flat Creek Resources,30,Eddy,BS2_S,BS2_S,keep,True,,False,7142.0,False,4590.0,2017-05-24,51240.0,11163.398692810457,9178.298204527711,False,-104.26629019,32.15880481,agree,,33.0,33.0,BS2_S,none,BS2_S,enverus_lateralline,True,1299.9870886273447,W,,0.44995504963544686
3002550981,ZEUS 2 11 2BS FEDERAL COM #004H,3r Operating,30,Lea,BS2_S,BS2_S,keep,False,,True,10302.0,False,9872.0,2023-11-01,75648.0,7662.88492706645,836.228320642978,True,-103.42902097,32.594269,no_evidence,,,,BS2_S,none,BS2_S,enverus_lateralline,True,1299.9870886273447,NE,planned survey,0.3088623691214649
3002552566,TAG STATE COM #504H,Devon,30,Lea,BS2_S,BS2_S,keep,True,,False,10272.0,False,10223.0,2025-02-17,140766.0,13769.53927418566,835.5924015742438,True,-103.4233815,32.59478,no_evidence,,,,BS2_S,none,BS2_S,enverus_lateralline,True,1299.9870886273447,NE,,0.5549988760648342
3002550899,LOE FEDERAL #501H,Devon,30,Lea,BS2_S,BS2_S,keep,True,,False,10572.0,False,9708.0,2025-06-01,175510.0,18078.90399670375,4264.0533302945705,True,-103.32749286,32.12405832,off_band,,1167.0,,BS3_S,none,BS2_S,enverus_lateralline,True,1299.9870886273447,E,,0.728693327994304
4230135817,WEBER 26 R80 R802,Lime Rock Resources,42,Loving,BS2_S,BS2_S,keep,True,,False,10587.0,False,4954.0,2022-11-20,76258.0,15393.217601937828,681.4498151013664,False,-103.48384094,31.83835983,off_band,,560.5,,BS3_C,none,BS2_S,enverus_lateralline,True,1299.9870886273447,SE,,0.6204433059073554
3001555875,OMAHA 36 31 FEDERAL COM #525H,Mewbourne,30,Eddy,BS2_S,BS2_S,keep,False,,False,7387.0,False,10610.0,2026-07-14,,,,False,-104.22608207,32.52793917,off_band,,1456.5,,BS2_S,none,BS2_S,enverus_lateralline,True,1299.9870886273447,NW,,
3001546964,ALEUTIAN 10 3 FEDERAL COM #211H,Devon,30,Eddy,BS2_S,BS2_S,keep,True,,False,10251.0,False,9968.0,2021-01-04,244737.0,24552.26725521669,1709.7210474917972,True,-103.77320024,32.32675903,agree,,92.0,92.0,BS2_S,none,BS2_S,enverus_lateralline,True,1299.9870886273447,N,,0.9896105062160533
3002554578,STONE COLD 23 14 FEDERAL COM #526H,Mewbourne,30,Lea,BS2_S,BS2_S,keep,True,,False,9671.0,False,10402.0,2025-11-11,,,,False,-103.63151511,32.74043522,agree,,10.0,10.0,BS2_S,none,BS2_S,enverus_lateralline,True,1199.9880818098566,N,,
4230135780,CBR 27-22J-56-1 323H,Devon,42,Loving,BS2_S,BS2_S,keep,True,,False,9341.0,False,9883.0,2022-09-08,44576.0,4510.37134473338,3018.619885139986,True,-103.84588623,31.94257736,off_band,,1423.0,,BS2_S,none,BS2_S,enverus_lateralline,True,1199.9880818098566,S,,0.18179628069727882
3001546966,ALEUTIAN 10 3 FEDERAL COM #213H,Devon,30,Eddy,BS2_S,BS2_S,keep,True,,False,10168.0,False,9721.0,2021-01-04,210339.0,21637.58872543977,2142.408207702804,True,-103.76454457,32.32708075,off_band,,188.0,,BS2_S,none,BS2_S,enverus_lateralline,True,1199.9880818098566,N,,0.872130663506344
4230137322,BUCCO 54-2-41 LOV UNIT 4444H,ConocoPhillips,42,Loving,BS2_S,BS2_S,keep,False,,False,9922.0,False,10202.0,2026-03-10,,,,False,-103.67042542,31.78171921,off_band,,1534.5,,BS2_S,none,BS2_S,enverus_lateralline,True,1199.9880818098566,S,,
4230135779,CBR 27-22I-56-1 32 322H,Devon,42,Loving,BS2_S,BS2_S,keep,True,,False,9406.0,False,10169.0,2022-09-06,91469.0,8994.886419510276,4013.0973335228327,True,-103.84285736,31.94217491,off_band,,1358.0,,BS2_S,none,BS2_S,enverus_lateralline,True,1199.9880818098566,S,,0.362550391393127
3001557637,KOALA 9 FEDERAL COM #122H,Permian Resources,30,Eddy,BS2_S,BS2_S,keep,False,,False,7552.0,False,10452.0,2026-05-01,,,,False,-104.17345419,32.58916909,agree,,59.0,59.0,BS2_S,none,BS2_S,enverus_lateralline,True,1199.9880818098566,NW,,
4238939568,STATE AL OLSON 57-T2-6X43 2D B20 B204H,BP,42,Reeves,BS2_S,BS2_S,keep,True,,False,8237.0,False,6989.0,2022-05-10,20427.0,2922.7357275718987,3779.5075145640576,True,-103.99552155,31.88090324,agree,,11.0,11.0,BS2_S,none,BS2_S,enverus_lateralline,True,1199.9880818098566,SW,,0.11780459836285063
4230136935,MOOSEHORN 54-1-41-44 L 66H,Occidental,42,Loving,BS2_S,BS2_S,keep,True,,False,10250.0,False,10096.0,2024-10-17,225994.0,22384.508716323297,2767.998265440676,True,-103.66884613,31.89785767,off_band,,1049.5,,BS2_S,none,BS2_S,enverus_lateralline,True,1099.9890749923686,S,,0.9022362282021701
3001555621,BENNY HUEVOS 36 24 B2PA FEDERAL COM #001H,Mewbourne,30,Eddy,BS2_S,BS2_S,keep,True,,False,10406.0,False,12909.0,2025-04-27,301915.0,23387.94639398869,1569.1767550469503,True,-103.72435962,32.45366892,off_band,,1302.0,,BS2_S,none,BS2_S,enverus_lateralline,True,1099.9890749923686,N,,0.9426810660588336
4230133250,CBR 32 9H,Devon,42,Loving,BS2_S,BS2_S,keep,True,,False,9062.0,False,4370.0,2017-06-15,107324.0,24559.26773455377,3461.947001602624,False,-103.87384796,31.91970444,off_band,,589.5,,BS3_C,none,BS2_S,enverus_lateralline,True,1099.9890749923686,S,,0.9898926694814051
3002554800,SAGE BRUSH 22302 25 24 13 STATE COM #003H,BTA Oil,30,Lea,BS2_S,BS2_S,keep,True,,False,10038.0,False,12381.0,2025-12-09,,,,False,-103.41722317,32.56350238,no_evidence,,,,BS3_C,none,BS2_S,enverus_lateralline,True,1099.9890749923686,NE,,
4230136577,CBR 12-1H-56-1 32 324H,Devon,42,Loving,BS2_S,BS2_S,keep,True,,False,9625.0,False,10400.0,2024-07-12,215336.0,20705.384615384617,3276.6327971170635,True,-103.80525208,31.9855957,agree,,4.5,4.5,BS2_S,none,BS2_S,enverus_lateralline,True,1099.9890749923686,S,,0.8345569856191275
4230137307,BUCCO 54-2-41 LOV W UNIT 4142H,ConocoPhillips,42,Loving,BS2_S,BS2_S,keep,False,,False,9955.0,False,10097.0,2026-03-03,,,,False,-103.67992401,31.78180885,off_band,,1501.0,,BS2_S,none,BS2_S,enverus_lateralline,True,1099.9890749923686,S,,
3001549686,CICADA UNIT #071H,Chevron,30,Eddy,BS2_S,BS2_S,keep,True,,False,7750.0,False,10320.0,2024-11-29,258827.0,25080.13565891473,2415.6366994169853,True,-104.16195778,32.10847885,agree,,70.5,70.5,BS2_S,none,BS2_S,enverus_lateralline,True,1099.9890749923686,SW,,1.0108869167719086
3001554162,VENTURA 3233 FEDERAL COM #203H,Permian Resources,30,Eddy,BS2_S,BS2_S,keep,False,,True,6810.0,False,9958.0,2025-02-01,259469.0,26056.336613777865,5914.914691157711,True,-104.29409179,32.52864949,no_evidence,,,,BS2_S,none,BS2_S,enverus_lateralline,True,1099.9890749923686,NW,planned survey,1.0502339437111596
3002555340,COONSKIN FEE #152H,SM Energy,30,Lea,BS2_S,BS2_S,keep,False,,False,11765.0,False,7650.0,2026-06-11,,,,False,-103.37549535,32.1852871,off_band,,720.0,,BS2_S,none,BS2_S,enverus_lateralline,True,1099.9890749923686,E,,
3001554593,ALYSON 33 32 FEDERAL COM #121H,Matador,30,Eddy,BS2_S,BS2_S,keep,False,,True,8674.0,False,7196.0,2024-07-30,129332.0,17972.762645914398,3102.341261250116,True,-103.98240864,32.53525674,no_evidence,,,,BS2_S,none,BS2_S,enverus_lateralline,True,1099.9890749923686,NW,planned survey,0.724415165216372
3001555495,WHITBY 25 26 FEDERAL COM #122H,Matador,30,Eddy,BS2_S,BS2_S,keep,True,,False,7820.0,False,9810.0,2025-04-25,229257.0,23369.7247706422,3248.4984100812626,True,-104.15225844,32.4529325,agree,,13.0,13.0,BS2_S,none,BS2_S,enverus_lateralline,True,1099.9890749923686,NW,,0.94194662024507
3002554423,REGAL LAGER 31 19 FEDERAL COM #021H,Occidental,30,Lea,BS2_S,BS2_S,keep,False,,True,10296.0,False,15728.0,2026-04-06,,,,False,-103.72120314,32.4496287,agree,,162.5,162.5,BS2_S,none,BS2_S,enverus_lateralline,True,1099.9890749923686,N,planned survey,
3001555501,WHITBY 25 26 FEDERAL COM #123H,Matador,30,Eddy,BS2_S,BS2_S,keep,True,,False,7773.0,False,9862.0,2025-04-25,340375.0,34513.790306225914,2540.594932060228,True,-104.15266575,32.449309,agree,,42.0,42.0,BS2_S,none,BS2_S,enverus_lateralline,True,999.9900681748805,NW,,1.391122422273319
4230137507,HAT TRICK 56-T1-42X31 2I B21 B218H,BP,42,Loving,BS2_S,BS2_S,keep,False,,False,8444.0,False,3539.0,2026-05-08,,,,False,-103.90489197,31.9044075,agree,,451.5,451.5,BS2_S,none,BS2_S,enverus_lateralline,True,999.9900681748805,S,,
3002550994,EMERALD FEDERAL COM #501H,Devon,30,Lea,BS2_S,BS2_S,keep,False,,True,9734.0,False,9960.0,2026-05-18,,,,False,-103.71014337,32.69708581,off_band,,742.0,,BS2_S,none,BS2_S,enverus_lateralline,True,999.9900681748805,N,planned survey,
3002555287,COONSKIN FEE #122H,SM Energy,30,Lea,BS2_S,BS2_S,keep,False,,False,11214.0,False,7656.0,2026-06-01,,,,False,-103.3749694,32.18532155,off_band,,756.0,,BS2_S,none,BS2_S,enverus_lateralline,True,999.9900681748805,E,,
4230135674,GELLER 54-2 SB UNIT 8H,ConocoPhillips,42,Loving,BS2_S,BS2_S,keep,True,,False,10032.0,False,9129.0,2022-07-09,210540.0,23062.76700624384,2867.57860739052,True,-103.60347748,31.78264999,off_band,,1333.0,,BS2_S,none,BS2_S,enverus_lateralline,True,999.9900681748805,S,,0.9295742953002663
3001549685,CICADA UNIT #070H,Chevron,30,Eddy,BS2_S,BS2_S,keep,True,,False,7734.0,False,10721.0,2024-11-29,288500.0,26909.803190000934,3160.183708838821,True,-104.1635635,32.107868,agree,,70.0,70.0,BS2_S,none,BS2_S,enverus_lateralline,True,999.9900681748805,SW,,1.0846340046812983
4230136934,MOOSEHORN 54-1-41-44 J 64H,Occidental,42,Loving,BS2_S,BS2_S,keep,True,,False,10232.0,False,9976.0,2024-12-05,294701.0,29540.99839615076,2972.4534358553246,True,-103.67461395,31.89767647,off_band,,1057.0,,BS2_S,none,BS2_S,enverus_lateralline,True,999.9900681748805,S,,1.190687689778667
3001545746,DAISY 24 STATE COM #502H,ConocoPhillips,30,Eddy,BS2_S,BS2_S,keep,True,,False,7780.0,False,9998.0,2019-10-27,170309.0,17034.306861372275,6269.005161206983,True,-104.1499545,32.1077765,agree,,57.0,57.0,BS2_S,none,BS2_S,enverus_lateralline,True,999.9900681748805,SW,,0.6865895056001592
3001544296,MYOX 20 FEDERAL COM #005H,ConocoPhillips,30,Eddy,BS2_S,BS2_S,keep,True,,False,8013.0,False,9550.0,2017-12-10,266269.0,27881.570680628272,3002.636431578592,True,-104.10753124,32.10734165,off_band,,1399.0,,BS2_S,none,BS2_S,enverus_lateralline,True,999.9900681748805,SW,,1.1238023351791546
3001545745,DAISY 24 STATE COM #501H,ConocoPhillips,30,Eddy,BS2_S,BS2_S,keep,True,,False,7793.0,False,9851.0,2019-10-27,229568.0,23304.03004771089,5326.456649010315,True,-104.15110629,32.10751264,agree,,44.0,44.0,BS2_S,none,BS2_S,enverus_lateralline,True,999.9900681748805,SW,,0.9392987104883057
3001545748,DAISY 24 STATE COM #504H,ConocoPhillips,30,Eddy,BS2_S,BS2_S,keep,True,,False,7837.0,False,9734.0,2019-10-27,192811.0,19807.992603246355,4484.873788321206,True,-104.14428541,32.10759567,agree,,14.5,14.5,BS2_S,none,BS2_S,enverus_lateralline,True,999.9900681748805,SW,,0.7983864538236292
4230136223,PYTHON 54-1-37-48 E 65HA,Occidental,42,Loving,BS2_S,BS2_S,keep,True,,False,10443.0,False,10044.0,2023-09-08,302925.0,30159.79689366786,2249.193694808946,True,-103.6038208,31.89788437,agree,,92.5,92.5,BS2_S,none,BS2_S,enverus_lateralline,True,999.9900681748805,S,,1.2156291539623265
4230136221,PYTHON 54-1-37-48 D 64HA,Occidental,42,Loving,BS2_S,BS2_S,keep,True,,False,10289.0,False,10185.0,2023-09-07,317797.0,31202.454590083456,2618.9045208104544,True,-103.6071167,31.89801788,agree,,68.0,68.0,BS2_S,none,BS2_S,enverus_lateralline,True,999.9900681748805,S,,1.2576548047926248
4230136005,CBR 14-23-26H-56-1 32 324H,Devon,42,Loving,BS2_S,BS2_S,keep,True,,False,9556.0,False,15351.0,2023-04-28,97168.0,6329.750504853104,3440.700642186728,False,-103.83223724,31.94880486,off_band,,1744.0,,BS2_S,none,BS2_S,enverus_lateralline,True,999.9900681748805,S,,0.2551286826677105
4230135999,CBR 14-23-26J-56-1 32 322H,Devon,42,Loving,BS2_S,BS2_S,keep,True,,False,9592.0,False,15299.0,2023-04-19,144984.0,9476.69782338715,3193.6834409314133,False,-103.82635498,31.94857407,off_band,,1780.0,,BS2_S,none,BS2_S,enverus_lateralline,True,999.9900681748805,S,,0.38197041571654067
3001546597,DAISY 24 STATE COM #505H,ConocoPhillips,30,Eddy,BS2_S,BS2_S,keep,True,,False,7886.0,False,9885.0,2020-09-01,235808.0,23855.134041476987,4907.869962002986,True,-104.14058955,32.10782336,agree,,34.5,34.5,BS2_S,none,BS2_S,enverus_lateralline,True,999.9900681748805,SW,,0.9615116611938124
4230136930,MOOSEHORN 54-1-41-44 I 63H,Occidental,42,Loving,BS2_S,BS2_S,keep,True,,False,9987.0,False,9744.0,2024-12-05,202347.0,20766.31773399015,2719.709212392573,True,-103.67745209,31.89745331,agree,,187.0,187.0,BS2_S,none,BS2_S,enverus_lateralline,True,999.9900681748805,S,,0.8370129728288518
4230136004,CBR 14-23-26G-56-1 32 325H,Devon,42,Loving,BS2_S,BS2_S,keep,True,,False,9577.0,False,15319.0,2023-04-27,135354.0,8835.694235916182,2929.119198546035,False,-103.8351059,31.94887543,off_band,,1233.5,,BS2_S,none,BS2_S,enverus_lateralline,True,899.9910613573925,S,,0.3561339470071725
4230136000,CBR 14-23-26I-56-1 32 323H,Devon,42,Loving,BS2_S,BS2_S,keep,True,,False,9597.0,False,15351.0,2023-04-27,,,,False,-103.8291626,31.94878387,off_band,,1785.0,,BS2_S,none,BS2_S,enverus_lateralline,True,899.9910613573925,S,,
4230135781,CBR 27-22K-56-1 32 324H,Devon,42,Loving,BS2_S,BS2_S,keep,True,,False,9365.0,False,9825.0,2022-09-09,48614.0,4947.989821882951,2644.114864030937,True,-103.84954071,31.94276047,off_band,,1383.5,,BS2_S,none,BS2_S,enverus_lateralline,True,899.9910613573925,S,,0.19943505263633343
3001555099,BIG SINKS 1 12 H3AP FEDERAL COM #002H,Mewbourne,30,Eddy,BS2_S,BS2_S,keep,True,,False,10387.0,False,9826.0,2025-11-09,,,,False,-103.72736897,32.06375657,agree,,191.0,191.0,BS2_S,none,BS2_S,enverus_lateralline,True,899.9910613573925,S,,
3001554950,PINKIE PIE 22 21 FEDERAL COM #121H,Permian Resources,30,Eddy,BS2_S,BS2_S,keep,True,,False,8760.0,False,9913.0,2024-10-26,282950.0,28543.326944416425,751.5426753843435,True,-103.86701592,32.73841038,agree,,131.0,131.0,BS2_S,none,BS2_S,enverus_lateralline,True,899.9910613573925,N,,1.1504752670266154
3002550529,PERLA VERDE 31 STATE COM #403H,Exxon Mobil,30,Lea,BS2_S,BS2_S,keep,False,,True,10546.0,False,5194.0,2024-03-01,161761.0,31143.81979206777,698.2461780033507,False,-103.49888874,32.61678381,off_band,,384.0,,BS2_S,none,BS2_S,enverus_lateralline,True,899.9910613573925,NE,planned survey,1.2552914543312188
3002552565,TAG STATE COM #503H,Devon,30,Lea,BS2_S,BS2_S,keep,False,,True,10292.0,False,9883.0,2025-02-18,101954.0,10316.098350703229,858.7990662455617,True,-103.42631008,32.5943292,no_evidence,,,,BS2_S,none,BS2_S,enverus_lateralline,True,899.9910613573925,NE,planned survey,0.41580352661096487
3001556472,JUNO 26 25 STATE COM #526H,Mewbourne,30,Eddy,BS2_S,BS2_S,keep,False,,True,7329.0,False,9971.0,2025-12-26,,,,False,-104.24257379,32.54234114,off_band,,1471.5,,BS2_S,none,BS2_S,enverus_lateralline,True,899.9910613573925,NW,planned survey,
4238939787,ALPHA STATE BS 10H,ConocoPhillips,42,Reeves,BS2_S,BS2_S,keep,True,,False,8312.0,False,10300.0,2023-04-13,93804.0,9107.184466019417,2847.2559805552,True,-104.00237274,31.9564209,off_band,,1472.0,,BS2_S,none,BS2_S,enverus_lateralline,True,899.9910613573925,SW,,0.3670767076594739
3002545202,VAN DOO DAH 28 33 FEDERAL COM #231H,Devon,30,Lea,BS2_S,BS2_S,keep,True,,False,10607.0,False,10333.0,2019-05-21,309705.0,29972.41846511178,2734.892881936036,True,-103.68747976,32.09413505,agree,,241.0,241.0,BS3_C,none,BS2_S,enverus_lateralline,True,799.9920545399044,S,,1.20807662695495
3002554341,REGAL LAGER 31 19 FEDERAL COM #023H,Occidental,30,Lea,BS2_S,BS2_S,keep,False,,False,10508.0,False,15558.0,2026-04-06,,,,False,-103.71289772,32.44971844,agree,,3.0,3.0,BS2_S,none,BS2_S,enverus_lateralline,True,799.9920545399044,N,,
3001554313,SIMON CAMAMILE 0206 FEDERAL COM #123H,Matador,30,Eddy,BS2_S,BS2_S,keep,False,,False,8270.0,False,12668.0,2026-03-29,,,,False,-104.04475595,32.51278035,off_band,,1655.0,,BS2_S,none,BS2_S,enverus_lateralline,True,799.9920545399044,NW,,
3001555138,YUMA 3 10 FEDERAL COM #523H,Mewbourne,30,Eddy,BS2_S,BS2_S,keep,True,,False,8247.0,False,9791.0,2025-01-05,182102.0,18598.91737309774,3567.588494360304,True,-104.07800823,32.15086665,off_band,,350.0,,BS2_S,none,BS2_S,enverus_lateralline,True,799.9920545399044,SW,,0.7496531316370016
4230136933,MOOSEHORN 54-1-41-44 K 65H,Occidental,42,Loving,BS2_S,BS2_S,keep,True,,False,10009.0,False,9896.0,2024-10-17,70528.0,7126.919967663703,3608.127268602541,True,-103.67166901,31.8975563,off_band,,1203.0,,BS2_S,none,BS2_S,enverus_lateralline,True,799.9920545399044,S,,0.28725961654162224
4230135782,CBR 27-22L-56-1 32 325H,Devon,42,Loving,BS2_S,BS2_S,keep,True,,False,9318.0,False,9825.0,2022-09-01,71114.0,7238.066157760814,3664.777680906713,True,-103.8529892,31.94271278,off_band,,1598.0,,BS2_S,none,BS2_S,enverus_lateralline,True,799.9920545399044,S,,0.2917395057633648
4230133816,HAMMERHEAD 54-1-48 1H,Occidental,42,Loving,BS2_S,BS2_S,keep,True,,False,10327.0,False,4796.0,2018-10-26,168406.0,35113.84487072561,2161.799460826812,False,-103.61539459,31.89081192,off_band,,539.5,,BS2_S,none,BS2_S,enverus_lateralline,True,799.9920545399044,S,,1.4153083882844877
4230137004,VIPER 53-47 R B20 B202HS,Petro-Hunt,42,Loving,BS2_S,BS2_S,keep,False,,False,10090.0,False,10417.0,2026-04-14,,,,False,-103.52063751,31.78084946,agree,,57.0,57.0,BS2_S,none,BS2_S,enverus_lateralline,True,699.9930477224163,SE,,
3002549463,SAKER 6 7 FEDERAL #023H,Occidental,30,Lea,BS2_S,BS2_S,keep,False,,True,10740.0,False,9933.0,2026-07-01,,,,False,-103.41411927,32.23857481,off_band,,573.0,,BS2_S,none,BS2_S,enverus_lateralline,True,699.9930477224163,E,planned survey,
3001543715,GRYNBERG 11 FEDERAL COM #005H,Devon,30,Eddy,BS2_S,BS2_S,keep,True,,False,7221.0,False,4298.0,2017-02-09,83863.0,19512.09865053513,8747.063663355711,False,-104.25728862,32.14497518,agree,,59.0,59.0,BS2_S,none,BS2_S,enverus_lateralline,True,599.9940409049283,W,,0.7864600699469382
3001547508,KO LANTA 9 4 FEDERAL COM #231H,Devon,30,Eddy,BS2_S,BS2_S,keep,True,,False,10105.0,False,9784.0,2022-01-06,278670.0,28482.21586263287,1467.9226325043958,True,-103.789957,32.32693381,off_band,,952.0,,BS2_S,none,BS2_S,enverus_lateralline,True,599.9940409049283,N,,1.148012106783588
3001556188,JAMES RANCH UNIT APACHE #704H,Exxon Mobil,30,Eddy,BS2_S,BS2_S,keep,False,,True,9589.0,False,10356.0,2026-04-15,,,,False,-103.84300879,32.39320903,no_evidence,,,,BS2_S,none,BS2_S,enverus_lateralline,True,499.9950340874403,N,planned survey,
3001554215,IRON ISLANDS 11 7 B2OP FEDERAL COM #001H,Mewbourne,30,Eddy,BS2_S,BS2_S,keep,False,,True,8891.0,False,12584.0,2024-04-12,222253.0,17661.55435473617,659.5996454491053,True,-103.81791097,32.75664968,no_evidence,,,,BS2_S,none,BS2_S,enverus_lateralline,True,499.9950340874403,N,planned survey,0.7118715173581042
3001545747,DAISY 24 STATE COM #503H,ConocoPhillips,30,Eddy,BS2_S,BS2_S,keep,True,,False,7769.0,False,9774.0,2019-10-27,199426.0,20403.724166155105,5098.532789104731,True,-104.14690955,32.10752623,agree,,68.0,68.0,BS2_S,none,BS2_S,enverus_lateralline,True,499.9950340874403,SW,,0.8223981757314602
3002554064,PEACHTREE 25 FEDERAL COM #105H,EOG,30,Lea,BS2_S,BS2_S,keep,True,,False,11078.0,False,9848.0,2025-05-25,213261.0,21655.25995125914,2827.7134590947244,True,-103.53176773,32.03673479,off_band,,1417.0,,BS2_S,none,BS2_S,enverus_lateralline,True,499.9950340874403,SE,,0.872842924844443
3001556187,JAMES RANCH UNIT APACHE #702H,Exxon Mobil,30,Eddy,BS2_S,BS2_S,keep,False,,False,9757.0,False,9277.0,2026-04-15,,,,False,-103.84465802,32.39574338,no_evidence,,,,BS2_S,none,BS2_S,enverus_lateralline,True,399.9960272699522,N,,
3002554074,PEACHTREE 25 FEDERAL COM #405H,EOG,30,Lea,BS2_S,BS2_S,keep,False,,False,11324.0,False,9532.0,2026-06-18,,,,False,-103.53024425,32.03733558,off_band,,1358.5,,BS2_S,none,BS2_S,enverus_lateralline,True,399.9960272699522,SE,,
3001554728,KOALA 9 FEDERAL COM #121H,Permian Resources,30,Eddy,BS2_S,BS2_S,keep,False,,False,7517.0,False,10534.0,2026-05-01,,,,False,-104.17331193,32.59298369,agree,,30.5,30.5,BS2_S,none,BS2_S,enverus_lateralline,True,399.9960272699522,NW,,
3001553848,IRON ISLANDS 11 7 B2JI FEDERAL COM #001H,Mewbourne,30,Eddy,BS2_S,BS2_S,keep,False,,True,8854.0,False,12558.0,2024-04-10,250545.0,19951.02723363593,801.1015985152368,True,-103.81782223,32.76027509,no_evidence,,,,BS2_S,none,BS2_S,enverus_lateralline,True,299.99702045246414,N,planned survey,0.8041516473804963
3001554380,RANA SALADA FEDERAL COM 0605 #822H,Permian Resources,30,Eddy,BS2_S,BS2_S,keep,False,,True,8713.0,False,10284.0,2025-07-26,179646.0,17468.494749124853,7030.137047304143,False,-104.01514326,32.33856294,off_band,,1036.0,,BS2_S,none,BS2_S,enverus_lateralline,True,199.9980136349761,W,planned survey,0.7040900032497363
