kind,s0,s1,length_ft,same_well,seg_no,side,n_edge_cohort,edge_oil12_kft_med,perf_ratio,perf_class,n_pre2016_outside,api10_a,name_a,api10_b,name_b,gap_class
pinned,2249.957758955266,6049.88641852416,3799.9286595688936,True,0,W,3,7350.451779457865,0.3305321046664693,rolled,0,4210933509,DR STATE WISE UNIT 1 021 0213WA,4210933509,DR STATE WISE UNIT 1 021 0213WA,pinned
gap,6049.88641852416,9149.828219751415,3099.9418012272554,False,1,W,2,6920.75089434233,0.3112094912821859,rolled,0,4210933509,DR STATE WISE UNIT 1 021 0213WA,4210934142,DR STATE WISE UNIT 1 042 0422WA,1/2-1 mi
pinned,9149.828219751415,14349.730596003585,5199.90237625217,True,2,W,1,6491.050009226795,0.2918868778979024,rolled,0,4210934142,DR STATE WISE UNIT 1 042 0422WA,4210934142,DR STATE WISE UNIT 1 042 0422WA,pinned
gap,14349.730596003585,22249.582283002073,7899.85168699849,False,3,W,2,4794.803339062129,0.21561075246437578,rolled,0,4210934142,DR STATE WISE UNIT 1 042 0422WA,4210933980,DR STATE WISE UNIT 1 034 0342TB,1-2 mi
pinned,22249.582283002073,43149.18991063099,20899.607627628913,True,4,W,2,4794.803339062129,0.21561075246437578,rolled,0,4210933980,DR STATE WISE UNIT 1 034 0342TB,4210933980,DR STATE WISE UNIT 1 034 0342TB,pinned
pinned,43149.18991063099,55648.95523816024,12499.765327529256,True,5,W,2,4794.803339062129,0.21561075246437578,rolled,0,4210933981,DR STATE WISE UNIT 1 034 0345TB,4210933981,DR STATE WISE UNIT 1 034 0345TB,pinned
gap,55648.95523816024,65148.77688708248,9499.821648922234,False,6,W,2,4794.803339062129,0.21561075246437578,rolled,0,4210933981,DR STATE WISE UNIT 1 034 0345TB,4210934142,DR STATE WISE UNIT 1 042 0422WA,1-2 mi
pinned,65148.77688708248,68348.71681092997,3199.9399238474894,True,7,W,2,14312.625040341554,0.6436042599595183,rolled,0,4210934142,DR STATE WISE UNIT 1 042 0422WA,4210934142,DR STATE WISE UNIT 1 042 0422WA,pinned
gap,68348.71681092997,72448.63983835957,4099.923027429596,False,8,W,2,14312.625040341554,0.6436042599595183,rolled,0,4210934142,DR STATE WISE UNIT 1 042 0422WA,4210934324,DR STATE WISE UNIT 1 029 0297WA,1/2-1 mi
pinned,72448.63983835957,79548.50654439618,7099.866706036617,True,9,W,0,,,unknown,0,4210934324,DR STATE WISE UNIT 1 029 0297WA,4210934324,DR STATE WISE UNIT 1 029 0297WA,pinned
gap,79548.50654439618,88048.34696711607,8499.840422719893,False,10,W,13,15649.432278994323,0.7037172602733386,unknown,0,4210934324,DR STATE WISE UNIT 1 029 0297WA,4210933525,TAYLOR RANCH STATE UNIT 002 0025WA,1-2 mi
pinned,88048.34696711607,89148.32631593864,1099.9793488225744,True,11,W,15,15649.432278994323,0.7037172602733386,unknown,0,4210933525,TAYLOR RANCH STATE UNIT 002 0025WA,4210933525,TAYLOR RANCH STATE UNIT 002 0025WA,pinned
pinned,89148.32631593864,89848.31317428028,699.9868583416383,True,12,W,13,15378.547157682064,0.6915362091003484,rolled,0,4210933524,TAYLOR RANCH STATE UNIT 002 0024WA,4210933524,TAYLOR RANCH STATE UNIT 002 0024WA,pinned
pinned,89848.31317428028,90448.30191000168,599.9887357214043,True,13,W,13,15378.547157682064,0.6915362091003484,rolled,0,4210933523,TAYLOR RANCH STATE UNIT 002 0022WA,4210933523,TAYLOR RANCH STATE UNIT 002 0022WA,pinned
pinned,90448.30191000168,91148.28876834332,699.9868583416383,True,14,W,12,14833.668361291091,0.6670343225819494,rolled,0,4210933522,TAYLOR RANCH STATE UNIT 002 0021WA,4210933522,TAYLOR RANCH STATE UNIT 002 0021WA,pinned
pinned,91148.28876834332,91848.27562668496,699.9868583416383,True,15,W,12,14833.668361291091,0.6670343225819494,rolled,0,4210933484,TAYLOR RANCH STATE UNIT 001 0015WA,4210933484,TAYLOR RANCH STATE UNIT 001 0015WA,pinned
pinned,91848.27562668496,92448.26436240636,599.9887357214043,True,16,W,11,14288.789564900118,0.6425324360635503,rolled,0,4210933483,TAYLOR RANCH STATE UNIT 001 0014WA,4210933483,TAYLOR RANCH STATE UNIT 001 0014WA,pinned
pinned,92448.26436240636,93148.251220748,699.9868583416383,True,17,W,10,14180.668484016423,0.637670491587814,rolled,0,4210933482,TAYLOR RANCH STATE UNIT 001 0012WA,4210933482,TAYLOR RANCH STATE UNIT 001 0012WA,pinned
pinned,93148.251220748,107147.98838758077,13999.737166832765,True,18,W,17,11278.1108753805,0.5071494700120673,rolled,0,4210933481,TAYLOR RANCH STATE UNIT 001 0011WA,4210933481,TAYLOR RANCH STATE UNIT 001 0011WA,pinned
pinned,107147.98838758077,119447.75746986957,12299.769082288787,True,19,W,15,10419.63382095869,0.46854582548522156,rolled,0,4210933957,TAYLOR RANCH STATE UNIT 003 0031WA,4210933957,TAYLOR RANCH STATE UNIT 003 0031WA,pinned
pinned,119447.75746986957,124747.65796874197,5299.900498872405,True,20,W,8,8222.550410285872,0.36974827866136734,rolled,0,4210933455,WACO KID STATE UNIT 34 2HA,4210933455,WACO KID STATE UNIT 34 2HA,pinned
pinned,124747.65796874197,131247.53593905718,6499.877970315213,True,21,W,4,4992.128582202111,0.22448399316791406,rolled,0,4210933141,WACO KID STATE UNIT 34 1H,4210933141,WACO KID STATE UNIT 34 1H,pinned
pinned,131247.53593905718,144947.27873802924,13699.742798972064,True,22,W,4,4992.128582202111,0.22448399316791406,rolled,0,4210933322,LILI VON SHTUPP STATE 1HA,4210933322,LILI VON SHTUPP STATE 1HA,pinned
gap,144947.27873802924,145147.27498326972,199.99624524046808,False,23,W,1,3793.40885684861,0.17058045558759846,rolled,0,4210933322,LILI VON SHTUPP STATE 1HA,4210934488,LILI VON SHTUPP STATE 132H,< 1/4 mi
pinned,145147.27498326972,146747.24494519347,1599.9699619237447,True,24,W,1,3793.40885684861,0.17058045558759846,rolled,0,4210934488,LILI VON SHTUPP STATE 132H,4210934488,LILI VON SHTUPP STATE 132H,pinned
pinned,146747.24494519347,147647.22804877558,899.9831035821064,True,25,W,1,3793.40885684861,0.17058045558759846,rolled,0,4210934491,LILI VON SHTUPP STATE 232H,4210934491,LILI VON SHTUPP STATE 232H,pinned
pinned,147647.22804877558,149047.20176545886,1399.9737166832765,True,26,W,1,3793.40885684861,0.17058045558759846,rolled,0,4210934492,LILI VON SHTUPP STATE 233H,4210934492,LILI VON SHTUPP STATE 233H,pinned
pinned,149047.20176545886,151447.15670834447,2399.954942885617,True,27,W,1,3793.40885684861,0.17058045558759846,rolled,0,4210934493,LILI VON SHTUPP STATE 234H,4210934493,LILI VON SHTUPP STATE 234H,pinned
gap,151447.15670834447,158747.01965962155,7299.862951277085,False,28,W,1,3190.9268021152243,0.14348828934397573,rolled,0,4210934493,LILI VON SHTUPP STATE 234H,4210933017,COVINGTON STATE 13 2H,1-2 mi
pinned,158747.01965962155,166046.88261089864,7299.862951277085,True,29,W,1,3190.9268021152243,0.14348828934397573,rolled,0,4210933017,COVINGTON STATE 13 2H,4210933017,COVINGTON STATE 13 2H,pinned
gap,166046.88261089864,174946.71552409948,8899.83291320083,False,30,W,1,3190.9268021152243,0.14348828934397573,rolled,0,4210933017,COVINGTON STATE 13 2H,4210932839,ADMIRAL ERNEST KING 1HC,1-2 mi
pinned,174946.71552409948,176046.69487292203,1099.9793488225744,True,31,W,0,,,unknown,0,4210932839,ADMIRAL ERNEST KING 1HC,4210932839,ADMIRAL ERNEST KING 1HC,pinned
gap,176046.69487292203,181046.60100393376,4999.906131011702,False,32,W,0,,,unknown,0,4210932839,ADMIRAL ERNEST KING 1HC,4210932938,ADMIRAL WILLIAM HALSEY JR STATE 3HX,1/2-1 mi
pinned,181046.60100393376,205246.14667803037,24199.545674096637,True,33,W,0,,,unknown,0,4210932938,ADMIRAL WILLIAM HALSEY JR STATE 3HX,4210932938,ADMIRAL WILLIAM HALSEY JR STATE 3HX,pinned
pinned,205246.14667803037,206746.1185173339,1499.9718393035107,True,34,W,0,,,unknown,0,4210932838,ADMIRAL WILLIAM HALSEY JR STATE 1HA,4210932838,ADMIRAL WILLIAM HALSEY JR STATE 1HA,pinned
gap,206746.1185173339,207746.09974353624,999.9812262023404,False,35,W,0,,,unknown,0,4210932838,ADMIRAL WILLIAM HALSEY JR STATE 1HA,4210932935,ADMIRAL ERNEST KING STATE 2H,< 1/4 mi
pinned,207746.09974353624,208646.08284711835,899.9831035821064,True,36,W,0,,,unknown,0,4210932935,ADMIRAL ERNEST KING STATE 2H,4210932935,ADMIRAL ERNEST KING STATE 2H,pinned
gap,208646.08284711835,212646.0077519277,3999.9249048093616,False,37,W,0,,,unknown,0,4210932935,ADMIRAL ERNEST KING STATE 2H,4210932934,ADMIRAL CHESTER NIMITZ 2HX,1/2-1 mi
pinned,212646.0077519277,220645.85756154644,7999.849809618723,True,38,W,0,,,unknown,0,4210932934,ADMIRAL CHESTER NIMITZ 2HX,4210932934,ADMIRAL CHESTER NIMITZ 2HX,pinned
gap,220645.85756154644,226545.74679614024,5899.889234593808,False,39,W,0,,,unknown,0,4210932934,ADMIRAL CHESTER NIMITZ 2HX,4210932835,ADMIRAL FRANK FLETCHER 1HC,1-2 mi
pinned,226545.74679614024,227745.72426758305,1199.9774714428086,True,40,W,0,,,unknown,0,4210932835,ADMIRAL FRANK FLETCHER 1HC,4210932835,ADMIRAL FRANK FLETCHER 1HC,pinned
gap,227745.72426758305,233245.6210116959,5499.8967441128725,False,41,W,0,,,unknown,0,4210932835,ADMIRAL FRANK FLETCHER 1HC,4210933029,H. M. PHILLIPS STATE 1720 1H,1-2 mi
pinned,233245.6210116959,253345.24365836295,20099.62264666704,True,42,W,0,,,unknown,0,4210933029,H. M. PHILLIPS STATE 1720 1H,4210933029,H. M. PHILLIPS STATE 1720 1H,pinned
gap,253345.24365836295,254845.21549766648,1499.9718393035107,True,43,W,0,,,unknown,0,4210933029,H. M. PHILLIPS STATE 1720 1H,4210933029,H. M. PHILLIPS STATE 1720 1H,1/4-1/2 mi
pinned,254845.21549766648,257645.16293103303,2799.947433366553,True,44,W,0,,,unknown,0,4210933029,H. M. PHILLIPS STATE 1720 1H,4210933029,H. M. PHILLIPS STATE 1720 1H,pinned
gap,257645.16293103303,263445.05404300656,5799.891111973575,False,45,W,1,6985.057930483419,0.31410122374140415,rolled,0,4210933029,H. M. PHILLIPS STATE 1720 1H,4210933218,AZRA STATE 16 UNIT 1H,1-2 mi
pinned,263445.05404300656,283544.6766896736,20099.62264666704,True,46,W,2,13001.931847877262,0.5846655453776524,rolled,0,4210933218,AZRA STATE 16 UNIT 1H,4210933218,AZRA STATE 16 UNIT 1H,pinned
gap,283544.6766896736,286444.6222456604,2899.9455559867874,False,47,W,2,13001.931847877262,0.5846655453776524,rolled,0,4210933218,AZRA STATE 16 UNIT 1H,4210933419,LIVE OAK STATE 8-5 1H,1/2-1 mi
pinned,286444.6222456604,294644.46830051957,8199.846054859192,True,48,W,2,13001.931847877262,0.5846655453776524,rolled,0,4210933419,LIVE OAK STATE 8-5 1H,4210933419,LIVE OAK STATE 8-5 1H,pinned
gap,294644.46830051957,302844.3143553788,8199.846054859192,False,49,W,4,17068.497887377394,0.7675292212618446,unknown,0,4210933419,LIVE OAK STATE 8-5 1H,4210933789,GO FOR GIN 27 STATE UNIT 3H,1-2 mi
pinned,302844.3143553788,304144.28994944185,1299.9755940630425,True,50,W,3,16120.87912087912,0.7249170887413018,unknown,0,4210933789,GO FOR GIN 27 STATE UNIT 3H,4210933789,GO FOR GIN 27 STATE UNIT 3H,pinned
pinned,304144.28994944185,306944.23738280835,2799.947433366553,True,51,W,3,16120.87912087912,0.7249170887413018,unknown,0,4210933791,GO FOR GIN 27 STATE UNIT 5H,4210933791,GO FOR GIN 27 STATE UNIT 5H,pinned
gap,306944.23738280835,310644.167919757,3699.9305369486597,False,52,W,5,15244.315915436777,0.6855001535839619,rolled,0,4210933791,GO FOR GIN 27 STATE UNIT 5H,4210934225,NYQUIST 25 STATE UNIT 3H,1/2-1 mi
pinned,310644.167919757,313144.1209852629,2499.953065505851,True,53,W,6,15439.338864891384,0.6942698656881406,rolled,0,4210934225,NYQUIST 25 STATE UNIT 3H,4210934225,NYQUIST 25 STATE UNIT 3H,pinned
gap,313144.1209852629,316244.06278649013,3099.9418012272554,False,54,W,11,15244.315915436777,0.6855001535839619,rolled,0,4210934225,NYQUIST 25 STATE UNIT 3H,4210933036,SEATTLE SLEW 42 STATE UNIT 2H,1/2-1 mi
pinned,316244.06278649013,318644.01772937574,2399.954942885617,True,55,W,12,15439.338864891384,0.6942698656881406,rolled,0,4210933036,SEATTLE SLEW 42 STATE UNIT 2H,4210933036,SEATTLE SLEW 42 STATE UNIT 2H,pinned
gap,318644.01772937574,322543.9445115649,3899.9267821891276,False,56,W,8,14614.940499338276,0.6571986576827513,rolled,0,4210933036,SEATTLE SLEW 42 STATE UNIT 2H,4210933093,SMARTY JONES 42 STATE UNIT 2H,1/2-1 mi
pinned,322543.9445115649,324143.91447348864,1599.9699619237447,True,57,W,2,25351.380905130372,1.1399905119018565,strong,0,4210933093,SMARTY JONES 42 STATE UNIT 2H,4210933093,SMARTY JONES 42 STATE UNIT 2H,pinned
gap,324143.91447348864,329543.81309498125,5399.898621492638,False,58,W,3,22552.90242898312,1.0141496781221147,strong,0,4210933093,SMARTY JONES 42 STATE UNIT 2H,4210933032,HS STATE 114-13X12 1H,1-2 mi
pinned,329543.81309498125,345143.52022373775,15599.70712875651,True,59,W,1,7514.643526279459,0.33791541187997615,rolled,1,4210933032,HS STATE 114-13X12 1H,4210933032,HS STATE 114-13X12 1H,pinned
gap,345143.52022373775,345243.51834635803,99.99812262023404,False,60,W,1,7514.643526279459,0.33791541187997615,rolled,0,4210933032,HS STATE 114-13X12 1H,4210933031,HS STATE 114-24 1H,< 1/4 mi
pinned,345243.51834635803,350143.4263547495,4899.908008391468,True,61,W,2,8611.369462165594,0.3872325345150537,rolled,0,4210933031,HS STATE 114-24 1H,4210933031,HS STATE 114-24 1H,pinned
pinned,350143.4263547495,358543.26865484915,8399.842300099659,True,62,W,1,9708.09539805173,0.4365496571501313,rolled,0,4210933138,WISE WEST STATE UNIT 120 1201H,4210933138,WISE WEST STATE UNIT 120 1201H,pinned
gap,358543.26865484915,358743.2649000896,199.99624524046808,True,63,W,1,9708.09539805173,0.4365496571501313,rolled,0,4210933138,WISE WEST STATE UNIT 120 1201H,4210933138,WISE WEST STATE UNIT 120 1201H,< 1/4 mi
pinned,358743.2649000896,364943.1485025441,6199.883602454511,True,64,W,2,11736.974256475993,0.5277834505697973,rolled,0,4210933138,WISE WEST STATE UNIT 120 1201H,4210933138,WISE WEST STATE UNIT 120 1201H,pinned
gap,364943.1485025441,366243.12409660715,1299.9755940630425,False,65,W,2,11736.974256475993,0.5277834505697973,rolled,0,4210933138,WISE WEST STATE UNIT 120 1201H,4210933155,WISE WEST STATE 120 1206H,< 1/4 mi
pinned,366243.12409660715,367843.0940585309,1599.9699619237447,True,66,W,4,11736.974256475993,0.5277834505697973,rolled,0,4210933155,WISE WEST STATE 120 1206H,4210933155,WISE WEST STATE 120 1206H,pinned
gap,367843.0940585309,370043.05275617604,2199.9586976451487,False,67,W,4,11736.974256475993,0.5277834505697973,rolled,0,4210933155,WISE WEST STATE 120 1206H,4210933466,WISE WEST STATE UNIT 714WA,1/4-1/2 mi
pinned,370043.05275617604,375842.94386814965,5799.891111973575,True,68,W,4,13804.75396861764,0.6207665216445407,rolled,0,4210933466,WISE WEST STATE UNIT 714WA,4210933466,WISE WEST STATE UNIT 714WA,pinned
gap,375842.94386814965,376242.93635863054,399.99249048093617,False,69,W,3,13843.654822335026,0.6225157992996181,rolled,0,4210933466,WISE WEST STATE UNIT 714WA,4210933467,WISE WEST STATE UNIT 717WA,< 1/4 mi
pinned,376242.93635863054,377742.9081979341,1499.9718393035107,True,70,W,3,13843.654822335026,0.6225157992996181,rolled,0,4210933467,WISE WEST STATE UNIT 717WA,4210933467,WISE WEST STATE UNIT 717WA,pinned
gap,377742.9081979341,386042.7523754135,8299.844177479425,False,71,W,2,8435.244601630175,0.3793126239322032,rolled,0,4210933467,WISE WEST STATE UNIT 717WA,4210933001,MARAUDER STATE UNIT 1H,1-2 mi
pinned,386042.7523754135,389942.67915760266,3899.9267821891276,True,72,W,0,,,unknown,0,4210933001,MARAUDER STATE UNIT 1H,4210933001,MARAUDER STATE UNIT 1H,pinned
gap,389942.67915760266,399042.50831604394,9099.829158441298,False,73,W,2,6461.639110088789,0.2905643406329977,rolled,0,4210933001,MARAUDER STATE UNIT 1H,4210932993,AT LANDS STATE UNIT 40 406H,1-2 mi
pinned,399042.50831604394,417442.162878167,18399.654562123065,True,74,SW,1,8557.484076433122,0.38480943856240846,rolled,0,4210932993,AT LANDS STATE UNIT 40 406H,4210932993,AT LANDS STATE UNIT 40 406H,pinned
gap,417442.162878167,422642.06525441917,5199.90237625217,False,75,SW,3,5661.067403784818,0.2545645600806526,rolled,0,4210932993,AT LANDS STATE UNIT 40 406H,4210933442,LEE CALDWELL STATE UNIT 4WA,1/2-1 mi
pinned,422642.06525441917,424642.02770682384,1999.9624524046808,True,76,SW,3,5661.067403784818,0.2545645600806526,rolled,0,4210933442,LEE CALDWELL STATE UNIT 4WA,4210933442,LEE CALDWELL STATE UNIT 4WA,pinned
gap,424642.02770682384,426541.9920366083,1899.9643297844468,False,77,SW,3,5661.067403784818,0.2545645600806526,rolled,0,4210933442,LEE CALDWELL STATE UNIT 4WA,4210932958,WISE UNIT 103 H,1/4-1/2 mi
pinned,426541.9920366083,427841.96763067134,1299.9755940630425,True,78,SW,2,6096.146534784482,0.2741290202227724,rolled,0,4210932958,WISE UNIT 103 H,4210932958,WISE UNIT 103 H,pinned
gap,427841.96763067134,431641.8962902402,3799.9286595688936,True,79,SW,2,6096.146534784482,0.2741290202227724,rolled,0,4210932958,WISE UNIT 103 H,4210932958,WISE UNIT 103 H,1/2-1 mi
pinned,431641.8962902402,435141.8305819484,3499.9342917081913,True,80,SW,2,7474.637949963167,0.3361164575115966,rolled,0,4210932958,WISE UNIT 103 H,4210932958,WISE UNIT 103 H,pinned
gap,435141.8305819484,438041.77613793523,2899.9455559867874,False,81,SW,2,7474.637949963167,0.3361164575115966,rolled,0,4210932958,WISE UNIT 103 H,4210933334,MAVERICK STATE UNIT 7H,1/2-1 mi
pinned,438041.77613793523,439141.7554867578,1099.9793488225744,True,82,SW,2,7474.637949963167,0.3361164575115966,rolled,0,4210933334,MAVERICK STATE UNIT 7H,4210933334,MAVERICK STATE UNIT 7H,pinned
gap,439141.7554867578,447141.6052963765,7999.849809618723,False,83,SW,5,8418.050234142187,0.37853943465830087,rolled,0,4210933334,MAVERICK STATE UNIT 7H,4210933213,COTTONWOOD WEST STATE UNIT 80 807H,1-2 mi
pinned,447141.6052963765,454441.46824765357,7299.862951277085,True,84,SW,3,10564.52735625783,0.475061338628078,rolled,0,4210933213,COTTONWOOD WEST STATE UNIT 80 807H,4210933213,COTTONWOOD WEST STATE UNIT 80 807H,pinned
gap,454441.46824765357,455441.44947385596,999.9812262023404,False,85,SW,2,8591.157801515363,0.38632366483819985,rolled,0,4210933213,COTTONWOOD WEST STATE UNIT 80 807H,4210933304,SAVAGE UNIT 170 1708H,< 1/4 mi
pinned,455441.44947385596,464341.28238705674,8899.83291320083,True,86,SW,3,11047.7930840596,0.49679263391660694,rolled,0,4210933304,SAVAGE UNIT 170 1708H,4210933304,SAVAGE UNIT 170 1708H,pinned
gap,464341.28238705674,466241.2467168412,1899.9643297844468,False,87,SW,1,19716.617695070192,0.8866087880296745,strong,0,4210933304,SAVAGE UNIT 170 1708H,4238935534,COTTONWOOD WEST 160 1606H,1/4-1/2 mi
pinned,466241.2467168412,469141.192272828,2899.9455559867874,True,88,SW,1,19716.617695070192,0.8866087880296745,strong,0,4238935534,COTTONWOOD WEST 160 1606H,4238935534,COTTONWOOD WEST 160 1606H,pinned
gap,469141.192272828,473741.10591335874,4599.913640530766,False,89,SW,1,19716.617695070192,0.8866087880296745,strong,0,4238935534,COTTONWOOD WEST 160 1606H,4238935064,STATE JOHNNY CASH 23 2H,1/2-1 mi
pinned,473741.10591335874,479141.0045348514,5399.898621492638,True,90,SW,0,,,unknown,0,4238935064,STATE JOHNNY CASH 23 2H,4238935064,STATE JOHNNY CASH 23 2H,pinned
gap,479141.0045348514,484140.9106658631,4999.906131011702,False,91,SW,0,,,unknown,0,4238935064,STATE JOHNNY CASH 23 2H,4238935082,ALLMAN 24 6H,1/2-1 mi
pinned,484140.9106658631,486440.86748612847,2299.956820265383,True,92,SW,1,7113.566768739182,0.3198799565392476,rolled,0,4238935082,ALLMAN 24 6H,4238935082,ALLMAN 24 6H,pinned
gap,486440.86748612847,489340.81304211525,2899.9455559867874,False,93,SW,1,7113.566768739182,0.3198799565392476,rolled,0,4238935082,ALLMAN 24 6H,4238939825,STATE MUDDY WATERS UNIT 71 711H,1/2-1 mi
pinned,489340.81304211525,491240.7773718997,1899.9643297844468,True,94,SW,1,7113.566768739182,0.3198799565392476,rolled,0,4238939825,STATE MUDDY WATERS UNIT 71 711H,4238939825,STATE MUDDY WATERS UNIT 71 711H,pinned
gap,491240.7773718997,493740.7304374056,2499.953065505851,False,95,SW,1,7113.566768739182,0.3198799565392476,rolled,0,4238939825,STATE MUDDY WATERS UNIT 71 711H,4238934984,STATE BB KING 32 2H,1/4-1/2 mi
pinned,493740.7304374056,503940.5389446694,10199.808507263871,True,96,SW,1,7113.566768739182,0.3198799565392476,rolled,0,4238934984,STATE BB KING 32 2H,4238934984,STATE BB KING 32 2H,pinned
gap,503940.5389446694,510640.41316022514,6699.874215555681,False,97,SW,0,,,unknown,0,4238934984,STATE BB KING 32 2H,4238934995,ORBISON 28 6H,1-2 mi
pinned,510640.41316022514,521040.2179127295,10399.80475250434,True,98,SW,3,16645.135162498736,0.748491619670804,unknown,0,4238934995,ORBISON 28 6H,4238934995,ORBISON 28 6H,pinned
gap,521040.2179127295,522440.19162941276,1399.9737166832765,False,99,SW,4,16877.903749738638,0.7589586621532349,unknown,0,4238934995,ORBISON 28 6H,4238939852,WAPITI B UNIT 73 735H,1/4-1/2 mi
pinned,522440.19162941276,524840.1465722984,2399.954942885617,True,100,SW,4,16877.903749738638,0.7589586621532349,unknown,0,4238939852,WAPITI B UNIT 73 735H,4238939852,WAPITI B UNIT 73 735H,pinned
gap,524840.1465722984,528540.0771092471,3699.9305369486597,False,101,SW,4,16877.903749738638,0.7589586621532349,unknown,0,4238939852,WAPITI B UNIT 73 735H,4238934820,STATE HARRISON RANCH 56 30 306H,1/2-1 mi
pinned,528540.0771092471,530340.0433164113,1799.9662071642128,True,102,SW,2,15142.556035236694,0.6809242569748392,rolled,0,4238934820,STATE HARRISON RANCH 56 30 306H,4238934820,STATE HARRISON RANCH 56 30 306H,pinned
gap,530340.0433164113,538939.8818617514,8599.838545340128,False,103,SW,4,22333.449988487475,1.0042814306718104,strong,0,4238934820,STATE HARRISON RANCH 56 30 306H,4238940649,STATE SHEKEL UNIT 73 732H,1-2 mi
pinned,538939.8818617514,547939.7128975724,8999.831035821064,True,104,SW,3,22995.80554958056,1.0340659642235406,strong,0,4238940649,STATE SHEKEL UNIT 73 732H,4238940649,STATE SHEKEL UNIT 73 732H,pinned
gap,547939.7128975724,555439.57209409,7499.859196517553,False,105,SW,5,19002.931978107896,0.8545160610550959,strong,0,4238940649,STATE SHEKEL UNIT 73 732H,4238935554,STATE CLARK 38-47 1H,1-2 mi
pinned,555439.57209409,572239.2566942894,16799.684600199318,True,106,SW,2,4050.0867187102904,0.18212264053730884,rolled,0,4238935554,STATE CLARK 38-47 1H,4238935554,STATE CLARK 38-47 1H,pinned
gap,572239.2566942894,574539.2135145548,2299.956820265383,False,107,SW,2,4050.0867187102904,0.18212264053730884,rolled,0,4238935554,STATE CLARK 38-47 1H,4238935548,STATE DAGGER 37-48 1H,1/4-1/2 mi
pinned,574539.2135145548,579339.123400326,4799.909885771234,True,108,SW,4,7533.522001295083,0.33876433141132334,rolled,0,4238935548,STATE DAGGER 37-48 1H,4238935548,STATE DAGGER 37-48 1H,pinned
gap,579339.123400326,582239.0689563127,2899.9455559867874,False,109,SW,3,10329.954800712232,0.46451317603783276,rolled,0,4238935548,STATE DAGGER 37-48 1H,4238937873,STATE ASPEN C UNIT 2H,1/2-1 mi
pinned,582239.0689563127,585439.0088801603,3199.9399238474894,True,110,SW,3,10329.954800712232,0.46451317603783276,rolled,0,4238937873,STATE ASPEN C UNIT 2H,4238937873,STATE ASPEN C UNIT 2H,pinned
gap,585439.0088801603,590238.9187659315,4799.909885771234,False,111,SW,6,14519.72157122972,0.6529168919279221,rolled,0,4238937873,STATE ASPEN C UNIT 2H,4238938399,ELECTRIC STATE 57-33 6H,1/2-1 mi
pinned,590238.9187659315,591238.8999921338,999.9812262023404,True,112,SW,3,14721.413427561836,0.6619864887047965,rolled,0,4238938399,ELECTRIC STATE 57-33 6H,4238938399,ELECTRIC STATE 57-33 6H,pinned
gap,591238.8999921338,597138.7892267277,5899.889234593808,False,113,SW,4,14518.520673476633,0.6528628904496828,rolled,0,4238938399,ELECTRIC STATE 57-33 6H,4238936655,MAVERICKS STATE 58 09-04 6 61H,1-2 mi
pinned,597138.7892267277,611138.5263935603,13999.737166832765,True,114,SW,2,11226.062757586207,0.5048089915714693,rolled,0,4238936655,MAVERICKS STATE 58 09-04 6 61H,4238936655,MAVERICKS STATE 58 09-04 6 61H,pinned
gap,611138.5263935603,615638.441911471,4499.915517910532,False,115,SW,3,13881.420418516169,0.6242140271588393,rolled,0,4238936655,MAVERICKS STATE 58 09-04 6 61H,4238938424,BAJA STATE 58 15-22 5 51H,1/2-1 mi
pinned,615638.441911471,622938.304862748,7299.862951277085,True,116,SW,1,8136.497595780984,0.3658786909483694,rolled,0,4238938424,BAJA STATE 58 15-22 5 51H,4238938424,BAJA STATE 58 15-22 5 51H,pinned
gap,622938.304862748,626438.2391544562,3499.9342917081913,False,117,S,2,13134.517284807442,0.5906275929947973,rolled,0,4238938424,BAJA STATE 58 15-22 5 51H,4238937389,SUNSET STATE UNIT 58 13-24 5 51H,1/2-1 mi
pinned,626438.2391544562,627938.2109937597,1499.9718393035107,True,118,S,2,14020.871661520123,0.6304848135310821,rolled,0,4238937389,SUNSET STATE UNIT 58 13-24 5 51H,4238937389,SUNSET STATE UNIT 58 13-24 5 51H,pinned
gap,627938.2109937597,630638.1603045061,2699.949310746319,False,119,S,2,14020.871661520123,0.6304848135310821,rolled,0,4238937389,SUNSET STATE UNIT 58 13-24 5 51H,4238937620,HERMOSA STATE 55 30-31 3H,1/2-1 mi
pinned,630638.1603045061,636738.0457843404,6099.885479834276,True,120,S,2,14020.871661520123,0.6304848135310821,rolled,0,4238937620,HERMOSA STATE 55 30-31 3H,4238937620,HERMOSA STATE 55 30-31 3H,pinned
gap,636738.0457843404,640237.9800760485,3499.9342917081913,False,121,S,2,9895.40029289274,0.44497230693597845,rolled,0,4238937620,HERMOSA STATE 55 30-31 3H,4238938545,NEW JERSEY STATE 55 29-32 6 61H,1/2-1 mi
pinned,640237.9800760485,642937.9293867948,2699.949310746319,True,122,S,2,15384.614881951815,0.6918090600397997,rolled,0,4238938545,NEW JERSEY STATE 55 29-32 6 61H,4238938545,NEW JERSEY STATE 55 29-32 6 61H,pinned
gap,642937.9293867948,645837.8749427816,2899.9455559867874,False,123,S,2,15384.614881951815,0.6918090600397997,rolled,0,4238938545,NEW JERSEY STATE 55 29-32 6 61H,4238938465,MANHATTAN STATE UNIT 5 51H,1/2-1 mi
pinned,645837.8749427816,652737.7454035778,6899.870460796149,True,124,S,2,15384.614881951815,0.6918090600397997,rolled,0,4238938465,MANHATTAN STATE UNIT 5 51H,4238938465,MANHATTAN STATE UNIT 5 51H,pinned
gap,652737.7454035778,661037.5895810572,8299.844177479425,False,125,S,6,17733.45860405387,0.7974309023827035,unknown,0,4238938465,MANHATTAN STATE UNIT 5 51H,4238936358,STATE MAYFLY UNIT 3H,1-2 mi
pinned,661037.5895810572,663237.5482787023,2199.9586976451487,True,126,S,5,16559.80343980344,0.7446544577189202,unknown,0,4238936358,STATE MAYFLY UNIT 3H,4238936358,STATE MAYFLY UNIT 3H,pinned
gap,663237.5482787023,666837.4806930308,3599.9324143284257,False,127,S,4,15728.502662635648,0.7072728648954643,unknown,0,4238936358,STATE MAYFLY UNIT 3H,4238935876,FOUNDERS JOHNSON STATE 1H,1/2-1 mi
pinned,666837.4806930308,670837.4055978401,3999.9249048093616,True,128,S,0,,,unknown,0,4238935876,FOUNDERS JOHNSON STATE 1H,4238935876,FOUNDERS JOHNSON STATE 1H,pinned
gap,670837.4055978401,675337.3211157507,4499.915517910532,False,129,S,4,14238.431885166974,0.6402679725492351,rolled,0,4238935876,FOUNDERS JOHNSON STATE 1H,4238937038,SANDHU STATE UNIT 1 12H,1/2-1 mi
pinned,675337.3211157507,678437.2629169779,3099.9418012272554,True,130,S,6,11773.49891479755,0.5294258764436717,rolled,0,4238937038,SANDHU STATE UNIT 1 12H,4238937038,SANDHU STATE UNIT 1 12H,pinned
gap,678437.2629169779,678537.2610395981,99.99812262023404,True,131,S,6,11773.49891479755,0.5294258764436717,rolled,0,4238937038,SANDHU STATE UNIT 1 12H,4238937038,SANDHU STATE UNIT 1 12H,< 1/4 mi
pinned,678537.2610395981,680937.2159824837,2399.954942885617,True,132,S,5,14015.871525169046,0.6302599694478437,rolled,0,4238937038,SANDHU STATE UNIT 1 12H,4238937038,SANDHU STATE UNIT 1 12H,pinned
gap,680937.2159824837,681137.2122277243,199.99624524046808,False,133,S,4,11996.059274795478,0.539433879545063,rolled,0,4238937038,SANDHU STATE UNIT 1 12H,4238936842,TOYAH B 2H,< 1/4 mi
pinned,681137.2122277243,687837.0864432799,6699.874215555681,True,134,S,6,9355.038149095431,0.4206735234012631,rolled,0,4238936842,TOYAH B 2H,4238936842,TOYAH B 2H,pinned
gap,687837.0864432799,689037.0639147228,1199.9774714428086,False,135,S,4,7887.206287395074,0.35466866150961696,rolled,0,4238936842,TOYAH B 2H,4238937957,TOYAH B 22-21 2H,< 1/4 mi
pinned,689037.0639147228,693636.9775552534,4599.913640530766,True,136,S,3,6595.462581025338,0.2965820596562075,rolled,0,4238937957,TOYAH B 22-21 2H,4238937957,TOYAH B 22-21 2H,pinned
gap,693636.9775552534,694836.9550266963,1199.9774714428086,False,137,S,2,5568.075268695127,0.2503829278421385,rolled,0,4238937957,TOYAH B 22-21 2H,4238937079,ANGELS ENVY 4-3W UNIT 1H,< 1/4 mi
pinned,694836.9550266963,696436.92498862,1599.9699619237447,True,138,S,2,5568.075268695127,0.2503829278421385,rolled,0,4238937079,ANGELS ENVY 4-3W UNIT 1H,4238937079,ANGELS ENVY 4-3W UNIT 1H,pinned
gap,696436.92498862,701936.8217327329,5499.8967441128725,False,139,S,6,10152.797412644135,0.45654683517984523,rolled,0,4238937079,ANGELS ENVY 4-3W UNIT 1H,4238938697,GARRISON BROTHERS STATE UNIT 1H,1-2 mi
pinned,701936.8217327329,702936.8029589353,999.9812262023404,True,140,S,3,16910.893881003856,0.7604421488622818,unknown,0,4238938697,GARRISON BROTHERS STATE UNIT 1H,4238938697,GARRISON BROTHERS STATE UNIT 1H,pinned
pinned,702936.8029589353,703936.7841851376,999.9812262023404,True,141,S,4,17543.06253221444,0.7888692498158246,unknown,0,4238938784,GARRISON BROTHERS STATE UNIT 2H,4238938784,GARRISON BROTHERS STATE UNIT 2H,pinned
gap,703936.7841851376,706936.7278637446,2999.9436786070214,False,142,S,4,17543.06253221444,0.7888692498158246,unknown,0,4238938784,GARRISON BROTHERS STATE UNIT 2H,4238937747,ZUMA STATE UNIT 72 10-21 3H,1/2-1 mi
pinned,706936.7278637446,728236.3279818544,21299.60011810985,True,143,S,2,10967.975286805413,0.49320341990529976,rolled,0,4238937747,ZUMA STATE UNIT 72 10-21 3H,4238937747,ZUMA STATE UNIT 72 10-21 3H,pinned
gap,728236.3279818544,731636.2641509424,3399.9361690879573,False,144,S,4,17543.06253221444,0.7888692498158246,unknown,0,4238937747,ZUMA STATE UNIT 72 10-21 3H,4238938784,GARRISON BROTHERS STATE UNIT 2H,1/2-1 mi
pinned,731636.2641509424,733536.2284807268,1899.9643297844468,True,145,S,4,18722.499560013566,0.8419056909512515,unknown,0,4238938784,GARRISON BROTHERS STATE UNIT 2H,4238938784,GARRISON BROTHERS STATE UNIT 2H,pinned
gap,733536.2284807268,736236.1777914732,2699.949310746319,False,146,S,4,18722.499560013566,0.8419056909512515,unknown,0,4238938784,GARRISON BROTHERS STATE UNIT 2H,4238936293,WINKLER STATE 34 1H,1/2-1 mi
pinned,736236.1777914732,737536.1533855362,1299.9755940630425,True,147,S,4,18722.499560013566,0.8419056909512515,unknown,0,4238936293,WINKLER STATE 34 1H,4238936293,WINKLER STATE 34 1H,pinned
gap,737536.1533855362,745236.0088272942,7699.855441758022,False,148,S,3,12907.97617657363,0.5804405852373613,rolled,0,4238936293,WINKLER STATE 34 1H,4238939390,EDDIE GUNNER STATE 44 1H,1-2 mi
pinned,745236.0088272942,765435.6295965816,20199.620769287278,True,149,S,3,12907.97617657363,0.5804405852373613,rolled,0,4238939390,EDDIE GUNNER STATE 44 1H,4238939390,EDDIE GUNNER STATE 44 1H,pinned
gap,765435.6295965816,767335.593926366,1899.9643297844468,False,150,S,3,12907.97617657363,0.5804405852373613,rolled,0,4238939390,EDDIE GUNNER STATE 44 1H,4238939480,TEA TIME STATE WEST 2H,1/4-1/2 mi
pinned,767335.593926366,770535.5338502135,3199.9399238474894,True,151,S,3,12907.97617657363,0.5804405852373613,rolled,0,4238939480,TEA TIME STATE WEST 2H,4238939480,TEA TIME STATE WEST 2H,pinned
pinned,770535.5338502135,771735.5113216563,1199.9774714428086,True,152,S,2,16355.666229422788,0.7354748992628772,unknown,0,4238939479,TEA TIME STATE EAST 1H,4238939479,TEA TIME STATE EAST 1H,pinned
gap,771735.5113216563,777235.4080657691,5499.8967441128725,False,153,S,3,13139.210919970084,0.5908386544581458,rolled,0,4238939479,TEA TIME STATE EAST 1H,4238940597,PINTO 2-11 UNIT C 3H,1-2 mi
pinned,777235.4080657691,786135.24097897,8899.83291320083,True,154,S,1,13139.210919970084,0.5908386544581458,rolled,0,4238940597,PINTO 2-11 UNIT C 3H,4238940597,PINTO 2-11 UNIT C 3H,pinned
gap,786135.24097897,792135.128336184,5999.887357214043,False,155,S,3,17274.183482421467,0.7767784068451703,unknown,0,4238940597,PINTO 2-11 UNIT C 3H,4238935497,OLIVER 13-24 1H,1-2 mi
pinned,792135.128336184,801634.9499851062,9499.821648922234,True,156,S,3,19277.220161466288,0.8668501397281865,strong,0,4238935497,OLIVER 13-24 1H,4238935497,OLIVER 13-24 1H,pinned
gap,801634.9499851062,806334.8617482572,4699.911763151,False,157,S,2,25456.481367861856,1.1447166264578545,strong,0,4238935497,OLIVER 13-24 1H,4238935615,SARGE 17 1H,1/2-1 mi
pinned,806334.8617482572,810334.7866530666,3999.9249048093616,True,158,S,0,,,unknown,0,4238935615,SARGE 17 1H,4238935615,SARGE 17 1H,pinned
gap,810334.7866530666,814934.7002935974,4599.913640530766,False,159,S,2,8861.80242121502,0.3984939012331908,rolled,0,4238935615,SARGE 17 1H,4238936489,TERLINGUA STATE UNIT 15-17 1H,1/2-1 mi
pinned,814934.7002935974,821234.5820186721,6299.881725074744,True,160,S,3,10711.079136690649,0.48165141905884173,rolled,0,4238936489,TERLINGUA STATE UNIT 15-17 1H,4238936489,TERLINGUA STATE UNIT 15-17 1H,pinned
gap,821234.5820186721,824034.5294520387,2799.947433366553,False,161,S,3,10711.079136690649,0.48165141905884173,rolled,0,4238936489,TERLINGUA STATE UNIT 15-17 1H,4238937892,DENTON UNIT 68-107E 10H,1/2-1 mi
pinned,824034.5294520387,840234.2253165166,16199.695864477915,True,162,S,3,13929.53572604544,0.6263776565984297,rolled,0,4238937892,DENTON UNIT 68-107E 10H,4238937892,DENTON UNIT 68-107E 10H,pinned
gap,840234.2253165166,844434.1464665664,4199.9211500498295,False,163,S,3,16705.70855756041,0.7512154592873678,unknown,0,4238937892,DENTON UNIT 68-107E 10H,4238938853,BABS 110-111 UNIT E 6H,1/2-1 mi
pinned,844434.1464665664,845734.1220606294,1299.9755940630425,True,164,S,2,21448.154167558983,0.9644718108384148,strong,0,4238938853,BABS 110-111 UNIT E 6H,4238938853,BABS 110-111 UNIT E 6H,pinned
gap,845734.1220606294,849534.0507201983,3799.9286595688936,False,165,S,3,13929.53572604544,0.6263776565984297,rolled,0,4238938853,BABS 110-111 UNIT E 6H,4238938530,STORM CAT UNIT 40 402AH,1/2-1 mi
pinned,849534.0507201983,865933.7428299168,16399.692109718384,True,166,S,2,10926.129600700247,0.49132172023369497,rolled,0,4238938530,STORM CAT UNIT 40 402AH,4238938530,STORM CAT UNIT 40 402AH,pinned
gap,865933.7428299168,868033.7034049416,2099.9605750249148,False,167,S,1,7922.723475355055,0.3562657838689603,rolled,0,4238938530,STORM CAT UNIT 40 402AH,4238937958,STORM CAT UNIT 40 401AH,1/4-1/2 mi
pinned,868033.7034049416,871933.6301871308,3899.9267821891276,True,168,S,1,7922.723475355055,0.3562657838689603,rolled,0,4238937958,STORM CAT UNIT 40 401AH,4238937958,STORM CAT UNIT 40 401AH,pinned
gap,871933.6301871308,879433.4893836484,7499.859196517553,False,169,S,1,8751.29388725696,0.3935245987455745,rolled,0,4238937958,STORM CAT UNIT 40 401AH,4238936044,TOMMY HABANERO UNIT 160-161W 1H,1-2 mi
pinned,879433.4893836484,884933.3861277612,5499.8967441128725,True,170,S,2,25528.848704241853,1.1479708111964897,strong,0,4238936044,TOMMY HABANERO UNIT 160-161W 1H,4238936044,TOMMY HABANERO UNIT 160-161W 1H,pinned
gap,884933.3861277612,887133.3448254063,2199.9586976451487,False,171,S,2,25528.848704241853,1.1479708111964897,strong,0,4238936044,TOMMY HABANERO UNIT 160-161W 1H,4238937010,CASH UNIT 176-177W 1H,1/4-1/2 mi
pinned,887133.3448254063,888233.3241742289,1099.9793488225744,True,172,S,3,8793.356341673856,0.3954160459658268,rolled,0,4238937010,CASH UNIT 176-177W 1H,4238937010,CASH UNIT 176-177W 1H,pinned
gap,888233.3241742289,891633.2603433168,3399.9361690879573,False,173,S,3,25379.2306646731,1.1412428484809276,strong,0,4238937010,CASH UNIT 176-177W 1H,4238938822,DYLAN UNIT 176-175E 10H,1/2-1 mi
pinned,891633.2603433168,895433.1890028857,3799.9286595688936,True,174,S,2,17086.293503173478,0.7683294472233771,unknown,0,4238938822,DYLAN UNIT 176-175E 10H,4238938822,DYLAN UNIT 176-175E 10H,pinned
pinned,895433.1890028857,897433.1514552905,1999.9624524046808,True,175,S,3,21253.5367825384,0.9557203359895746,strong,0,4238937067,BLANCO UNIT 224-223W 1H,4238937067,BLANCO UNIT 224-223W 1H,pinned
gap,897433.1514552905,899733.1082755559,2299.956820265383,False,176,S,4,15705.67472248866,0.706246347433902,unknown,0,4238937067,BLANCO UNIT 224-223W 1H,4238938520,BLANCO A 224-223E 10H,1/4-1/2 mi
pinned,899733.1082755559,903033.0463220236,3299.9380464677233,True,177,S,4,20933.05887321014,0.9413092166396845,strong,0,4238938520,BLANCO A 224-223E 10H,4238938520,BLANCO A 224-223E 10H,pinned
pinned,903033.0463220236,904733.0144065676,1699.9680845439786,True,178,S,3,20612.58096388188,0.9268980972897943,strong,0,4238938894,ZELDA-LINK UNIT 237-238W 1H,4238938894,ZELDA-LINK UNIT 237-238W 1H,pinned
gap,904733.0144065676,906532.9806137318,1799.9662071642128,False,179,S,3,20612.58096388188,0.9268980972897943,strong,0,4238938894,ZELDA-LINK UNIT 237-238W 1H,4238938331,ZELDA-LINK UNIT 237-238E 10H,1/4-1/2 mi
pinned,906532.9806137318,909732.9205375792,3199.9399238474894,True,180,S,3,20612.58096388188,0.9268980972897943,strong,0,4238938331,ZELDA-LINK UNIT 237-238E 10H,4238938331,ZELDA-LINK UNIT 237-238E 10H,pinned
gap,909732.9205375792,913832.8435650088,4099.923027429596,False,181,S,3,19358.76412358764,0.8705169752141546,strong,0,4238938331,ZELDA-LINK UNIT 237-238E 10H,4238940986,CONNIE C 2A,1/2-1 mi
pinned,913832.8435650088,916532.7928757551,2699.949310746319,True,182,S,2,17352.078443964518,0.7802811555678668,unknown,0,4238940986,CONNIE C 2A,4238940986,CONNIE C 2A,pinned
gap,916532.7928757551,916632.7909983754,99.99812262023404,False,183,S,2,17352.078443964518,0.7802811555678668,unknown,0,4238940986,CONNIE C 2A,4238940987,SANDY E 3A,< 1/4 mi
pinned,916632.7909983754,919632.7346769824,2999.9436786070214,True,184,S,2,17352.078443964518,0.7802811555678668,unknown,0,4238940987,SANDY E 3A,4238940987,SANDY E 3A,pinned
gap,919632.7346769824,924432.6445627536,4799.909885771234,False,185,S,3,15345.392764341395,0.690045335921579,rolled,0,4238940987,SANDY E 3A,4238941375,DURLENE B 4A,1/2-1 mi
pinned,924432.6445627536,926432.6070151583,1999.9624524046808,True,186,S,1,12612.469927826784,0.5671523812914003,rolled,0,4238941375,DURLENE B 4A,4238941375,DURLENE B 4A,pinned
gap,926432.6070151583,933432.4755985747,6999.8685834163825,False,187,S,2,18757.317861598232,0.8434713860743531,unknown,1,4238941375,DURLENE B 4A,4238936972,BULLDOG 1HA,1-2 mi
pinned,933432.4755985747,952032.1264059383,18599.65080736353,True,188,S,0,,,unknown,2,4238936972,BULLDOG 1HA,4238936972,BULLDOG 1HA,pinned
gap,952032.1264059383,956532.0419238488,4499.915517910532,False,189,S,0,,,unknown,0,4238936972,BULLDOG 1HA,4238936903,ORCA NORTH 1HA,1/2-1 mi
pinned,956532.0419238488,958432.0062536332,1899.9643297844468,True,190,S,1,4915.372907153729,0.22103247541362597,rolled,0,4238936903,ORCA NORTH 1HA,4238936903,ORCA NORTH 1HA,pinned
gap,958432.0062536332,961831.9424227212,3399.9361690879573,False,191,S,1,4915.372907153729,0.22103247541362597,rolled,0,4238936903,ORCA NORTH 1HA,4238937461,GRIZZLY 1HA,1/2-1 mi
pinned,961831.9424227212,972631.7396657064,10799.797242985276,True,192,S,1,4915.372907153729,0.22103247541362597,rolled,0,4238937461,GRIZZLY 1HA,4238937461,GRIZZLY 1HA,pinned
gap,972631.7396657064,976731.662693136,4099.923027429596,False,193,S,1,4915.372907153729,0.22103247541362597,rolled,0,4238937461,GRIZZLY 1HA,4238936976,STATE OL SARGE 1HA,1/2-1 mi
pinned,976731.662693136,993631.3454159556,16899.682722819554,True,194,S,0,,,unknown,0,4238936976,STATE OL SARGE 1HA,4238936976,STATE OL SARGE 1HA,pinned
gap,993631.3454159556,997931.2646886257,4299.919272670064,False,195,S,1,25680.672268907565,1.154797951061167,strong,0,4238936976,STATE OL SARGE 1HA,4238938109,GUNNISON STATE UNIT 2575H,1/2-1 mi
pinned,997931.2646886257,1007731.0807054086,9799.816016782936,True,196,S,1,25680.672268907565,1.154797951061167,strong,0,4238938109,GUNNISON STATE UNIT 2575H,4238938109,GUNNISON STATE UNIT 2575H,pinned
gap,1007731.0807054086,1012330.9943459394,4599.913640530766,False,197,S,5,22913.857255609422,1.0303809469085772,strong,0,4238938109,GUNNISON STATE UNIT 2575H,4238936690,RIDGEWAY 3603H,1/2-1 mi
pinned,1012330.9943459394,1013430.973694762,1099.9793488225744,True,198,S,4,21666.899962776046,0.9743082821532935,strong,0,4238936690,RIDGEWAY 3603H,4238936690,RIDGEWAY 3603H,pinned
gap,1013430.973694762,1013930.9643078631,499.9906131011702,False,199,S,4,21666.899962776046,0.9743082821532935,strong,0,4238936690,RIDGEWAY 3603H,4238938136,CUTTHROAT 3601H,< 1/4 mi
pinned,1013930.9643078631,1016730.9117412297,2799.947433366553,True,200,S,4,21666.899962776046,0.9743082821532935,strong,0,4238938136,CUTTHROAT 3601H,4238938136,CUTTHROAT 3601H,pinned
gap,1016730.9117412297,1024130.772815127,7399.861073897319,False,201,S,3,28046.27461782124,1.2611733884697298,strong,0,4238938136,CUTTHROAT 3601H,4238936501,UNCOMPAGHRE STATE UNIT 9702H,1-2 mi
pinned,1024130.772815127,1030930.6451533029,6799.872338175915,True,202,S,1,28046.27461782124,1.2611733884697298,strong,0,4238936501,UNCOMPAGHRE STATE UNIT 9702H,4238936501,UNCOMPAGHRE STATE UNIT 9702H,pinned
gap,1030930.6451533029,1039630.4818212632,8699.836667960362,False,203,S,1,28046.27461782124,1.2611733884697298,strong,0,4238936501,UNCOMPAGHRE STATE UNIT 9702H,4237139346,LARIMER STATE UNIT 6202H,1-2 mi
pinned,1039630.4818212632,1045030.3804427559,5399.898621492638,True,204,S,0,,,unknown,0,4237139346,LARIMER STATE UNIT 6202H,4237139346,LARIMER STATE UNIT 6202H,pinned
gap,1045030.3804427559,1050930.2696773496,5899.889234593808,False,205,S,0,,,unknown,0,4237139346,LARIMER STATE UNIT 6202H,4237139722,STALLION 1HA,1-2 mi
pinned,1050930.2696773496,1069029.929871612,18099.66019426236,True,206,S,0,,,unknown,1,4237139722,STALLION 1HA,4237139722,STALLION 1HA,pinned
gap,1069029.929871612,1072229.8697954596,3199.9399238474894,False,207,S,0,,,unknown,0,4237139722,STALLION 1HA,4237139474,MONARCH STATE 3405H,1/2-1 mi
pinned,1072229.8697954596,1077629.768416952,5399.898621492638,True,208,S,1,9199.240802024528,0.4136676921171626,rolled,0,4237139474,MONARCH STATE 3405H,4237139474,MONARCH STATE 3405H,pinned
gap,1077629.768416952,1079029.7421336353,1399.9737166832765,False,209,S,1,9199.240802024528,0.4136676921171626,rolled,0,4237139474,MONARCH STATE 3405H,4237139569,MDJ CALDWELL H 12SH,1/4-1/2 mi
pinned,1079029.7421336353,1082429.6783027232,3399.9361690879573,True,210,S,1,9199.240802024528,0.4136676921171626,rolled,0,4237139569,MDJ CALDWELL H 12SH,4237139569,MDJ CALDWELL H 12SH,pinned
gap,1082429.6783027232,1086729.5975753933,4299.919272670064,False,211,S,3,12999.868004223865,0.5845727393016549,rolled,0,4237139569,MDJ CALDWELL H 12SH,4237139385,MDJ CALDWELL M 11NH,1/2-1 mi
pinned,1086729.5975753933,1088229.569414697,1499.9718393035107,True,212,S,4,11464.177500929902,0.5155164378116394,rolled,0,4237139385,MDJ CALDWELL M 11NH,4237139385,MDJ CALDWELL M 11NH,pinned
gap,1088229.569414697,1095429.4342433538,7199.864828656851,False,213,SE,4,11464.177500929902,0.5155164378116394,rolled,0,4237139385,MDJ CALDWELL M 11NH,4237139542,CRUSADER 2930 1H,1-2 mi
pinned,1095429.4342433538,1111329.135739971,15899.701496617212,True,214,SE,3,5490.945472736368,0.246914586772003,rolled,0,4237139542,CRUSADER 2930 1H,4237139542,CRUSADER 2930 1H,pinned
gap,1111329.135739971,1112429.1150887934,1099.9793488225744,False,215,SE,3,5490.945472736368,0.246914586772003,rolled,0,4237139542,CRUSADER 2930 1H,4237139630,FIGHTING ACE 2827 2H,< 1/4 mi
pinned,1112429.1150887934,1119628.9799174503,7199.864828656851,True,216,SE,4,6897.46989055052,0.310162600640231,rolled,0,4237139630,FIGHTING ACE 2827 2H,4237139630,FIGHTING ACE 2827 2H,pinned
gap,1119628.9799174503,1125628.8672746643,5999.887357214043,False,217,SE,5,9875.09215376514,0.4440590988544746,rolled,0,4237139630,FIGHTING ACE 2827 2H,4237139901,AMERICAN HORNET 3631 1H,1-2 mi
pinned,1125628.8672746643,1141528.5687712817,15899.701496617212,True,218,SE,2,9582.23916249408,0.43089020550383567,rolled,0,4237139901,AMERICAN HORNET 3631 1H,4237139901,AMERICAN HORNET 3631 1H,pinned
gap,1141528.5687712817,1147728.452373736,6199.883602454511,False,219,SE,3,8024.838910829349,0.36085766894200827,rolled,0,4237139901,AMERICAN HORNET 3631 1H,4237139676,MAXWELL-NATALIE WEST 1H,1-2 mi
pinned,1147728.452373736,1170928.0168216305,23199.5644478943,True,220,SE,3,9022.298090259255,0.40571100473522304,rolled,0,4237139676,MAXWELL-NATALIE WEST 1H,4237139676,MAXWELL-NATALIE WEST 1H,pinned
gap,1170928.0168216305,1173827.9623776171,2899.9455559867874,False,221,SE,5,11496.0970464135,0.5169517828578005,rolled,0,4237139676,MAXWELL-NATALIE WEST 1H,4237139805,JOSE-KATIE EAST 2H,1/2-1 mi
pinned,1173827.9623776171,1180727.8328384133,6899.870460796149,True,222,SE,5,11496.0970464135,0.5169517828578005,rolled,0,4237139805,JOSE-KATIE EAST 2H,4237139805,JOSE-KATIE EAST 2H,pinned
gap,1180727.8328384133,1186227.7295825263,5499.8967441128725,False,223,SE,7,11968.15156169995,0.5381789369343691,rolled,0,4237139805,JOSE-KATIE EAST 2H,4237140300,BREAKTHROUGH STATE 1009 2H,1-2 mi
pinned,1186227.7295825263,1187727.7014218299,1499.9718393035107,True,224,SE,3,11968.15156169995,0.5381789369343691,rolled,0,4237140300,BREAKTHROUGH STATE 1009 2H,4237140300,BREAKTHROUGH STATE 1009 2H,pinned
gap,1187727.7014218299,1192927.6037980819,5199.90237625217,False,225,SE,7,11968.15156169995,0.5381789369343691,rolled,0,4237140300,BREAKTHROUGH STATE 1009 2H,4237140322,STATE SPEARHEAD 1114 3H,1/2-1 mi
pinned,1192927.6037980819,1199027.4892779163,6099.885479834276,True,226,SE,4,12016.11959612881,0.5403359438575075,rolled,0,4237140322,STATE SPEARHEAD 1114 3H,4237140322,STATE SPEARHEAD 1114 3H,pinned
pinned,1199027.4892779163,1199627.4780136377,599.9887357214043,True,227,SE,4,12016.11959612881,0.5403359438575075,rolled,0,4237140323,STATE SPEARHEAD 1114 4H,4237140323,STATE SPEARHEAD 1114 4H,pinned
pinned,1199627.4780136377,1200027.4705041186,399.99249048093617,True,228,SE,4,12016.11959612881,0.5403359438575075,rolled,0,4237140301,STATE SPEARHEAD 1114 2H,4237140301,STATE SPEARHEAD 1114 2H,pinned
pinned,1200027.4705041186,1205427.3691256111,5399.898621492638,True,229,SE,4,12016.11959612881,0.5403359438575075,rolled,0,4237140142,STATE SPEARHEAD 1114 1H,4237140142,STATE SPEARHEAD 1114 1H,pinned
gap,1205427.3691256111,1210627.2715018634,5199.90237625217,False,230,SE,5,12666.770508826585,0.5695941475747511,rolled,0,4237140142,STATE SPEARHEAD 1114 1H,4237140015,IRON SNAKE 1912 1H,1/2-1 mi
pinned,1210627.2715018634,1218727.1194341022,8099.847932238958,True,231,SE,1,12666.770508826585,0.5695941475747511,rolled,0,4237140015,IRON SNAKE 1912 1H,4237140015,IRON SNAKE 1912 1H,pinned
gap,1218727.1194341022,1225826.986140139,7099.866706036617,False,232,SE,2,13711.368985577446,0.6165672239803099,rolled,0,4237140015,IRON SNAKE 1912 1H,4237140516,DJT 47 1H,1-2 mi
pinned,1225826.986140139,1229426.9185544674,3599.9324143284257,True,233,SE,1,11353.986598038264,0.5105614184277073,rolled,0,4237140516,DJT 47 1H,4237140516,DJT 47 1H,pinned
pinned,1229426.9185544674,1230626.8960259103,1199.9774714428086,True,234,SE,2,11419.092401633256,0.513489069534595,rolled,0,4237140515,DJT 45 1H,4237140515,DJT 45 1H,pinned
gap,1230626.8960259103,1231926.871619973,1299.9755940630425,False,235,SE,2,11419.092401633256,0.513489069534595,rolled,0,4237140515,DJT 45 1H,4237140495,COME AND TAKE IT 1H,< 1/4 mi
pinned,1231926.871619973,1234226.8284402385,2299.956820265383,True,236,SE,2,11419.092401633256,0.513489069534595,rolled,0,4237140495,COME AND TAKE IT 1H,4237140495,COME AND TAKE IT 1H,pinned
pinned,1234226.8284402385,1238026.7570998075,3799.9286595688936,True,237,SE,2,11419.092401633256,0.513489069534595,rolled,0,4237140494,MAX Q 1H,4237140494,MAX Q 1H,pinned
gap,1238026.7570998075,1241526.6913915158,3499.9342917081913,False,238,SE,3,11484.198205228247,0.5164167206414827,rolled,0,4237140494,MAX Q 1H,4237140009,WC TYRRELL 5 1H,1/2-1 mi
pinned,1241526.6913915158,1245026.6256832238,3499.9342917081913,True,239,SE,1,17446.269542845832,0.7845167023190333,unknown,0,4237140009,WC TYRRELL 5 1H,4237140009,WC TYRRELL 5 1H,pinned
gap,1245026.6256832238,1250026.5318142355,4999.906131011702,True,240,SE,1,17446.269542845832,0.7845167023190333,unknown,0,4237140009,WC TYRRELL 5 1H,4237140009,WC TYRRELL 5 1H,1/2-1 mi
pinned,1250026.5318142355,1257226.3966428924,7199.864828656851,True,241,SE,1,17446.269542845832,0.7845167023190333,unknown,0,4237140009,WC TYRRELL 5 1H,4237140009,WC TYRRELL 5 1H,pinned
gap,1257226.3966428924,1262326.3008965245,5099.904253631936,False,242,SE,8,16049.386743031748,0.7217022487795539,unknown,0,4237140009,WC TYRRELL 5 1H,4237139628,STATE REED A 11-12 1WA,1/2-1 mi
pinned,1262326.3008965245,1269526.165725181,7199.864828656851,True,243,SE,7,14652.503943217664,0.6588877952400745,rolled,0,4237139628,STATE REED A 11-12 1WA,4237139628,STATE REED A 11-12 1WA,pinned
gap,1269526.165725181,1275226.0587145346,5699.89298935334,False,244,SE,7,14652.503943217664,0.6588877952400745,rolled,0,4237139628,STATE REED A 11-12 1WA,4237140209,WILSON 8-7 UNIT 4WA,1-2 mi
pinned,1275226.0587145346,1276626.0324312178,1399.9737166832765,True,245,SE,6,17134.383574251806,0.7704919418405791,unknown,0,4237140209,WILSON 8-7 UNIT 4WA,4237140209,WILSON 8-7 UNIT 4WA,pinned
gap,1276626.0324312178,1276726.030553838,99.99812262023404,False,246,SE,6,17134.383574251806,0.7704919418405791,unknown,0,4237140209,WILSON 8-7 UNIT 4WA,4237140205,WILSON 8-7 UNIT 3WA,< 1/4 mi
pinned,1276726.030553838,1277626.0136574202,899.9831035821064,True,247,SE,6,17134.383574251806,0.7704919418405791,unknown,0,4237140205,WILSON 8-7 UNIT 3WA,4237140205,WILSON 8-7 UNIT 3WA,pinned
pinned,1277626.0136574202,1278126.0042705212,499.9906131011702,True,248,SE,6,17134.383574251806,0.7704919418405791,unknown,0,4237140204,WILSON 8-7 UNIT 2WA,4237140204,WILSON 8-7 UNIT 2WA,pinned
gap,1278126.0042705212,1278725.9930062427,599.9887357214043,False,249,SE,6,17134.383574251806,0.7704919418405791,unknown,0,4237140204,WILSON 8-7 UNIT 2WA,4237139779,STATE ELBERT 7-8 UNIT 1WA,< 1/4 mi
pinned,1278725.9930062427,1281125.9479491285,2399.954942885617,True,250,SE,7,18694.08071748879,0.840627764081756,unknown,0,4237139779,STATE ELBERT 7-8 UNIT 1WA,4237139779,STATE ELBERT 7-8 UNIT 1WA,pinned
gap,1281125.9479491285,1281525.9404396093,399.99249048093617,False,251,SE,6,19244.642432626442,0.8653851977624721,strong,0,4237139779,STATE ELBERT 7-8 UNIT 1WA,4237140075,STATE ELBERT 7-8 UNIT 3WA,< 1/4 mi
pinned,1281525.9404396093,1284425.8859955962,2899.9455559867874,True,252,SE,6,19244.642432626442,0.8653851977624721,strong,0,4237140075,STATE ELBERT 7-8 UNIT 3WA,4237140075,STATE ELBERT 7-8 UNIT 3WA,pinned
gap,1284425.8859955962,1285225.870976558,799.9849809618723,False,253,SE,4,20823.253849068737,0.9363715492933262,strong,0,4237140075,STATE ELBERT 7-8 UNIT 3WA,4237140013,STATE LONGS 8-7 UNIT 1WA,< 1/4 mi
pinned,1285225.870976558,1294525.6963802397,9299.825403681765,True,254,SE,4,20823.253849068737,0.9363715492933262,strong,0,4237140013,STATE LONGS 8-7 UNIT 1WA,4237140013,STATE LONGS 8-7 UNIT 1WA,pinned
gap,1294525.6963802397,1295025.686993341,499.9906131011702,True,255,SE,2,20272.692133931087,0.9116141156126102,strong,0,4237140013,STATE LONGS 8-7 UNIT 1WA,4237140013,STATE LONGS 8-7 UNIT 1WA,< 1/4 mi
pinned,1295025.686993341,1300025.5931243526,4999.906131011702,True,256,SE,3,21851.30355037338,0.9826004671434643,strong,0,4237140013,STATE LONGS 8-7 UNIT 1WA,4237140013,STATE LONGS 8-7 UNIT 1WA,pinned
gap,1300025.5931243526,1301025.574350555,999.9812262023404,False,257,SE,3,21851.30355037338,0.9826004671434643,strong,0,4237140013,STATE LONGS 8-7 UNIT 1WA,4237140075,STATE ELBERT 7-8 UNIT 3WA,< 1/4 mi
pinned,1301025.574350555,1305525.4898684656,4499.915517910532,True,258,SE,6,19244.642432626442,0.8653851977624721,strong,0,4237140075,STATE ELBERT 7-8 UNIT 3WA,4237140075,STATE ELBERT 7-8 UNIT 3WA,pinned
gap,1305525.4898684656,1306025.4804815666,499.9906131011702,False,259,SE,6,17134.383574251806,0.7704919418405791,unknown,0,4237140075,STATE ELBERT 7-8 UNIT 3WA,4237139779,STATE ELBERT 7-8 UNIT 1WA,< 1/4 mi
pinned,1306025.4804815666,1307125.4598303891,1099.9793488225744,True,260,SE,6,17134.383574251806,0.7704919418405791,unknown,0,4237139779,STATE ELBERT 7-8 UNIT 1WA,4237139779,STATE ELBERT 7-8 UNIT 1WA,pinned
pinned,1307125.4598303891,1307825.4466887307,699.9868583416383,True,261,SE,6,17134.383574251806,0.7704919418405791,unknown,0,4237139780,WILSON 8-7 UNIT 1WA,4237139780,WILSON 8-7 UNIT 1WA,pinned
pinned,1307825.4466887307,1308825.4279149333,999.9812262023404,True,262,SE,6,17134.383574251806,0.7704919418405791,unknown,0,4237140204,WILSON 8-7 UNIT 2WA,4237140204,WILSON 8-7 UNIT 2WA,pinned
pinned,1308825.4279149333,1309825.4091411356,999.9812262023404,True,263,SE,6,17134.383574251806,0.7704919418405791,unknown,0,4237140205,WILSON 8-7 UNIT 3WA,4237140205,WILSON 8-7 UNIT 3WA,pinned
pinned,1309825.4091411356,1323125.1594496267,13299.750308491128,True,264,SE,5,15574.686431014825,0.7003561195994022,unknown,0,4237140209,WILSON 8-7 UNIT 4WA,4237140209,WILSON 8-7 UNIT 4WA,pinned
gap,1323125.1594496267,1324025.1425532089,899.9831035821064,True,265,SE,3,14727.842690225134,0.6622755971546325,rolled,0,4237140209,WILSON 8-7 UNIT 4WA,4237140209,WILSON 8-7 UNIT 4WA,< 1/4 mi
pinned,1324025.1425532089,1324825.1275341706,799.9849809618723,True,266,SE,3,14727.842690225134,0.6622755971546325,rolled,0,4237140209,WILSON 8-7 UNIT 4WA,4237140209,WILSON 8-7 UNIT 4WA,pinned
gap,1324825.1275341706,1329425.0411747014,4599.913640530766,False,267,SE,8,13209.759653229086,0.5940110609965873,rolled,0,4237140209,WILSON 8-7 UNIT 4WA,4237139628,STATE REED A 11-12 1WA,1/2-1 mi
pinned,1329425.0411747014,1330625.0186461443,1199.9774714428086,True,268,SE,6,10043.035765044024,0.45161111837202744,rolled,0,4237139628,STATE REED A 11-12 1WA,4237139628,STATE REED A 11-12 1WA,pinned
pinned,1330625.0186461443,1331624.9998723466,999.9812262023404,True,269,SE,6,10043.035765044024,0.45161111837202744,rolled,0,4237139632,STATE REED B 11-12 2WA,4237139632,STATE REED B 11-12 2WA,pinned
pinned,1331624.9998723466,1332524.9829759286,899.9831035821064,True,270,SE,6,10043.035765044024,0.45161111837202744,rolled,0,4237139865,STATE REED C 11-12 3WA,4237139865,STATE REED C 11-12 3WA,pinned
pinned,1332524.9829759286,1333424.9660795107,899.9831035821064,True,271,SE,6,10043.035765044024,0.45161111837202744,rolled,0,4237139866,STATE REED D 11-12 4WA,4237139866,STATE REED D 11-12 4WA,pinned
pinned,1333424.9660795107,1334424.947305713,999.9812262023404,True,272,SE,6,10043.035765044024,0.45161111837202744,rolled,0,4237139903,STATE REED E 11-12 5WA,4237139903,STATE REED E 11-12 5WA,pinned
pinned,1334424.947305713,1343224.7820962938,8799.834790580595,True,273,SE,6,10043.035765044024,0.45161111837202744,rolled,0,4237139904,STATE REED F 11-12 6WA,4237139904,STATE REED F 11-12 6WA,pinned
gap,1343224.7820962938,1348524.6825951661,5299.900498872405,False,274,SE,14,15274.288761225187,0.6868479602356529,rolled,0,4237139904,STATE REED F 11-12 6WA,4237140005,NEAL LETHCO E 21-22 5WA,1-2 mi
pinned,1348524.6825951661,1349124.6713308876,599.9887357214043,True,275,SE,9,15476.951634526142,0.695961221305826,rolled,0,4237140005,NEAL LETHCO E 21-22 5WA,4237140005,NEAL LETHCO E 21-22 5WA,pinned
pinned,1349124.6713308876,1349924.6563118494,799.9849809618723,True,276,SE,9,15476.951634526142,0.695961221305826,rolled,0,4237140004,NEAL LETHCO D 21-22 4WA,4237140004,NEAL LETHCO D 21-22 4WA,pinned
pinned,1349924.6563118494,1350824.6394154315,899.9831035821064,True,277,SE,9,17224.977680785636,0.7745657405132933,unknown,0,4237139831,NEAL LETHCO C 21-22 3WA,4237139831,NEAL LETHCO C 21-22 3WA,pinned
pinned,1350824.6394154315,1351724.6225190137,899.9831035821064,True,278,SE,8,17290.415657633177,0.7775083286509341,unknown,0,4237139721,NEAL LETHCO B 21-22 2WA,4237139721,NEAL LETHCO B 21-22 2WA,pinned
pinned,1351724.6225190137,1353824.5830940385,2099.9605750249148,True,279,SE,7,17355.853634480718,0.7804509167885749,unknown,0,4237139655,NEAL LETHCO A 21-22 1WA,4237139655,NEAL LETHCO A 21-22 1WA,pinned
gap,1353824.5830940385,1354824.5643202409,999.9812262023404,False,280,SE,5,17355.853634480718,0.7804509167885749,unknown,0,4237139655,NEAL LETHCO A 21-22 1WA,4237139368,STATE NEAL LETHCO 3427-142 1H,< 1/4 mi
pinned,1354824.5643202409,1365524.3634406058,10699.799120365042,True,281,SE,6,16239.688851754436,0.730259676051489,unknown,0,4237139368,STATE NEAL LETHCO 3427-142 1H,4237139368,STATE NEAL LETHCO 3427-142 1H,pinned
gap,1365524.3634406058,1368624.3052418332,3099.9418012272554,False,282,SE,4,14077.938131951276,0.6330509551973957,rolled,0,4237139368,STATE NEAL LETHCO 3427-142 1H,4237139421,STATE NEAL LETHCO 3405A-142 1H,1/2-1 mi
pinned,1368624.3052418332,1373324.2170049842,4699.911763151,True,283,SE,4,14077.938131951276,0.6330509551973957,rolled,0,4237139421,STATE NEAL LETHCO 3405A-142 1H,4237139421,STATE NEAL LETHCO 3405A-142 1H,pinned
gap,1373324.2170049842,1375824.17007049,2499.953065505851,False,284,SE,3,13032.352194874396,0.586033475080388,rolled,0,4237139421,STATE NEAL LETHCO 3405A-142 1H,4237139793,STATE BUBBLIN' CRUDE 0807B-143 61H,1/4-1/2 mi
pinned,1375824.17007049,1379924.0930979196,4099.923027429596,True,285,SE,3,13032.352194874396,0.586033475080388,rolled,0,4237139793,STATE BUBBLIN' CRUDE 0807B-143 61H,4237139793,STATE BUBBLIN' CRUDE 0807B-143 61H,pinned
gap,1379924.0930979196,1383324.0292670075,3399.9361690879573,False,286,SE,2,14609.706157642404,0.6569632819495053,rolled,0,4237139793,STATE BUBBLIN' CRUDE 0807B-143 61H,4237139851,STATE BIG TEX SOUTH 781615-143 11H,1/2-1 mi
pinned,1383324.0292670075,1391123.8828313858,7799.853564378255,True,287,SE,1,16187.060120410411,0.7278930888186225,unknown,0,4237139851,STATE BIG TEX SOUTH 781615-143 11H,4237139851,STATE BIG TEX SOUTH 781615-143 11H,pinned
gap,1391123.8828313858,1392223.8621802083,1099.9793488225744,False,288,SE,1,16187.060120410411,0.7278930888186225,unknown,0,4237139851,STATE BIG TEX SOUTH 781615-143 11H,4237139836,TREES ESTATE -77- H003,< 1/4 mi
pinned,1392223.8621802083,1396923.7739433593,4699.911763151,True,289,SE,1,16187.060120410411,0.7278930888186225,unknown,0,4237139836,TREES ESTATE -77- H003,4237139836,TREES ESTATE -77- H003,pinned
gap,1396923.7739433593,1399823.719499346,2899.9455559867874,False,290,SE,0,,,unknown,0,4237139836,TREES ESTATE -77- H003,4237139838,STATE BLANCO 58 UNIT H001,1/2-1 mi
pinned,1399823.719499346,1403023.6594231937,3199.9399238474894,True,291,SE,0,,,unknown,0,4237139838,STATE BLANCO 58 UNIT H001,4237139838,STATE BLANCO 58 UNIT H001,pinned
pinned,1403023.6594231937,1403623.648158915,599.9887357214043,True,292,SE,0,,,unknown,0,4237139840,STATE BLANCO 58 UNIT G001,4237139840,STATE BLANCO 58 UNIT G001,pinned
gap,1403623.648158915,1409023.5467804077,5399.898621492638,False,293,SE,2,16245.45560238497,0.7305189929316193,unknown,0,4237139840,STATE BLANCO 58 UNIT G001,4237139764,TREES STATE 52-53-E 4309H,1-2 mi
pinned,1409023.5467804077,1418023.3778162287,8999.831035821064,True,294,SE,4,13182.111167179515,0.5927677752015093,rolled,0,4237139764,TREES STATE 52-53-E 4309H,4237139764,TREES STATE 52-53-E 4309H,pinned
pinned,1418023.3778162287,1432423.1074735424,14399.729657313703,True,295,SE,5,16882.861400894188,0.7591815957796041,unknown,0,4237140023,MAGNOLIA STATE UNIT 4309BH,4237140023,MAGNOLIA STATE UNIT 4309BH,pinned
gap,1432423.1074735424,1435823.0436426303,3399.9361690879573,False,296,SE,5,16882.861400894188,0.7591815957796041,unknown,0,4237140023,MAGNOLIA STATE UNIT 4309BH,4237139511,BIRCH STATE UNIT 23-26 4315H,1/2-1 mi
pinned,1435823.0436426303,1445422.8634141728,9599.819771542469,True,297,SE,6,18970.61259750646,0.8530627363871397,strong,0,4237139511,BIRCH STATE UNIT 23-26 4315H,4237139511,BIRCH STATE UNIT 23-26 4315H,pinned
pinned,1445422.8634141728,1445622.8596594133,199.99624524046808,True,298,SE,6,18970.61259750646,0.8530627363871397,strong,0,4237139513,BIRCH STATE UNIT 23-26 4313H,4237139513,BIRCH STATE UNIT 23-26 4313H,pinned
pinned,1445622.8596594133,1447522.8239891978,1899.9643297844468,True,299,SE,6,18970.61259750646,0.8530627363871397,strong,0,4237139512,BIRCH STATE UNIT 23-26 4311H,4237139512,BIRCH STATE UNIT 23-26 4311H,pinned
gap,1447522.8239891978,1448722.8014606405,1199.9774714428086,False,300,SE,7,18555.468212636337,0.8343946937431391,unknown,0,4237139512,BIRCH STATE UNIT 23-26 4311H,4237139745,BIRCH STATE UNIT 23-26 4301H,< 1/4 mi
pinned,1448722.8014606405,1449422.7883189823,699.9868583416383,True,301,SE,7,18555.468212636337,0.8343946937431391,unknown,0,4237139745,BIRCH STATE UNIT 23-26 4301H,4237139745,BIRCH STATE UNIT 23-26 4301H,pinned
gap,1449422.7883189823,1453822.7057142726,4399.9173952902975,False,302,SE,10,18970.61259750646,0.8530627363871397,strong,0,4237139745,BIRCH STATE UNIT 23-26 4301H,4237139588,WHISKEY RIVER 19.5A-8 1H,1/2-1 mi
pinned,1453822.7057142726,1464122.5123441566,10299.806629884106,True,303,SE,2,24492.95433166421,1.1013891373819458,strong,0,4237139588,WHISKEY RIVER 19.5A-8 1H,4237139588,WHISKEY RIVER 19.5A-8 1H,pinned
gap,1464122.5123441566,1465222.4916929791,1099.9793488225744,False,304,SE,2,24492.95433166421,1.1013891373819458,strong,0,4237139588,WHISKEY RIVER 19.5A-8 1H,4237139586,WHISKEY RIVER 6-8 1H,< 1/4 mi
pinned,1465222.4916929791,1467422.4503906243,2199.9586976451487,True,305,SE,3,23725.17277288649,1.0668638507517927,strong,0,4237139586,WHISKEY RIVER 6-8 1H,4237139586,WHISKEY RIVER 6-8 1H,pinned
gap,1467422.4503906243,1469522.4109656492,2099.9605750249148,False,306,SE,4,24360.87389011288,1.0954497981901368,strong,0,4237139586,WHISKEY RIVER 6-8 1H,4238936237,STATE WHISKEY RIVER 4B-8 1H,1/4-1/2 mi
pinned,1469522.4109656492,1470522.3921918517,999.9812262023404,True,307,SE,4,23464.93712494959,1.0551616807352213,strong,0,4238936237,STATE WHISKEY RIVER 4B-8 1H,4238936237,STATE WHISKEY RIVER 4B-8 1H,pinned
gap,1470522.3921918517,1474622.3152192812,4099.923027429596,False,308,SE,7,20673.97064818589,0.9296586434666323,strong,0,4238936237,STATE WHISKEY RIVER 4B-8 1H,4247537454,STATE EILAND 3-33 11H,1/2-1 mi
pinned,1474622.3152192812,1483022.1575193808,8399.842300099659,True,309,SE,6,19100.161331959214,0.8588882308111987,strong,0,4247537454,STATE EILAND 3-33 11H,4247537454,STATE EILAND 3-33 11H,pinned
gap,1483022.1575193808,1483922.140622963,899.9831035821064,False,310,SE,7,17526.352015732544,0.7881178181557652,unknown,0,4247537454,STATE EILAND 3-33 11H,4247538693,STATE EILAND 4-33 0401H,< 1/4 mi
pinned,1483922.140622963,1485522.1105848867,1599.9699619237447,True,311,SE,7,17526.352015732544,0.7881178181557652,unknown,0,4247538693,STATE EILAND 4-33 0401H,4247538693,STATE EILAND 4-33 0401H,pinned
gap,1485522.1105848867,1485822.1049527475,299.99436786070214,False,312,SE,7,17526.352015732544,0.7881178181557652,unknown,0,4247538693,STATE EILAND 4-33 0401H,4247538694,STATE EILAND 1705 2H,< 1/4 mi
pinned,1485822.1049527475,1486722.0880563296,899.9831035821064,True,313,SE,8,19100.161331959214,0.8588882308111987,strong,0,4247538694,STATE EILAND 1705 2H,4247538694,STATE EILAND 1705 2H,pinned
gap,1486722.0880563296,1487222.0786694307,499.9906131011702,False,314,SE,7,17526.352015732544,0.7881178181557652,unknown,0,4247538694,STATE EILAND 1705 2H,4247537392,STATE QUADRICORN 1617C GG H 51H,< 1/4 mi
pinned,1487222.0786694307,1489122.0429992152,1899.9643297844468,True,315,SE,6,15572.204831809227,0.7002445280628579,unknown,0,4247537392,STATE QUADRICORN 1617C GG H 51H,4247537392,STATE QUADRICORN 1617C GG H 51H,pinned
gap,1489122.0429992152,1489822.0298575568,699.9868583416383,False,316,SE,4,17031.737552139624,0.7658761975649419,unknown,0,4247537392,STATE QUADRICORN 1617C GG H 51H,4247537222,STATE QUADRICORN1617AGG HOUSTON 1H,< 1/4 mi
pinned,1489822.0298575568,1494521.9416207077,4699.911763151,True,317,SE,3,12402.514525192875,0.5577111927494084,rolled,0,4247537222,STATE QUADRICORN1617AGG HOUSTON 1H,4247537222,STATE QUADRICORN1617AGG HOUSTON 1H,pinned
gap,1494521.9416207077,1498921.8590159982,4399.9173952902975,False,318,SE,8,14034.528408090428,0.6310989245166673,rolled,0,4247537222,STATE QUADRICORN1617AGG HOUSTON 1H,4247537280,STATE EMAIL QUEEN 1359 GG 1H,1/2-1 mi
pinned,1498921.8590159982,1499221.853383859,299.99436786070214,True,319,SE,7,14336.005497022446,0.6446556227582507,rolled,0,4247537280,STATE EMAIL QUEEN 1359 GG 1H,4247537280,STATE EMAIL QUEEN 1359 GG 1H,pinned
gap,1499221.853383859,1499621.8458743398,399.99249048093617,False,320,SE,7,14336.005497022446,0.6446556227582507,rolled,0,4247537280,STATE EMAIL QUEEN 1359 GG 1H,4247537677,STATE EMAIL QUEEN 1359 GG 61H,< 1/4 mi
pinned,1499621.8458743398,1500621.8271005421,999.9812262023404,True,321,SE,7,14336.005497022446,0.6446556227582507,rolled,0,4247537677,STATE EMAIL QUEEN 1359 GG 61H,4247537677,STATE EMAIL QUEEN 1359 GG 61H,pinned
gap,1500621.8271005421,1505021.7444958324,4399.9173952902975,False,322,SE,8,15258.23238455975,0.6861259436669058,rolled,0,4247537677,STATE EMAIL QUEEN 1359 GG 61H,4247537345,CATMAN 6263C-34 1H,1/2-1 mi
pinned,1505021.7444958324,1509821.6543816037,4799.909885771234,True,323,SE,2,27870.55353907035,1.2532716349807658,strong,0,4247537345,CATMAN 6263C-34 1H,4247537345,CATMAN 6263C-34 1H,pinned
gap,1509821.6543816037,1510621.6393625655,799.9849809618723,False,324,SE,2,27870.55353907035,1.2532716349807658,strong,0,4247537345,CATMAN 6263C-34 1H,4247537539,CATMAN 6263A-34 11H,< 1/4 mi
pinned,1510621.6393625655,1513321.5886733118,2699.949310746319,True,325,SE,2,27870.55353907035,1.2532716349807658,strong,0,4247537539,CATMAN 6263A-34 11H,4247537539,CATMAN 6263A-34 11H,pinned
gap,1513321.5886733118,1516721.5248423999,3399.9361690879573,False,326,SE,6,11373.511146575865,0.5114393903285409,rolled,0,4247537539,CATMAN 6263A-34 11H,4247538444,STATE MUDSLINGER 8685K 8614H,1/2-1 mi
pinned,1516721.5248423999,1518921.4835400449,2199.9586976451487,True,327,SE,7,10169.46160635481,0.45729618381650344,rolled,0,4247538444,STATE MUDSLINGER 8685K 8614H,4247538444,STATE MUDSLINGER 8685K 8614H,pinned
gap,1518921.4835400449,1523021.4065674746,4099.923027429596,False,328,SE,9,10808.596044644606,0.48603651943004167,rolled,0,4247538444,STATE MUDSLINGER 8685K 8614H,4247538478,UL TILDEN 16-31-32 WA3 3H,1/2-1 mi
pinned,1523021.4065674746,1528021.3126984863,4999.906131011702,True,329,SE,7,10808.596044644606,0.48603651943004167,rolled,0,4247538478,UL TILDEN 16-31-32 WA3 3H,4247538478,UL TILDEN 16-31-32 WA3 3H,pinned
gap,1528021.3126984863,1533421.2113199788,5399.898621492638,False,330,SE,3,17785.059247810404,0.7997512589940695,unknown,0,4247538478,UL TILDEN 16-31-32 WA3 3H,4247538537,UL ECLIPSE 16-29-24 WA4 4H,1-2 mi
pinned,1533421.2113199788,1547920.9390999128,14499.727779933935,True,331,SE,1,21603.055635629866,0.9714373566026197,strong,0,4247538537,UL ECLIPSE 16-29-24 WA4 4H,4247538537,UL ECLIPSE 16-29-24 WA4 4H,pinned
gap,1547920.9390999128,1556820.7720131136,8899.83291320083,False,332,SE,8,19610.213554909107,0.8818240502410452,strong,0,4247538537,UL ECLIPSE 16-29-24 WA4 4H,4247537395,TRINITY 6205AH,1-2 mi
pinned,1556820.7720131136,1557520.7588714552,699.9868583416383,True,333,SE,6,19543.677765441324,0.8788320961151923,strong,0,4247537395,TRINITY 6205AH,4247537395,TRINITY 6205AH,pinned
pinned,1557520.7588714552,1569120.5410954023,11599.78222394715,True,334,SE,7,18682.89726234973,0.8401248710521211,unknown,0,4247537951,TRINITY A 620 6206H,4247537951,TRINITY A 620 6206H,pinned
gap,1569120.5410954023,1570720.511057326,1599.9699619237447,False,335,SE,4,15249.522827991343,0.6857342958948175,rolled,0,4247537951,TRINITY A 620 6206H,4247538458,SEALY RANCH 6304H,1/4-1/2 mi
pinned,1570720.511057326,1587220.2012896647,16499.690232338617,True,336,E,5,16419.045655982685,0.7383249193544236,unknown,0,4247538458,SEALY RANCH 6304H,4247538458,SEALY RANCH 6304H,pinned
gap,1587220.2012896647,1592620.0999111575,5399.898621492638,False,337,E,4,13707.379570221,0.6163878295847383,rolled,0,4247538458,SEALY RANCH 6304H,4247537489,SEALY RANCH 750 7506H,1-2 mi
pinned,1592620.0999111575,1596220.0323254857,3599.9324143284257,True,338,E,1,7698.116987179487,0.3461657713138286,rolled,0,4247537489,SEALY RANCH 750 7506H,4247537489,SEALY RANCH 750 7506H,pinned
gap,1596220.0323254857,1596520.0266933464,299.99436786070214,True,339,E,1,7698.116987179487,0.3461657713138286,rolled,0,4247537489,SEALY RANCH 750 7506H,4247537489,SEALY RANCH 750 7506H,< 1/4 mi
pinned,1596520.0266933464,1604219.8821351046,7699.855441758022,True,340,E,1,7698.116987179487,0.3461657713138286,rolled,0,4247537489,SEALY RANCH 750 7506H,4247537489,SEALY RANCH 750 7506H,pinned
gap,1604219.8821351046,1605919.8502196486,1699.9680845439786,False,341,E,1,7698.116987179487,0.3461657713138286,rolled,0,4247537489,SEALY RANCH 750 7506H,4247537668,CREOSOTE 86 302H,1/4-1/2 mi
pinned,1605919.8502196486,1609019.7920208757,3099.9418012272554,True,342,E,2,14846.320928630576,0.6676032780472231,rolled,0,4247537668,CREOSOTE 86 302H,4247537668,CREOSOTE 86 302H,pinned
gap,1609019.7920208757,1614519.6887649887,5499.8967441128725,False,343,E,6,18285.267526250245,0.8222444199595451,unknown,0,4247537668,CREOSOTE 86 302H,4247537744,SEALY RANCH 930 9302H,1-2 mi
pinned,1614519.6887649887,1616119.6587269125,1599.9699619237447,True,344,E,5,17305.863864060506,0.7782029972695375,unknown,0,4247537744,SEALY RANCH 930 9302H,4247537744,SEALY RANCH 930 9302H,pinned
gap,1616119.6587269125,1616319.6549721528,199.99624524046808,True,345,E,5,17305.863864060506,0.7782029972695375,unknown,0,4247537744,SEALY RANCH 930 9302H,4247537744,SEALY RANCH 930 9302H,< 1/4 mi
pinned,1616319.6549721528,1618119.6211793171,1799.9662071642128,True,346,E,7,19264.67118843999,0.8662858426495529,strong,0,4247537744,SEALY RANCH 930 9302H,4247537744,SEALY RANCH 930 9302H,pinned
gap,1618119.6211793171,1619819.589263861,1699.9680845439786,False,347,E,6,18285.267526250245,0.8222444199595451,unknown,0,4247537744,SEALY RANCH 930 9302H,4247537865,SEALY WINK 9203H,1/4-1/2 mi
pinned,1619819.589263861,1621519.557348405,1699.9680845439786,True,348,E,4,19920.999617192785,0.8957993505830882,strong,0,4247537865,SEALY WINK 9203H,4247537865,SEALY WINK 9203H,pinned
pinned,1621519.557348405,1626919.4559698976,5399.898621492638,True,349,E,8,16459.832366772895,0.7401589994578515,unknown,0,4247537867,SEALY WINK A 9204H,4247537867,SEALY WINK A 9204H,pinned
gap,1626919.4559698976,1629219.412790163,2299.956820265383,False,350,E,5,18160.43613707165,0.816631053185417,unknown,0,4247537867,SEALY WINK A 9204H,4249534833,UL 21 WAR-WINK 38-47 C 3H,1/4-1/2 mi
pinned,1629219.412790163,1641619.179995072,12399.767204909022,True,351,E,7,16175.710594315244,0.7273827279782606,unknown,0,4249534833,UL 21 WAR-WINK 38-47 C 3H,4249534833,UL 21 WAR-WINK 38-47 C 3H,pinned
gap,1641619.179995072,1642819.157466515,1199.9774714428086,False,352,E,6,14379.063779081087,0.6465918499479779,rolled,0,4249534833,UL 21 WAR-WINK 38-47 C 3H,4249534517,UL BALDWIN 352623-21 I 9H,< 1/4 mi
pinned,1642819.157466515,1659318.8476988536,16499.690232338617,True,353,E,7,13495.874341385825,0.6068769490929803,rolled,0,4249534517,UL BALDWIN 352623-21 I 9H,4249534517,UL BALDWIN 352623-21 I 9H,pinned
gap,1659318.8476988536,1664618.748197726,5299.900498872405,False,354,E,9,14641.885943460824,0.6584103293764408,rolled,0,4249534517,UL BALDWIN 352623-21 I 9H,4249534818,UL FOURTH OF JULY 15-22 C 424H,1-2 mi
pinned,1664618.748197726,1668918.667470396,4299.919272670064,True,355,E,4,14553.747981025,0.6544469775854199,rolled,0,4249534818,UL FOURTH OF JULY 15-22 C 424H,4249534818,UL FOURTH OF JULY 15-22 C 424H,pinned
gap,1668918.667470396,1670818.6318001805,1899.9643297844468,False,356,E,5,14641.885943460824,0.6584103293764408,rolled,0,4249534818,UL FOURTH OF JULY 15-22 C 424H,4249534903,UL MONTGOMERY 1003-21 421H,1/4-1/2 mi
pinned,1670818.6318001805,1678018.4966288372,7199.864828656851,True,357,E,7,15736.88811188811,0.7076499383425326,unknown,0,4249534903,UL MONTGOMERY 1003-21 421H,4249534903,UL MONTGOMERY 1003-21 421H,pinned
gap,1678018.4966288372,1680618.4478169633,2599.951188126085,False,358,E,7,23801.131601005865,1.070279536219788,strong,0,4249534903,UL MONTGOMERY 1003-21 421H,4249535032,CHUCKWAGON 34-39A5 A 3H,1/4-1/2 mi
pinned,1680618.4478169633,1690018.2713432654,9399.823526302,True,359,E,8,21659.78838103006,0.9739884914584442,strong,0,4249535032,CHUCKWAGON 34-39A5 A 3H,4249535032,CHUCKWAGON 34-39A5 A 3H,pinned
gap,1690018.2713432654,1691718.2394278094,1699.9680845439786,False,360,E,5,23801.131601005865,1.070279536219788,strong,0,4249535032,CHUCKWAGON 34-39A5 A 3H,4249534055,BOOTH FALLS 2722-27 2H,1/4-1/2 mi
pinned,1691718.2394278094,1695618.1662099985,3899.9267821891276,True,361,E,5,23801.131601005865,1.070279536219788,strong,0,4249534055,BOOTH FALLS 2722-27 2H,4249534055,BOOTH FALLS 2722-27 2H,pinned
gap,1695618.1662099985,1696918.1418040616,1299.9755940630425,True,362,E,4,22222.199331964297,0.9992787567206802,strong,0,4249534055,BOOTH FALLS 2722-27 2H,4249534055,BOOTH FALLS 2722-27 2H,< 1/4 mi
pinned,1696918.1418040616,1707217.9484339457,10299.806629884106,True,363,E,3,20643.26706292273,0.9282779772215723,strong,0,4249534055,BOOTH FALLS 2722-27 2H,4249534055,BOOTH FALLS 2722-27 2H,pinned
gap,1707217.9484339457,1714117.8188947418,6899.870460796149,False,364,E,3,19631.34815419131,0.8827744222442397,strong,0,4249534055,BOOTH FALLS 2722-27 2H,4249534914,BIRDIE 2803A 08H,1-2 mi
pinned,1714117.8188947418,1732117.4809663838,17999.662071642128,True,365,E,1,17120.0672534863,0.7698481713927643,unknown,0,4249534914,BIRDIE 2803A 08H,4249534914,BIRDIE 2803A 08H,pinned
pinned,1732117.4809663838,1733417.4565604469,1299.9755940630425,True,366,E,1,17120.0672534863,0.7698481713927643,unknown,0,4249534917,BIRDIE 2803D 11H,4249534917,BIRDIE 2803D 11H,pinned
gap,1733417.4565604469,1739417.3439176609,5999.887357214043,False,367,E,2,18281.086788241337,0.8220564222453086,unknown,0,4249534917,BIRDIE 2803D 11H,4249534982,DIVOT 361918F 06H,1-2 mi
pinned,1739417.3439176609,1741717.3007379263,2299.956820265383,True,368,NE,2,16403.3212027353,0.7376178285819743,unknown,0,4249534982,DIVOT 361918F 06H,4249534982,DIVOT 361918F 06H,pinned
gap,1741717.3007379263,1744417.2500486728,2699.949310746319,False,369,NE,2,16403.3212027353,0.7376178285819743,unknown,0,4249534982,DIVOT 361918F 06H,4249534035,MOOSE 1H,1/2-1 mi
pinned,1744417.2500486728,1747617.18997252,3199.9399238474894,True,370,NE,2,11589.002676504202,0.5211295251749549,rolled,0,4249534035,MOOSE 1H,4249534035,MOOSE 1H,pinned
gap,1747617.18997252,1749717.1505475452,2099.9605750249148,False,371,NE,2,11589.002676504202,0.5211295251749549,rolled,0,4249534035,MOOSE 1H,4249534197,OSO 1H,1/4-1/2 mi
pinned,1749717.1505475452,1750417.1374058868,699.9868583416383,True,372,NE,2,11589.002676504202,0.5211295251749549,rolled,0,4249534197,OSO 1H,4249534197,OSO 1H,pinned
gap,1750417.1374058868,1757617.0022345437,7199.864828656851,False,373,NE,2,11589.002676504202,0.5211295251749549,rolled,0,4249534197,OSO 1H,4249533991,MEERKAT 1H,1-2 mi
pinned,1757617.0022345437,1760216.9534226696,2599.951188126085,True,374,NE,1,11104.214854793112,0.4993297849910042,rolled,0,4249533991,MEERKAT 1H,4249533991,MEERKAT 1H,pinned
gap,1760216.9534226696,1763416.893346517,3199.9399238474894,False,375,NE,1,11104.214854793112,0.4993297849910042,rolled,0,4249533991,MEERKAT 1H,4249534152,EAST AXIS 2H,1/2-1 mi
pinned,1763416.893346517,1778016.6192490712,14599.72590255417,True,376,NE,2,8434.628726651083,0.37928492951842313,rolled,0,4249534152,EAST AXIS 2H,4249534152,EAST AXIS 2H,pinned
gap,1778016.6192490712,1778216.6154943118,199.99624524046808,True,377,NE,2,8434.628726651083,0.37928492951842313,rolled,0,4249534152,EAST AXIS 2H,4249534152,EAST AXIS 2H,< 1/4 mi
pinned,1778216.6154943118,1778316.613616932,99.99812262023404,True,378,NE,2,8434.628726651083,0.37928492951842313,rolled,0,4249534152,EAST AXIS 2H,4249534152,EAST AXIS 2H,pinned
pinned,1778316.613616932,1790616.382699221,12299.769082288787,True,379,NE,2,8434.628726651083,0.37928492951842313,rolled,0,4249534216,NE AXIS 2H,4249534216,NE AXIS 2H,pinned
gap,1790616.382699221,1795016.3000945111,4399.9173952902975,False,380,NE,2,5722.846955701643,0.25734263766460286,rolled,0,4249534216,NE AXIS 2H,3002544104,AZALEA 26 36 28 STATE #111H,1/2-1 mi
pinned,1795016.3000945111,1796716.268179055,1699.9680845439786,True,381,NE,1,5680.651312894235,0.25544520128336373,rolled,0,3002544104,AZALEA 26 36 28 STATE #111H,3002544104,AZALEA 26 36 28 STATE #111H,pinned
gap,1796716.268179055,1802916.1517815096,6199.883602454511,False,382,NE,2,7266.076518091628,0.3267379524758372,rolled,0,3002544104,AZALEA 26 36 28 STATE #111H,3002544810,MAGNOLIA 26 36 22 STATE COM #125H,1-2 mi
pinned,1802916.1517815096,1821515.802588873,18599.65080736353,True,383,NE,3,8851.50172328902,0.3980307036683106,rolled,0,3002544810,MAGNOLIA 26 36 22 STATE COM #125H,3002544810,MAGNOLIA 26 36 22 STATE COM #125H,pinned
gap,1821515.802588873,1824615.7443901005,3099.9418012272554,False,384,NE,4,11993.923863971895,0.5393378552658726,rolled,0,3002544810,MAGNOLIA 26 36 22 STATE COM #125H,3002545633,PIMENTO 26 36 03 FEDERAL COM #111H,1/2-1 mi
pinned,1824615.7443901005,1826015.7181067837,1399.9737166832765,True,385,NE,4,11993.923863971895,0.5393378552658726,rolled,0,3002545633,PIMENTO 26 36 03 FEDERAL COM #111H,3002545633,PIMENTO 26 36 03 FEDERAL COM #111H,pinned
gap,1826015.7181067837,1828215.676804429,2199.9586976451487,False,386,NE,3,15136.34600465477,0.6806450068634348,rolled,0,3002545633,PIMENTO 26 36 03 FEDERAL COM #111H,3002552597,JUNIPER 25 36 34 FEDERAL COM #103H,1/4-1/2 mi
pinned,1828215.676804429,1832615.5941997191,4399.9173952902975,True,387,NE,2,7755.297072059264,0.3487370219481282,rolled,0,3002552597,JUNIPER 25 36 34 FEDERAL COM #103H,3002552597,JUNIPER 25 36 34 FEDERAL COM #103H,pinned
gap,1832615.5941997191,1834115.5660390225,1499.9718393035107,True,388,NE,2,7755.297072059264,0.3487370219481282,rolled,0,3002552597,JUNIPER 25 36 34 FEDERAL COM #103H,3002552597,JUNIPER 25 36 34 FEDERAL COM #103H,1/4-1/2 mi
pinned,1834115.5660390225,1836315.5247366678,2199.9586976451487,True,389,NE,1,374.2481394637578,0.01682903703282165,rolled,0,3002552597,JUNIPER 25 36 34 FEDERAL COM #103H,3002552597,JUNIPER 25 36 34 FEDERAL COM #103H,pinned
gap,1836315.5247366678,1839015.474047414,2699.949310746319,False,390,NE,0,,,unknown,0,3002552597,JUNIPER 25 36 34 FEDERAL COM #103H,3002554322,RAES CREEK 25 36 22 FEDERAL COM #115H,1/2-1 mi
pinned,1839015.474047414,1843515.3895653246,4499.915517910532,True,391,NE,0,,,unknown,0,3002554322,RAES CREEK 25 36 22 FEDERAL COM #115H,3002554322,RAES CREEK 25 36 22 FEDERAL COM #115H,pinned
gap,1843515.3895653246,1844115.378301046,599.9887357214043,True,392,NE,0,,,unknown,0,3002554322,RAES CREEK 25 36 22 FEDERAL COM #115H,3002554322,RAES CREEK 25 36 22 FEDERAL COM #115H,< 1/4 mi
pinned,1844115.378301046,1860415.0722881441,16299.69398709815,True,393,NE,0,,,unknown,0,3002554322,RAES CREEK 25 36 22 FEDERAL COM #115H,3002554322,RAES CREEK 25 36 22 FEDERAL COM #115H,pinned
gap,1860415.0722881441,1869614.8995692057,9199.827281061533,False,394,NE,3,21162.338949454905,0.9516193891886785,strong,0,3002554322,RAES CREEK 25 36 22 FEDERAL COM #115H,3002549528,DOGWOOD 25 36 20 FEDERAL COM #112H,1-2 mi
pinned,1869614.8995692057,1873114.833860914,3499.9342917081913,True,395,NE,4,20751.245947068302,0.9331335274526366,strong,0,3002549528,DOGWOOD 25 36 20 FEDERAL COM #112H,3002549528,DOGWOOD 25 36 20 FEDERAL COM #112H,pinned
gap,1873114.833860914,1877114.7587657233,3999.9249048093616,False,396,NE,7,20340.152944681697,0.9146476657165945,strong,0,3002549528,DOGWOOD 25 36 20 FEDERAL COM #112H,3002546890,PAR THREE 25 36 06 FEDERAL COM #103H,1/2-1 mi
pinned,1877114.7587657233,1878314.736237166,1199.9774714428086,True,397,NE,5,14294.296116504856,0.6427800524204734,rolled,0,3002546890,PAR THREE 25 36 06 FEDERAL COM #103H,3002546890,PAR THREE 25 36 06 FEDERAL COM #103H,pinned
gap,1878314.736237166,1880314.6986895707,1999.9624524046808,False,398,NE,5,14294.296116504856,0.6427800524204734,rolled,0,3002546890,PAR THREE 25 36 06 FEDERAL COM #103H,3002553266,BIVINS FEDERAL COM #213H,1/4-1/2 mi
pinned,1880314.6986895707,1894714.4283468844,14399.729657313703,True,399,NE,7,16616.817593790427,0.747218246840803,unknown,0,3002553266,BIVINS FEDERAL COM #213H,3002553266,BIVINS FEDERAL COM #213H,pinned
gap,1894714.4283468844,1896214.400186188,1499.9718393035107,False,400,NE,6,19519.13898729229,0.8777286463911615,strong,0,3002553266,BIVINS FEDERAL COM #213H,3002548709,EL PASO FEDERAL COM #706H,1/4-1/2 mi
pinned,1896214.400186188,1898814.351374314,2599.951188126085,True,401,NE,6,19519.13898729229,0.8777286463911615,strong,0,3002548709,EL PASO FEDERAL COM #706H,3002548709,EL PASO FEDERAL COM #706H,pinned
gap,1898814.351374314,1903514.263137465,4699.911763151,False,402,NE,8,18490.643290630993,0.8314796732045178,unknown,0,3002548709,EL PASO FEDERAL COM #706H,3002548598,TRIUMPH FEDERAL COM #706H,1/2-1 mi
pinned,1903514.263137465,1912614.0922959063,9099.829158441298,True,403,NE,7,17569.84523215177,0.7900736032956578,unknown,0,3002548598,TRIUMPH FEDERAL COM #706H,3002548598,TRIUMPH FEDERAL COM #706H,pinned
pinned,1912614.0922959063,1913414.0772768683,799.9849809618723,True,404,NE,7,17569.84523215177,0.7900736032956578,unknown,0,3002548597,TRIUMPH FEDERAL COM #705H,3002548597,TRIUMPH FEDERAL COM #705H,pinned
gap,1913414.0772768683,1918013.990917399,4599.913640530766,False,405,NE,8,18398.949943314656,0.8273564443225758,unknown,0,3002548597,TRIUMPH FEDERAL COM #705H,3002546276,PORK PIE STATE COM #704H,1/2-1 mi
pinned,1918013.990917399,1921013.934596006,2999.9436786070214,True,406,NE,3,19321.25804442599,0.8688304172099606,strong,0,3002546276,PORK PIE STATE COM #704H,3002546276,PORK PIE STATE COM #704H,pinned
gap,1921013.934596006,1924113.8763972332,3099.9418012272554,False,407,NE,5,20126.710540060587,0.9050496750976164,strong,0,3002546276,PORK PIE STATE COM #704H,3002547029,BRECKENRIDGE FEDERAL COM #706H,1/2-1 mi
pinned,1924113.8763972332,1927313.8163210808,3199.9399238474894,True,408,NE,5,20126.710540060587,0.9050496750976164,strong,0,3002547029,BRECKENRIDGE FEDERAL COM #706H,3002547029,BRECKENRIDGE FEDERAL COM #706H,pinned
gap,1927313.8163210808,1931913.7299616116,4599.913640530766,False,409,NE,8,19723.984292243287,0.8869400461537884,strong,0,3002547029,BRECKENRIDGE FEDERAL COM #706H,3002544282,HUNTER 21 STATE COM #604H,1/2-1 mi
pinned,1931913.7299616116,1945813.469005824,13899.739044212532,True,410,NE,3,15241.248418388865,0.6853622156332446,rolled,0,3002544282,HUNTER 21 STATE COM #604H,3002544282,HUNTER 21 STATE COM #604H,pinned
pinned,1945813.469005824,1946613.4539867858,799.9849809618723,True,411,NE,3,15241.248418388865,0.6853622156332446,rolled,0,3002544281,HUNTER 21 STATE COM #603H,3002544281,HUNTER 21 STATE COM #603H,pinned
pinned,1946613.4539867858,1947313.4408451275,699.9868583416383,True,412,NE,3,15241.248418388865,0.6853622156332446,rolled,0,3002544280,HUNTER 21 STATE COM #602H,3002544280,HUNTER 21 STATE COM #602H,pinned
pinned,1947313.4408451275,1950213.3864011143,2899.9455559867874,True,413,NE,3,15241.248418388865,0.6853622156332446,rolled,0,3002544279,HUNTER 21 STATE #601H,3002544279,HUNTER 21 STATE #601H,pinned
gap,1950213.3864011143,1951413.3638725572,1199.9774714428086,True,414,NE,3,15241.248418388865,0.6853622156332446,rolled,0,3002544279,HUNTER 21 STATE #601H,3002544279,HUNTER 21 STATE #601H,< 1/4 mi
pinned,1951413.3638725572,1956813.2624940497,5399.898621492638,True,415,NE,3,15241.248418388865,0.6853622156332446,rolled,0,3002544279,HUNTER 21 STATE #601H,3002544279,HUNTER 21 STATE #601H,pinned
gap,1956813.2624940497,1961513.1742572007,4699.911763151,False,416,NE,3,15241.248418388865,0.6853622156332446,rolled,0,3002544279,HUNTER 21 STATE #601H,3002544659,IRVIN WALL STATE COM #131H,1/2-1 mi
pinned,1961513.1742572007,1963013.1460965043,1499.9718393035107,True,417,NE,0,,,unknown,0,3002544659,IRVIN WALL STATE COM #131H,3002544659,IRVIN WALL STATE COM #131H,pinned
gap,1963013.1460965043,1965713.0954072506,2699.949310746319,False,418,NE,0,,,unknown,0,3002544659,IRVIN WALL STATE COM #131H,3002543929,TORO 36 B3AP STATE #001H,1/2-1 mi
pinned,1965713.0954072506,1968513.0428406172,2799.947433366553,True,419,N,0,,,unknown,0,3002543929,TORO 36 B3AP STATE #001H,3002543929,TORO 36 B3AP STATE #001H,pinned
gap,1968513.0428406172,1969213.0296989589,699.9868583416383,False,420,N,0,,,unknown,0,3002543929,TORO 36 B3AP STATE #001H,3002543885,TORO 36 B3CN STATE #001H,< 1/4 mi
pinned,1969213.0296989589,1971312.9902739837,2099.9605750249148,True,421,N,0,,,unknown,0,3002543885,TORO 36 B3CN STATE #001H,3002543885,TORO 36 B3CN STATE #001H,pinned
gap,1971312.9902739837,1977712.8701216788,6399.879847694979,False,422,N,0,,,unknown,0,3002543885,TORO 36 B3CN STATE #001H,3002553176,ZN 27 22 FEDERAL STATE COM #602H,1-2 mi
pinned,1977712.8701216788,1981412.8006586274,3699.9305369486597,True,423,N,0,,,unknown,0,3002553176,ZN 27 22 FEDERAL STATE COM #602H,3002553176,ZN 27 22 FEDERAL STATE COM #602H,pinned
gap,1981412.8006586274,1986112.7124217784,4699.911763151,False,424,N,5,21137.6404494382,0.950508757157129,strong,0,3002553176,ZN 27 22 FEDERAL STATE COM #602H,3002548547,SOUTH RIDGE 8030 2 11 STATE COM #011H,1/2-1 mi
pinned,1986112.7124217784,1987012.6955253605,899.9831035821064,True,425,N,6,22046.826231888946,0.9913926509942559,strong,0,3002548547,SOUTH RIDGE 8030 2 11 STATE COM #011H,3002548547,SOUTH RIDGE 8030 2 11 STATE COM #011H,pinned
gap,1987012.6955253605,1987912.6786289425,899.9831035821064,False,426,N,6,22046.826231888946,0.9913926509942559,strong,0,3002548547,SOUTH RIDGE 8030 2 11 STATE COM #011H,3002546434,PAC-MAN 36 FEDERAL COM #601H,< 1/4 mi
pinned,1987912.6786289425,1989712.6448361068,1799.9662071642128,True,427,N,5,22956.012014339696,1.0322765448313829,strong,0,3002546434,PAC-MAN 36 FEDERAL COM #601H,3002546434,PAC-MAN 36 FEDERAL COM #601H,pinned
gap,1989712.6448361068,1990612.627939689,899.9831035821064,False,428,N,4,22046.826231888946,0.9913926509942559,strong,0,3002546434,PAC-MAN 36 FEDERAL COM #601H,3002545566,DUCK HUNT 1 STATE COM #601H,< 1/4 mi
pinned,1990612.627939689,1994112.562231397,3499.9342917081913,True,429,N,4,22046.826231888946,0.9913926509942559,strong,0,3002545566,DUCK HUNT 1 STATE COM #601H,3002545566,DUCK HUNT 1 STATE COM #601H,pinned
gap,1994112.562231397,1995212.5415802198,1099.9793488225744,True,430,N,3,22956.012014339696,1.0322765448313829,strong,0,3002545566,DUCK HUNT 1 STATE COM #601H,3002545566,DUCK HUNT 1 STATE COM #601H,< 1/4 mi
pinned,1995212.5415802198,2006912.321926787,11699.780346567382,True,431,N,3,22956.012014339696,1.0322765448313829,strong,0,3002545566,DUCK HUNT 1 STATE COM #601H,3002545566,DUCK HUNT 1 STATE COM #601H,pinned
gap,2006912.321926787,2008412.2937660906,1499.9718393035107,False,432,N,3,22956.012014339696,1.0322765448313829,strong,0,3002545566,DUCK HUNT 1 STATE COM #601H,3002546434,PAC-MAN 36 FEDERAL COM #601H,1/4-1/2 mi
pinned,2008412.2937660906,2010912.2468315964,2499.953065505851,True,433,N,3,22956.012014339696,1.0322765448313829,strong,0,3002546434,PAC-MAN 36 FEDERAL COM #601H,3002546434,PAC-MAN 36 FEDERAL COM #601H,pinned
gap,2010912.2468315964,2013712.194264963,2799.947433366553,False,434,N,3,22956.012014339696,1.0322765448313829,strong,0,3002546434,PAC-MAN 36 FEDERAL COM #601H,3002549792,NORTH RIDGE 8040 FEDERAL COM #009H,1/2-1 mi
pinned,2013712.194264963,2018612.1022733543,4899.908008391468,True,435,N,4,31978.21474987979,1.4379832616946546,strong,0,3002549792,NORTH RIDGE 8040 FEDERAL COM #009H,3002549792,NORTH RIDGE 8040 FEDERAL COM #009H,pinned
gap,2018612.1022733543,2022912.0215460246,4299.919272670064,False,436,N,4,36352.65841992326,1.634691452753766,strong,0,3002549792,NORTH RIDGE 8040 FEDERAL COM #009H,3002550762,PERRO LOCO 27 B3OB FEDERAL COM #001H,1/2-1 mi
pinned,2022912.0215460246,2024911.9839984293,1999.9624524046808,True,437,N,0,,,unknown,0,3002550762,PERRO LOCO 27 B3OB FEDERAL COM #001H,3002550762,PERRO LOCO 27 B3OB FEDERAL COM #001H,pinned
gap,2024911.9839984293,2027611.9333091755,2699.949310746319,True,438,N,0,,,unknown,0,3002550762,PERRO LOCO 27 B3OB FEDERAL COM #001H,3002550762,PERRO LOCO 27 B3OB FEDERAL COM #001H,1/2-1 mi
pinned,2027611.9333091755,2029311.9013937195,1699.9680845439786,True,439,N,0,,,unknown,0,3002550762,PERRO LOCO 27 B3OB FEDERAL COM #001H,3002550762,PERRO LOCO 27 B3OB FEDERAL COM #001H,pinned
gap,2029311.9013937195,2031711.856336605,2399.954942885617,False,440,N,0,,,unknown,0,3002550762,PERRO LOCO 27 B3OB FEDERAL COM #001H,3002543064,SMALLS FEDERAL #002H,1/4-1/2 mi
pinned,2031711.856336605,2033711.8187890097,1999.9624524046808,True,441,N,0,,,unknown,0,3002543064,SMALLS FEDERAL #002H,3002543064,SMALLS FEDERAL #002H,pinned
gap,2033711.8187890097,2042311.6573343498,8599.838545340128,False,442,N,0,,,unknown,0,3002543064,SMALLS FEDERAL #002H,3002543607,GRAMA RIDGE 8 STATE COM #002H,1-2 mi
pinned,2042311.6573343498,2046111.5859939188,3799.9286595688936,True,443,N,0,,,unknown,0,3002543607,GRAMA RIDGE 8 STATE COM #002H,3002543607,GRAMA RIDGE 8 STATE COM #002H,pinned
gap,2046111.5859939188,2046411.5803617795,299.99436786070214,True,444,N,0,,,unknown,0,3002543607,GRAMA RIDGE 8 STATE COM #002H,3002543607,GRAMA RIDGE 8 STATE COM #002H,< 1/4 mi
pinned,2046411.5803617795,2051911.4771058923,5499.8967441128725,True,445,N,0,,,unknown,0,3002543607,GRAMA RIDGE 8 STATE COM #002H,3002543607,GRAMA RIDGE 8 STATE COM #002H,pinned
gap,2051911.4771058923,2059911.3269155112,7999.849809618723,False,446,N,3,21593.52770263501,0.9710089084146167,strong,0,3002543607,GRAMA RIDGE 8 STATE COM #002H,3002545352,CHILES 28 21 STATE COM #003H,1-2 mi
pinned,2059911.3269155112,2060911.3081417135,999.9812262023404,True,447,N,3,21593.52770263501,0.9710089084146167,strong,0,3002545352,CHILES 28 21 STATE COM #003H,3002545352,CHILES 28 21 STATE COM #003H,pinned
gap,2060911.3081417135,2061111.3043869538,199.99624524046808,False,448,N,3,21593.52770263501,0.9710089084146167,strong,0,3002545352,CHILES 28 21 STATE COM #003H,3002545351,CHILES 28 21 STATE COM #002H,< 1/4 mi
pinned,2061111.3043869538,2062411.2799810169,1299.9755940630425,True,449,N,3,21593.52770263501,0.9710089084146167,strong,0,3002545351,CHILES 28 21 STATE COM #002H,3002545351,CHILES 28 21 STATE COM #002H,pinned
pinned,2062411.2799810169,2063911.2518203205,1499.9718393035107,True,450,N,3,21593.52770263501,0.9710089084146167,strong,0,3002545350,CHILES 28 21 STATE COM #001H,3002545350,CHILES 28 21 STATE COM #001H,pinned
gap,2063911.2518203205,2070411.1297906355,6499.877970315213,False,451,N,4,21712.269438295018,0.9763484381438149,strong,0,3002545350,CHILES 28 21 STATE COM #001H,3002549157,SQUEEZE 2 STATE 3BS COM #002H,1-2 mi
pinned,2070411.1297906355,2071611.1072620784,1199.9774714428086,True,452,N,0,,,unknown,0,3002549157,SQUEEZE 2 STATE 3BS COM #002H,3002549157,SQUEEZE 2 STATE 3BS COM #002H,pinned
gap,2071611.1072620784,2073111.079101382,1499.9718393035107,True,453,N,0,,,unknown,0,3002549157,SQUEEZE 2 STATE 3BS COM #002H,3002549157,SQUEEZE 2 STATE 3BS COM #002H,1/4-1/2 mi
pinned,2073111.079101382,2076111.022779989,2999.9436786070214,True,454,N,0,,,unknown,0,3002549157,SQUEEZE 2 STATE 3BS COM #002H,3002549157,SQUEEZE 2 STATE 3BS COM #002H,pinned
gap,2076111.022779989,2076611.01339309,499.9906131011702,False,455,N,0,,,unknown,0,3002549157,SQUEEZE 2 STATE 3BS COM #002H,3002542597,CABRA NINO 11 B3NC STATE COM #001H,< 1/4 mi
pinned,2076611.01339309,2082710.8988729245,6099.885479834276,True,456,N,0,,,unknown,0,3002542597,CABRA NINO 11 B3NC STATE COM #001H,3002542597,CABRA NINO 11 B3NC STATE COM #001H,pinned
gap,2082710.8988729245,2085610.8444289113,2899.9455559867874,True,457,N,0,,,unknown,0,3002542597,CABRA NINO 11 B3NC STATE COM #001H,3002542597,CABRA NINO 11 B3NC STATE COM #001H,1/2-1 mi
pinned,2085610.8444289113,2090710.7486825432,5099.904253631936,True,458,N,0,,,unknown,0,3002542597,CABRA NINO 11 B3NC STATE COM #001H,3002542597,CABRA NINO 11 B3NC STATE COM #001H,pinned
gap,2090710.7486825432,2090910.7449277837,199.99624524046808,True,459,N,0,,,unknown,0,3002542597,CABRA NINO 11 B3NC STATE COM #001H,3002542597,CABRA NINO 11 B3NC STATE COM #001H,< 1/4 mi
pinned,2090910.7449277837,2093110.7036254287,2199.9586976451487,True,460,N,0,,,unknown,0,3002542597,CABRA NINO 11 B3NC STATE COM #001H,3002542597,CABRA NINO 11 B3NC STATE COM #001H,pinned
gap,2093110.7036254287,2093810.6904837703,699.9868583416383,False,461,N,0,,,unknown,0,3002542597,CABRA NINO 11 B3NC STATE COM #001H,3002549157,SQUEEZE 2 STATE 3BS COM #002H,< 1/4 mi
pinned,2093810.6904837703,2100610.562821946,6799.872338175915,True,462,N,1,36023.599227159815,1.619894453765498,strong,0,3002549157,SQUEEZE 2 STATE 3BS COM #002H,3002549157,SQUEEZE 2 STATE 3BS COM #002H,pinned
gap,2100610.562821946,2103610.5065005533,2999.9436786070214,False,463,N,3,25839.01464713715,1.1619182262638945,strong,0,3002549157,SQUEEZE 2 STATE 3BS COM #002H,3002549864,INLAND 26 23 B3PI STATE COM #002H,1/2-1 mi
pinned,2103610.5065005533,2116310.268073323,12699.761572769723,True,464,N,3,25839.01464713715,1.1619182262638945,strong,0,3002549864,INLAND 26 23 B3PI STATE COM #002H,3002549864,INLAND 26 23 B3PI STATE COM #002H,pinned
gap,2116310.268073323,2121010.179836474,4699.911763151,False,465,N,4,23835.012910546087,1.0718030970684538,strong,0,3002549864,INLAND 26 23 B3PI STATE COM #002H,3002546472,OUTLAND WCA STATE UNIT 11 2 #005H,1/2-1 mi
pinned,2121010.179836474,2145209.7255105707,24199.545674096637,True,466,N,1,21806.63780663781,0.9805919562755104,strong,0,3002546472,OUTLAND WCA STATE UNIT 11 2 #005H,3002546472,OUTLAND WCA STATE UNIT 11 2 #005H,pinned
gap,2145209.7255105707,2145609.718001052,399.99249048093617,True,467,N,1,21806.63780663781,0.9805919562755104,strong,0,3002546472,OUTLAND WCA STATE UNIT 11 2 #005H,3002546472,OUTLAND WCA STATE UNIT 11 2 #005H,< 1/4 mi
pinned,2145609.718001052,2147709.6785760764,2099.9605750249148,True,468,N,1,21806.63780663781,0.9805919562755104,strong,0,3002546472,OUTLAND WCA STATE UNIT 11 2 #005H,3002546472,OUTLAND WCA STATE UNIT 11 2 #005H,pinned
gap,2147709.6785760764,2155409.534017835,7699.855441758022,False,469,N,5,21806.63780663781,0.9805919562755104,strong,0,3002546472,OUTLAND WCA STATE UNIT 11 2 #005H,3002545350,CHILES 28 21 STATE COM #001H,1-2 mi
pinned,2155409.534017835,2158009.4852059605,2599.951188126085,True,470,N,3,21593.52770263501,0.9710089084146167,strong,0,3002545350,CHILES 28 21 STATE COM #001H,3002545350,CHILES 28 21 STATE COM #001H,pinned
pinned,2158009.4852059605,2159609.4551678845,1599.9699619237447,True,471,N,3,21593.52770263501,0.9710089084146167,strong,0,3002545351,CHILES 28 21 STATE COM #002H,3002545351,CHILES 28 21 STATE COM #002H,pinned
pinned,2159609.4551678845,2174109.182947818,14499.727779933935,True,472,N,3,21593.52770263501,0.9710089084146167,strong,0,3002545352,CHILES 28 21 STATE COM #003H,3002545352,CHILES 28 21 STATE COM #003H,pinned
gap,2174109.182947818,2179409.083446691,5299.900498872405,False,473,N,3,21593.52770263501,0.9710089084146167,strong,0,3002545352,CHILES 28 21 STATE COM #003H,3002554727,WEST GRAMA RIDGE 8 5 FEDERAL COM #353H,1-2 mi
pinned,2179409.083446691,2180809.057163374,1399.9737166832765,True,474,N,2,22301.966472234817,1.0028656928094963,strong,0,3002554727,WEST GRAMA RIDGE 8 5 FEDERAL COM #353H,3002554727,WEST GRAMA RIDGE 8 5 FEDERAL COM #353H,pinned
gap,2180809.057163374,2181609.042144336,799.9849809618723,False,475,N,2,22301.966472234817,1.0028656928094963,strong,0,3002554727,WEST GRAMA RIDGE 8 5 FEDERAL COM #353H,3002554453,WEST GRAMA RIDGE 7 6 FEDERAL COM #351H,< 1/4 mi
pinned,2181609.042144336,2183409.0083515,1799.9662071642128,True,476,N,2,22301.966472234817,1.0028656928094963,strong,0,3002554453,WEST GRAMA RIDGE 7 6 FEDERAL COM #351H,3002554453,WEST GRAMA RIDGE 7 6 FEDERAL COM #351H,pinned
gap,2183409.0083515,2183809.0008419813,399.99249048093617,False,477,N,2,22301.966472234817,1.0028656928094963,strong,0,3002554453,WEST GRAMA RIDGE 7 6 FEDERAL COM #351H,3002549017,CRUNCH BERRY 6 FEDERAL COM #602H,< 1/4 mi
pinned,2183809.0008419813,2186908.9426432084,3099.9418012272554,True,478,N,2,22301.966472234817,1.0028656928094963,strong,0,3002549017,CRUNCH BERRY 6 FEDERAL COM #602H,3002549017,CRUNCH BERRY 6 FEDERAL COM #602H,pinned
gap,2186908.9426432084,2189608.8919539545,2699.949310746319,False,479,N,2,22301.966472234817,1.0028656928094963,strong,0,3002549017,CRUNCH BERRY 6 FEDERAL COM #602H,3002548378,CRUNCH BERRY 6 FEDERAL COM #601H,1/2-1 mi
pinned,2189608.8919539545,2203408.632875547,13799.740921592298,True,480,N,2,22301.966472234817,1.0028656928094963,strong,0,3002548378,CRUNCH BERRY 6 FEDERAL COM #601H,3002548378,CRUNCH BERRY 6 FEDERAL COM #601H,pinned
gap,2203408.632875547,2206608.5727993944,3199.9399238474894,False,481,N,2,22301.966472234817,1.0028656928094963,strong,0,3002548378,CRUNCH BERRY 6 FEDERAL COM #601H,3002551306,SPEYSIDE 18 FEDERAL #602H,1/2-1 mi
pinned,2206608.5727993944,2209108.5258649,2499.953065505851,True,482,N,2,22301.966472234817,1.0028656928094963,strong,0,3002551306,SPEYSIDE 18 FEDERAL #602H,3002551306,SPEYSIDE 18 FEDERAL #602H,pinned
gap,2209108.5258649,2216908.3794292784,7799.853564378255,False,483,N,5,31412.573173835583,1.4125477230058285,strong,0,3002551306,SPEYSIDE 18 FEDERAL #602H,3002547852,BELL LAKE UNIT NORTH #424H,1-2 mi
pinned,2216908.3794292784,2218208.3550233417,1299.9755940630425,True,484,N,6,29585.663244742726,1.3303959856681722,strong,0,3002547852,BELL LAKE UNIT NORTH #424H,3002547852,BELL LAKE UNIT NORTH #424H,pinned
gap,2218208.3550233417,2219508.3306174045,1299.9755940630425,False,485,N,8,25881.43489075666,1.1638257624024495,strong,0,3002547852,BELL LAKE UNIT NORTH #424H,3002547767,BELL LAKE UNIT NORTH #420H,< 1/4 mi
pinned,2219508.3306174045,2219808.3249852653,299.99436786070214,True,486,N,7,24004.11646586345,1.0794072764743832,strong,0,3002547767,BELL LAKE UNIT NORTH #420H,3002547767,BELL LAKE UNIT NORTH #420H,pinned
gap,2219808.3249852653,2223808.2498900746,3999.9249048093616,False,487,N,10,31655.300698651794,1.4234625949137296,strong,0,3002547767,BELL LAKE UNIT NORTH #420H,3002551407,SERPENTINE 35 26 FEDERAL COM #010H,1/2-1 mi
pinned,2223808.2498900746,2228308.165407985,4499.915517910532,True,488,N,4,32104.017570345946,1.4436403113929963,strong,0,3002551407,SERPENTINE 35 26 FEDERAL COM #010H,3002551407,SERPENTINE 35 26 FEDERAL COM #010H,pinned
pinned,2228308.165407985,2229208.148511567,899.9831035821064,True,489,N,3,32310.006917223887,1.4529031559643621,strong,0,3002551406,SERPENTINE 35 26 FEDERAL COM #009H,3002551406,SERPENTINE 35 26 FEDERAL COM #009H,pinned
pinned,2229208.148511567,2233608.0659068576,4399.9173952902975,True,490,N,3,32310.006917223887,1.4529031559643621,strong,0,3002551405,SERPENTINE 35 26 FEDERAL COM #002H,3002551405,SERPENTINE 35 26 FEDERAL COM #002H,pinned
gap,2233608.0659068576,2237507.9926890465,3899.9267821891276,False,491,N,11,31898.028223468005,1.4343774668216305,strong,0,3002551405,SERPENTINE 35 26 FEDERAL COM #002H,3002551520,BOA STATE COM #701H,1/2-1 mi
pinned,2237507.9926890465,2242707.895065299,5199.90237625217,True,492,N,8,27411.71746787413,1.2326388824833994,strong,0,3002551520,BOA STATE COM #701H,3002551520,BOA STATE COM #701H,pinned
gap,2242707.895065299,2251207.735488019,8499.840422719893,False,493,N,7,23846.191075404124,1.0723057522068986,strong,0,3002551520,BOA STATE COM #701H,3002547352,RODNEY ROBINSON FEDERAL COM #204H,1-2 mi
pinned,2251207.735488019,2253807.686676145,2599.951188126085,True,494,N,5,28890.15035286898,1.2991204468480744,strong,0,3002547352,RODNEY ROBINSON FEDERAL COM #204H,3002547352,RODNEY ROBINSON FEDERAL COM #204H,pinned
gap,2253807.686676145,2258307.6021940554,4499.915517910532,False,495,N,8,30505.80595338691,1.3717725860740997,strong,0,3002547352,RODNEY ROBINSON FEDERAL COM #204H,3002550955,STACK CATS 25 36 FEDERAL COM #313H,1/2-1 mi
pinned,2258307.6021940554,2262107.5308536245,3799.9286595688936,True,496,N,4,30552.089798681278,1.3738538590701297,strong,0,3002550955,STACK CATS 25 36 FEDERAL COM #313H,3002550955,STACK CATS 25 36 FEDERAL COM #313H,pinned
gap,2262107.5308536245,2266607.446371535,4499.915517910532,False,497,N,9,26954.417064381025,1.2120751852622538,strong,0,3002550955,STACK CATS 25 36 FEDERAL COM #313H,3002548757,SENILE FELINES 18 7 STATE COM #313H,1/2-1 mi
pinned,2266607.446371535,2270407.375031104,3799.9286595688936,True,498,N,5,26881.84694482895,1.2088118818530023,strong,0,3002548757,SENILE FELINES 18 7 STATE COM #313H,3002548757,SENILE FELINES 18 7 STATE COM #313H,pinned
gap,2270407.375031104,2274307.301813293,3899.9267821891276,False,499,N,9,23261.222803635363,1.04600113858149,strong,0,3002548757,SENILE FELINES 18 7 STATE COM #313H,3002549685,DAGGER LAKE SOUTH 8 FEDERAL COM #708H,1/2-1 mi
pinned,2274307.301813293,2289407.0183289484,15099.71651565534,True,500,N,8,20883.166860694582,0.9390656930580592,strong,0,3002549685,DAGGER LAKE SOUTH 8 FEDERAL COM #708H,3002549685,DAGGER LAKE SOUTH 8 FEDERAL COM #708H,pinned
gap,2289407.0183289484,2294206.9282147195,4799.909885771234,False,501,N,7,19709.17019027484,0.8862738916847448,strong,0,3002549685,DAGGER LAKE SOUTH 8 FEDERAL COM #708H,3002544500,FRUIT LOOP 29 STATE #602H,1/2-1 mi
pinned,2294206.9282147195,2295906.8962992635,1699.9680845439786,True,502,N,3,9271.19334854907,0.41690322475548747,rolled,0,3002544500,FRUIT LOOP 29 STATE #602H,3002544500,FRUIT LOOP 29 STATE #602H,pinned
gap,2295906.8962992635,2298806.8418552503,2899.9455559867874,False,503,N,4,9774.701870366847,0.4395447897133094,rolled,0,3002544500,FRUIT LOOP 29 STATE #602H,3002546327,WOOL HEAD 20 STATE COM #804H,1/2-1 mi
pinned,2298806.8418552503,2300506.8099397942,1699.9680845439786,True,504,N,2,11872.024450750696,0.5338563323855767,rolled,0,3002546327,WOOL HEAD 20 STATE COM #804H,3002546327,WOOL HEAD 20 STATE COM #804H,pinned
gap,2300506.8099397942,2309306.6447303747,8799.834790580595,False,505,N,2,18108.95100069013,0.8143158906623754,unknown,0,3002546327,WOOL HEAD 20 STATE COM #804H,3002543291,WITHERSPOON 26 23 STATE #001H,1-2 mi
pinned,2309306.6447303747,2316706.505804272,7399.861073897319,True,506,N,1,22752.06349206349,1.0231054712247287,strong,0,3002543291,WITHERSPOON 26 23 STATE #001H,3002543291,WITHERSPOON 26 23 STATE #001H,pinned
gap,2316706.505804272,2318206.4776435755,1499.9718393035107,True,507,N,1,22752.06349206349,1.0231054712247287,strong,0,3002543291,WITHERSPOON 26 23 STATE #001H,3002543291,WITHERSPOON 26 23 STATE #001H,1/4-1/2 mi
pinned,2318206.4776435755,2331206.233584206,12999.755940630426,True,508,N,1,22752.06349206349,1.0231054712247287,strong,0,3002543291,WITHERSPOON 26 23 STATE #001H,3002543291,WITHERSPOON 26 23 STATE #001H,pinned
gap,2331206.233584206,2337906.107799762,6699.874215555681,False,509,N,3,16727.430025445294,0.7521922213574898,unknown,0,3002543291,WITHERSPOON 26 23 STATE #001H,3002543553,BOONE 16 STATE COM #003H,1-2 mi
pinned,2337906.107799762,2347505.927571304,9599.819771542469,True,510,N,2,15096.63426738103,0.678859265728756,rolled,0,3002543553,BOONE 16 STATE COM #003H,3002543553,BOONE 16 STATE COM #003H,pinned
gap,2347505.927571304,2354605.7942773406,7099.866706036617,False,511,N,4,15238.588444237359,0.6852426030052001,rolled,0,3002543553,BOONE 16 STATE COM #003H,3002545102,LITTLE BEAR FEDERAL COM #006H,1-2 mi
pinned,2354605.7942773406,2356705.7548523657,2099.9605750249148,True,512,N,3,14530.17364076288,0.6533868963092271,rolled,0,3002545102,LITTLE BEAR FEDERAL COM #006H,3002545102,LITTLE BEAR FEDERAL COM #006H,pinned
gap,2356705.7548523657,2358505.72105953,1799.9662071642128,False,513,N,2,13426.413461907847,0.6037534607177483,rolled,0,3002545102,LITTLE BEAR FEDERAL COM #006H,3002544214,MAS FEDERAL COM #002H,1/4-1/2 mi
pinned,2358505.72105953,2364605.6065393644,6099.885479834276,True,514,N,0,,,unknown,0,3002544214,MAS FEDERAL COM #002H,3002544214,MAS FEDERAL COM #002H,pinned
gap,2364605.6065393644,2372605.456348983,7999.849809618723,False,515,N,0,,,unknown,0,3002544214,MAS FEDERAL COM #002H,3002543110,LEA SOUTH 25 FEDERAL COM WCA #012H,1-2 mi
pinned,2372605.456348983,2380005.3174228803,7399.861073897319,True,516,N,0,,,unknown,0,3002543110,LEA SOUTH 25 FEDERAL COM WCA #012H,3002543110,LEA SOUTH 25 FEDERAL COM WCA #012H,pinned
gap,2380005.3174228803,2380105.3155455003,99.99812262023404,True,517,N,0,,,unknown,0,3002543110,LEA SOUTH 25 FEDERAL COM WCA #012H,3002543110,LEA SOUTH 25 FEDERAL COM WCA #012H,< 1/4 mi
pinned,2380105.3155455003,2383205.257346728,3099.9418012272554,True,518,N,0,,,unknown,0,3002543110,LEA SOUTH 25 FEDERAL COM WCA #012H,3002543110,LEA SOUTH 25 FEDERAL COM WCA #012H,pinned
gap,2383205.257346728,2389205.144703942,5999.887357214043,False,519,N,2,16915.893857020837,0.7606669857356824,unknown,0,3002543110,LEA SOUTH 25 FEDERAL COM WCA #012H,3002547760,DESERT ROSE 17 8 FEDERAL COM #012H,1-2 mi
pinned,2389205.144703942,2391205.1071563466,1999.9624524046808,True,520,N,2,16915.893857020837,0.7606669857356824,unknown,0,3002547760,DESERT ROSE 17 8 FEDERAL COM #012H,3002547760,DESERT ROSE 17 8 FEDERAL COM #012H,pinned
pinned,2391205.1071563466,2397804.983249282,6599.876092935447,True,521,N,2,16915.893857020837,0.7606669857356824,unknown,0,3002550451,DESERT ROSE 17 8 FEDERAL COM #005H,3002550451,DESERT ROSE 17 8 FEDERAL COM #005H,pinned
gap,2397804.983249282,2397904.981371902,99.99812262023404,True,522,N,2,16915.893857020837,0.7606669857356824,unknown,0,3002550451,DESERT ROSE 17 8 FEDERAL COM #005H,3002550451,DESERT ROSE 17 8 FEDERAL COM #005H,< 1/4 mi
pinned,2397904.981371902,2405304.8424457996,7399.861073897319,True,523,N,3,15970.13698630137,0.7181385781818359,unknown,0,3002550451,DESERT ROSE 17 8 FEDERAL COM #005H,3002550451,DESERT ROSE 17 8 FEDERAL COM #005H,pinned
gap,2405304.8424457996,2413404.690378038,8099.847932238958,False,524,N,3,15970.13698630137,0.7181385781818359,unknown,0,3002550451,DESERT ROSE 17 8 FEDERAL COM #005H,3002551110,TREBLE STATE COM #702H,1-2 mi
pinned,2413404.690378038,2420604.555206695,7199.864828656851,True,525,N,0,,,unknown,0,3002551110,TREBLE STATE COM #702H,3002551110,TREBLE STATE COM #702H,pinned
gap,2420604.555206695,2421004.547697176,399.99249048093617,True,526,N,0,,,unknown,0,3002551110,TREBLE STATE COM #702H,3002551110,TREBLE STATE COM #702H,< 1/4 mi
pinned,2421004.547697176,2432404.333675883,11399.78597870668,True,527,N,0,,,unknown,0,3002551110,TREBLE STATE COM #702H,3002551110,TREBLE STATE COM #702H,pinned
gap,2432404.333675883,2439304.204136679,6899.870460796149,False,528,N,2,8713.891439067385,0.39184270077648253,rolled,0,3002551110,TREBLE STATE COM #702H,3002551201,EAGLE STATE COM #703H,1-2 mi
pinned,2439304.204136679,2454703.9150201953,15399.710883516043,True,529,N,3,10993.961638645513,0.4943719635301034,rolled,0,3002551201,EAGLE STATE COM #703H,3002551201,EAGLE STATE COM #703H,pinned
gap,2454703.9150201953,2456603.8793499796,1899.9643297844468,False,530,N,3,10993.961638645513,0.4943719635301034,rolled,0,3002551201,EAGLE STATE COM #703H,3002551165,NORTE STATE COM #702H,1/4-1/2 mi
pinned,2456603.8793499796,2471703.5958656347,15099.71651565534,True,531,N,3,10993.961638645513,0.4943719635301034,rolled,0,3002551165,NORTE STATE COM #702H,3002551165,NORTE STATE COM #702H,pinned
gap,2471703.5958656347,2475703.520770444,3999.9249048093616,False,532,N,7,12826.015473887814,0.5767550099323991,rolled,0,3002551165,NORTE STATE COM #702H,3002553088,ALPHA STATE COM #702H,1/2-1 mi
pinned,2475703.520770444,2476303.5095061655,599.9887357214043,True,533,N,6,12498.716501075707,0.5620371637938671,rolled,0,3002553088,ALPHA STATE COM #702H,3002553088,ALPHA STATE COM #702H,pinned
gap,2476303.5095061655,2476903.498241887,599.9887357214043,False,534,N,6,12498.716501075707,0.5620371637938671,rolled,0,3002553088,ALPHA STATE COM #702H,3002550169,FOXTAIL E2 05 32 W1 STATE COM #002H,< 1/4 mi
pinned,2476903.498241887,2478303.47195857,1399.9737166832765,True,535,N,7,12826.015473887814,0.5767550099323991,rolled,0,3002550169,FOXTAIL E2 05 32 W1 STATE COM #002H,3002550169,FOXTAIL E2 05 32 W1 STATE COM #002H,pinned
pinned,2478303.47195857,2479603.4475526335,1299.9755940630425,True,536,N,6,12498.716501075707,0.5620371637938671,rolled,0,3002550168,FOXTAIL E2 05 32 W1 STATE COM #001H,3002550168,FOXTAIL E2 05 32 W1 STATE COM #001H,pinned
pinned,2479603.4475526335,2480903.4231466963,1299.9755940630425,True,537,N,5,12826.015473887814,0.5767550099323991,rolled,0,3002553248,FOXTAIL STATE COM #702H,3002553248,FOXTAIL STATE COM #702H,pinned
pinned,2480903.4231466963,2483303.378089582,2399.954942885617,True,538,N,4,13105.136664901875,0.5893064173140137,rolled,0,3002553247,FOXTAIL STATE COM #701H,3002553247,FOXTAIL STATE COM #701H,pinned
gap,2483303.378089582,2485803.331155088,2499.953065505851,False,539,N,3,13384.257855915934,0.6018578246956281,rolled,0,3002553247,FOXTAIL STATE COM #701H,3002543395,AIRSTRIP 31 18 35 RN STATE COM #201H,1/4-1/2 mi
pinned,2485803.331155088,2489303.265446796,3499.9342917081913,True,540,N,1,13384.257855915934,0.6018578246956281,rolled,0,3002543395,AIRSTRIP 31 18 35 RN STATE COM #201H,3002543395,AIRSTRIP 31 18 35 RN STATE COM #201H,pinned
gap,2489303.265446796,2497203.1171337944,7899.85168699849,False,541,N,1,525.5507608448785,0.023632751333270304,rolled,0,3002543395,AIRSTRIP 31 18 35 RN STATE COM #201H,3002551668,GOLD STATE COM #701H,1-2 mi
pinned,2497203.1171337944,2523602.621505536,26399.504371741787,True,542,N,1,525.5507608448785,0.023632751333270304,rolled,0,3002551668,GOLD STATE COM #701H,3002551668,GOLD STATE COM #701H,pinned
gap,2523602.621505536,2530302.495721092,6699.874215555681,False,543,N,1,525.5507608448785,0.023632751333270304,rolled,0,3002551668,GOLD STATE COM #701H,3002543395,AIRSTRIP 31 18 35 RN STATE COM #201H,1-2 mi
pinned,2530302.495721092,2533002.4450318385,2699.949310746319,True,544,N,0,,,unknown,0,3002543395,AIRSTRIP 31 18 35 RN STATE COM #201H,3002543395,AIRSTRIP 31 18 35 RN STATE COM #201H,pinned
gap,2533002.4450318385,2539902.3154926347,6899.870460796149,False,545,N,0,,,unknown,0,3002543395,AIRSTRIP 31 18 35 RN STATE COM #201H,3002546803,SANTA VACA 19 18 B3MD STATE COM #001H,1-2 mi
pinned,2539902.3154926347,2549702.131509417,9799.816016782936,True,546,N,0,,,unknown,0,3002546803,SANTA VACA 19 18 B3MD STATE COM #001H,3002546803,SANTA VACA 19 18 B3MD STATE COM #001H,pinned
gap,2549702.131509417,2554102.0489047077,4399.9173952902975,True,547,N,0,,,unknown,0,3002546803,SANTA VACA 19 18 B3MD STATE COM #001H,3002546803,SANTA VACA 19 18 B3MD STATE COM #001H,1/2-1 mi
pinned,2554102.0489047077,2557901.9775642767,3799.9286595688936,True,548,N,0,,,unknown,1,3002546803,SANTA VACA 19 18 B3MD STATE COM #001H,3002546803,SANTA VACA 19 18 B3MD STATE COM #001H,pinned
gap,2557901.9775642767,2562401.893082187,4499.915517910532,False,549,N,0,,,unknown,2,3002546803,SANTA VACA 19 18 B3MD STATE COM #001H,3002551567,ANGRY ANGUS 32 STATE COM #701H,1/2-1 mi
pinned,2562401.893082187,2567801.7917036796,5399.898621492638,True,550,N,2,33779.514570141575,1.5189833741490177,strong,2,3002551567,ANGRY ANGUS 32 STATE COM #701H,3002551567,ANGRY ANGUS 32 STATE COM #701H,pinned
pinned,2567801.7917036796,2569001.7691751225,1199.9774714428086,True,551,N,2,33779.514570141575,1.5189833741490177,strong,1,3002542988,EAGLE CLAW FEDERAL COM #001H,3002542988,EAGLE CLAW FEDERAL COM #001H,pinned
gap,2569001.7691751225,2578301.5945788044,9299.825403681765,False,552,N,3,15970.13698630137,0.7181385781818359,unknown,1,3002542988,EAGLE CLAW FEDERAL COM #001H,3002553272,LEA UNIT #701H,1-2 mi
pinned,2578301.5945788044,2581901.5269931327,3599.9324143284257,True,553,N,1,3380.927634143173,0.1520321689289133,rolled,0,3002553272,LEA UNIT #701H,3002553272,LEA UNIT #701H,pinned
pinned,2581901.5269931327,2582501.515728854,599.9887357214043,True,554,N,1,3380.927634143173,0.1520321689289133,rolled,0,3002545211,LEA UNIT #100H,3002545211,LEA UNIT #100H,pinned
gap,2582501.515728854,2591001.3561515743,8499.840422719893,False,555,N,3,43774.95697074011,1.9684543336042437,strong,0,3002545211,LEA UNIT #100H,3002542315,MALLON 27 FEDERAL COM #002H,1-2 mi
pinned,2591001.3561515743,2597501.2341218893,6499.877970315213,True,556,N,2,46655.724049193755,2.097995487544769,strong,0,3002542315,MALLON 27 FEDERAL COM #002H,3002542315,MALLON 27 FEDERAL COM #002H,pinned
gap,2597501.2341218893,2601701.155271939,4199.9211500498295,True,557,N,2,46655.724049193755,2.097995487544769,strong,0,3002542315,MALLON 27 FEDERAL COM #002H,3002542315,MALLON 27 FEDERAL COM #002H,1/2-1 mi
pinned,2601701.155271939,2606401.06703509,4699.911763151,True,558,N,2,46655.724049193755,2.097995487544769,strong,0,3002542315,MALLON 27 FEDERAL COM #002H,3002542315,MALLON 27 FEDERAL COM #002H,pinned
pinned,2606401.06703509,2622400.7666543275,15999.699619237446,True,559,N,2,46655.724049193755,2.097995487544769,strong,0,3002541808,MALLON 27 FEDERAL COM #003H,3002541808,MALLON 27 FEDERAL COM #003H,pinned
gap,2622400.7666543275,2629500.633360364,7099.866706036617,False,560,N,2,46655.724049193755,2.097995487544769,strong,0,3002541808,MALLON 27 FEDERAL COM #003H,3002543679,NORTH LEA 10 FEDERAL #001H,1-2 mi
pinned,2629500.633360364,2632800.571406832,3299.9380464677233,True,561,N,0,,,unknown,0,3002543679,NORTH LEA 10 FEDERAL #001H,3002543679,NORTH LEA 10 FEDERAL #001H,pinned
gap,2632800.571406832,2642400.391178374,9599.819771542469,False,562,N,3,22538.035264483628,1.013481137558911,strong,0,3002543679,NORTH LEA 10 FEDERAL #001H,3002552590,ROBIN FEDERAL #203H,1-2 mi
pinned,2642400.391178374,2644600.3498760196,2199.9586976451487,True,563,N,3,22538.035264483628,1.013481137558911,strong,0,3002552590,ROBIN FEDERAL #203H,3002552590,ROBIN FEDERAL #203H,pinned
gap,2644600.3498760196,2648500.2766582086,3899.9267821891276,False,564,N,3,22538.035264483628,1.013481137558911,strong,0,3002552590,ROBIN FEDERAL #203H,3002544494,VERNA RAE FEDERAL COM #204H,1/2-1 mi
pinned,2648500.2766582086,2660100.058882156,11599.78222394715,True,565,N,1,21427.291037260828,0.9635336461412934,strong,0,3002544494,VERNA RAE FEDERAL COM #204H,3002544494,VERNA RAE FEDERAL COM #204H,pinned
gap,2660100.058882156,2661900.02508932,1799.9662071642128,False,566,N,1,21427.291037260828,0.9635336461412934,strong,0,3002544494,VERNA RAE FEDERAL COM #204H,3002547431,WAR EAGLE FEDERAL COM #701H,1/4-1/2 mi
pinned,2661900.02508932,2667399.9218334327,5499.8967441128725,True,567,N,1,21427.291037260828,0.9635336461412934,strong,0,3002547431,WAR EAGLE FEDERAL COM #701H,3002547431,WAR EAGLE FEDERAL COM #701H,pinned
gap,2667399.9218334327,2671699.841106103,4299.919272670064,False,568,N,2,16512.795574281532,0.7425406272778775,unknown,0,3002547431,WAR EAGLE FEDERAL COM #701H,3002548539,ANACONDA 11 14 3BS FEDERAL COM #013H,1/2-1 mi
pinned,2671699.841106103,2681799.6514907465,10099.810384643639,True,569,N,1,11598.300111302236,0.5215476084144617,rolled,0,3002548539,ANACONDA 11 14 3BS FEDERAL COM #013H,3002548539,ANACONDA 11 14 3BS FEDERAL COM #013H,pinned
gap,2681799.6514907465,2684499.600801493,2699.949310746319,False,570,N,1,11598.300111302236,0.5215476084144617,rolled,0,3002548539,ANACONDA 11 14 3BS FEDERAL COM #013H,3002552677,SANDRA JEAN 23 FEDERAL COM #705H,1/2-1 mi
pinned,2684499.600801493,2687299.5482348595,2799.947433366553,True,571,N,1,11598.300111302236,0.5215476084144617,rolled,0,3002552677,SANDRA JEAN 23 FEDERAL COM #705H,3002552677,SANDRA JEAN 23 FEDERAL COM #705H,pinned
gap,2687299.5482348595,2693099.439346833,5799.891111973575,False,572,N,4,10380.410168919727,0.4667820323674467,rolled,0,3002552677,SANDRA JEAN 23 FEDERAL COM #705H,3002547863,GAVILON FEDERAL COM #708H,1-2 mi
pinned,2693099.439346833,2694999.4036766174,1899.9643297844468,True,573,N,3,9162.520226537215,0.4120164563204317,rolled,0,3002547863,GAVILON FEDERAL COM #708H,3002547863,GAVILON FEDERAL COM #708H,pinned
pinned,2694999.4036766174,2695099.401799238,99.99812262023404,True,574,N,3,9162.520226537215,0.4120164563204317,rolled,0,3002550167,GAVILON FEDERAL COM #604H,3002550167,GAVILON FEDERAL COM #604H,pinned
gap,2695099.401799238,2696199.3811480603,1099.9793488225744,False,575,N,3,9162.520226537215,0.4120164563204317,rolled,0,3002550167,GAVILON FEDERAL COM #604H,3002546588,GAVILON FEDERAL COM #704H,< 1/4 mi
pinned,2696199.3811480603,2715699.015059006,19499.63391094564,True,576,N,3,9162.520226537215,0.4120164563204317,rolled,0,3002546588,GAVILON FEDERAL COM #704H,3002546588,GAVILON FEDERAL COM #704H,pinned
gap,2715699.015059006,2717098.988775689,1399.9737166832765,True,577,N,3,9162.520226537215,0.4120164563204317,rolled,0,3002546588,GAVILON FEDERAL COM #704H,3002546588,GAVILON FEDERAL COM #704H,1/4-1/2 mi
pinned,2717098.988775689,2717398.98314355,299.99436786070214,True,578,N,3,9162.520226537215,0.4120164563204317,rolled,0,3002546588,GAVILON FEDERAL COM #704H,3002546588,GAVILON FEDERAL COM #704H,pinned
gap,2717398.98314355,2718498.9624923724,1099.9793488225744,False,579,N,3,9162.520226537215,0.4120164563204317,rolled,0,3002546588,GAVILON FEDERAL COM #704H,3002547863,GAVILON FEDERAL COM #708H,< 1/4 mi
pinned,2718498.9624923724,2723298.872378144,4799.909885771234,True,580,N,3,9162.520226537215,0.4120164563204317,rolled,0,3002547863,GAVILON FEDERAL COM #708H,3002547863,GAVILON FEDERAL COM #708H,pinned
gap,2723298.872378144,2725498.831075789,2199.9586976451487,True,581,N,2,8025.625233105426,0.36089302796001915,rolled,0,3002547863,GAVILON FEDERAL COM #708H,3002547863,GAVILON FEDERAL COM #708H,1/4-1/2 mi
pinned,2725498.831075789,2726798.8066698518,1299.9755940630425,True,582,N,2,8025.625233105426,0.36089302796001915,rolled,0,3002547863,GAVILON FEDERAL COM #708H,3002547863,GAVILON FEDERAL COM #708H,pinned
gap,2726798.8066698518,2736598.622686635,9799.816016782936,False,583,N,2,8025.625233105426,0.36089302796001915,rolled,0,3002547863,GAVILON FEDERAL COM #708H,3002553926,EILEEN 25 FEDERAL COM #501H,1-2 mi
pinned,2736598.622686635,2737698.6020354573,1099.9793488225744,True,584,N,1,14957.377049180328,0.6725972041843877,rolled,0,3002553926,EILEEN 25 FEDERAL COM #501H,3002553926,EILEEN 25 FEDERAL COM #501H,pinned
gap,2737698.6020354573,2740198.5551009635,2499.953065505851,False,585,N,1,14957.377049180328,0.6725972041843877,rolled,0,3002553926,EILEEN 25 FEDERAL COM #501H,3002544853,MINIS 1 FEDERAL COM WCA #016H,1/4-1/2 mi
pinned,2740198.5551009635,2741298.534449786,1099.9793488225744,True,586,N,1,14957.377049180328,0.6725972041843877,rolled,0,3002544853,MINIS 1 FEDERAL COM WCA #016H,3002544853,MINIS 1 FEDERAL COM WCA #016H,pinned
gap,2741298.534449786,2742198.517553368,899.9831035821064,True,587,N,1,14957.377049180328,0.6725972041843877,rolled,0,3002544853,MINIS 1 FEDERAL COM WCA #016H,3002544853,MINIS 1 FEDERAL COM WCA #016H,< 1/4 mi
pinned,2742198.517553368,2743498.493147431,1299.9755940630425,True,588,N,1,14957.377049180328,0.6725972041843877,rolled,0,3002544853,MINIS 1 FEDERAL COM WCA #016H,3002544853,MINIS 1 FEDERAL COM WCA #016H,pinned
gap,2743498.493147431,2747698.4142974806,4199.9211500498295,False,589,N,3,14957.377049180328,0.6725972041843877,rolled,0,3002544853,MINIS 1 FEDERAL COM WCA #016H,3002547528,BIG STAG FEDERAL COM #303H,1/2-1 mi
pinned,2747698.4142974806,2751098.350466569,3399.9361690879573,True,590,N,2,13237.024504266252,0.5952370956495753,rolled,0,3002547528,BIG STAG FEDERAL COM #303H,3002547528,BIG STAG FEDERAL COM #303H,pinned
gap,2751098.350466569,2754498.286635657,3399.9361690879573,False,591,N,5,12511.971197119712,0.5626331955360769,rolled,0,3002547528,BIG STAG FEDERAL COM #303H,3002548247,MARGARITA 13 FEDERAL COM #017H,1/2-1 mi
pinned,2754498.286635657,2756798.243455922,2299.956820265383,True,592,N,3,12511.971197119712,0.5626331955360769,rolled,0,3002548247,MARGARITA 13 FEDERAL COM #017H,3002548247,MARGARITA 13 FEDERAL COM #017H,pinned
gap,2756798.243455922,2757098.237823783,299.99436786070214,True,593,N,2,13182.578968816944,0.5927888111139165,rolled,0,3002548247,MARGARITA 13 FEDERAL COM #017H,3002548247,MARGARITA 13 FEDERAL COM #017H,< 1/4 mi
pinned,2757098.237823783,2760798.1683607316,3699.9305369486597,True,594,N,2,13182.578968816944,0.5927888111139165,rolled,0,3002548247,MARGARITA 13 FEDERAL COM #017H,3002548247,MARGARITA 13 FEDERAL COM #017H,pinned
gap,2760798.1683607316,2766198.066982224,5399.898621492638,False,595,N,6,22558.956053467657,1.0144218950282,strong,0,3002548247,MARGARITA 13 FEDERAL COM #017H,3002546277,BILBREY 34 27 W0PA FEDERAL COM #001H,1-2 mi
pinned,2766198.066982224,2767698.0388215277,1499.9718393035107,True,596,N,5,26156.464646464647,1.1761931877971876,strong,0,3002546277,BILBREY 34 27 W0PA FEDERAL COM #001H,3002546277,BILBREY 34 27 W0PA FEDERAL COM #001H,pinned
gap,2767698.0388215277,2768098.0313120084,399.99249048093617,False,597,N,5,26156.464646464647,1.1761931877971876,strong,0,3002546277,BILBREY 34 27 W0PA FEDERAL COM #001H,3002548170,BILBREY 34 27 W0OB FEDERAL COM #002H,< 1/4 mi
pinned,2768098.0313120084,2768798.01817035,699.9868583416383,True,598,N,5,26156.464646464647,1.1761931877971876,strong,0,3002548170,BILBREY 34 27 W0OB FEDERAL COM #002H,3002548170,BILBREY 34 27 W0OB FEDERAL COM #002H,pinned
gap,2768798.01817035,2773697.9261787417,4899.908008391468,False,599,N,8,25514.834352771155,1.1473406195802287,strong,0,3002548170,BILBREY 34 27 W0OB FEDERAL COM #002H,3002552805,MORAN 9 FEDERAL COM #702H,1/2-1 mi
pinned,2773697.9261787417,2775197.8980180454,1499.9718393035107,True,600,N,2,26890.371439051363,1.2091952078173227,strong,0,3002552805,MORAN 9 FEDERAL COM #702H,3002552805,MORAN 9 FEDERAL COM #702H,pinned
gap,2775197.8980180454,2776997.864225209,1799.9662071642128,True,601,N,2,26890.371439051363,1.2091952078173227,strong,0,3002552805,MORAN 9 FEDERAL COM #702H,3002552805,MORAN 9 FEDERAL COM #702H,1/4-1/2 mi
pinned,2776997.864225209,2778597.8341871332,1599.9699619237447,True,602,N,2,26890.371439051363,1.2091952078173227,strong,0,3002552805,MORAN 9 FEDERAL COM #702H,3002552805,MORAN 9 FEDERAL COM #702H,pinned
gap,2778597.8341871332,2778997.826677614,399.99249048093617,True,603,N,2,26890.371439051363,1.2091952078173227,strong,0,3002552805,MORAN 9 FEDERAL COM #702H,3002552805,MORAN 9 FEDERAL COM #702H,< 1/4 mi
pinned,2778997.826677614,2782897.7534598033,3899.9267821891276,True,604,N,2,26890.371439051363,1.2091952078173227,strong,0,3002552805,MORAN 9 FEDERAL COM #702H,3002552805,MORAN 9 FEDERAL COM #702H,pinned
gap,2782897.7534598033,2784597.7215443472,1699.9680845439786,True,605,N,2,26890.371439051363,1.2091952078173227,strong,0,3002552805,MORAN 9 FEDERAL COM #702H,3002552805,MORAN 9 FEDERAL COM #702H,1/4-1/2 mi
pinned,2784597.7215443472,2785597.7027705493,999.9812262023404,True,606,N,2,26890.371439051363,1.2091952078173227,strong,0,3002552805,MORAN 9 FEDERAL COM #702H,3002552805,MORAN 9 FEDERAL COM #702H,pinned
gap,2785597.7027705493,2785697.7008931697,99.99812262023404,False,607,N,2,26890.371439051363,1.2091952078173227,strong,0,3002552805,MORAN 9 FEDERAL COM #702H,3002552796,MORAN 9 FEDERAL COM #701H,< 1/4 mi
pinned,2785697.7008931697,2789697.625797979,3999.9249048093616,True,608,N,3,23922.7757658804,1.0757495811969884,strong,0,3002552796,MORAN 9 FEDERAL COM #701H,3002552796,MORAN 9 FEDERAL COM #701H,pinned
gap,2789697.625797979,2792997.563844447,3299.9380464677233,False,609,N,6,21882.661081902483,0.9840105397763363,strong,0,3002552796,MORAN 9 FEDERAL COM #701H,3002552230,CAPER 20 29 FEDERAL COM #711H,1/2-1 mi
pinned,2792997.563844447,2795397.5187873323,2399.954942885617,True,610,N,5,19842.546397924565,0.8922714983556844,strong,0,3002552230,CAPER 20 29 FEDERAL COM #711H,3002552230,CAPER 20 29 FEDERAL COM #711H,pinned
gap,2795397.5187873323,2797097.4868718763,1699.9680845439786,False,611,N,5,19842.546397924565,0.8922714983556844,strong,0,3002552230,CAPER 20 29 FEDERAL COM #711H,3002552491,REGAL LAGER 31 19 FEDERAL COM #034H,1/4-1/2 mi
pinned,2797097.4868718763,2797497.4793623574,399.99249048093617,True,612,N,3,19842.546397924565,0.8922714983556844,strong,0,3002552491,REGAL LAGER 31 19 FEDERAL COM #034H,3002552491,REGAL LAGER 31 19 FEDERAL COM #034H,pinned
pinned,2797497.4793623574,2798397.4624659396,899.9831035821064,True,613,N,3,19842.546397924565,0.8922714983556844,strong,0,3002552490,REGAL LAGER 31 19 FEDERAL COM #033H,3002552490,REGAL LAGER 31 19 FEDERAL COM #033H,pinned
pinned,2798397.4624659396,2799297.4455695217,899.9831035821064,True,614,N,3,19842.546397924565,0.8922714983556844,strong,0,3002552489,REGAL LAGER 31 19 FEDERAL COM #032H,3002552489,REGAL LAGER 31 19 FEDERAL COM #032H,pinned
pinned,2799297.4455695217,2799997.432427863,699.9868583416383,True,615,N,1,23736.33087889707,1.067365603892202,strong,0,3002552488,REGAL LAGER 31 19 FEDERAL COM #031H,3002552488,REGAL LAGER 31 19 FEDERAL COM #031H,pinned
pinned,2799997.432427863,2801297.4080219264,1299.9755940630425,True,616,N,1,23736.33087889707,1.067365603892202,strong,0,3001555485,BENNY HUEVOS 36 24 W0PA FEDERAL COM #001H,3001555485,BENNY HUEVOS 36 24 W0PA FEDERAL COM #001H,pinned
gap,2801297.4080219264,2801497.4042671667,199.99624524046808,False,617,N,1,23736.33087889707,1.067365603892202,strong,0,3001555485,BENNY HUEVOS 36 24 W0PA FEDERAL COM #001H,3001555509,BENNY HUEVOS 36 24 W0OB FEDERAL COM #001H,< 1/4 mi
pinned,2801497.4042671667,2821397.0306685935,19899.626401426576,True,618,N,1,23736.33087889707,1.067365603892202,strong,0,3001555509,BENNY HUEVOS 36 24 W0OB FEDERAL COM #001H,3001555509,BENNY HUEVOS 36 24 W0OB FEDERAL COM #001H,pinned
gap,2821397.0306685935,2825596.951818643,4199.9211500498295,False,619,N,7,44256.20966164678,1.9900951074742708,strong,0,3001555509,BENNY HUEVOS 36 24 W0OB FEDERAL COM #001H,3001548597,TOP SPOT 12 13 FEDERAL COM #031H,1/2-1 mi
pinned,2825596.951818643,2832996.8128925404,7399.861073897319,True,620,N,5,52068.78993610224,2.341408017002937,strong,0,3001548597,TOP SPOT 12 13 FEDERAL COM #031H,3001548597,TOP SPOT 12 13 FEDERAL COM #031H,pinned
gap,2832996.8128925404,2837796.7227783115,4799.909885771234,False,621,N,5,52068.78993610224,2.341408017002937,strong,0,3001548597,TOP SPOT 12 13 FEDERAL COM #031H,3001556502,OLIVE WON UNIT #231H,1/2-1 mi
pinned,2837796.7227783115,2848696.5181439174,10899.79536560551,True,622,N,4,41148.18818152991,1.8503348706895608,strong,0,3001556502,OLIVE WON UNIT #231H,3001556502,OLIVE WON UNIT #231H,pinned
pinned,2848696.5181439174,2851296.469332043,2599.951188126085,True,623,N,4,41148.18818152991,1.8503348706895608,strong,0,3001555177,OLIVE WON UNIT #031H,3001555177,OLIVE WON UNIT #031H,pinned
gap,2851296.469332043,2856496.3717082953,5199.90237625217,False,624,N,11,34784.37721339674,1.5641696258708595,strong,0,3001555177,OLIVE WON UNIT #031H,3001555532,CAT LANTA 16 4 FEDERAL COM #715H,1/2-1 mi
pinned,2856496.3717082953,2856696.367953536,199.99624524046808,True,625,N,6,32864.49181369546,1.4778370056562562,strong,0,3001555532,CAT LANTA 16 4 FEDERAL COM #715H,3001555532,CAT LANTA 16 4 FEDERAL COM #715H,pinned
pinned,2856696.367953536,2857296.3566892575,599.9887357214043,True,626,N,6,32864.49181369546,1.4778370056562562,strong,0,3001555530,CAT LANTA 16 4 FEDERAL COM #625H,3001555530,CAT LANTA 16 4 FEDERAL COM #625H,pinned
pinned,2857296.3566892575,2857796.3473023586,499.9906131011702,True,627,N,5,30944.60641399417,1.3915043854416527,strong,0,3001555531,CAT LANTA 16 4 FEDERAL COM #714H,3001555531,CAT LANTA 16 4 FEDERAL COM #714H,pinned
pinned,2857796.3473023586,2858296.3379154596,499.9906131011702,True,628,N,4,34876.03288746419,1.5682911606775776,strong,0,3001555539,CAT LANTA 16 4 FEDERAL COM #624H,3001555539,CAT LANTA 16 4 FEDERAL COM #624H,pinned
pinned,2858296.3379154596,2858796.3285285607,499.9906131011702,True,629,N,4,34876.03288746419,1.5682911606775776,strong,0,3001555726,CAT LANTA 16 4 FEDERAL COM #713H,3001555726,CAT LANTA 16 4 FEDERAL COM #713H,pinned
pinned,2858796.3285285607,2859396.317264282,599.9887357214043,True,630,N,3,39353.52311730264,1.7696331072267746,strong,0,3001555538,CAT LANTA 16 4 FEDERAL COM #623H,3001555538,CAT LANTA 16 4 FEDERAL COM #623H,pinned
pinned,2859396.317264282,2859796.3097547633,399.99249048093617,True,631,N,2,34628.86486568724,1.5571766103212987,strong,0,3001555543,CAT LANTA 16 4 FEDERAL COM #712H,3001555543,CAT LANTA 16 4 FEDERAL COM #712H,pinned
pinned,2859796.3097547633,2860896.2891035858,1099.9793488225744,True,632,N,2,34628.86486568724,1.5571766103212987,strong,0,3001555541,CAT LANTA 16 4 FEDERAL COM #622H,3001555541,CAT LANTA 16 4 FEDERAL COM #622H,pinned
gap,2860896.2891035858,2864896.214008395,3999.9249048093616,False,633,N,3,22517.816436712656,1.0125719455939075,strong,0,3001555541,CAT LANTA 16 4 FEDERAL COM #622H,3001549444,JAMES RANCH UNIT DI 8 EAGLE #702H,1/2-1 mi
pinned,2864896.214008395,2868396.1483001034,3499.9342917081913,True,634,N,3,22517.816436712656,1.0125719455939075,strong,0,3001549444,JAMES RANCH UNIT DI 8 EAGLE #702H,3001549444,JAMES RANCH UNIT DI 8 EAGLE #702H,pinned
gap,2868396.1483001034,2874696.030025178,6299.881725074744,False,635,N,3,22517.816436712656,1.0125719455939075,strong,0,3001549444,JAMES RANCH UNIT DI 8 EAGLE #702H,3001556027,JAMES RANCH UNIT APACHE #141H,1-2 mi
pinned,2874696.030025178,2876695.992477583,1999.9624524046808,True,636,N,0,,,unknown,0,3001556027,JAMES RANCH UNIT APACHE #141H,3001556027,JAMES RANCH UNIT APACHE #141H,pinned
pinned,2876695.992477583,2877995.9680716456,1299.9755940630425,True,637,N,0,,,unknown,0,3001556025,JAMES RANCH UNIT APACHE #140H,3001556025,JAMES RANCH UNIT APACHE #140H,pinned
pinned,2877995.9680716456,2879395.9417883293,1399.9737166832765,True,638,N,0,,,unknown,0,3001555831,JAMES RANCH UNIT APACHE #115H,3001555831,JAMES RANCH UNIT APACHE #115H,pinned
pinned,2879395.9417883293,2880695.917382392,1299.9755940630425,True,639,N,0,,,unknown,0,3001555830,JAMES RANCH UNIT APACHE #114H,3001555830,JAMES RANCH UNIT APACHE #114H,pinned
pinned,2880695.917382392,2882095.8910990753,1399.9737166832765,True,640,N,0,,,unknown,0,3001555783,JAMES RANCH UNIT APACHE #113H,3001555783,JAMES RANCH UNIT APACHE #113H,pinned
gap,2882095.8910990753,2882495.8835895564,399.99249048093617,False,641,N,0,,,unknown,0,3001555783,JAMES RANCH UNIT APACHE #113H,3001555529,JAMES RANCH UNIT APACHE #112H,< 1/4 mi
pinned,2882495.8835895564,2883895.8573062397,1399.9737166832765,True,642,N,0,,,unknown,0,3001555529,JAMES RANCH UNIT APACHE #112H,3001555529,JAMES RANCH UNIT APACHE #112H,pinned
pinned,2883895.8573062397,2900295.549415958,16399.692109718384,True,643,N,0,,,unknown,0,3001556010,JAMES RANCH UNIT APACHE #111H,3001556010,JAMES RANCH UNIT APACHE #111H,pinned
gap,2900295.549415958,2901395.5287647806,1099.9793488225744,False,644,N,0,,,unknown,0,3001556010,JAMES RANCH UNIT APACHE #111H,3001549124,JAMES RANCH UNIT DI 11 EKALAKA #123H,< 1/4 mi
pinned,2901395.5287647806,2915695.260299474,14299.731534693468,True,645,N,1,24340.70644718793,1.0945429168778407,strong,0,3001549124,JAMES RANCH UNIT DI 11 EKALAKA #123H,3001549124,JAMES RANCH UNIT DI 11 EKALAKA #123H,pinned
gap,2915695.260299474,2917695.2227518787,1999.9624524046808,False,646,N,1,24340.70644718793,1.0945429168778407,strong,0,3001549124,JAMES RANCH UNIT DI 11 EKALAKA #123H,3001546377,JAMES RANCH UNIT DI 11 WHITLASH #251H,1/4-1/2 mi
pinned,2917695.2227518787,2945594.698962924,27899.476211045298,True,647,NW,1,24340.70644718793,1.0945429168778407,strong,0,3001546377,JAMES RANCH UNIT DI 11 WHITLASH #251H,3001546377,JAMES RANCH UNIT DI 11 WHITLASH #251H,pinned
gap,2945594.698962924,2946194.6876986455,599.9887357214043,True,648,N,1,24340.70644718793,1.0945429168778407,strong,0,3001546377,JAMES RANCH UNIT DI 11 WHITLASH #251H,3001546377,JAMES RANCH UNIT DI 11 WHITLASH #251H,< 1/4 mi
pinned,2946194.6876986455,2947194.6689248476,999.9812262023404,True,649,N,1,24340.70644718793,1.0945429168778407,strong,0,3001546377,JAMES RANCH UNIT DI 11 WHITLASH #251H,3001546377,JAMES RANCH UNIT DI 11 WHITLASH #251H,pinned
gap,2947194.6689248476,2952194.5750558595,4999.906131011702,False,650,N,3,24340.70644718793,1.0945429168778407,strong,0,3001546377,JAMES RANCH UNIT DI 11 WHITLASH #251H,3001547514,JAMES RANCH UNIT DI 1A ENNIS #115H,1/2-1 mi
pinned,2952194.5750558595,2953294.554404682,1099.9793488225744,True,651,N,3,23832.42911249872,1.0716869098962563,strong,0,3001547514,JAMES RANCH UNIT DI 1A ENNIS #115H,3001547514,JAMES RANCH UNIT DI 1A ENNIS #115H,pinned
gap,2953294.554404682,2953594.5487725427,299.99436786070214,False,652,N,3,23832.42911249872,1.0716869098962563,strong,0,3001547514,JAMES RANCH UNIT DI 1A ENNIS #115H,3001545466,JAMES RANCH UNIT DI 2 #111H,< 1/4 mi
pinned,2953594.5487725427,2955094.5206118464,1499.9718393035107,True,653,N,3,23832.42911249872,1.0716869098962563,strong,0,3001545466,JAMES RANCH UNIT DI 2 #111H,3001545466,JAMES RANCH UNIT DI 2 #111H,pinned
pinned,2955094.5206118464,2956494.4943285296,1399.9737166832765,True,654,N,3,23832.42911249872,1.0716869098962563,strong,0,3001545467,JAMES RANCH UNIT DI 2 #112H,3001545467,JAMES RANCH UNIT DI 2 #112H,pinned
gap,2956494.4943285296,2957394.4774321117,899.9831035821064,False,655,N,2,26600.464254069047,1.1961587802771907,strong,0,3001545467,JAMES RANCH UNIT DI 2 #112H,3001545616,JAMES RANCH UNIT DI 2 #113H,< 1/4 mi
pinned,2957394.4774321117,2958394.458658314,999.9812262023404,True,656,N,2,26600.464254069047,1.1961587802771907,strong,0,3001545616,JAMES RANCH UNIT DI 2 #113H,3001545616,JAMES RANCH UNIT DI 2 #113H,pinned
gap,2958394.458658314,2962894.3741762247,4499.915517910532,False,657,N,3,17382.95350957156,0.7816695328707872,unknown,0,3001545616,JAMES RANCH UNIT DI 2 #113H,3001555233,FNR FEDERAL UNIT #034H,1/2-1 mi
pinned,2962894.3741762247,2963794.3572798064,899.9831035821064,True,658,N,2,14957.10033755222,0.6725847611292438,rolled,0,3001555233,FNR FEDERAL UNIT #034H,3001555233,FNR FEDERAL UNIT #034H,pinned
gap,2963794.3572798064,2964294.347892908,499.9906131011702,False,659,N,2,14957.10033755222,0.6725847611292438,rolled,0,3001555233,FNR FEDERAL UNIT #034H,3001555135,FNR FEDERAL UNIT #030H,< 1/4 mi
pinned,2964294.347892908,2965594.3234869707,1299.9755940630425,True,660,N,2,14957.10033755222,0.6725847611292438,rolled,0,3001555135,FNR FEDERAL UNIT #030H,3001555135,FNR FEDERAL UNIT #030H,pinned
gap,2965594.3234869707,2965894.3178548315,299.99436786070214,False,661,N,2,14957.10033755222,0.6725847611292438,rolled,0,3001555135,FNR FEDERAL UNIT #030H,3001545504,NASH UNIT #402H,< 1/4 mi
pinned,2965894.3178548315,2967794.2821846157,1899.9643297844468,True,662,N,2,14957.10033755222,0.6725847611292438,rolled,0,3001545504,NASH UNIT #402H,3001545504,NASH UNIT #402H,pinned
pinned,2967794.2821846157,2969294.2540239193,1499.9718393035107,True,663,NW,1,17382.95350957156,0.7816695328707872,unknown,0,3001546586,NASH UNIT #403H,3001546586,NASH UNIT #403H,pinned
pinned,2969294.2540239193,2975894.130116855,6599.876092935447,True,664,NW,1,17382.95350957156,0.7816695328707872,unknown,0,3001545505,NASH UNIT #404H,3001545505,NASH UNIT #404H,pinned
gap,2975894.130116855,2985093.9573979164,9199.827281061533,False,665,NW,5,10725.956364347912,0.48232041213800186,rolled,0,3001545505,NASH UNIT #404H,3001549372,CASSIUS FEDERAL COM 1510 #214H,1-2 mi
pinned,2985093.9573979164,2988593.8916896246,3499.9342917081913,True,666,NW,7,14085.087281795511,0.633372435239098,rolled,0,3001549372,CASSIUS FEDERAL COM 1510 #214H,3001549372,CASSIUS FEDERAL COM 1510 #214H,pinned
gap,2988593.8916896246,2988693.889812245,99.99812262023404,False,667,NW,7,14085.087281795511,0.633372435239098,rolled,0,3001549372,CASSIUS FEDERAL COM 1510 #214H,3001549373,CASSIUS FEDERAL COM 1510 #223H,< 1/4 mi
pinned,2988693.889812245,2989193.880425346,499.9906131011702,True,668,NW,7,14085.087281795511,0.633372435239098,rolled,0,3001549373,CASSIUS FEDERAL COM 1510 #223H,3001549373,CASSIUS FEDERAL COM 1510 #223H,pinned
gap,2989193.880425346,2990193.861651548,999.9812262023404,False,669,NW,7,14085.087281795511,0.633372435239098,rolled,0,3001549373,CASSIUS FEDERAL COM 1510 #223H,3001554055,RANA SALADA 0503 FEDERAL COM #224H,< 1/4 mi
pinned,2990193.861651548,2992693.8147170544,2499.953065505851,True,670,NW,8,15891.26261208707,0.7145917876313337,unknown,0,3001554055,RANA SALADA 0503 FEDERAL COM #224H,3001554055,RANA SALADA 0503 FEDERAL COM #224H,pinned
gap,2992693.8147170544,2994293.784678978,1599.9699619237447,False,671,NW,7,18118.287373004358,0.8147357248281605,unknown,0,3001554055,RANA SALADA 0503 FEDERAL COM #224H,3001554402,RANA SALADA 0604 FEDERAL COM #223H,1/4-1/2 mi
pinned,2994293.784678978,2995793.7565182815,1499.9718393035107,True,672,NW,5,18403.16124397003,0.8275458163653792,unknown,0,3001554402,RANA SALADA 0604 FEDERAL COM #223H,3001554402,RANA SALADA 0604 FEDERAL COM #223H,pinned
gap,2995793.7565182815,2996893.735867104,1099.9793488225744,False,673,NW,4,18486.848326884414,0.8313090228292856,unknown,0,3001554402,RANA SALADA 0604 FEDERAL COM #223H,3001548215,RANA SALADA FEDERAL COM 0605 #201H,< 1/4 mi
pinned,2996893.735867104,3001393.6513850144,4499.915517910532,True,674,NW,3,18570.535409798795,0.835072229293192,unknown,0,3001548215,RANA SALADA FEDERAL COM 0605 #201H,3001548215,RANA SALADA FEDERAL COM 0605 #201H,pinned
gap,3001393.6513850144,3006093.5631481656,4699.911763151,False,675,NW,2,18665.041250733077,0.8393219292360691,unknown,0,3001548215,RANA SALADA FEDERAL COM 0605 #201H,3001556680,MAMA JO 3531 FEDERAL COM #201H,1/2-1 mi
pinned,3006093.5631481656,3017093.3566363915,10999.793488225745,True,676,NW,2,21059.89935657168,0.9470129275380498,strong,0,3001556680,MAMA JO 3531 FEDERAL COM #201H,3001556680,MAMA JO 3531 FEDERAL COM #201H,pinned
gap,3017093.3566363915,3022693.2515031244,5599.894866733106,False,677,NW,5,18781.41520943473,0.844554985740912,unknown,0,3001556680,MAMA JO 3531 FEDERAL COM #201H,3001547244,ACE STERN VEGAS FEE 22 21 #204H,1-2 mi
pinned,3022693.2515031244,3023993.2270971877,1299.9755940630425,True,678,NW,7,17095.267051788793,0.7687329660816923,unknown,0,3001547244,ACE STERN VEGAS FEE 22 21 #204H,3001547244,ACE STERN VEGAS FEE 22 21 #204H,pinned
pinned,3023993.2270971877,3026793.174530554,2799.947433366553,True,679,NW,7,12400.374181478017,0.5576149466499838,rolled,0,3001547246,ACE STERN VEGAS FEE 22 21 #203H,3001547246,ACE STERN VEGAS FEE 22 21 #203H,pinned
gap,3026793.174530554,3027793.155756756,999.9812262023404,False,680,NW,7,12400.374181478017,0.5576149466499838,rolled,0,3001547246,ACE STERN VEGAS FEE 22 21 #203H,3001548996,JOE HOLLINGSWORTH FEE #135H,< 1/4 mi
pinned,3027793.155756756,3029193.12947344,1399.9737166832765,True,681,NW,8,13871.733952613484,0.6237784501279767,rolled,0,3001548996,JOE HOLLINGSWORTH FEE #135H,3001548996,JOE HOLLINGSWORTH FEE #135H,pinned
pinned,3029193.12947344,3029693.120086541,499.9906131011702,True,682,NW,7,12400.374181478017,0.5576149466499838,rolled,0,3001553695,MICHAEL RYAN FEDERAL COM #204H,3001553695,MICHAEL RYAN FEDERAL COM #204H,pinned
gap,3029693.120086541,3029893.1163317813,199.99624524046808,True,683,NW,8,13871.733952613484,0.6237784501279767,rolled,0,3001553695,MICHAEL RYAN FEDERAL COM #204H,3001553695,MICHAEL RYAN FEDERAL COM #204H,< 1/4 mi
pinned,3029893.1163317813,3029993.1144544017,99.99812262023404,True,684,NW,8,13871.733952613484,0.6237784501279767,rolled,0,3001553695,MICHAEL RYAN FEDERAL COM #204H,3001553695,MICHAEL RYAN FEDERAL COM #204H,pinned
pinned,3029993.1144544017,3032893.0600103885,2899.9455559867874,True,685,NW,8,13871.733952613484,0.6237784501279767,rolled,0,3001553366,MICHAEL RYAN FEDERAL COM #203H,3001553366,MICHAEL RYAN FEDERAL COM #203H,pinned
gap,3032893.0600103885,3033893.0412365906,999.9812262023404,False,686,NW,5,15343.09372374895,0.6899419536059698,rolled,0,3001553366,MICHAEL RYAN FEDERAL COM #203H,3001553356,BARRY MILLER STATE COM #201H,< 1/4 mi
pinned,3033893.0412365906,3048292.7708939044,14399.729657313703,True,687,NW,6,19163.13798716844,0.8617201392456344,strong,0,3001553356,BARRY MILLER STATE COM #201H,3001553356,BARRY MILLER STATE COM #201H,pinned
gap,3048292.7708939044,3051392.7126951315,3099.9418012272554,False,688,NW,5,20292.090395480227,0.9124864086918774,strong,0,3001553356,BARRY MILLER STATE COM #201H,3001555065,LITTLE RASCALS 17 18 W0IL FEDERAL COM #003H,1/2-1 mi
pinned,3051392.7126951315,3051792.7051856127,399.99249048093617,True,689,NW,5,18034.18557885665,0.8109538697993913,unknown,0,3001555065,LITTLE RASCALS 17 18 W0IL FEDERAL COM #003H,3001555065,LITTLE RASCALS 17 18 W0IL FEDERAL COM #003H,pinned
gap,3051792.7051856127,3054892.64698684,3099.9418012272554,False,690,NW,6,19606.353037778223,0.8816504520880801,strong,0,3001555065,LITTLE RASCALS 17 18 W0IL FEDERAL COM #003H,3001549087,TOMAHAWK 13 14 FEDERAL COM #620H,1/2-1 mi
pinned,3054892.64698684,3057592.5962975863,2699.949310746319,True,691,NW,8,17986.593656965877,0.8088137757507994,unknown,0,3001549087,TOMAHAWK 13 14 FEDERAL COM #620H,3001549087,TOMAHAWK 13 14 FEDERAL COM #620H,pinned
gap,3057592.5962975863,3060892.534344054,3299.9380464677233,False,692,NW,6,14648.700543927835,0.658716765538789,rolled,0,3001549087,TOMAHAWK 13 14 FEDERAL COM #620H,3001555167,ATLATL 11 10 FEDERAL COM #622H,1/2-1 mi
pinned,3060892.534344054,3061892.5155702564,999.9812262023404,True,693,NW,5,14390.68392620528,0.647114379963919,rolled,0,3001555167,ATLATL 11 10 FEDERAL COM #622H,3001555167,ATLATL 11 10 FEDERAL COM #622H,pinned
pinned,3061892.5155702564,3063992.476145281,2099.9605750249148,True,694,NW,4,13200.137770479283,0.5935783881144885,rolled,0,3001555166,ATLATL 11 10 FEDERAL COM #621H,3001555166,ATLATL 11 10 FEDERAL COM #621H,pinned
gap,3063992.476145281,3073292.301548963,9299.825403681765,False,695,NW,5,17985.62041710313,0.8087700114993179,unknown,0,3001555166,ATLATL 11 10 FEDERAL COM #621H,3001555498,WHITBY 25 26 FEDERAL COM #204H,1-2 mi
pinned,3073292.301548963,3080092.1738871387,6799.872338175915,True,696,NW,4,17334.86867301289,0.7795072736373212,unknown,0,3001555498,WHITBY 25 26 FEDERAL COM #204H,3001555498,WHITBY 25 26 FEDERAL COM #204H,pinned
pinned,3080092.1738871387,3081092.1551133413,999.9812262023404,True,697,NW,5,18407.254497198464,0.8277298800998436,unknown,0,3001555499,WHITBY 25 26 FEDERAL COM #203H,3001555499,WHITBY 25 26 FEDERAL COM #203H,pinned
gap,3081092.1551133413,3086192.059366973,5099.904253631936,False,698,NW,6,17032.516356146218,0.7659112185044903,unknown,0,3001555499,WHITBY 25 26 FEDERAL COM #203H,3001554870,LITTLE BETTY 20 #703H,1/2-1 mi
pinned,3086192.059366973,3102991.743967172,16799.684600199318,True,699,NW,0,,,unknown,0,3001554870,LITTLE BETTY 20 #703H,3001554870,LITTLE BETTY 20 #703H,pinned
gap,3102991.743967172,3107891.6519755637,4899.908008391468,False,700,NW,9,17877.970366228685,0.8039292481080903,unknown,0,3001554870,LITTLE BETTY 20 #703H,3001546405,LONE TREE DRAW 14 13 STATE COM #333H,1/2-1 mi
pinned,3107891.6519755637,3108291.644466045,399.99249048093617,True,701,NW,8,15826.292650456904,0.7116702450102756,unknown,0,3001546405,LONE TREE DRAW 14 13 STATE COM #333H,3001546405,LONE TREE DRAW 14 13 STATE COM #333H,pinned
gap,3108291.644466045,3108991.631324386,699.9868583416383,False,702,NW,9,14712.676612982908,0.6615936152056567,rolled,0,3001546405,LONE TREE DRAW 14 13 STATE COM #333H,3001546406,LONE TREE DRAW 14 13 STATE COM #331H,< 1/4 mi
pinned,3108991.631324386,3110191.608795829,1199.9774714428086,True,703,NW,9,14712.676612982908,0.6615936152056567,rolled,0,3001546406,LONE TREE DRAW 14 13 STATE COM #331H,3001546406,LONE TREE DRAW 14 13 STATE COM #331H,pinned
pinned,3110191.608795829,3111491.5843898924,1299.9755940630425,True,704,NW,8,16295.323489605797,0.7327614316568736,unknown,0,3001548293,CHOLULA 12 11 W0PO FEDERAL COM #001H,3001548293,CHOLULA 12 11 W0PO FEDERAL COM #001H,pinned
pinned,3111491.5843898924,3112791.559983955,1299.9755940630425,True,705,NW,8,16295.323489605797,0.7327614316568736,unknown,0,3001548333,CHOLULA 12 11 W0IJ FEDERAL COM #002H,3001548333,CHOLULA 12 11 W0IJ FEDERAL COM #002H,pinned
pinned,3112791.559983955,3114091.5355780185,1299.9755940630425,True,706,NW,6,16295.323489605797,0.7327614316568736,unknown,0,3001548934,CHOLULA 12 11 W0HG FEDERAL COM #002H,3001548934,CHOLULA 12 11 W0HG FEDERAL COM #002H,pinned
pinned,3114091.5355780185,3115591.5074173217,1499.9718393035107,True,707,NW,5,14712.676612982908,0.6615936152056567,rolled,0,3001548743,CHOLULA 12 11 W0AB FEDERAL COM #001H,3001548743,CHOLULA 12 11 W0AB FEDERAL COM #001H,pinned
gap,3115591.5074173217,3115691.505539942,99.99812262023404,False,708,NW,4,16295.323489605797,0.7327614316568736,unknown,0,3001548743,CHOLULA 12 11 W0AB FEDERAL COM #001H,3001554846,BURTON FLAT 3 1 FEDERAL STATE COM #626H,< 1/4 mi
pinned,3115691.505539942,3117191.4773792457,1499.9718393035107,True,709,NW,4,16295.323489605797,0.7327614316568736,unknown,0,3001554846,BURTON FLAT 3 1 FEDERAL STATE COM #626H,3001554846,BURTON FLAT 3 1 FEDERAL STATE COM #626H,pinned
gap,3117191.4773792457,3122991.3684912194,5799.891111973575,False,710,NW,6,24669.509376928545,1.1093283923354704,strong,0,3001554846,BURTON FLAT 3 1 FEDERAL STATE COM #626H,3001546689,NORMANDY 31 32 W0MP FEDERAL #001H,1-2 mi
pinned,3122991.3684912194,3131191.2145460784,8199.846054859192,True,711,NW,5,24000.198452073822,1.07923109283522,strong,0,3001546689,NORMANDY 31 32 W0MP FEDERAL #001H,3001546689,NORMANDY 31 32 W0MP FEDERAL #001H,pinned
gap,3131191.2145460784,3136891.1075354316,5699.89298935334,False,712,NW,8,13916.830620460736,0.625806338614866,rolled,0,3001546689,NORMANDY 31 32 W0MP FEDERAL #001H,3001553728,SIMON CAMAMILE 0206 FEDERAL COM #205H,1-2 mi
pinned,3136891.1075354316,3137691.0925163934,799.9849809618723,True,713,NW,6,13586.173177204082,0.6109374701531077,rolled,0,3001553728,SIMON CAMAMILE 0206 FEDERAL COM #205H,3001553728,SIMON CAMAMILE 0206 FEDERAL COM #205H,pinned
pinned,3137691.0925163934,3159990.673860706,22299.58134431219,True,714,NW,5,13787.982331860989,0.6200123415530027,rolled,0,3001553729,SIMON CAMAMILE 0206 FEDERAL COM #206H,3001553729,SIMON CAMAMILE 0206 FEDERAL COM #206H,pinned
pinned,3159990.673860706,3161290.6494547687,1299.9755940630425,True,715,NW,6,13586.173177204082,0.6109374701531077,rolled,0,3001553728,SIMON CAMAMILE 0206 FEDERAL COM #205H,3001553728,SIMON CAMAMILE 0206 FEDERAL COM #205H,pinned
pinned,3161290.6494547687,3161990.6363131106,699.9868583416383,True,716,NW,6,13586.173177204082,0.6109374701531077,rolled,0,3001554366,SIMON CAMAMILE 0206 FEDERAL COM #204H,3001554366,SIMON CAMAMILE 0206 FEDERAL COM #204H,pinned
gap,3161990.6363131106,3168490.5142834256,6499.877970315213,False,717,NW,9,14045.678909060483,0.6316003356767294,rolled,0,3001554366,SIMON CAMAMILE 0206 FEDERAL COM #204H,3001554631,ALYSON 33 32 FEDERAL COM #204H,1-2 mi
pinned,3168490.5142834256,3182590.2495728787,14099.735289453,True,718,N,4,21744.54148779378,0.9777996344461343,strong,0,3001554631,ALYSON 33 32 FEDERAL COM #204H,3001554631,ALYSON 33 32 FEDERAL COM #204H,pinned
pinned,3182590.2495728787,3183990.223289562,1399.9737166832765,True,719,N,4,21744.54148779378,0.9777996344461343,strong,0,3001554632,ALYSON 33 32 FEDERAL COM #203H,3001554632,ALYSON 33 32 FEDERAL COM #203H,pinned
pinned,3183990.223289562,3185290.198883625,1299.9755940630425,True,720,N,4,21744.54148779378,0.9777996344461343,strong,0,3001554590,ALYSON 33 32 FEDERAL COM #202H,3001554590,ALYSON 33 32 FEDERAL COM #202H,pinned
pinned,3185290.198883625,3188790.133175333,3499.9342917081913,True,721,N,4,21744.54148779378,0.9777996344461343,strong,0,3001554591,ALYSON 33 32 FEDERAL COM #201H,3001554591,ALYSON 33 32 FEDERAL COM #201H,pinned
gap,3188790.133175333,3198389.9529468757,9599.819771542469,False,722,N,3,22835.74408901252,1.026868386030402,strong,0,3001554591,ALYSON 33 32 FEDERAL COM #201H,3001556952,BLOOMIN ONION 11 14 FEDERAL COM #711H,1-2 mi
pinned,3198389.9529468757,3200189.91915404,1799.9662071642128,True,723,N,0,,,unknown,0,3001556952,BLOOMIN ONION 11 14 FEDERAL COM #711H,3001556952,BLOOMIN ONION 11 14 FEDERAL COM #711H,pinned
pinned,3200189.91915404,3201389.8966254825,1199.9774714428086,True,724,N,0,,,unknown,0,3001556953,BLOOMIN ONION 11 14 FEDERAL COM #713H,3001556953,BLOOMIN ONION 11 14 FEDERAL COM #713H,pinned
pinned,3201389.8966254825,3202889.868464786,1499.9718393035107,True,725,N,0,,,unknown,0,3001557234,BLOOMIN ONION 11 14 FEDERAL COM #715H,3001557234,BLOOMIN ONION 11 14 FEDERAL COM #715H,pinned
pinned,3202889.868464786,3224189.468582896,21299.60011810985,True,726,N,0,,,unknown,0,3001557155,BLOOMIN ONION 11 14 FEDERAL COM #717H,3001557155,BLOOMIN ONION 11 14 FEDERAL COM #717H,pinned
pinned,3224189.468582896,3225489.444176959,1299.9755940630425,True,727,N,0,,,unknown,0,3001557234,BLOOMIN ONION 11 14 FEDERAL COM #715H,3001557234,BLOOMIN ONION 11 14 FEDERAL COM #715H,pinned
gap,3225489.444176959,3231989.3221472744,6499.877970315213,False,728,N,1,4268.107775842639,0.19192652212686725,rolled,0,3001557234,BLOOMIN ONION 11 14 FEDERAL COM #715H,3001548000,CRAZY HORSE 32 STATE FEDERAL COM #133H,1-2 mi
pinned,3231989.3221472744,3248589.010502233,16599.68835495885,True,729,N,2,13649.53997911719,0.6137869225447086,rolled,0,3001548000,CRAZY HORSE 32 STATE FEDERAL COM #133H,3001548000,CRAZY HORSE 32 STATE FEDERAL COM #133H,pinned
gap,3248589.010502233,3251188.9616903593,2599.951188126085,False,730,N,2,13649.53997911719,0.6137869225447086,rolled,0,3001548000,CRAZY HORSE 32 STATE FEDERAL COM #133H,3001555808,SILVER BAR 35 FEDERAL STATE COM #203H,1/4-1/2 mi
pinned,3251188.9616903593,3266888.666941736,15699.705251376745,True,731,N,2,13649.53997911719,0.6137869225447086,rolled,0,3001555808,SILVER BAR 35 FEDERAL STATE COM #203H,3001555808,SILVER BAR 35 FEDERAL STATE COM #203H,pinned
gap,3266888.666941736,3273288.546789431,6399.879847694979,False,732,NW,3,23030.97218239174,1.0356473229625498,strong,0,3001555808,SILVER BAR 35 FEDERAL STATE COM #203H,3001553454,SIG 6 5 W0DA FEDERAL COM #001H,1-2 mi
pinned,3273288.546789431,3281788.3872121507,8499.840422719893,True,733,NW,5,26637.13498622589,1.1978077747394542,strong,0,3001553454,SIG 6 5 W0DA FEDERAL COM #001H,3001553454,SIG 6 5 W0DA FEDERAL COM #001H,pinned
gap,3281788.3872121507,3283788.3496645554,1999.9624524046808,False,734,NW,5,26637.13498622589,1.1978077747394542,strong,0,3001553454,SIG 6 5 W0DA FEDERAL COM #001H,3001549653,ULURU 35 FEDERAL STATE COM #203H,1/4-1/2 mi
pinned,3283788.3496645554,3293588.1656813384,9799.816016782936,True,735,NW,5,24011.377870563672,1.0797338043464666,strong,0,3001549653,ULURU 35 FEDERAL STATE COM #203H,3001549653,ULURU 35 FEDERAL STATE COM #203H,pinned
gap,3293588.1656813384,3295388.1318885027,1799.9662071642128,False,736,NW,3,24011.377870563672,1.0797338043464666,strong,0,3001549653,ULURU 35 FEDERAL STATE COM #203H,3001549005,DAWSON 34 FEDERAL COM #204H,1/4-1/2 mi
pinned,3295388.1318885027,3299688.051161173,4299.919272670064,True,737,NW,3,24011.377870563672,1.0797338043464666,strong,0,3001549005,DAWSON 34 FEDERAL COM #204H,3001549005,DAWSON 34 FEDERAL COM #204H,pinned
gap,3299688.051161173,3301688.0136135775,1999.9624524046808,True,738,NW,2,27534.503266147098,1.238160263963615,strong,0,3001549005,DAWSON 34 FEDERAL COM #204H,3001549005,DAWSON 34 FEDERAL COM #204H,1/4-1/2 mi
pinned,3301688.0136135775,3302388.000471919,699.9868583416383,True,739,NW,2,27534.503266147098,1.238160263963615,strong,0,3001549005,DAWSON 34 FEDERAL COM #204H,3001549005,DAWSON 34 FEDERAL COM #204H,pinned
gap,3302388.000471919,3306087.931008868,3699.9305369486597,False,740,NW,2,27534.503266147098,1.238160263963615,strong,0,3001549005,DAWSON 34 FEDERAL COM #204H,3001557161,BOLANDER 32 STATE FEDERAL COM #201H,1/2-1 mi
pinned,3306087.931008868,3324687.5818162314,18599.65080736353,True,741,NW,1,20846.19268834579,0.9374030536215416,strong,0,3001557161,BOLANDER 32 STATE FEDERAL COM #201H,3001557161,BOLANDER 32 STATE FEDERAL COM #201H,pinned
pinned,3324687.5818162314,3326087.5555329146,1399.9737166832765,True,742,NW,1,30718.366952996814,1.3813309420335824,strong,0,3001557162,BOLANDER 32 STATE FEDERAL COM #202H,3001557162,BOLANDER 32 STATE FEDERAL COM #202H,pinned
gap,3326087.5555329146,3328387.51235318,2299.956820265383,False,743,NW,2,28198.021124023948,1.267997063201008,strong,0,3001557162,BOLANDER 32 STATE FEDERAL COM #202H,3001550032,MAD MAX 6 FEDERAL COM #200H,1/4-1/2 mi
pinned,3328387.51235318,3332487.4353806097,4099.923027429596,True,744,NW,3,30233.67974977298,1.3595357264205503,strong,0,3001550032,MAD MAX 6 FEDERAL COM #200H,3001550032,MAD MAX 6 FEDERAL COM #200H,pinned
pinned,3332487.4353806097,3332987.4259937108,499.9906131011702,True,745,NW,3,30233.67974977298,1.3595357264205503,strong,0,3001553722,MAD MAX 6 FEDERAL COM #202H,3001553722,MAD MAX 6 FEDERAL COM #202H,pinned
pinned,3332987.4259937108,3335387.380936596,2399.954942885617,True,746,NW,3,30233.67974977298,1.3595357264205503,strong,0,3001550030,MAD MAX 6 FEDERAL COM #203H,3001550030,MAD MAX 6 FEDERAL COM #203H,pinned
pinned,3335387.380936596,3335687.375304457,299.99436786070214,True,747,NW,3,30233.67974977298,1.3595357264205503,strong,0,3001553722,MAD MAX 6 FEDERAL COM #202H,3001553722,MAD MAX 6 FEDERAL COM #202H,pinned
pinned,3335687.375304457,3336187.3659175583,499.9906131011702,True,748,NW,3,30233.67974977298,1.3595357264205503,strong,0,3001550030,MAD MAX 6 FEDERAL COM #203H,3001550030,MAD MAX 6 FEDERAL COM #203H,pinned
gap,3336187.3659175583,3341087.27392595,4899.908008391468,False,749,NW,3,30233.67974977298,1.3595357264205503,strong,0,3001550030,MAD MAX 6 FEDERAL COM #203H,3001557247,ESKY 17 18 FEDERAL COM #203H,1/2-1 mi
pinned,3341087.27392595,3345887.183811721,4799.909885771234,True,750,NW,0,,,unknown,0,3001557247,ESKY 17 18 FEDERAL COM #203H,3001557247,ESKY 17 18 FEDERAL COM #203H,pinned
gap,3345887.183811721,3350387.0993296313,4499.915517910532,False,751,NW,0,,,unknown,0,3001557247,ESKY 17 18 FEDERAL COM #203H,3001556183,WAYNE GAYLORD 2930 FEDERAL COM #201H,1/2-1 mi
pinned,3350387.0993296313,3351187.084310593,799.9849809618723,True,752,NW,0,,,unknown,0,3001556183,WAYNE GAYLORD 2930 FEDERAL COM #201H,3001556183,WAYNE GAYLORD 2930 FEDERAL COM #201H,pinned
gap,3351187.084310593,3354087.02986658,2899.9455559867874,False,753,NW,0,,,unknown,0,3001556183,WAYNE GAYLORD 2930 FEDERAL COM #201H,3001556394,JUNO 26 25 STATE COM #705H,1/2-1 mi
pinned,3354087.02986658,3355187.0092154024,1099.9793488225744,True,754,NW,0,,,unknown,0,3001556394,JUNO 26 25 STATE COM #705H,3001556394,JUNO 26 25 STATE COM #705H,pinned
gap,3355187.0092154024,3357986.9566487693,2799.947433366553,False,755,NW,0,,,unknown,0,3001556394,JUNO 26 25 STATE COM #705H,3001555987,PINTA 29 27 FEDERAL COM #711H,1/2-1 mi
pinned,3357986.9566487693,3379986.5436252207,21999.58697645149,True,756,NW,1,22209.24764890282,0.9986963507421461,strong,0,3001555987,PINTA 29 27 FEDERAL COM #711H,3001555987,PINTA 29 27 FEDERAL COM #711H,pinned
gap,3379986.5436252207,3384086.4666526504,4099.923027429596,False,757,NW,1,22209.24764890282,0.9986963507421461,strong,0,3001555987,PINTA 29 27 FEDERAL COM #711H,3001549125,CATALINA 25 30 STATE COM #003H,1/2-1 mi
pinned,3384086.4666526504,3386086.429105055,1999.9624524046808,True,758,NW,1,22209.24764890282,0.9986963507421461,strong,0,3001549125,CATALINA 25 30 STATE COM #003H,3001549125,CATALINA 25 30 STATE COM #003H,pinned
gap,3386086.429105055,3387086.410331257,999.9812262023404,True,759,NW,1,22209.24764890282,0.9986963507421461,strong,0,3001549125,CATALINA 25 30 STATE COM #003H,3001549125,CATALINA 25 30 STATE COM #003H,< 1/4 mi
pinned,3387086.410331257,3394886.2638956355,7799.853564378255,True,760,NW,2,20382.289336383663,0.916542437718395,strong,0,3001549125,CATALINA 25 30 STATE COM #003H,3001549125,CATALINA 25 30 STATE COM #003H,pinned
gap,3394886.2638956355,3397386.216961141,2499.953065505851,False,761,NW,2,20382.289336383663,0.916542437718395,strong,0,3001549125,CATALINA 25 30 STATE COM #003H,3001555268,SANTA MARIA 31 36 FEDERAL COM #628H,1/4-1/2 mi
pinned,3397386.216961141,3400486.158762369,3099.9418012272554,True,762,NW,2,20382.289336383663,0.916542437718395,strong,0,3001555268,SANTA MARIA 31 36 FEDERAL COM #628H,3001555268,SANTA MARIA 31 36 FEDERAL COM #628H,pinned
gap,3400486.158762369,3405686.0611386206,5199.90237625217,False,763,NW,1,18555.33102386451,0.8343885246946441,unknown,0,3001555268,SANTA MARIA 31 36 FEDERAL COM #628H,3001557262,STAGE FRIGHT 12 7 FEDERAL COM #711H,1/2-1 mi
pinned,3405686.0611386206,3410285.9747791514,4599.913640530766,True,764,NW,2,24127.693730708597,1.0849642482992095,strong,0,3001557262,STAGE FRIGHT 12 7 FEDERAL COM #711H,3001557262,STAGE FRIGHT 12 7 FEDERAL COM #711H,pinned
pinned,3410285.9747791514,3411685.948495835,1399.9737166832765,True,765,NW,2,24127.693730708597,1.0849642482992095,strong,0,3001557261,STAGE FRIGHT 12 7 FEDERAL COM #713H,3001557261,STAGE FRIGHT 12 7 FEDERAL COM #713H,pinned
gap,3411685.948495835,3411785.946618455,99.99812262023404,False,766,NW,2,24127.693730708597,1.0849642482992095,strong,0,3001557261,STAGE FRIGHT 12 7 FEDERAL COM #713H,3001555351,STAGE FRIGHT 12 7 FEDERAL COM #716H,< 1/4 mi
pinned,3411785.946618455,3413185.920335138,1399.9737166832765,True,767,NW,2,24127.693730708597,1.0849642482992095,strong,0,3001555351,STAGE FRIGHT 12 7 FEDERAL COM #716H,3001555351,STAGE FRIGHT 12 7 FEDERAL COM #716H,pinned
pinned,3413185.920335138,3436185.488537792,22999.56820265383,True,768,NW,2,24127.693730708597,1.0849642482992095,strong,0,3001555349,STAGE FRIGHT 12 8 FEDERAL COM #718H,3001555349,STAGE FRIGHT 12 8 FEDERAL COM #718H,pinned
gap,3436185.488537792,3437785.458499716,1599.9699619237447,False,769,NW,2,24127.693730708597,1.0849642482992095,strong,0,3001555349,STAGE FRIGHT 12 8 FEDERAL COM #718H,3001557262,STAGE FRIGHT 12 7 FEDERAL COM #711H,1/4-1/2 mi
pinned,3437785.458499716,3439785.420952121,1999.9624524046808,True,770,NW,2,24127.693730708597,1.0849642482992095,strong,0,3001557262,STAGE FRIGHT 12 7 FEDERAL COM #711H,3001557262,STAGE FRIGHT 12 7 FEDERAL COM #711H,pinned
gap,3439785.420952121,3445485.313941474,5699.89298935334,False,771,NW,2,19185.533938246994,0.8627272311997221,strong,0,3001557262,STAGE FRIGHT 12 7 FEDERAL COM #711H,3001555268,SANTA MARIA 31 36 FEDERAL COM #628H,1-2 mi
pinned,3445485.313941474,3448385.259497461,2899.9455559867874,True,772,NW,1,18555.33102386451,0.8343885246946441,unknown,0,3001555268,SANTA MARIA 31 36 FEDERAL COM #628H,3001555268,SANTA MARIA 31 36 FEDERAL COM #628H,pinned
gap,3448385.259497461,3454585.1430999152,6199.883602454511,False,773,NW,1,18555.33102386451,0.8343885246946441,unknown,0,3001555268,SANTA MARIA 31 36 FEDERAL COM #628H,3001555867,CRIPPLE CREEK 35 34 FEDERAL #716H,1-2 mi
pinned,3454585.1430999152,3462284.998541673,7699.855441758022,True,774,NW,0,,,unknown,0,3001555867,CRIPPLE CREEK 35 34 FEDERAL #716H,3001555867,CRIPPLE CREEK 35 34 FEDERAL #716H,pinned
gap,3462284.998541673,3466484.9196917233,4199.9211500498295,False,775,NW,0,,,unknown,0,3001555867,CRIPPLE CREEK 35 34 FEDERAL #716H,3001556002,TOUGH OMBRES 6 4 FEDERAL COM #714H,1/2-1 mi
pinned,3466484.9196917233,3468184.8877762672,1699.9680845439786,True,776,NW,1,21109.85116938341,0.9492591401948974,strong,0,3001556002,TOUGH OMBRES 6 4 FEDERAL COM #714H,3001556002,TOUGH OMBRES 6 4 FEDERAL COM #714H,pinned
gap,3468184.8877762672,3469084.8708798494,899.9831035821064,False,777,NW,1,21109.85116938341,0.9492591401948974,strong,0,3001556002,TOUGH OMBRES 6 4 FEDERAL COM #714H,3001555536,TOUGH OMBRES 6 5 FEDERAL COM #715H,< 1/4 mi
pinned,3469084.8708798494,3469984.853983431,899.9831035821064,True,778,NW,2,21522.66095364845,0.9678222014752067,strong,0,3001555536,TOUGH OMBRES 6 5 FEDERAL COM #715H,3001555536,TOUGH OMBRES 6 5 FEDERAL COM #715H,pinned
pinned,3469984.853983431,3472184.8126810766,2199.9586976451487,True,779,NW,4,21522.66095364845,0.9678222014752067,strong,0,3001555537,TOUGH OMBRES 6 5 FEDERAL COM #716H,3001555537,TOUGH OMBRES 6 5 FEDERAL COM #716H,pinned
gap,3472184.8126810766,3472884.799539418,699.9868583416383,False,780,NW,4,21522.66095364845,0.9678222014752067,strong,0,3001555537,TOUGH OMBRES 6 5 FEDERAL COM #716H,3001554123,SCREAMING EAGLES 9 7 W0FG FEDERAL COM #001H,< 1/4 mi
pinned,3472884.799539418,3474184.7751334812,1299.9755940630425,True,781,NW,4,21522.66095364845,0.9678222014752067,strong,0,3001554123,SCREAMING EAGLES 9 7 W0FG FEDERAL COM #001H,3001554123,SCREAMING EAGLES 9 7 W0FG FEDERAL COM #001H,pinned
pinned,3474184.7751334812,3475484.750727544,1299.9755940630425,True,782,NW,4,21522.66095364845,0.9678222014752067,strong,0,3001554864,SCREAMING EAGLES 8 7 FEDERAL COM #716H,3001554864,SCREAMING EAGLES 8 7 FEDERAL COM #716H,pinned
pinned,3475484.750727544,3476684.728198987,1199.9774714428086,True,783,NW,4,21522.66095364845,0.9678222014752067,strong,0,3001554863,SCREAMING EAGLES 8 7 FEDERAL COM #718H,3001554863,SCREAMING EAGLES 8 7 FEDERAL COM #718H,pinned
pinned,3476684.728198987,3478084.70191567,1399.9737166832765,True,784,NW,4,21522.66095364845,0.9678222014752067,strong,0,3001555654,UTAH 17 18 FEDERAL COM #712H,3001555654,UTAH 17 18 FEDERAL COM #712H,pinned
pinned,3478084.70191567,3479384.6775097335,1299.9755940630425,True,785,NW,2,21673.135921720852,0.974588698200699,strong,0,3001555655,UTAH 17 18 FEDERAL COM #714H,3001555655,UTAH 17 18 FEDERAL COM #714H,pinned
pinned,3479384.6775097335,3480784.6512264167,1399.9737166832765,True,786,NW,2,21673.135921720852,0.974588698200699,strong,0,3001555653,UTAH 17 18 FEDERAL COM #716H,3001555653,UTAH 17 18 FEDERAL COM #716H,pinned
pinned,3480784.6512264167,3482184.6249431,1399.9737166832765,True,787,NW,0,,,unknown,0,3001555652,UTAH 17 18 FEDERAL COM #718H,3001555652,UTAH 17 18 FEDERAL COM #718H,pinned
pinned,3482184.6249431,3483584.598659783,1399.9737166832765,True,788,NW,0,,,unknown,0,3001557073,CANAL 20 19 FEDERAL COM #714H,3001557073,CANAL 20 19 FEDERAL COM #714H,pinned
pinned,3483584.598659783,3485484.5629895674,1899.9643297844468,True,789,NW,0,,,unknown,0,3001556328,CANAL 20 19 FEDERAL COM #712H,3001556328,CANAL 20 19 FEDERAL COM #712H,pinned
pinned,3485484.5629895674,3485984.553602669,499.9906131011702,True,790,NW,0,,,unknown,0,3001556330,CANAL 20 19 FEDERAL COM #716H,3001556330,CANAL 20 19 FEDERAL COM #716H,pinned
gap,3485984.553602669,3486184.5498479092,199.99624524046808,True,791,NW,0,,,unknown,0,3001556330,CANAL 20 19 FEDERAL COM #716H,3001556330,CANAL 20 19 FEDERAL COM #716H,< 1/4 mi
pinned,3486184.5498479092,3486284.5479705296,99.99812262023404,True,792,NW,0,,,unknown,0,3001556330,CANAL 20 19 FEDERAL COM #716H,3001556330,CANAL 20 19 FEDERAL COM #716H,pinned
pinned,3486284.5479705296,3490084.476630098,3799.9286595688936,True,793,NW,0,,,unknown,0,3001556333,CANAL 20 19 FEDERAL COM #718H,3001556333,CANAL 20 19 FEDERAL COM #718H,pinned
gap,3490084.476630098,3497684.333949236,7599.857319137787,False,794,NW,3,18369.084263178145,0.8260134566520214,unknown,0,3001556333,CANAL 20 19 FEDERAL COM #718H,3001555142,BETTY #221H,1-2 mi
pinned,3497684.333949236,3501484.262608805,3799.9286595688936,True,795,NW,3,18369.084263178145,0.8260134566520214,unknown,0,3001555142,BETTY #221H,3001555142,BETTY #221H,pinned
pinned,3501484.262608805,3502784.238202868,1299.9755940630425,True,796,NW,3,18369.084263178145,0.8260134566520214,unknown,0,3001555144,BETTY #222H,3001555144,BETTY #222H,pinned
pinned,3502784.238202868,3505484.1875136145,2699.949310746319,True,797,NW,3,18369.084263178145,0.8260134566520214,unknown,0,3001555143,BARNEY #223H,3001555143,BARNEY #223H,pinned
gap,3505484.1875136145,3510284.0973993856,4799.909885771234,False,798,NW,3,18369.084263178145,0.8260134566520214,unknown,0,3001555143,BARNEY #223H,3001556241,HOLLYWOOD STAR FEE 17 18 #704H,1/2-1 mi
pinned,3510284.0973993856,3512984.046710132,2699.949310746319,True,799,NW,0,,,unknown,0,3001556241,HOLLYWOOD STAR FEE 17 18 #704H,3001556241,HOLLYWOOD STAR FEE 17 18 #704H,pinned
pinned,3512984.046710132,3514384.0204268154,1399.9737166832765,True,800,NW,0,,,unknown,0,3001556239,HOLLYWOOD STAR FEE 17 18 #703H,3001556239,HOLLYWOOD STAR FEE 17 18 #703H,pinned
pinned,3514384.0204268154,3515783.9941434986,1399.9737166832765,True,801,NW,0,,,unknown,0,3001556216,HOLLYWOOD STAR FEE 17 18 #702H,3001556216,HOLLYWOOD STAR FEE 17 18 #702H,pinned
pinned,3515783.9941434986,3516983.9716149415,1199.9774714428086,True,802,NW,0,,,unknown,0,3001556235,HOLLYWOOD STAR FEE 17 18 #701H,3001556235,HOLLYWOOD STAR FEE 17 18 #701H,pinned
pinned,3516983.9716149415,3517883.954718523,899.9831035821064,True,803,NW,0,,,unknown,0,3001555730,THE DUDE FEE 20 19 N #704H,3001555730,THE DUDE FEE 20 19 N #704H,pinned
gap,3517883.954718523,3523083.8570947754,5199.90237625217,False,804,NW,0,,,unknown,0,3001555730,THE DUDE FEE 20 19 N #704H,3001556552,RUNWAY 26 30 FEDERAL COM #713H,1/2-1 mi
pinned,3523083.8570947754,3532183.686253217,9099.829158441298,True,805,NW,1,17345.566078346965,0.7799883101784252,unknown,0,3001556552,RUNWAY 26 30 FEDERAL COM #713H,3001556552,RUNWAY 26 30 FEDERAL COM #713H,pinned
gap,3532183.686253217,3534383.644950862,2199.9586976451487,False,806,NW,4,18515.223935067304,0.8325850055546051,unknown,0,3001556552,RUNWAY 26 30 FEDERAL COM #713H,3001554347,PENNY 34 36 FEDERAL COM #711H,1/4-1/2 mi
pinned,3534383.644950862,3538083.5754878107,3699.9305369486597,True,807,NW,4,18515.223935067304,0.8325850055546051,unknown,0,3001554347,PENNY 34 36 FEDERAL COM #711H,3001554347,PENNY 34 36 FEDERAL COM #711H,pinned
pinned,3538083.5754878107,3539683.5454497347,1599.9699619237447,True,808,NW,4,18515.223935067304,0.8325850055546051,unknown,0,3001554344,PENNY 34 36 FEDERAL COM #713H,3001554344,PENNY 34 36 FEDERAL COM #713H,pinned
pinned,3539683.5454497347,3541183.517289038,1499.9718393035107,True,809,NW,4,18515.223935067304,0.8325850055546051,unknown,0,3001554346,PENNY 34 36 FEDERAL COM #716H,3001554346,PENNY 34 36 FEDERAL COM #716H,pinned
gap,3541183.517289038,3541283.515411658,99.99812262023404,False,810,NW,4,18515.223935067304,0.8325850055546051,unknown,0,3001554346,PENNY 34 36 FEDERAL COM #716H,3001554345,PENNY 34 36 FEDERAL COM #718H,< 1/4 mi
pinned,3541283.515411658,3544583.4534581257,3299.9380464677233,True,811,NW,4,18515.223935067304,0.8325850055546051,unknown,0,3001554345,PENNY 34 36 FEDERAL COM #718H,3001554345,PENNY 34 36 FEDERAL COM #718H,pinned
gap,3544583.4534581257,3552083.3126546433,7499.859196517553,False,812,NW,12,18194.364235754678,0.81815671802909,unknown,0,3001554345,PENNY 34 36 FEDERAL COM #718H,3001544539,DARK CANYON 15 22 STATE COM WCA #003H,1-2 mi
pinned,3552083.3126546433,3554283.271352289,2199.9586976451487,True,813,NW,4,14274.070403214899,0.6418705508302728,rolled,0,3001544539,DARK CANYON 15 22 STATE COM WCA #003H,3001544539,DARK CANYON 15 22 STATE COM WCA #003H,pinned
gap,3554283.271352289,3563183.1042654896,8899.83291320083,False,814,NW,5,10919.206008583693,0.4910103829794962,rolled,0,3001544539,DARK CANYON 15 22 STATE COM WCA #003H,3001554647,RENA 7 FEDERAL COM #704H,1-2 mi
pinned,3563183.1042654896,3566583.0404345775,3399.9361690879573,True,815,NW,3,9838.439520831123,0.4424109182706491,rolled,0,3001554647,RENA 7 FEDERAL COM #704H,3001554647,RENA 7 FEDERAL COM #704H,pinned
gap,3566583.0404345775,3568882.997254843,2299.956820265383,False,816,NW,3,9838.439520831123,0.4424109182706491,rolled,0,3001554647,RENA 7 FEDERAL COM #704H,3001555836,OCOTILLO STATE COM #213H,1/4-1/2 mi
pinned,3568882.997254843,3590982.5823539146,22099.585099071723,True,817,NW,3,9838.439520831123,0.4424109182706491,rolled,0,3001555836,OCOTILLO STATE COM #213H,3001555836,OCOTILLO STATE COM #213H,pinned
gap,3590982.5823539146,3592782.5485610785,1799.9662071642128,False,818,NW,3,9838.439520831123,0.4424109182706491,rolled,0,3001555836,OCOTILLO STATE COM #213H,3001554646,RENA 7 FEDERAL COM #702H,1/4-1/2 mi
pinned,3592782.5485610785,3609882.227529139,17099.67896806002,True,819,NW,3,9838.439520831123,0.4424109182706491,rolled,0,3001554646,RENA 7 FEDERAL COM #702H,3001554646,RENA 7 FEDERAL COM #702H,pinned
gap,3609882.227529139,3610382.21814224,499.9906131011702,False,820,NW,3,9838.439520831123,0.4424109182706491,rolled,0,3001554646,RENA 7 FEDERAL COM #702H,3001554645,RENA 7 FEDERAL COM #603H,< 1/4 mi
pinned,3610382.21814224,3611182.2031232016,799.9849809618723,True,821,NW,4,10148.89067336673,0.4563711585283294,rolled,0,3001554645,RENA 7 FEDERAL COM #603H,3001554645,RENA 7 FEDERAL COM #603H,pinned
gap,3611182.2031232016,3615482.1223958717,4299.919272670064,False,822,NW,5,10459.341825902336,0.4703313987860096,rolled,0,3001554645,RENA 7 FEDERAL COM #603H,3001545876,ASTEROID 20 29 FEDERAL COM WCA #001H,1/2-1 mi
pinned,3615482.1223958717,3624681.949676933,9199.827281061533,True,823,NW,4,11107.189085329155,0.4994635289714204,rolled,0,3001545876,ASTEROID 20 29 FEDERAL COM WCA #001H,3001545876,ASTEROID 20 29 FEDERAL COM WCA #001H,pinned
pinned,3624681.949676933,3625981.9252709965,1299.9755940630425,True,824,NW,5,11755.036344755972,0.528595659156831,rolled,0,3001545877,ASTEROID 20 29 FEDERAL COM WCA #002H,3001545877,ASTEROID 20 29 FEDERAL COM WCA #002H,pinned
gap,3625981.9252709965,3627281.9008650593,1299.9755940630425,False,825,NW,7,14866.040432918113,0.6684900166383604,rolled,0,3001545877,ASTEROID 20 29 FEDERAL COM WCA #002H,3001553604,CLETUS 28 21 WCA FEDERAL COM #005H,< 1/4 mi
pinned,3627281.9008650593,3628381.880213882,1099.9793488225744,True,826,NW,7,14866.040432918113,0.6684900166383604,rolled,0,3001553604,CLETUS 28 21 WCA FEDERAL COM #005H,3001553604,CLETUS 28 21 WCA FEDERAL COM #005H,pinned
gap,3628381.880213882,3633181.7900996534,4799.909885771234,False,827,NW,8,13310.538388837042,0.5985428378975957,rolled,0,3001553604,CLETUS 28 21 WCA FEDERAL COM #005H,3001544971,BLACK RIVER 3 10 FEDERAL COM WCA #004H,1/2-1 mi
pinned,3633181.7900996534,3644881.5704462207,11699.780346567382,True,828,NW,3,17649.188514357054,0.7936414795086207,unknown,0,3001544971,BLACK RIVER 3 10 FEDERAL COM WCA #004H,3001544971,BLACK RIVER 3 10 FEDERAL COM WCA #004H,pinned
gap,3644881.5704462207,3652781.422133219,7899.85168699849,False,829,NW,5,17649.188514357054,0.7936414795086207,unknown,0,3001544971,BLACK RIVER 3 10 FEDERAL COM WCA #004H,3001545911,CONGRESSIONAL 28 33 FEDERAL COM #001H,1-2 mi
pinned,3652781.422133219,3657681.3301416105,4899.908008391468,True,830,NW,5,21023.12373225152,0.9453592163279528,strong,0,3001545911,CONGRESSIONAL 28 33 FEDERAL COM #001H,3001545911,CONGRESSIONAL 28 33 FEDERAL COM #001H,pinned
gap,3657681.3301416105,3658481.3151225727,799.9849809618723,False,831,NW,5,21023.12373225152,0.9453592163279528,strong,0,3001545911,CONGRESSIONAL 28 33 FEDERAL COM #001H,3001546537,CRAWFORD 27 26 FEE #030H,< 1/4 mi
pinned,3658481.3151225727,3659381.2982261544,899.9831035821064,True,832,NW,5,21023.12373225152,0.9453592163279528,strong,0,3001546537,CRAWFORD 27 26 FEE #030H,3001546537,CRAWFORD 27 26 FEE #030H,pinned
pinned,3659381.2982261544,3661081.2663106984,1699.9680845439786,True,833,NW,5,21023.12373225152,0.9453592163279528,strong,0,3001546536,CRAWFORD 27 26 FEE #029H,3001546536,CRAWFORD 27 26 FEE #029H,pinned
gap,3661081.2663106984,3661981.2494142805,899.9831035821064,False,834,NW,5,21023.12373225152,0.9453592163279528,strong,0,3001546536,CRAWFORD 27 26 FEE #029H,3001545911,CONGRESSIONAL 28 33 FEDERAL COM #001H,< 1/4 mi
pinned,3661981.2494142805,3666681.1611774317,4699.911763151,True,835,NW,4,20167.02815643083,0.9068626611553217,strong,0,3001545911,CONGRESSIONAL 28 33 FEDERAL COM #001H,3001545911,CONGRESSIONAL 28 33 FEDERAL COM #001H,pinned
gap,3666681.1611774317,3670681.086082241,3999.9249048093616,False,836,NW,5,342.50764525993884,0.015401743491265222,rolled,0,3001545911,CONGRESSIONAL 28 33 FEDERAL COM #001H,3001547671,SCHLITZ FEDERAL COM #211H,1/2-1 mi
pinned,3670681.086082241,3672081.0597989243,1399.9737166832765,True,837,NW,4,237.99867272174995,0.010702226823988263,rolled,0,3001547671,SCHLITZ FEDERAL COM #211H,3001547671,SCHLITZ FEDERAL COM #211H,pinned
gap,3672081.0597989243,3675280.999722772,3199.9399238474894,False,838,NW,3,342.50764525993884,0.015401743491265222,rolled,0,3001547671,SCHLITZ FEDERAL COM #211H,3001554530,HIGH LIFE FEDERAL COM #211H,1/2-1 mi
pinned,3675280.999722772,3686180.7950883773,10899.79536560551,True,839,NW,1,347.6895014187272,0.015634759076379304,rolled,0,3001554530,HIGH LIFE FEDERAL COM #211H,3001554530,HIGH LIFE FEDERAL COM #211H,pinned
gap,3686180.7950883773,3691180.701219389,4999.906131011702,False,840,NW,0,,,unknown,0,3001554530,HIGH LIFE FEDERAL COM #211H,3001557255,BEER 30 FEDERAL COM #211H,1/2-1 mi
pinned,3691180.701219389,3710380.340762474,19199.639543084937,True,841,NW,0,,,unknown,0,3001557255,BEER 30 FEDERAL COM #211H,3001557255,BEER 30 FEDERAL COM #211H,pinned
pinned,3710380.340762474,3711680.316356537,1299.9755940630425,True,842,NW,0,,,unknown,0,3001557254,BEER 30 FEDERAL COM #202H,3001557254,BEER 30 FEDERAL COM #202H,pinned
pinned,3711680.316356537,3713080.29007322,1399.9737166832765,True,843,NW,0,,,unknown,0,3001557257,BEER 30 FEDERAL COM #213H,3001557257,BEER 30 FEDERAL COM #213H,pinned
pinned,3713080.29007322,3714580.261912524,1499.9718393035107,True,844,NW,0,,,unknown,0,3001557256,BEER 30 FEDERAL COM #204H,3001557256,BEER 30 FEDERAL COM #204H,pinned
gap,3714580.261912524,3715280.2487708656,699.9868583416383,False,845,NW,0,,,unknown,0,3001557256,BEER 30 FEDERAL COM #204H,3001556197,UPSLOPE FEDERAL #211H,< 1/4 mi
pinned,3715280.2487708656,3717680.203713751,2399.954942885617,True,846,NW,0,,,unknown,0,3001556197,UPSLOPE FEDERAL #211H,3001556197,UPSLOPE FEDERAL #211H,pinned
gap,3717680.203713751,3718180.194326852,499.9906131011702,False,847,NW,0,,,unknown,0,3001556197,UPSLOPE FEDERAL #211H,3001556199,UPSLOPE FEDERAL #213H,< 1/4 mi
pinned,3718180.194326852,3727480.019730534,9299.825403681765,True,848,NW,0,,,unknown,0,3001556199,UPSLOPE FEDERAL #213H,3001556199,UPSLOPE FEDERAL #213H,pinned
gap,3727480.019730534,3732579.923984166,5099.904253631936,False,849,NW,4,13127.670377692484,0.590319704080338,rolled,0,3001556199,UPSLOPE FEDERAL #213H,3001553321,COLD SNACK FEDERAL COM #214H,1/2-1 mi
pinned,3732579.923984166,3750279.5916879475,17699.667703781426,True,850,NW,4,13127.670377692484,0.590319704080338,rolled,0,3001553321,COLD SNACK FEDERAL COM #214H,3001553321,COLD SNACK FEDERAL COM #214H,pinned
gap,3750279.5916879475,3757879.449007085,7599.857319137787,False,851,NW,5,12907.85743215877,0.580435245587155,rolled,0,3001553321,COLD SNACK FEDERAL COM #214H,3001547671,SCHLITZ FEDERAL COM #211H,1-2 mi
pinned,3757879.449007085,3761979.372034515,4099.923027429596,True,852,NW,4,237.99867272174995,0.010702226823988263,rolled,0,3001547671,SCHLITZ FEDERAL COM #211H,3001547671,SCHLITZ FEDERAL COM #211H,pinned
pinned,3761979.372034515,3763279.3476285776,1299.9755940630425,True,853,NW,4,237.99867272174995,0.010702226823988263,rolled,0,3001549022,SCHLITZ FEDERAL COM #202H,3001549022,SCHLITZ FEDERAL COM #202H,pinned
pinned,3763279.3476285776,3764579.323222641,1299.9755940630425,True,854,NW,4,237.99867272174995,0.010702226823988263,rolled,0,3001549024,SCHLITZ FEDERAL COM #213H,3001549024,SCHLITZ FEDERAL COM #213H,pinned
pinned,3764579.323222641,3766279.291307185,1699.9680845439786,True,855,NW,4,237.99867272174995,0.010702226823988263,rolled,0,3001549023,SCHLITZ FEDERAL COM #204H,3001549023,SCHLITZ FEDERAL COM #204H,pinned
gap,3766279.291307185,3772779.1692775,6499.877970315213,False,856,NW,4,237.99867272174995,0.010702226823988263,rolled,0,3001549023,SCHLITZ FEDERAL COM #204H,3001543773,PINTAIL 23 26 FEDERAL COM #010H,1-2 mi
pinned,3772779.1692775,3781079.0134549793,8299.844177479425,True,857,NW,2,23638.88249436661,1.0629835848542406,strong,0,3001543773,PINTAIL 23 26 FEDERAL COM #010H,3001543773,PINTAIL 23 26 FEDERAL COM #010H,pinned
gap,3781079.0134549793,3784878.9421145483,3799.9286595688936,False,858,NW,2,23638.88249436661,1.0629835848542406,strong,0,3001543773,PINTAIL 23 26 FEDERAL COM #010H,3001545184,ROAD RUNNER FEDERAL COM #023H,1/2-1 mi
pinned,3784878.9421145483,3790478.8369812816,5599.894866733106,True,859,NW,1,27627.58906379453,1.2423461079816587,strong,0,3001545184,ROAD RUNNER FEDERAL COM #023H,3001545184,ROAD RUNNER FEDERAL COM #023H,pinned
gap,3790478.8369812816,3797078.713074217,6599.876092935447,False,860,NW,3,27483.38399189463,1.2358615533789252,strong,0,3001545184,ROAD RUNNER FEDERAL COM #023H,3001543927,HH SO 8 P2 #021H,1-2 mi
pinned,3797078.713074217,3803878.585412393,6799.872338175915,True,861,NW,4,23626.89117335457,1.0624443640429542,strong,0,3001543927,HH SO 8 P2 #021H,3001543927,HH SO 8 P2 #021H,pinned
gap,3803878.585412393,3805178.5610064557,1299.9755940630425,False,862,NW,4,23626.89117335457,1.0624443640429542,strong,0,3001543927,HH SO 8 P2 #021H,3001548356,HH SO 17 20 FEDERAL 003 #402H,< 1/4 mi
pinned,3805178.5610064557,3813878.397674416,8699.836667960362,True,863,NW,4,23626.89117335457,1.0624443640429542,strong,0,3001548356,HH SO 17 20 FEDERAL 003 #402H,3001548356,HH SO 17 20 FEDERAL 003 #402H,pinned
gap,3813878.397674416,3818178.3169470862,4299.919272670064,False,864,NW,4,22071.764526165556,0.9925140659958583,strong,0,3001548356,HH SO 17 20 FEDERAL 003 #402H,4210933376,OWL DRAW 12 UNIT D 9H,1/2-1 mi
pinned,3818178.3169470862,3826178.166756705,7999.849809618723,True,865,W,2,25712.228081856803,1.156216939931718,strong,0,4210933376,OWL DRAW 12 UNIT D 9H,4210933376,OWL DRAW 12 UNIT D 9H,pinned
gap,3826178.166756705,3831278.0710103367,5099.904253631936,False,866,W,8,20939.014230203768,0.9415770146934919,strong,0,4210933376,OWL DRAW 12 UNIT D 9H,4210933351,DR STATE WISE UNIT 1 003 0031WA,1/2-1 mi
pinned,3831278.0710103367,3833478.029707982,2199.9586976451487,True,867,W,6,19765.634709493068,0.8888129650554919,strong,0,4210933351,DR STATE WISE UNIT 1 003 0031WA,4210933351,DR STATE WISE UNIT 1 003 0031WA,pinned
gap,3833478.029707982,3836777.9677544497,3299.9380464677233,False,868,W,6,18707.992302390143,0.8412533345330229,unknown,0,4210933351,DR STATE WISE UNIT 1 003 0031WA,4210933431,DR STATE WISE UNIT 1 006 0063WA,1/2-1 mi
pinned,3836777.9677544497,3838377.9377163737,1599.9699619237447,True,869,W,4,17735.623925162006,0.7975282716553177,unknown,0,4210933431,DR STATE WISE UNIT 1 006 0063WA,4210933431,DR STATE WISE UNIT 1 006 0063WA,pinned
pinned,3838377.9377163737,3839977.9076782973,1599.9699619237447,True,870,W,6,17327.6860139905,0.779184286768622,unknown,0,4210933429,DR STATE WISE UNIT 1 006 0061WA,4210933429,DR STATE WISE UNIT 1 006 0061WA,pinned
gap,3839977.9076782973,3844877.8156866888,4899.908008391468,False,871,W,9,15823.676647816816,0.7115526096751446,unknown,0,4210933429,DR STATE WISE UNIT 1 006 0061WA,4210933321,DR STATE WISE UNIT 1 002 0021WA,1/2-1 mi
pinned,3844877.8156866888,3849477.7293272195,4599.913640530766,True,872,W,5,11737.96711509716,0.5278280970295711,rolled,0,4210933321,DR STATE WISE UNIT 1 002 0021WA,4210933321,DR STATE WISE UNIT 1 002 0021WA,pinned
pinned,3849477.7293272195,3862077.492777369,12599.763450149489,True,873,W,5,11737.96711509716,0.5278280970295711,rolled,1,3001543690,COTTONWOOD 28 33 FEDERAL WCA #004H,3001543690,COTTONWOOD 28 33 FEDERAL WCA #004H,pinned
pinned,3862077.492777369,3862377.4871452297,299.99436786070214,True,874,NW,2,9603.811659192826,0.4318602686986824,rolled,0,3001543687,COTTONWOOD 28 33 FED COM WCA #003H,3001543687,COTTONWOOD 28 33 FED COM WCA #003H,pinned
gap,3862377.4871452297,3868177.3782572034,5799.891111973575,False,875,NW,2,9603.811659192826,0.4318602686986824,rolled,0,3001543687,COTTONWOOD 28 33 FED COM WCA #003H,3001556868,COORS FEDERAL COM #212H,1-2 mi
pinned,3868177.3782572034,3877077.211170404,8899.83291320083,True,876,NW,0,,,unknown,0,3001556868,COORS FEDERAL COM #212H,3001556868,COORS FEDERAL COM #212H,pinned
pinned,3877077.211170404,3878377.186764467,1299.9755940630425,True,877,NW,0,,,unknown,0,3001556867,COORS FEDERAL COM #211H,3001556867,COORS FEDERAL COM #211H,pinned
pinned,3878377.186764467,3879677.1623585303,1299.9755940630425,True,878,NW,0,,,unknown,0,3001556870,COORS FEDERAL COM #214H,3001556870,COORS FEDERAL COM #214H,pinned
pinned,3879677.1623585303,3881977.1191787957,2299.956820265383,True,879,NW,0,,,unknown,0,3001556869,COORS FEDERAL COM #213H,3001556869,COORS FEDERAL COM #213H,pinned
gap,3881977.1191787957,3886877.027187187,4899.908008391468,True,880,NW,0,,,unknown,1,3001556869,COORS FEDERAL COM #213H,3001556869,COORS FEDERAL COM #213H,1/2-1 mi
pinned,3886877.027187187,3897576.826307552,10699.799120365042,True,881,W,1,9533.95061728395,0.42871878598317553,rolled,1,3001556869,COORS FEDERAL COM #213H,3001556869,COORS FEDERAL COM #213H,pinned
gap,3897576.826307552,3905576.6761171706,7999.849809618723,False,882,W,5,10043.96210797388,0.45165277378144114,rolled,0,3001556869,COORS FEDERAL COM #213H,4210933513,DR STATE WISE UNIT 1 022 0225WA,1-2 mi
pinned,3905576.6761171706,3907276.6442017145,1699.9680845439786,True,883,W,4,8697.206943715873,0.3910924392239552,rolled,0,4210933513,DR STATE WISE UNIT 1 022 0225WA,4210933513,DR STATE WISE UNIT 1 022 0225WA,pinned
pinned,3907276.6442017145,3908676.617918398,1399.9737166832765,True,884,W,4,8697.206943715873,0.3910924392239552,rolled,0,4210933510,DR STATE WISE UNIT 1 022 0223WA,4210933510,DR STATE WISE UNIT 1 022 0223WA,pinned
pinned,3908676.617918398,3909976.593512461,1299.9755940630425,True,885,W,4,8697.206943715873,0.3910924392239552,rolled,0,4210933498,DR STATE WISE UNIT 1 021 0215WA,4210933498,DR STATE WISE UNIT 1 021 0215WA,pinned
pinned,3909976.593512461,3913976.5184172704,3999.9249048093616,True,886,W,4,8697.206943715873,0.3910924392239552,rolled,0,4210933509,DR STATE WISE UNIT 1 021 0213WA,4210933509,DR STATE WISE UNIT 1 021 0213WA,pinned
gap,3913976.5184172704,2249.957758955192,3599.9324143284257,True,887,W,2,6920.75089434233,0.3112094912821859,rolled,0,4210933509,DR STATE WISE UNIT 1 021 0213WA,4210933509,DR STATE WISE UNIT 1 021 0213WA,1/2-1 mi
