kind,s0,s1,length_ft,same_well,seg_no,side,n_edge_cohort,edge_oil12_kft_med,perf_ratio,perf_class,n_pre2016_outside,api10_a,name_a,api10_b,name_b,gap_class
pinned,13949.861451039584,15049.850526031953,1099.9890749923686,True,0,NW,4,21841.114655726953,0.8803340362053276,strong,0,3001554162,VENTURA 3233 FEDERAL COM #203H,3001554162,VENTURA 3233 FEDERAL COM #203H,pinned
pinned,15049.850526031953,27449.72737140047,12399.876845368519,True,1,NW,4,21841.114655726953,0.8803340362053276,strong,0,3001554163,VENTURA 3233 FEDERAL COM #204H,3001554163,VENTURA 3233 FEDERAL COM #204H,pinned
gap,27449.72737140047,28449.717439575354,999.9900681748805,False,2,NW,3,23146.35374697824,0.9329433656981759,strong,0,3001554163,VENTURA 3233 FEDERAL COM #204H,3001557959,CRIPPLE CREEK 35 34 FEDERAL #527H,< 1/4 mi
pinned,28449.717439575354,40649.596271308896,12199.878831733542,True,3,NW,3,23146.35374697824,0.9329433656981759,strong,0,3001557959,CRIPPLE CREEK 35 34 FEDERAL #527H,3001557959,CRIPPLE CREEK 35 34 FEDERAL #527H,pinned
pinned,40649.596271308896,49649.50688488282,8999.910613573924,True,4,NW,0,,,unknown,0,3001555874,OMAHA 36 31 FEDERAL COM #527H,3001555874,OMAHA 36 31 FEDERAL COM #527H,pinned
gap,49649.50688488282,56449.439348472006,6799.932463589187,False,5,NW,0,,,unknown,0,3001555874,OMAHA 36 31 FEDERAL COM #527H,3001548772,BENT TREE 9 11 FEDERAL COM #221H,1-2 mi
pinned,56449.439348472006,57749.426437099355,1299.9870886273447,True,6,NW,0,,,unknown,0,3001548772,BENT TREE 9 11 FEDERAL COM #221H,3001548772,BENT TREE 9 11 FEDERAL COM #221H,pinned
pinned,57749.426437099355,60949.39465525897,3199.9682181596177,True,7,NW,0,,,unknown,0,3001548796,BENT TREE 9 11 FEDERAL COM #333H,3001548796,BENT TREE 9 11 FEDERAL COM #333H,pinned
gap,60949.39465525897,66849.33605749076,5899.941402231795,False,8,NW,2,14772.746977265968,0.5954344445019695,rolled,0,3001548796,BENT TREE 9 11 FEDERAL COM #333H,3001555877,BILL WILSHUSEN FEDERAL COM #121H,1-2 mi
pinned,66849.33605749076,70749.2973233728,3899.9612658820342,True,9,NW,2,14772.746977265968,0.5954344445019695,rolled,0,3001555877,BILL WILSHUSEN FEDERAL COM #121H,3001555877,BILL WILSHUSEN FEDERAL COM #121H,pinned
pinned,70749.2973233728,79949.2059505817,9199.9086272089,True,10,NW,2,14772.746977265968,0.5954344445019695,rolled,0,3001555878,BILL WILSHUSEN FEDERAL COM #122H,3001555878,BILL WILSHUSEN FEDERAL COM #122H,pinned
gap,79949.2059505817,86249.14338008345,6299.937429501747,False,11,NW,6,21181.99691176389,0.8537674532710904,strong,0,3001555878,BILL WILSHUSEN FEDERAL COM #122H,3001555500,WHITBY 25 26 FEDERAL COM #124H,1-2 mi
pinned,86249.14338008345,88949.11656415563,2699.9731840721774,True,12,NW,4,28941.757538434056,1.1665345212591947,strong,0,3001555500,WHITBY 25 26 FEDERAL COM #124H,3001555500,WHITBY 25 26 FEDERAL COM #124H,pinned
gap,88949.11656415563,93149.07485049013,4199.958286334499,True,13,NW,3,34513.790306225914,1.391122422273319,strong,0,3001555500,WHITBY 25 26 FEDERAL COM #124H,3001555500,WHITBY 25 26 FEDERAL COM #124H,1/2-1 mi
pinned,93149.07485049013,96649.0400891022,3499.965238612082,True,14,NW,3,34513.790306225914,1.391122422273319,strong,0,3001555500,WHITBY 25 26 FEDERAL COM #124H,3001555500,WHITBY 25 26 FEDERAL COM #124H,pinned
gap,96649.0400891022,97649.03015727708,999.9900681748805,True,15,NW,3,34513.790306225914,1.391122422273319,strong,0,3001555500,WHITBY 25 26 FEDERAL COM #124H,3001555500,WHITBY 25 26 FEDERAL COM #124H,< 1/4 mi
pinned,97649.03015727708,108248.92487993081,10599.894722653733,True,16,NW,4,28941.757538434056,1.1665345212591947,strong,0,3001555500,WHITBY 25 26 FEDERAL COM #124H,3001555500,WHITBY 25 26 FEDERAL COM #124H,pinned
pinned,108248.92487993081,109248.9149481057,999.9900681748805,True,17,NW,4,28941.757538434056,1.1665345212591947,strong,0,3001555501,WHITBY 25 26 FEDERAL COM #123H,3001555501,WHITBY 25 26 FEDERAL COM #123H,pinned
gap,109248.9149481057,109348.91395492319,99.99900681748805,False,18,NW,4,28941.757538434056,1.1665345212591947,strong,0,3001555501,WHITBY 25 26 FEDERAL COM #123H,3001555495,WHITBY 25 26 FEDERAL COM #122H,< 1/4 mi
pinned,109348.91395492319,110448.90302991556,1099.9890749923686,True,19,NW,4,28941.757538434056,1.1665345212591947,strong,0,3001555495,WHITBY 25 26 FEDERAL COM #122H,3001555495,WHITBY 25 26 FEDERAL COM #122H,pinned
gap,110448.90302991556,115348.85436397247,4899.951334056915,False,20,NW,4,28941.757538434056,1.1665345212591947,strong,0,3001555495,WHITBY 25 26 FEDERAL COM #122H,3001555346,LITTLE BETTY 20 #502H,1/2-1 mi
pinned,115348.85436397247,124548.76299118137,9199.9086272089,True,21,NW,0,,,unknown,0,3001555346,LITTLE BETTY 20 #502H,3001555346,LITTLE BETTY 20 #502H,pinned
pinned,124548.76299118137,134048.66863884273,9499.905647661364,True,22,NW,0,,,unknown,0,3001555329,LITTLE BETTY 20 #501H,3001555329,LITTLE BETTY 20 #501H,pinned
gap,134048.66863884273,139448.6150069871,5399.946368144355,False,23,NW,3,25408.11617806732,1.0241065907113343,strong,0,3001555329,LITTLE BETTY 20 #501H,3001554223,BO HOWARD 1211 FEDERAL COM #124H,1-2 mi
pinned,139448.6150069871,140948.6001092494,1499.9851022623209,True,24,NW,3,25408.11617806732,1.0241065907113343,strong,0,3001554223,BO HOWARD 1211 FEDERAL COM #124H,3001554223,BO HOWARD 1211 FEDERAL COM #124H,pinned
gap,140948.6001092494,141448.59514333683,499.9950340874403,False,25,NW,3,25408.11617806732,1.0241065907113343,strong,0,3001554223,BO HOWARD 1211 FEDERAL COM #124H,3001549428,BO HOWARD 1211 FEDERAL COM #122H,< 1/4 mi
pinned,141448.59514333683,143448.5752796866,1999.980136349761,True,26,NW,3,25408.11617806732,1.0241065907113343,strong,0,3001549428,BO HOWARD 1211 FEDERAL COM #122H,3001549428,BO HOWARD 1211 FEDERAL COM #122H,pinned
pinned,143448.5752796866,146348.54647739377,2899.9711977071534,True,27,NW,3,25408.11617806732,1.0241065907113343,strong,0,3001549427,BO HOWARD 1211 FEDERAL COM #121H,3001549427,BO HOWARD 1211 FEDERAL COM #121H,pinned
gap,146348.54647739377,149848.51171600586,3499.965238612082,True,28,NW,2,27358.82662745301,1.1027324681193504,strong,0,3001549427,BO HOWARD 1211 FEDERAL COM #121H,3001549427,BO HOWARD 1211 FEDERAL COM #121H,1/2-1 mi
pinned,149848.51171600586,156648.44417959504,6799.932463589187,True,29,NW,2,27358.82662745301,1.1027324681193504,strong,0,3001549427,BO HOWARD 1211 FEDERAL COM #121H,3001549427,BO HOWARD 1211 FEDERAL COM #121H,pinned
pinned,156648.44417959504,165948.3518136214,9299.90763402639,True,30,NW,2,27358.82662745301,1.1027324681193504,strong,0,3001548772,BENT TREE 9 11 FEDERAL COM #221H,3001548772,BENT TREE 9 11 FEDERAL COM #221H,pinned
gap,165948.3518136214,172748.28427721062,6799.932463589187,False,31,NW,0,,,unknown,0,3001548772,BENT TREE 9 11 FEDERAL COM #221H,3001555874,OMAHA 36 31 FEDERAL COM #527H,1-2 mi
pinned,172748.28427721062,174548.2663999254,1799.982122714785,True,32,NW,0,,,unknown,0,3001555874,OMAHA 36 31 FEDERAL COM #527H,3001555874,OMAHA 36 31 FEDERAL COM #527H,pinned
pinned,174548.2663999254,175848.25348855273,1299.9870886273447,True,33,NW,0,,,unknown,0,3001555875,OMAHA 36 31 FEDERAL COM #525H,3001555875,OMAHA 36 31 FEDERAL COM #525H,pinned
gap,175848.25348855273,180448.20780215718,4599.95431360445,False,34,NW,0,,,unknown,0,3001555875,OMAHA 36 31 FEDERAL COM #525H,3001556178,WAYNE GAYLORD 2930 FEDERAL COM #122H,1/2-1 mi
pinned,180448.20780215718,184048.17204758676,3599.96424542957,True,35,NW,0,,,unknown,0,3001556178,WAYNE GAYLORD 2930 FEDERAL COM #122H,3001556178,WAYNE GAYLORD 2930 FEDERAL COM #122H,pinned
gap,184048.17204758676,186248.1501975715,2199.9781499847372,False,36,NW,0,,,unknown,0,3001556178,WAYNE GAYLORD 2930 FEDERAL COM #122H,3001557001,TAIPAN 21 FEDERAL COM #124H,1/4-1/2 mi
pinned,186248.1501975715,188748.1253680087,2499.975170437201,True,37,NW,0,,,unknown,0,3001557001,TAIPAN 21 FEDERAL COM #124H,3001557001,TAIPAN 21 FEDERAL COM #124H,pinned
gap,188748.1253680087,192348.08961343826,3599.96424542957,False,38,NW,0,,,unknown,0,3001557001,TAIPAN 21 FEDERAL COM #124H,3001554432,BOOMERANG 25 FEDERAL COM #123H,1/2-1 mi
pinned,192348.08961343826,197748.03598158262,5399.946368144355,True,39,NW,0,,,unknown,0,3001554432,BOOMERANG 25 FEDERAL COM #123H,3001554432,BOOMERANG 25 FEDERAL COM #123H,pinned
gap,197748.03598158262,201647.99724746466,3899.9612658820342,False,40,NW,4,10326.387943730639,0.4162182618066502,rolled,0,3001554432,BOOMERANG 25 FEDERAL COM #123H,3001544574,TED PAUP 3231 FEDERAL COM #126H,1/2-1 mi
pinned,201647.99724746466,203447.97937017944,1799.982122714785,True,41,NW,4,10326.387943730639,0.4162182618066502,rolled,0,3001544574,TED PAUP 3231 FEDERAL COM #126H,3001544574,TED PAUP 3231 FEDERAL COM #126H,pinned
gap,203447.97937017944,207247.941629244,3799.962259064546,True,42,NW,3,6353.497536945813,0.2560858371417195,rolled,0,3001544574,TED PAUP 3231 FEDERAL COM #126H,3001544574,TED PAUP 3231 FEDERAL COM #126H,1/2-1 mi
pinned,207247.941629244,218047.8343655327,10799.89273628871,True,43,NW,3,6353.497536945813,0.2560858371417195,rolled,0,3001544574,TED PAUP 3231 FEDERAL COM #126H,3001544574,TED PAUP 3231 FEDERAL COM #126H,pinned
gap,218047.8343655327,223147.78371322458,5099.949347691891,False,44,NW,3,6353.497536945813,0.2560858371417195,rolled,0,3001544574,TED PAUP 3231 FEDERAL COM #126H,3001554313,SIMON CAMAMILE 0206 FEDERAL COM #123H,1/2-1 mi
pinned,223147.78371322458,223947.77576776448,799.9920545399044,True,45,NW,0,,,unknown,0,3001554313,SIMON CAMAMILE 0206 FEDERAL COM #123H,3001554313,SIMON CAMAMILE 0206 FEDERAL COM #123H,pinned
pinned,223947.77576776448,245147.56521307197,21199.789445307466,True,46,NW,0,,,unknown,0,3001554311,SIMON CAMAMILE 0206 FEDERAL COM #124H,3001554311,SIMON CAMAMILE 0206 FEDERAL COM #124H,pinned
gap,245147.56521307197,249547.52151304143,4399.9562999694745,False,47,NW,1,12893.829905503058,0.5197022909213177,rolled,0,3001554311,SIMON CAMAMILE 0206 FEDERAL COM #124H,3001544083,HEYCO STATE #121H,1/2-1 mi
pinned,249547.52151304143,251547.5016493912,1999.980136349761,True,48,NW,2,15109.133468181053,0.6089929318749834,rolled,0,3001544083,HEYCO STATE #121H,3001544083,HEYCO STATE #121H,pinned
gap,251547.5016493912,252547.49171756607,999.9900681748805,False,49,NW,2,15109.133468181053,0.6089929318749834,rolled,0,3001544083,HEYCO STATE #121H,3001554633,ALYSON 33 32 FEDERAL COM #124H,< 1/4 mi
pinned,252547.49171756607,265247.365583387,12699.873865820982,True,50,NW,4,17600.59561699962,0.7094144975365665,unknown,0,3001554633,ALYSON 33 32 FEDERAL COM #124H,3001554633,ALYSON 33 32 FEDERAL COM #124H,pinned
pinned,265247.365583387,266547.3526720144,1299.9870886273447,True,51,NW,4,17600.59561699962,0.7094144975365665,unknown,0,3001554609,ALYSON 33 32 FEDERAL COM #123H,3001554609,ALYSON 33 32 FEDERAL COM #123H,pinned
pinned,266547.3526720144,267847.33976064174,1299.9870886273447,True,52,NW,4,17600.59561699962,0.7094144975365665,unknown,0,3001554592,ALYSON 33 32 FEDERAL COM #122H,3001554592,ALYSON 33 32 FEDERAL COM #122H,pinned
pinned,267847.33976064174,268947.3288356341,1099.9890749923686,True,53,NW,4,17600.59561699962,0.7094144975365665,unknown,0,3001554593,ALYSON 33 32 FEDERAL COM #121H,3001554593,ALYSON 33 32 FEDERAL COM #121H,pinned
gap,268947.3288356341,274047.278183326,5099.949347691891,False,54,NW,6,17924.758424527296,0.7224802937304279,unknown,0,3001554593,ALYSON 33 32 FEDERAL COM #121H,3001553306,AWESOME BLOSSOM 24 23 FEDERAL COM #528H,1/2-1 mi
pinned,274047.278183326,284647.17290597974,10599.894722653733,True,55,NW,2,20608.047501994683,0.83063368888021,unknown,0,3001553306,AWESOME BLOSSOM 24 23 FEDERAL COM #528H,3001553306,AWESOME BLOSSOM 24 23 FEDERAL COM #528H,pinned
gap,284647.17290597974,287247.1470832344,2599.9741772546895,False,56,NW,2,20608.047501994683,0.83063368888021,unknown,0,3001553306,AWESOME BLOSSOM 24 23 FEDERAL COM #528H,3001555990,BIG EDDY UNIT DI 5 WEST 27 29 #005H,1/4-1/2 mi
pinned,287247.1470832344,300747.0130035953,13499.865920360888,True,57,N,4,20988.18283225185,0.8459555291280377,unknown,0,3001555990,BIG EDDY UNIT DI 5 WEST 27 29 #005H,3001555990,BIG EDDY UNIT DI 5 WEST 27 29 #005H,pinned
gap,300747.0130035953,302146.9990990401,1399.9860954448327,False,58,N,3,19909.039502383068,0.8024592782176777,unknown,0,3001555990,BIG EDDY UNIT DI 5 WEST 27 29 #005H,3001543444,BIG EDDY UNIT DI 5 #024H,1/4-1/2 mi
pinned,302146.9990990401,311346.907726249,9199.9086272089,True,59,N,3,19909.039502383068,0.8024592782176777,unknown,0,3001543444,BIG EDDY UNIT DI 5 #024H,3001543444,BIG EDDY UNIT DI 5 #024H,pinned
gap,311346.907726249,314046.8809103212,2699.9731840721774,False,60,N,2,18110.238046227492,0.7299562869010584,unknown,0,3001543444,BIG EDDY UNIT DI 5 #024H,3002550439,BIG EDDY UNIT BB HUX #200H,1/2-1 mi
pinned,314046.8809103212,335746.6653897161,21699.784479394908,True,61,N,2,18110.238046227492,0.7299562869010584,unknown,0,3002550439,BIG EDDY UNIT BB HUX #200H,3002550439,BIG EDDY UNIT BB HUX #200H,pinned
gap,335746.6653897161,343546.5879214802,7799.9225317640685,False,62,N,2,24985.622110898148,1.0070774274435008,strong,0,3002550439,BIG EDDY UNIT BB HUX #200H,3002550825,PAKSE SOUTH FEDERAL COM #221H,1-2 mi
pinned,343546.5879214802,347646.5472009972,4099.95927951701,True,63,N,2,24985.622110898148,1.0070774274435008,strong,0,3002550825,PAKSE SOUTH FEDERAL COM #221H,3002550825,PAKSE SOUTH FEDERAL COM #221H,pinned
pinned,347646.5472009972,353246.49158277654,5599.944381779331,True,64,N,5,22143.415178571428,0.892518645077974,strong,0,3002552264,PAKSE 3 SOUTH FEDERAL COM #302H,3002552264,PAKSE 3 SOUTH FEDERAL COM #302H,pinned
gap,353246.49158277654,355846.4657600312,2599.9741772546895,False,65,N,5,22143.415178571428,0.892518645077974,strong,0,3002552264,PAKSE 3 SOUTH FEDERAL COM #302H,3002552273,PAKSE 5 SOUTH FEDERAL COM #224H,1/4-1/2 mi
pinned,355846.4657600312,357446.449869111,1599.9841090798088,True,66,N,5,22143.415178571428,0.892518645077974,strong,0,3002552273,PAKSE 5 SOUTH FEDERAL COM #224H,3002552273,PAKSE 5 SOUTH FEDERAL COM #224H,pinned
gap,357446.449869111,366846.3565099549,9399.906640843878,False,67,N,5,17366.466909848878,0.6999776408098652,rolled,0,3002552273,PAKSE 5 SOUTH FEDERAL COM #224H,3002548527,GAVILON FEDERAL COM #706H,1-2 mi
pinned,366846.3565099549,373646.2889735441,6799.932463589187,True,68,N,1,10644.583533943189,0.42904354168132464,rolled,0,3002548527,GAVILON FEDERAL COM #706H,3002548527,GAVILON FEDERAL COM #706H,pinned
gap,373646.2889735441,375946.2661303463,2299.977156802225,False,69,N,1,10644.583533943189,0.42904354168132464,rolled,0,3002548527,GAVILON FEDERAL COM #706H,3002554661,ELECTRA SPECIAL 0310 FEDERAL COM #121H,1/4-1/2 mi
pinned,375946.2661303463,378646.23931441846,2699.9731840721774,True,70,N,1,10644.583533943189,0.42904354168132464,rolled,0,3002554661,ELECTRA SPECIAL 0310 FEDERAL COM #121H,3002554661,ELECTRA SPECIAL 0310 FEDERAL COM #121H,pinned
gap,378646.23931441846,383246.1936280229,4599.95431360445,False,71,N,0,,,unknown,0,3002554661,ELECTRA SPECIAL 0310 FEDERAL COM #121H,3002554505,MORAN 9 FEDERAL COM #501H,1/2-1 mi
pinned,383246.1936280229,387146.154893905,3899.9612658820342,True,72,N,3,23129.05398902897,0.9322460768472673,strong,0,3002554505,MORAN 9 FEDERAL COM #501H,3002554505,MORAN 9 FEDERAL COM #501H,pinned
gap,387146.154893905,389746.12907115964,2599.9741772546895,False,73,N,4,22848.870930896195,0.9209529406529705,strong,0,3002554505,MORAN 9 FEDERAL COM #501H,3002552229,CAPER 20 29 FEDERAL COM #521H,1/4-1/2 mi
pinned,389746.12907115964,391946.10722114437,2199.9781499847372,True,74,N,4,22848.870930896195,0.9209529406529705,strong,0,3002552229,CAPER 20 29 FEDERAL COM #521H,3002552229,CAPER 20 29 FEDERAL COM #521H,pinned
gap,391946.10722114437,393446.0923234067,1499.9851022623209,False,75,N,5,23129.05398902897,0.9322460768472673,strong,0,3002552229,CAPER 20 29 FEDERAL COM #521H,3002554341,REGAL LAGER 31 19 FEDERAL COM #023H,1/4-1/2 mi
pinned,393446.0923234067,394246.0843779466,799.9920545399044,True,76,N,4,23350.122887748275,0.9411565413064612,strong,0,3002554341,REGAL LAGER 31 19 FEDERAL COM #023H,3002554341,REGAL LAGER 31 19 FEDERAL COM #023H,pinned
pinned,394246.0843779466,395646.07047339145,1399.9860954448327,True,77,N,3,23387.94639398869,0.9426810660588336,strong,0,3002554424,REGAL LAGER 31 19 FEDERAL COM #022H,3002554424,REGAL LAGER 31 19 FEDERAL COM #022H,pinned
pinned,395646.07047339145,396746.0595483838,1099.9890749923686,True,78,N,2,23350.122887748275,0.9411565413064612,strong,0,3002554423,REGAL LAGER 31 19 FEDERAL COM #021H,3002554423,REGAL LAGER 31 19 FEDERAL COM #021H,pinned
pinned,396746.0595483838,397846.0486233762,1099.9890749923686,True,79,N,2,23350.122887748275,0.9411565413064612,strong,0,3001555621,BENNY HUEVOS 36 24 B2PA FEDERAL COM #001H,3001555621,BENNY HUEVOS 36 24 B2PA FEDERAL COM #001H,pinned
pinned,397846.0486233762,417345.85495278635,19499.80632941017,True,80,N,2,23350.122887748275,0.9411565413064612,strong,0,3001555623,COUSIN EDDY FEDERAL UNIT #006H,3001555623,COUSIN EDDY FEDERAL UNIT #006H,pinned
gap,417345.85495278635,421845.81025957334,4499.955306786962,False,81,N,5,23387.94639398869,0.9426810660588336,strong,0,3001555623,COUSIN EDDY FEDERAL UNIT #006H,3001547771,TOP SPOT 12 13 FEDERAL COM #021H,1/2-1 mi
pinned,421845.81025957334,437145.658302649,15299.848043075672,True,82,N,3,27825.112556278134,1.1215267183313349,strong,0,3001547771,TOP SPOT 12 13 FEDERAL COM #021H,3001547771,TOP SPOT 12 13 FEDERAL COM #021H,pinned
gap,437145.658302649,441845.61162307096,4699.953320421939,False,83,N,4,30255.437366681763,1.21948406544281,strong,0,3001547771,TOP SPOT 12 13 FEDERAL COM #021H,3001544434,TANKLESS FEDERAL COM #002H,1/2-1 mi
pinned,441845.61162307096,445745.572888953,3899.9612658820342,True,84,N,1,53695.8857627598,2.16428129178635,strong,0,3001544434,TANKLESS FEDERAL COM #002H,3001544434,TANKLESS FEDERAL COM #002H,pinned
gap,445745.572888953,451845.5123048197,6099.939415866771,False,85,N,8,24496.66633502747,0.9873694400773306,strong,0,3001544434,TANKLESS FEDERAL COM #002H,3001546966,ALEUTIAN 10 3 FEDERAL COM #213H,1-2 mi
pinned,451845.5123048197,453045.5003866296,1199.9880818098566,True,86,N,6,24969.09253737502,1.00641118186008,strong,0,3001546966,ALEUTIAN 10 3 FEDERAL COM #213H,3001546966,ALEUTIAN 10 3 FEDERAL COM #213H,pinned
pinned,453045.5003866296,454345.48747525696,1299.9870886273447,True,87,N,7,25385.917819533348,1.0232118575041065,strong,0,3001546965,ALEUTIAN 10 3 FEDERAL COM #212H,3001546965,ALEUTIAN 10 3 FEDERAL COM #212H,pinned
pinned,454345.48747525696,455645.47456388426,1299.9870886273447,True,88,N,7,27532.57346021123,1.1097355562387488,strong,0,3001546964,ALEUTIAN 10 3 FEDERAL COM #211H,3001546964,ALEUTIAN 10 3 FEDERAL COM #211H,pinned
pinned,455645.47456388426,456945.4616525116,1299.9870886273447,True,89,N,9,27530.23255813953,1.1096412031893907,strong,0,3001547402,KO LANTA 9 4 FEDERAL COM #234H,3001547402,KO LANTA 9 4 FEDERAL COM #234H,pinned
pinned,456945.4616525116,458245.448741139,1299.9870886273447,True,90,N,10,27531.40300917538,1.1096883797140698,strong,0,3001547363,KO LANTA 9 4 FEDERAL COM #233H,3001547363,KO LANTA 9 4 FEDERAL COM #233H,pinned
pinned,458245.448741139,459545.4358297663,1299.9870886273447,True,91,N,9,27532.57346021123,1.1097355562387488,strong,0,3001547362,KO LANTA 9 4 FEDERAL COM #232H,3001547362,KO LANTA 9 4 FEDERAL COM #232H,pinned
pinned,459545.4358297663,460145.42987067124,599.9940409049283,True,92,N,8,28007.39466142205,1.1288738315111684,strong,0,3001547508,KO LANTA 9 4 FEDERAL COM #231H,3001547508,KO LANTA 9 4 FEDERAL COM #231H,pinned
gap,460145.42987067124,464445.38716382324,4299.957293151986,False,93,N,8,28007.39466142205,1.1288738315111684,strong,0,3001547508,KO LANTA 9 4 FEDERAL COM #231H,3001549443,JAMES RANCH UNIT DI 8 EAGLE #701H,1/2-1 mi
pinned,464445.38716382324,468445.3474365228,3999.960272699522,True,94,N,1,22445.64721969006,0.9047004937071499,strong,0,3001549443,JAMES RANCH UNIT DI 8 EAGLE #701H,3001549443,JAMES RANCH UNIT DI 8 EAGLE #701H,pinned
gap,468445.3474365228,474045.29181830207,5599.944381779331,False,95,NW,1,22445.64721969006,0.9047004937071499,strong,0,3001549443,JAMES RANCH UNIT DI 8 EAGLE #701H,3001556021,JAMES RANCH UNIT APACHE #136H,1-2 mi
pinned,474045.29181830207,475745.2749341994,1699.9831158972968,True,96,NW,0,,,unknown,0,3001556021,JAMES RANCH UNIT APACHE #136H,3001556021,JAMES RANCH UNIT APACHE #136H,pinned
gap,475745.2749341994,476545.2669887393,799.9920545399044,False,97,NW,0,,,unknown,0,3001556021,JAMES RANCH UNIT APACHE #136H,3001556189,JAMES RANCH UNIT APACHE #708H,< 1/4 mi
pinned,476545.2669887393,478345.24911145406,1799.982122714785,True,98,NW,0,,,unknown,0,3001556189,JAMES RANCH UNIT APACHE #708H,3001556189,JAMES RANCH UNIT APACHE #708H,pinned
gap,478345.24911145406,478445.2481182716,99.99900681748805,False,99,NW,0,,,unknown,0,3001556189,JAMES RANCH UNIT APACHE #708H,3001556299,JAMES RANCH UNIT APACHE #711H,< 1/4 mi
pinned,478445.2481182716,480145.23123416887,1699.9831158972968,True,100,N,0,,,unknown,0,3001556299,JAMES RANCH UNIT APACHE #711H,3001556299,JAMES RANCH UNIT APACHE #711H,pinned
pinned,480145.23123416887,482145.2113705186,1999.980136349761,True,101,N,0,,,unknown,0,3001556296,JAMES RANCH UNIT APACHE #706H,3001556296,JAMES RANCH UNIT APACHE #706H,pinned
pinned,482145.2113705186,482545.2073977886,399.9960272699522,True,102,N,0,,,unknown,0,3001556187,JAMES RANCH UNIT APACHE #702H,3001556187,JAMES RANCH UNIT APACHE #702H,pinned
pinned,482545.2073977886,483045.202431876,499.9950340874403,True,103,N,0,,,unknown,0,3001556188,JAMES RANCH UNIT APACHE #704H,3001556188,JAMES RANCH UNIT APACHE #704H,pinned
pinned,483045.202431876,493345.10013407725,10299.89770220127,True,104,NW,0,,,unknown,0,3001556185,JAMES RANCH UNIT APACHE #701H,3001556185,JAMES RANCH UNIT APACHE #701H,pinned
gap,493345.10013407725,501845.0157135638,8499.915579486484,False,105,NW,1,17462.47594611931,0.7038474077033773,unknown,0,3001556185,JAMES RANCH UNIT APACHE #701H,3001546378,JAMES RANCH UNIT DI 12 ELKHORN #702H,1-2 mi
pinned,501845.0157135638,523644.79919977614,21799.783486212396,True,106,NW,1,17462.47594611931,0.7038474077033773,unknown,0,3001546378,JAMES RANCH UNIT DI 12 ELKHORN #702H,3001546378,JAMES RANCH UNIT DI 12 ELKHORN #702H,pinned
gap,523644.79919977614,532244.7137860801,8599.914586303972,False,107,NW,1,17462.47594611931,0.7038474077033773,unknown,0,3001546378,JAMES RANCH UNIT DI 12 ELKHORN #702H,3001557280,JAMES RANCH UNIT DI 11 EKALAKA #703H,1-2 mi
pinned,532244.7137860801,535744.6790246923,3499.965238612082,True,108,NW,1,21017.92175010517,0.8471541942144521,unknown,0,3001557280,JAMES RANCH UNIT DI 11 EKALAKA #703H,3001557280,JAMES RANCH UNIT DI 11 EKALAKA #703H,pinned
gap,535744.6790246923,539144.6452564868,3399.9662317945936,False,109,NW,1,21017.92175010517,0.8471541942144521,unknown,0,3001557280,JAMES RANCH UNIT DI 11 EKALAKA #703H,3001546284,JAMES RANCH UNIT DI 11 WHITLASH A #715H,1/2-1 mi
pinned,539144.6452564868,555244.4853541023,16099.840097615577,True,110,NW,1,21017.92175010517,0.8471541942144521,unknown,0,3001546284,JAMES RANCH UNIT DI 11 WHITLASH A #715H,3001546284,JAMES RANCH UNIT DI 11 WHITLASH A #715H,pinned
gap,555244.4853541023,559644.4416540719,4399.9562999694745,False,111,NW,4,22320.240891246176,0.8996458313868022,strong,0,3001546284,JAMES RANCH UNIT DI 11 WHITLASH A #715H,3001545396,JAMES RANCH UNIT DI 1 BS2A 7W #212H,1/2-1 mi
pinned,559644.4416540719,563644.4019267714,3999.960272699522,True,112,NW,3,22420.64979693845,0.9036929406398029,strong,0,3001545396,JAMES RANCH UNIT DI 1 BS2A 7W #212H,3001545396,JAMES RANCH UNIT DI 1 BS2A 7W #212H,pinned
gap,563644.4019267714,571044.3284312655,7399.926504494116,False,113,NW,3,22420.64979693845,0.9036929406398029,strong,0,3001545396,JAMES RANCH UNIT DI 1 BS2A 7W #212H,3001545498,NASH UNIT #206H,1-2 mi
pinned,571044.3284312655,578744.2519562121,7699.92352494658,True,114,W,0,,,unknown,0,3001545498,NASH UNIT #206H,3001545498,NASH UNIT #206H,pinned
gap,578744.2519562121,590044.1397265883,11299.88777037615,False,115,W,2,27040.575895020902,1.0899049656670523,strong,0,3001545498,NASH UNIT #206H,3001549242,CASSIUS FEDERAL COM #124H,> 2 mi
pinned,590044.1397265883,594844.0920538276,4799.952327239426,True,116,W,2,27040.575895020902,1.0899049656670523,strong,0,3001549242,CASSIUS FEDERAL COM #124H,3001549242,CASSIUS FEDERAL COM #124H,pinned
pinned,594844.0920538276,596244.0781492725,1399.9860954448327,True,117,W,2,27040.575895020902,1.0899049656670523,strong,0,3001549241,CASSIUS FEDERAL COM #123H,3001549241,CASSIUS FEDERAL COM #123H,pinned
gap,596244.0781492725,599244.0483537972,2999.9702045246418,False,118,W,2,27040.575895020902,1.0899049656670523,strong,0,3001549241,CASSIUS FEDERAL COM #123H,3001554401,RANA SALADA 0604 FEDERAL COM #116H,1/2-1 mi
pinned,599244.0483537972,601644.0245174168,2399.976163619713,True,119,W,1,27941.809103130403,1.1262303217747032,strong,0,3001554401,RANA SALADA 0604 FEDERAL COM #116H,3001554401,RANA SALADA 0604 FEDERAL COM #116H,pinned
gap,601644.0245174168,602544.0155787743,899.9910613573925,False,120,W,0,,,unknown,0,3001554401,RANA SALADA 0604 FEDERAL COM #116H,3001554380,RANA SALADA FEDERAL COM 0605 #822H,< 1/4 mi
pinned,602544.0155787743,602744.0135924092,199.9980136349761,True,121,W,0,,,unknown,0,3001554380,RANA SALADA FEDERAL COM 0605 #822H,3001554380,RANA SALADA FEDERAL COM 0605 #822H,pinned
pinned,602744.0135924092,613143.9103014279,10399.896709018758,True,122,W,0,,,unknown,0,3001554610,RANA SALADA FEDERAL COM 0605 #122H,3001554610,RANA SALADA FEDERAL COM 0605 #122H,pinned
gap,613143.9103014279,614543.8963968728,1399.9860954448327,False,123,W,0,,,unknown,0,3001554610,RANA SALADA FEDERAL COM 0605 #122H,3001542238,LONGVIEW FEDERAL 12 #004H,1/4-1/2 mi
pinned,614543.8963968728,616843.873553675,2299.977156802225,True,124,W,0,,,unknown,0,3001542238,LONGVIEW FEDERAL 12 #004H,3001542238,LONGVIEW FEDERAL 12 #004H,pinned
pinned,616843.873553675,618843.8536900248,1999.980136349761,True,125,W,0,,,unknown,0,3001542236,LONGVIEW FEDERAL 12 #002H,3001542236,LONGVIEW FEDERAL 12 #002H,pinned
gap,618843.8536900248,620743.834819557,1899.981129532273,False,126,W,0,,,unknown,0,3001542236,LONGVIEW FEDERAL 12 #002H,3001546135,HADES 22102 2 STATE COM #003H,1/4-1/2 mi
pinned,620743.834819557,622743.8149559068,1999.980136349761,True,127,W,0,,,unknown,0,3001546135,HADES 22102 2 STATE COM #003H,3001546135,HADES 22102 2 STATE COM #003H,pinned
gap,622743.8149559068,624143.8010513517,1399.9860954448327,True,128,W,0,,,unknown,0,3001546135,HADES 22102 2 STATE COM #003H,3001546135,HADES 22102 2 STATE COM #003H,1/4-1/2 mi
pinned,624143.8010513517,630243.7404672184,6099.939415866771,True,129,W,0,,,unknown,0,3001546135,HADES 22102 2 STATE COM #003H,3001546135,HADES 22102 2 STATE COM #003H,pinned
gap,630243.7404672184,641043.6332035072,10799.89273628871,False,130,W,3,14083.373080225128,0.5676483486546392,rolled,0,3001546135,HADES 22102 2 STATE COM #003H,3001549335,JACK SLEEPER FEDERAL COM #122H,> 2 mi
pinned,641043.6332035072,644843.5954625717,3799.962259064546,True,131,W,2,14990.533427575716,0.6042126056834887,rolled,0,3001549335,JACK SLEEPER FEDERAL COM #122H,3001549335,JACK SLEEPER FEDERAL COM #122H,pinned
pinned,644843.5954625717,665143.3938465217,20299.798383950074,True,132,W,3,14083.373080225128,0.5676483486546392,rolled,0,3001549247,JACK SLEEPER COM 9 16 23S 28E #121H,3001549247,JACK SLEEPER COM 9 16 23S 28E #121H,pinned
gap,665143.3938465217,671743.3282964759,6599.934449954211,False,133,W,7,14137.741312741313,0.5698397297414911,rolled,0,3001549247,JACK SLEEPER COM 9 16 23S 28E #121H,3001553347,FOREIGNER 33 4 FEE #521H,1-2 mi
pinned,671743.3282964759,683143.2150736696,11399.886777193638,True,134,W,5,14237.406532861078,0.5738568637971616,rolled,0,3001553347,FOREIGNER 33 4 FEE #521H,3001553347,FOREIGNER 33 4 FEE #521H,pinned
gap,683143.2150736696,683843.2081213921,699.9930477224163,False,135,W,5,14137.741312741313,0.5698397297414911,rolled,0,3001553347,FOREIGNER 33 4 FEE #521H,3001555101,EMMETT FEDERAL COM #121H,< 1/4 mi
pinned,683843.2081213921,685543.1912372893,1699.9831158972968,True,136,W,6,13330.798987394217,0.5373148881546422,rolled,0,3001555101,EMMETT FEDERAL COM #121H,3001555101,EMMETT FEDERAL COM #121H,pinned
gap,685543.1912372893,692843.1187349659,7299.927497676627,False,137,W,7,12523.85666204712,0.5047900465677934,rolled,0,3001555101,EMMETT FEDERAL COM #121H,3001553832,DAVID EDELSTEIN STATE COM #123H,1-2 mi
pinned,692843.1187349659,710442.9439348439,17599.825199877898,True,138,W,2,12455.94961789967,0.5020529663773635,rolled,0,3001553832,DAVID EDELSTEIN STATE COM #123H,3001553832,DAVID EDELSTEIN STATE COM #123H,pinned
pinned,710442.9439348439,715242.8962620833,4799.952327239426,True,139,W,2,12455.94961789967,0.5020529663773635,rolled,0,3001554238,DAVID EDELSTEIN STATE COM #124H,3001554238,DAVID EDELSTEIN STATE COM #124H,pinned
gap,715242.8962620833,720142.8475961402,4899.951334056915,False,140,W,4,14154.606413489137,0.570519499178462,rolled,0,3001554238,DAVID EDELSTEIN STATE COM #124H,3001555400,PERDOMO 25 STATE COM #501H,1/2-1 mi
pinned,720142.8475961402,730642.7433119764,10499.895715836245,True,141,W,2,14284.908464071024,0.5757714898356562,rolled,0,3001555400,PERDOMO 25 STATE COM #501H,3001555400,PERDOMO 25 STATE COM #501H,pinned
gap,730642.7433119764,735942.6906733033,5299.9473613268665,False,142,W,2,14284.908464071024,0.5757714898356562,rolled,0,3001555400,PERDOMO 25 STATE COM #501H,3001556956,PADRON 3 STATE BS UNIT #507H,1-2 mi
pinned,735942.6906733033,744342.6072459723,8399.916572668997,True,143,W,0,,,unknown,1,3001556956,PADRON 3 STATE BS UNIT #507H,3001556956,PADRON 3 STATE BS UNIT #507H,pinned
pinned,744342.6072459723,770542.3470321542,26199.739786181868,True,144,SW,0,,,unknown,6,3001556943,PADRON 3 STATE BS UNIT #504H,3001556943,PADRON 3 STATE BS UNIT #504H,pinned
gap,770542.3470321542,771442.3380935115,899.9910613573925,False,145,SW,0,,,unknown,1,3001556943,PADRON 3 STATE BS UNIT #504H,3001556956,PADRON 3 STATE BS UNIT #507H,< 1/4 mi
pinned,771442.3380935115,775942.2934002985,4499.955306786962,True,146,W,0,,,unknown,1,3001556956,PADRON 3 STATE BS UNIT #507H,3001556956,PADRON 3 STATE BS UNIT #507H,pinned
gap,775942.2934002985,779742.2556593631,3799.962259064546,False,147,W,2,14284.908464071024,0.5757714898356562,rolled,0,3001556956,PADRON 3 STATE BS UNIT #507H,3001555401,PERDOMO 25 STATE COM #502H,1/2-1 mi
pinned,779742.2556593631,790242.1513751993,10499.895715836245,True,148,W,2,14284.908464071024,0.5757714898356562,rolled,0,3001555401,PERDOMO 25 STATE COM #502H,3001555401,PERDOMO 25 STATE COM #502H,pinned
gap,790242.1513751993,794442.1096615338,4199.958286334499,False,149,W,4,14154.606413489137,0.570519499178462,rolled,0,3001555401,PERDOMO 25 STATE COM #502H,3001554238,DAVID EDELSTEIN STATE COM #124H,1/2-1 mi
pinned,794442.1096615338,796642.0878115186,2199.9781499847372,True,150,W,2,12455.94961789967,0.5020529663773635,rolled,0,3001554238,DAVID EDELSTEIN STATE COM #124H,3001554238,DAVID EDELSTEIN STATE COM #124H,pinned
gap,796642.0878115186,803542.0192819252,6899.9314704066755,False,151,W,4,10319.735037994731,0.415950107939446,rolled,1,3001554238,DAVID EDELSTEIN STATE COM #124H,3001555123,PRATER 10 9 24S 28E RB #124H,1-2 mi
pinned,803542.0192819252,806441.9904796324,2899.9711977071534,True,152,W,3,9919.148538885258,0.39980395719718353,rolled,1,3001555123,PRATER 10 9 24S 28E RB #124H,3001555123,PRATER 10 9 24S 28E RB #124H,pinned
gap,806441.9904796324,809741.9577046095,3299.9672249771056,False,153,W,4,11730.512169255639,0.4728132829982993,rolled,1,3001555123,PRATER 10 9 24S 28E RB #124H,3001549002,GEORGE 14 15 24S 28E #123H,1/2-1 mi
pinned,809741.9577046095,812541.9298954991,2799.9721908896654,True,154,W,3,13541.87579962602,0.5458226087994149,rolled,1,3001549002,GEORGE 14 15 24S 28E #123H,3001549002,GEORGE 14 15 24S 28E #123H,pinned
gap,812541.9298954991,816941.8861954686,4399.9562999694745,False,155,W,4,25212.88243707768,1.0162374452982905,strong,0,3001549002,GEORGE 14 15 24S 28E #123H,3001548476,PIEROGI BS FEDERAL COM #502H,1/2-1 mi
pinned,816941.8861954686,824741.8087272327,7799.9225317640685,True,156,W,4,30667.303028034286,1.2360848372325306,strong,1,3001548476,PIEROGI BS FEDERAL COM #502H,3001548476,PIEROGI BS FEDERAL COM #502H,pinned
gap,824741.8087272327,826941.7868772175,2199.9781499847372,False,157,SW,2,21929.74497484621,0.8839063944750537,strong,2,3001548476,PIEROGI BS FEDERAL COM #502H,3001555138,YUMA 3 10 FEDERAL COM #523H,1/4-1/2 mi
pinned,826941.7868772175,827741.7789317573,799.9920545399044,True,158,SW,2,21929.74497484621,0.8839063944750537,strong,3,3001555138,YUMA 3 10 FEDERAL COM #523H,3001555138,YUMA 3 10 FEDERAL COM #523H,pinned
pinned,827741.7789317573,834441.712388529,6699.9334567717,True,159,SW,2,21929.74497484621,0.8839063944750537,strong,5,3001553297,YUMA 3 10 FEDERAL COM #521H,3001553297,YUMA 3 10 FEDERAL COM #521H,pinned
gap,834441.712388529,839141.665708951,4699.953320421939,False,160,SW,5,25260.57257659468,1.0181596573131058,strong,4,3001553297,YUMA 3 10 FEDERAL COM #521H,3001541745,MYOX 21 STATE COM #001H,1/2-1 mi
pinned,839141.665708951,844041.6170430079,4899.951334056915,True,161,SW,3,28240.58149058149,1.1382727246418367,strong,2,3001541745,MYOX 21 STATE COM #001H,3001541745,MYOX 21 STATE COM #001H,pinned
gap,844041.6170430079,846941.588240715,2899.9711977071534,False,162,SW,2,28061.07608560488,1.1310375299104956,strong,0,3001541745,MYOX 21 STATE COM #001H,3001544296,MYOX 20 FEDERAL COM #005H,1/2-1 mi
pinned,846941.588240715,847941.5783088899,999.9900681748805,True,163,SW,2,28061.07608560488,1.1310375299104956,strong,0,3001544296,MYOX 20 FEDERAL COM #005H,3001544296,MYOX 20 FEDERAL COM #005H,pinned
gap,847941.5783088899,853141.5266633993,5199.948354509379,False,164,SW,5,26488.14229249012,1.067638423381224,strong,0,3001544296,MYOX 20 FEDERAL COM #005H,3001546598,DAISY 24 STATE COM #506H,1/2-1 mi
pinned,853141.5266633993,856241.4958747415,3099.9692113421297,True,165,SW,6,21853.877106932996,0.8808484431098829,strong,0,3001546598,DAISY 24 STATE COM #506H,3001546598,DAISY 24 STATE COM #506H,pinned
pinned,856241.4958747415,857241.4859429162,999.9900681748805,True,166,SW,6,21853.877106932996,0.8808484431098829,strong,0,3001546597,DAISY 24 STATE COM #505H,3001546597,DAISY 24 STATE COM #505H,pinned
gap,857241.4859429162,857441.4839565513,199.9980136349761,False,167,SW,7,20403.724166155105,0.8223981757314602,unknown,0,3001546597,DAISY 24 STATE COM #505H,3001545748,DAISY 24 STATE COM #504H,< 1/4 mi
pinned,857441.4839565513,858441.4740247262,999.9900681748805,True,168,SW,7,20403.724166155105,0.8223981757314602,unknown,0,3001545748,DAISY 24 STATE COM #504H,3001545748,DAISY 24 STATE COM #504H,pinned
pinned,858441.4740247262,858941.4690588136,499.9950340874403,True,169,SW,8,21853.877106932996,0.8808484431098829,strong,0,3001545747,DAISY 24 STATE COM #503H,3001545747,DAISY 24 STATE COM #503H,pinned
pinned,858941.4690588136,859941.4591269884,999.9900681748805,True,170,SW,9,23304.03004771089,0.9392987104883057,strong,1,3001545746,DAISY 24 STATE COM #502H,3001545746,DAISY 24 STATE COM #502H,pinned
pinned,859941.4591269884,860941.4491951633,999.9900681748805,True,171,SW,10,23579.58204459394,0.950405185841059,strong,1,3001545745,DAISY 24 STATE COM #501H,3001545745,DAISY 24 STATE COM #501H,pinned
gap,860941.4491951633,861141.4472087984,199.9980136349761,False,172,SW,8,21853.877106932996,0.8808484431098829,strong,1,3001545745,DAISY 24 STATE COM #501H,3001549687,CICADA UNIT #072H,< 1/4 mi
pinned,861141.4472087984,862741.4313178782,1599.9841090798088,True,173,SW,8,21853.877106932996,0.8808484431098829,strong,1,3001549687,CICADA UNIT #072H,3001549687,CICADA UNIT #072H,pinned
pinned,862741.4313178782,863841.4203928706,1099.9890749923686,True,174,SW,8,21853.877106932996,0.8808484431098829,strong,1,3001549686,CICADA UNIT #071H,3001549686,CICADA UNIT #071H,pinned
pinned,863841.4203928706,864841.4104610453,999.9900681748805,True,175,SW,6,24192.082853312808,0.975092813630107,strong,1,3001549685,CICADA UNIT #070H,3001549685,CICADA UNIT #070H,pinned
pinned,864841.4104610453,868641.3727201099,3799.962259064546,True,176,SW,4,25994.96942445783,1.0477604607266036,strong,1,3001549684,CICADA UNIT #069H,3001549684,CICADA UNIT #069H,pinned
gap,868641.3727201099,876341.2962450566,7699.92352494658,False,177,SW,3,26909.803190000934,1.0846340046812983,strong,2,3001549684,CICADA UNIT #069H,3001543658,COTTONBERRY 20 FEDERAL COM #004H,1-2 mi
pinned,876341.2962450566,879441.2654563986,3099.9692113421297,True,178,SW,0,,,unknown,2,3001543658,COTTONBERRY 20 FEDERAL COM #004H,3001543658,COTTONBERRY 20 FEDERAL COM #004H,pinned
gap,879441.2654563986,879641.2634700336,199.9980136349761,False,179,SW,0,,,unknown,0,3001543658,COTTONBERRY 20 FEDERAL COM #004H,3001543455,COTTONBERRY 20 FEDERAL COM #002H,< 1/4 mi
pinned,879641.2634700336,881541.2445995659,1899.981129532273,True,180,SW,0,,,unknown,0,3001543455,COTTONBERRY 20 FEDERAL COM #002H,3001543455,COTTONBERRY 20 FEDERAL COM #002H,pinned
gap,881541.2445995659,885441.2058654479,3899.9612658820342,False,181,SW,0,,,unknown,2,3001543455,COTTONBERRY 20 FEDERAL COM #002H,3001543488,GADWALL 18 FEDERAL COM #005H,1/2-1 mi
pinned,885441.2058654479,888941.17110406,3499.965238612082,True,182,W,0,,,unknown,1,3001543488,GADWALL 18 FEDERAL COM #005H,3001543488,GADWALL 18 FEDERAL COM #005H,pinned
gap,888941.17110406,892441.136342672,3499.965238612082,False,183,W,0,,,unknown,1,3001543488,GADWALL 18 FEDERAL COM #005H,3001542646,MARQUARDT FEDERAL #017H,1/2-1 mi
pinned,892441.136342672,895341.1075403793,2899.9711977071534,True,184,W,0,,,unknown,1,3001542646,MARQUARDT FEDERAL #017H,3001542646,MARQUARDT FEDERAL #017H,pinned
gap,895341.1075403793,898441.0767517213,3099.9692113421297,False,185,W,0,,,unknown,0,3001542646,MARQUARDT FEDERAL #017H,3001542487,MARQUARDT FEDERAL #016H,1/2-1 mi
pinned,898441.0767517213,902841.0330516909,4399.9562999694745,True,186,W,0,,,unknown,0,3001542487,MARQUARDT FEDERAL #016H,3001542487,MARQUARDT FEDERAL #016H,pinned
pinned,902841.0330516909,904741.0141812231,1899.981129532273,True,187,W,0,,,unknown,0,3001543987,JAWBONE STATE #001H,3001543987,JAWBONE STATE #001H,pinned
pinned,904741.0141812231,906141.000276668,1399.9860954448327,True,188,W,0,,,unknown,0,3001543984,JAWBONE STATE #002H,3001543984,JAWBONE STATE #002H,pinned
pinned,906141.000276668,907440.9873652953,1299.9870886273447,True,189,W,0,,,unknown,0,3001543985,JAWBONE STATE COM #003H,3001543985,JAWBONE STATE COM #003H,pinned
pinned,907440.9873652953,909840.963528915,2399.976163619713,True,190,W,0,,,unknown,0,3001543986,JAWBONE STATE COM #004H,3001543986,JAWBONE STATE COM #004H,pinned
gap,909840.963528915,912740.9347266222,2899.9711977071534,False,191,W,0,,,unknown,0,3001543986,JAWBONE STATE COM #004H,3001557796,BIG MICK 4 U FEDERAL COM #501H,1/2-1 mi
pinned,912740.9347266222,925840.8046197131,13099.869893090934,True,192,W,1,4786.31230529595,0.19291843372817857,rolled,0,3001557796,BIG MICK 4 U FEDERAL COM #501H,3001557796,BIG MICK 4 U FEDERAL COM #501H,pinned
gap,925840.8046197131,927540.7877356104,1699.9831158972968,False,193,W,1,4786.31230529595,0.19291843372817857,rolled,0,3001557796,BIG MICK 4 U FEDERAL COM #501H,3001553350,SCHLITZ FEDERAL COM #121H,1/4-1/2 mi
pinned,927540.7877356104,946640.5980377506,19099.810302140217,True,194,W,1,4786.31230529595,0.19291843372817857,rolled,0,3001553350,SCHLITZ FEDERAL COM #121H,3001553350,SCHLITZ FEDERAL COM #121H,pinned
gap,946640.5980377506,947940.585126378,1299.9870886273447,True,195,W,1,4786.31230529595,0.19291843372817857,rolled,0,3001553350,SCHLITZ FEDERAL COM #121H,3001553350,SCHLITZ FEDERAL COM #121H,< 1/4 mi
pinned,947940.585126378,949140.5732081878,1199.9880818098566,True,196,W,1,4786.31230529595,0.19291843372817857,rolled,0,3001553350,SCHLITZ FEDERAL COM #121H,3001553350,SCHLITZ FEDERAL COM #121H,pinned
gap,949140.5732081878,949240.5722150053,99.99900681748805,True,197,W,1,4786.31230529595,0.19291843372817857,rolled,0,3001553350,SCHLITZ FEDERAL COM #121H,3001553350,SCHLITZ FEDERAL COM #121H,< 1/4 mi
pinned,949240.5722150053,953140.5334808873,3899.9612658820342,True,198,W,1,4786.31230529595,0.19291843372817857,rolled,0,3001553350,SCHLITZ FEDERAL COM #121H,3001553350,SCHLITZ FEDERAL COM #121H,pinned
gap,953140.5334808873,960840.457005834,7699.92352494658,False,199,W,1,4786.31230529595,0.19291843372817857,rolled,0,3001553350,SCHLITZ FEDERAL COM #121H,3001543986,JAWBONE STATE COM #004H,1-2 mi
pinned,960840.457005834,962340.4421080962,1499.9851022623209,True,200,W,0,,,unknown,0,3001543986,JAWBONE STATE COM #004H,3001543986,JAWBONE STATE COM #004H,pinned
gap,962340.4421080962,965740.4083398909,3399.9662317945936,False,201,W,0,,,unknown,0,3001543986,JAWBONE STATE COM #004H,3001543715,GRYNBERG 11 FEDERAL COM #005H,1/2-1 mi
pinned,965740.4083398909,966340.4023807958,599.9940409049283,True,202,W,0,,,unknown,0,3001543715,GRYNBERG 11 FEDERAL COM #005H,3001543715,GRYNBERG 11 FEDERAL COM #005H,pinned
gap,966340.4023807958,969740.3686125904,3399.9662317945936,False,203,W,0,,,unknown,0,3001543715,GRYNBERG 11 FEDERAL COM #005H,3001555893,WIGEON 23 26 FEDERAL COM #003H,1/2-1 mi
pinned,969740.3686125904,971740.3487489402,1999.980136349761,True,204,W,0,,,unknown,0,3001555893,WIGEON 23 26 FEDERAL COM #003H,3001555893,WIGEON 23 26 FEDERAL COM #003H,pinned
gap,971740.3487489402,973840.3278921074,2099.9791431672493,True,205,W,0,,,unknown,0,3001555893,WIGEON 23 26 FEDERAL COM #003H,3001555893,WIGEON 23 26 FEDERAL COM #003H,1/4-1/2 mi
pinned,973840.3278921074,984040.2265874911,10199.898695383781,True,206,SW,1,29725.57762464532,1.1981273914505628,strong,0,3001555893,WIGEON 23 26 FEDERAL COM #003H,3001555893,WIGEON 23 26 FEDERAL COM #003H,pinned
gap,984040.2265874911,984940.2176488485,899.9910613573925,False,207,SW,1,29725.57762464532,1.1981273914505628,strong,0,3001555893,WIGEON 23 26 FEDERAL COM #003H,3001543619,BONNIE 35 FEDERAL COM #004H,< 1/4 mi
pinned,984940.2176488485,985640.2106965709,699.9930477224163,True,208,SW,1,29725.57762464532,1.1981273914505628,strong,0,3001543619,BONNIE 35 FEDERAL COM #004H,3001543619,BONNIE 35 FEDERAL COM #004H,pinned
gap,985640.2106965709,986240.2047374758,599.9940409049283,True,209,SW,1,29725.57762464532,1.1981273914505628,strong,0,3001543619,BONNIE 35 FEDERAL COM #004H,3001543619,BONNIE 35 FEDERAL COM #004H,< 1/4 mi
pinned,986240.2047374758,991940.1481260727,5699.943388596819,True,210,SW,1,29725.57762464532,1.1981273914505628,strong,0,3001543619,BONNIE 35 FEDERAL COM #004H,3001543619,BONNIE 35 FEDERAL COM #004H,pinned
gap,991940.1481260727,992940.1381942476,999.9900681748805,False,211,SW,1,29725.57762464532,1.1981273914505628,strong,0,3001543619,BONNIE 35 FEDERAL COM #004H,3001544209,CRAIG FEDERAL COM #002H,< 1/4 mi
pinned,992940.1381942476,996940.0984669471,3999.960272699522,True,212,SW,1,29725.57762464532,1.1981273914505628,strong,0,3001544209,CRAIG FEDERAL COM #002H,3001544209,CRAIG FEDERAL COM #002H,pinned
gap,996940.0984669471,1004540.0229850762,7599.924518129092,False,213,SW,4,31498.252782847892,1.2695773289422922,strong,0,3001544209,CRAIG FEDERAL COM #002H,3001549616,MAKERS MARK 8 5 FEDERAL COM 27 #001H,1-2 mi
pinned,1004540.0229850762,1008639.9822645932,4099.95927951701,True,214,SW,5,33270.92794105047,1.341027266434022,strong,0,3001549616,MAKERS MARK 8 5 FEDERAL COM 27 #001H,3001549616,MAKERS MARK 8 5 FEDERAL COM 27 #001H,pinned
gap,1008639.9822645932,1013139.9375713802,4499.955306786962,False,215,SW,7,31415.28081345624,1.266233037688947,strong,0,3001549616,MAKERS MARK 8 5 FEDERAL COM 27 #001H,3001542825,SCREECH OWL FEDERAL #001H,1/2-1 mi
pinned,1013139.9375713802,1017039.8988372622,3899.9612658820342,True,216,SW,2,18809.082100271073,0.7581240895279707,unknown,0,3001542825,SCREECH OWL FEDERAL #001H,3001542825,SCREECH OWL FEDERAL #001H,pinned
gap,1017039.8988372622,1020739.8620895093,3699.963252247058,False,217,SW,2,18809.082100271073,0.7581240895279707,unknown,0,3001542825,SCREECH OWL FEDERAL #001H,3001542485,HORNED OWL FEDERAL #002H,1/2-1 mi
pinned,1020739.8620895093,1026539.8044849236,5799.942395414307,True,218,SW,1,14936.465781409604,0.6020333401135854,rolled,0,3001542485,HORNED OWL FEDERAL #002H,3001542485,HORNED OWL FEDERAL #002H,pinned
gap,1026539.8044849236,1032939.7409212429,6399.936436319235,True,219,SW,0,,,unknown,0,3001542485,HORNED OWL FEDERAL #002H,3001542485,HORNED OWL FEDERAL #002H,1-2 mi
pinned,1032939.7409212429,1034339.7270166876,1399.9860954448327,True,220,SW,0,,,unknown,0,3001542485,HORNED OWL FEDERAL #002H,3001542485,HORNED OWL FEDERAL #002H,pinned
gap,1034339.7270166876,1037439.6962280298,3099.9692113421297,False,221,SW,0,,,unknown,0,3001542485,HORNED OWL FEDERAL #002H,4210933317,GRINDSTONE 2 FEE 4H,1/2-1 mi
pinned,1037439.6962280298,1039739.673384832,2299.977156802225,True,222,SW,0,,,unknown,0,4210933317,GRINDSTONE 2 FEE 4H,4210933317,GRINDSTONE 2 FEE 4H,pinned
pinned,1039739.673384832,1041139.6594802769,1399.9860954448327,True,223,SW,2,16353.243496890746,0.6591383763873746,rolled,0,4210933323,GIACOMO 11 FEE 4H,4210933323,GIACOMO 11 FEE 4H,pinned
gap,1041139.6594802769,1043639.634650714,2499.975170437201,False,224,SW,2,16353.243496890746,0.6591383763873746,rolled,0,4210933323,GIACOMO 11 FEE 4H,4210933618,DR STATE WISE UNIT 1 103 1031SB,1/4-1/2 mi
pinned,1043639.634650714,1045039.6207461589,1399.9860954448327,True,225,SW,2,16353.243496890746,0.6591383763873746,rolled,0,4210933618,DR STATE WISE UNIT 1 103 1031SB,4210933618,DR STATE WISE UNIT 1 103 1031SB,pinned
gap,1045039.6207461589,1053839.533346098,8799.912599938949,False,226,SW,5,11316.515026192446,0.45612659911448333,rolled,0,4210933618,DR STATE WISE UNIT 1 103 1031SB,4210934178,DR STATE WISE UNIT 1 201 2016SB,1-2 mi
pinned,1053839.533346098,1058939.4826937898,5099.949347691891,True,227,SW,2,10519.808000497364,0.42401430435944487,rolled,0,4210934178,DR STATE WISE UNIT 1 201 2016SB,4210934178,DR STATE WISE UNIT 1 201 2016SB,pinned
gap,1058939.4826937898,1065039.4221096565,6099.939415866771,True,228,SW,1,11316.515026192446,0.45612659911448333,rolled,0,4210934178,DR STATE WISE UNIT 1 201 2016SB,4210934178,DR STATE WISE UNIT 1 201 2016SB,1-2 mi
pinned,1065039.4221096565,1078639.2870368348,13599.864927178374,True,229,SW,3,9723.10097480228,0.39190200960440646,rolled,0,4210934178,DR STATE WISE UNIT 1 201 2016SB,4210934178,DR STATE WISE UNIT 1 201 2016SB,pinned
gap,1078639.2870368348,1080639.2671731845,1999.980136349761,False,230,SW,3,9723.10097480228,0.39190200960440646,rolled,0,4210934178,DR STATE WISE UNIT 1 201 2016SB,4210933573,DR STATE WISE UNIT 1 014 0142SB,1/4-1/2 mi
pinned,1080639.2671731845,1092939.1450117356,12299.87783855103,True,231,SW,3,9723.10097480228,0.39190200960440646,rolled,0,4210933573,DR STATE WISE UNIT 1 014 0142SB,4210933573,DR STATE WISE UNIT 1 014 0142SB,pinned
gap,1092939.1450117356,1093339.1410390055,399.9960272699522,True,232,SW,2,9669.670774324077,0.38974843709752416,rolled,0,4210933573,DR STATE WISE UNIT 1 014 0142SB,4210933573,DR STATE WISE UNIT 1 014 0142SB,< 1/4 mi
pinned,1093339.1410390055,1099439.0804548725,6099.939415866771,True,233,SW,2,9669.670774324077,0.38974843709752416,rolled,0,4210933573,DR STATE WISE UNIT 1 014 0142SB,4210933573,DR STATE WISE UNIT 1 014 0142SB,pinned
pinned,1099439.0804548725,1103639.0387412068,4199.958286334499,True,234,SW,2,9669.670774324077,0.38974843709752416,rolled,0,4210933569,DR STATE WISE UNIT 1 014 0147SB,4210933569,DR STATE WISE UNIT 1 014 0147SB,pinned
gap,1103639.0387412068,1111838.9573002409,8199.91855903402,False,235,SW,4,12793.499461120688,0.5156583441516758,rolled,0,4210933569,DR STATE WISE UNIT 1 014 0147SB,4210933618,DR STATE WISE UNIT 1 103 1031SB,1-2 mi
pinned,1111838.9573002409,1115938.9165797578,4099.95927951701,True,236,SW,3,16487.004363498385,0.6645297790443883,rolled,0,4210933618,DR STATE WISE UNIT 1 103 1031SB,4210933618,DR STATE WISE UNIT 1 103 1031SB,pinned
pinned,1115938.9165797578,1117238.9036683852,1299.9870886273447,True,237,SW,3,16487.004363498385,0.6645297790443883,rolled,0,4210933619,DR STATE WISE UNIT 1 103 1032SB,4210933619,DR STATE WISE UNIT 1 103 1032SB,pinned
gap,1117238.9036683852,1117338.9026752028,99.99900681748805,False,238,SW,3,16487.004363498385,0.6645297790443883,rolled,0,4210933619,DR STATE WISE UNIT 1 103 1032SB,4210933620,DR STATE WISE UNIT 1 104 1041SB,< 1/4 mi
pinned,1117338.9026752028,1118938.8867842825,1599.9841090798088,True,239,SW,3,16487.004363498385,0.6645297790443883,rolled,0,4210933620,DR STATE WISE UNIT 1 104 1041SB,4210933620,DR STATE WISE UNIT 1 104 1041SB,pinned
pinned,1118938.8867842825,1123938.837125157,4999.950340874402,True,240,SW,3,16487.004363498385,0.6645297790443883,rolled,1,4210933622,DR STATE WISE UNIT 1 104 1043SB,4210933622,DR STATE WISE UNIT 1 104 1043SB,pinned
gap,1123938.837125157,1130038.7765410237,6099.939415866771,False,241,SW,1,16487.004363498385,0.6645297790443883,rolled,1,4210933622,DR STATE WISE UNIT 1 104 1043SB,4210933300,WAR ADMIRAL 18 FEE 6H,1-2 mi
pinned,1130038.7765410237,1134038.7368137233,3999.960272699522,True,242,SW,0,,,unknown,2,4210933300,WAR ADMIRAL 18 FEE 6H,4210933300,WAR ADMIRAL 18 FEE 6H,pinned
gap,1134038.7368137233,1140138.67622959,6099.939415866771,False,243,SW,0,,,unknown,2,4210933300,WAR ADMIRAL 18 FEE 6H,4210932771,MIDDLEGROUND 16 UNIT 5H,1-2 mi
pinned,1140138.67622959,1143438.643454567,3299.9672249771056,True,244,SW,0,,,unknown,1,4210932771,MIDDLEGROUND 16 UNIT 5H,4210932771,MIDDLEGROUND 16 UNIT 5H,pinned
gap,1143438.643454567,1143638.641468202,199.9980136349761,False,245,SW,0,,,unknown,0,4210932771,MIDDLEGROUND 16 UNIT 5H,4210933305,MIDDLEGROUND 16 UNIT 7H,< 1/4 mi
pinned,1143638.641468202,1150538.5729386087,6899.9314704066755,True,246,SW,0,,,unknown,0,4210933305,MIDDLEGROUND 16 UNIT 7H,4210933305,MIDDLEGROUND 16 UNIT 7H,pinned
gap,1150538.5729386087,1152938.5491022284,2399.976163619713,False,247,SW,0,,,unknown,0,4210933305,MIDDLEGROUND 16 UNIT 7H,4210932739,HORN SPLITTER STATE UNIT 100 1004H,1/4-1/2 mi
pinned,1152938.5491022284,1155238.5262590307,2299.977156802225,True,248,SW,0,,,unknown,0,4210932739,HORN SPLITTER STATE UNIT 100 1004H,4210932739,HORN SPLITTER STATE UNIT 100 1004H,pinned
gap,1155238.5262590307,1158238.4964635554,2999.9702045246418,False,249,SW,0,,,unknown,0,4210932739,HORN SPLITTER STATE UNIT 100 1004H,4210932794,HH SW 3 4H,1/2-1 mi
pinned,1158238.4964635554,1167038.4090634943,8799.912599938949,True,250,SW,0,,,unknown,1,4210932794,HH SW 3 4H,4210932794,HH SW 3 4H,pinned
pinned,1167038.4090634943,1171338.3663566462,4299.957293151986,True,251,SW,0,,,unknown,1,3001549952,BAILEYS 25 36 STATE COM #236H,3001549952,BAILEYS 25 36 STATE COM #236H,pinned
gap,1171338.3663566462,1173138.348479361,1799.982122714785,False,252,SW,0,,,unknown,1,3001549952,BAILEYS 25 36 STATE COM #236H,3001554250,BULLEIT 13 24 FEDERAL STATE COM 32 #004H,1/4-1/2 mi
pinned,1173138.348479361,1180638.2739906725,7499.925511311604,True,253,SW,1,27062.741490340384,1.090798378311053,strong,2,3001554250,BULLEIT 13 24 FEDERAL STATE COM 32 #004H,3001554250,BULLEIT 13 24 FEDERAL STATE COM 32 #004H,pinned
gap,1180638.2739906725,1188038.2004951667,7399.926504494116,False,254,SW,9,22437.384140061797,0.9043674397236285,strong,0,3001554250,BULLEIT 13 24 FEDERAL STATE COM 32 #004H,3001545534,SRO 5 STATE COM #507H,1-2 mi
pinned,1188038.2004951667,1189838.1826178816,1799.982122714785,True,255,SW,7,21903.91387463528,0.8828652389723811,strong,0,3001545534,SRO 5 STATE COM #507H,3001545534,SRO 5 STATE COM #507H,pinned
gap,1189838.1826178816,1196838.1130951056,6999.930477224164,False,256,SW,8,21465.754238727804,0.8652046549380611,strong,0,3001545534,SRO 5 STATE COM #507H,3001543811,GRAHAM NASH FEDERAL COM #007H,1-2 mi
pinned,1196838.1130951056,1200638.0753541703,3799.962259064546,True,257,SW,1,14411.747473267907,0.5808838981845267,rolled,2,3001543811,GRAHAM NASH FEDERAL COM #007H,3001543811,GRAHAM NASH FEDERAL COM #007H,pinned
gap,1200638.0753541703,1201238.069395075,599.9940409049283,True,258,SW,1,14411.747473267907,0.5808838981845267,rolled,2,3001543811,GRAHAM NASH FEDERAL COM #007H,3001543811,GRAHAM NASH FEDERAL COM #007H,< 1/4 mi
pinned,1201238.069395075,1211737.9651109115,10499.895715836245,True,259,SW,2,21740.677055625965,0.8762857703875162,strong,1,3001543811,GRAHAM NASH FEDERAL COM #007H,3001543811,GRAHAM NASH FEDERAL COM #007H,pinned
gap,1211737.9651109115,1212837.9541859038,1099.9890749923686,False,260,SW,2,21740.677055625965,0.8762857703875162,strong,0,3001543811,GRAHAM NASH FEDERAL COM #007H,3001542453,GRAHAM NASH STATE COM #005H,< 1/4 mi
pinned,1212837.9541859038,1217637.9065131433,4799.952327239426,True,261,SW,2,21740.677055625965,0.8762857703875162,strong,2,3001542453,GRAHAM NASH STATE COM #005H,3001542453,GRAHAM NASH STATE COM #005H,pinned
gap,1217637.9065131433,1226137.8220926297,8499.915579486484,False,262,SW,1,29069.60663798402,1.1716876425905056,strong,2,3001542453,GRAHAM NASH STATE COM #005H,3001543055,RUSTLER BLUFF 25 26 28 FEDERAL #001H,1-2 mi
pinned,1226137.8220926297,1232437.7595221314,6299.937429501747,True,263,SW,0,,,unknown,3,3001543055,RUSTLER BLUFF 25 26 28 FEDERAL #001H,3001543055,RUSTLER BLUFF 25 26 28 FEDERAL #001H,pinned
gap,1232437.7595221314,1241937.665169793,9499.905647661364,False,264,SW,6,16049.118786106364,0.6468802412887436,rolled,2,3001543055,RUSTLER BLUFF 25 26 28 FEDERAL #001H,4238939801,HEAD HONCHO STATE ALLOC1 BS 8H,1-2 mi
pinned,1241937.665169793,1254637.5390356139,12699.873865820982,True,265,SW,10,9704.286475169141,0.39114366715429333,rolled,0,4238939801,HEAD HONCHO STATE ALLOC1 BS 8H,4238939801,HEAD HONCHO STATE ALLOC1 BS 8H,pinned
gap,1254637.5390356139,1255637.5291037888,999.9900681748805,False,266,SW,8,8781.251807477793,0.3539395753588638,rolled,0,4238939801,HEAD HONCHO STATE ALLOC1 BS 8H,4238939786,ALPHA STATE BS 9H,< 1/4 mi
pinned,1255637.5291037888,1267637.4099218873,11999.880818098567,True,267,SW,6,7580.160051658388,0.30552803730688116,rolled,0,4238939786,ALPHA STATE BS 9H,4238939786,ALPHA STATE BS 9H,pinned
pinned,1267637.4099218873,1268537.4009832446,899.9910613573925,True,268,SW,3,8455.319148936169,0.3408024430582536,rolled,0,4238939787,ALPHA STATE BS 10H,4238939787,ALPHA STATE BS 10H,pinned
pinned,1268537.4009832446,1269937.3870786894,1399.9860954448327,True,269,SW,3,8455.319148936169,0.3408024430582536,rolled,0,4238939788,ALPHA STATE BS 11H,4238939788,ALPHA STATE BS 11H,pinned
gap,1269937.3870786894,1276337.3235150087,6399.936436319235,False,270,SW,3,8455.319148936169,0.3408024430582536,rolled,0,4238939788,ALPHA STATE BS 11H,4238940387,GORGON WEST UNIT 57-1-33-28 6 61H,1-2 mi
pinned,1276337.3235150087,1281737.269883153,5399.946368144355,True,271,SW,0,,,unknown,0,4238940387,GORGON WEST UNIT 57-1-33-28 6 61H,4238940387,GORGON WEST UNIT 57-1-33-28 6 61H,pinned
gap,1281737.269883153,1288237.2053262899,6499.935443136724,False,272,SW,4,3599.163732925102,0.1450688935026027,rolled,0,4238940387,GORGON WEST UNIT 57-1-33-28 6 61H,4238939568,STATE AL OLSON 57-T2-6X43 2D B20 B204H,1-2 mi
pinned,1288237.2053262899,1289437.1934080997,1199.9880818098566,True,273,SW,4,3599.163732925102,0.1450688935026027,rolled,0,4238939568,STATE AL OLSON 57-T2-6X43 2D B20 B204H,4238939568,STATE AL OLSON 57-T2-6X43 2D B20 B204H,pinned
pinned,1289437.1934080997,1290737.180496727,1299.9870886273447,True,274,SW,4,3599.163732925102,0.1450688935026027,rolled,0,4238939536,STATE AL OLSON 57-T2-6X43 2C B20 B203H,4238939536,STATE AL OLSON 57-T2-6X43 2C B20 B203H,pinned
pinned,1290737.180496727,1291937.168578537,1199.9880818098566,True,275,SW,4,3599.163732925102,0.1450688935026027,rolled,0,4238939551,STATE AL OLSON 57-T2-6X43 2B B20 B202H,4238939551,STATE AL OLSON 57-T2-6X43 2B B20 B202H,pinned
pinned,1291937.168578537,1306737.021587525,14799.853008988232,True,276,SW,4,3599.163732925102,0.1450688935026027,rolled,0,4238939550,STATE AL OLSON 57-T2-6X43 2A B20 B201H,4238939550,STATE AL OLSON 57-T2-6X43 2A B20 B201H,pinned
gap,1306737.021587525,1308437.0047034223,1699.9831158972968,True,277,SW,4,3599.163732925102,0.1450688935026027,rolled,0,4238939550,STATE AL OLSON 57-T2-6X43 2A B20 B201H,4238939550,STATE AL OLSON 57-T2-6X43 2A B20 B201H,1/4-1/2 mi
pinned,1308437.0047034223,1309636.9927852321,1199.9880818098566,True,278,SW,4,3599.163732925102,0.1450688935026027,rolled,0,4238939550,STATE AL OLSON 57-T2-6X43 2A B20 B201H,4238939550,STATE AL OLSON 57-T2-6X43 2A B20 B201H,pinned
pinned,1309636.9927852321,1310836.9808670422,1199.9880818098566,True,279,SW,4,3599.163732925102,0.1450688935026027,rolled,0,4238939551,STATE AL OLSON 57-T2-6X43 2B B20 B202H,4238939551,STATE AL OLSON 57-T2-6X43 2B B20 B202H,pinned
pinned,1310836.9808670422,1311736.9719283995,899.9910613573925,True,280,SW,4,3599.163732925102,0.1450688935026027,rolled,0,4238939536,STATE AL OLSON 57-T2-6X43 2C B20 B203H,4238939536,STATE AL OLSON 57-T2-6X43 2C B20 B203H,pinned
gap,1311736.9719283995,1318336.9063783537,6599.934449954211,False,281,SW,5,4275.5917382783055,0.1723331886423548,rolled,0,4238939536,STATE AL OLSON 57-T2-6X43 2C B20 B203H,4238938571,STATE KATE OLSON 57-T2-17X8 B20 B208H,1-2 mi
pinned,1318336.9063783537,1328036.81003965,9699.903661296341,True,282,S,1,52893.24793167868,2.1319299483414564,strong,0,4238938571,STATE KATE OLSON 57-T2-17X8 B20 B208H,4238938571,STATE KATE OLSON 57-T2-17X8 B20 B208H,pinned
gap,1328036.81003965,1335436.736544144,7399.926504494116,False,283,S,1,52893.24793167868,2.1319299483414564,strong,0,4238938571,STATE KATE OLSON 57-T2-17X8 B20 B208H,4238941817,STATE LEE WAY 57-T2-10X3 2E B21 B214H,1-2 mi
pinned,1335436.736544144,1337736.7137009464,2299.977156802225,True,284,S,0,,,unknown,0,4238941817,STATE LEE WAY 57-T2-10X3 2E B21 B214H,4238941817,STATE LEE WAY 57-T2-10X3 2E B21 B214H,pinned
gap,1337736.7137009464,1340236.6888713837,2499.975170437201,True,285,S,0,,,unknown,0,4238941817,STATE LEE WAY 57-T2-10X3 2E B21 B214H,4238941817,STATE LEE WAY 57-T2-10X3 2E B21 B214H,1/4-1/2 mi
pinned,1340236.6888713837,1350836.5835940372,10599.894722653733,True,286,S,0,,,unknown,0,4238941817,STATE LEE WAY 57-T2-10X3 2E B21 B214H,4238941817,STATE LEE WAY 57-T2-10X3 2E B21 B214H,pinned
gap,1350836.5835940372,1355236.539894007,4399.9562999694745,False,287,S,4,6343.90391402344,0.25569915391047376,rolled,0,4238941817,STATE LEE WAY 57-T2-10X3 2E B21 B214H,4238941044,THREADFIN 57-1-47-35 G 6 64H,1/2-1 mi
pinned,1355236.539894007,1357536.517050809,2299.977156802225,True,288,S,4,6343.90391402344,0.25569915391047376,rolled,0,4238941044,THREADFIN 57-1-47-35 G 6 64H,4238941044,THREADFIN 57-1-47-35 G 6 64H,pinned
gap,1357536.517050809,1361036.4822894211,3499.965238612082,False,289,S,3,5747.938547001128,0.23167800822907544,rolled,0,4238941044,THREADFIN 57-1-47-35 G 6 64H,4230137507,HAT TRICK 56-T1-42X31 2I B21 B218H,1/2-1 mi
pinned,1361036.4822894211,1362036.472357596,999.9900681748805,True,290,S,0,,,unknown,0,4230137507,HAT TRICK 56-T1-42X31 2I B21 B218H,4230137507,HAT TRICK 56-T1-42X31 2I B21 B218H,pinned
gap,1362036.472357596,1369036.40283482,6999.930477224164,False,291,S,0,,,unknown,0,4230137507,HAT TRICK 56-T1-42X31 2I B21 B218H,4238935213,TXL 7 B20 B201BO,1-2 mi
pinned,1369036.40283482,1379036.3035165688,9999.900681748804,True,292,S,1,20150.763908907466,0.812202289313916,unknown,0,4238935213,TXL 7 B20 B201BO,4238935213,TXL 7 B20 B201BO,pinned
gap,1379036.3035165688,1381636.2776938237,2599.9741772546895,False,293,S,2,20937.95210843272,0.8439309156164002,unknown,0,4238935213,TXL 7 B20 B201BO,4238940308,CHEVY COLORADO 56-T2-20X17 B20 B201H,1/4-1/2 mi
pinned,1381636.2776938237,1384536.2488915308,2899.9711977071534,True,294,S,2,20937.95210843272,0.8439309156164002,unknown,0,4238940308,CHEVY COLORADO 56-T2-20X17 B20 B201H,4238940308,CHEVY COLORADO 56-T2-20X17 B20 B201H,pinned
gap,1384536.2488915308,1391436.1803619375,6899.9314704066755,True,295,S,2,20937.95210843272,0.8439309156164002,unknown,0,4238940308,CHEVY COLORADO 56-T2-20X17 B20 B201H,4238940308,CHEVY COLORADO 56-T2-20X17 B20 B201H,1-2 mi
pinned,1391436.1803619375,1394836.146593732,3399.9662317945936,True,296,S,2,20937.95210843272,0.8439309156164002,unknown,0,4238940308,CHEVY COLORADO 56-T2-20X17 B20 B201H,4238940308,CHEVY COLORADO 56-T2-20X17 B20 B201H,pinned
gap,1394836.146593732,1394936.1456005496,99.99900681748805,False,297,S,2,20937.95210843272,0.8439309156164002,unknown,0,4238940308,CHEVY COLORADO 56-T2-20X17 B20 B201H,4238940317,CHEVY COLORADO 56-T2-20X17 B20 B202H,< 1/4 mi
pinned,1394936.1456005496,1402236.0730982262,7299.927497676627,True,298,S,2,20937.95210843272,0.8439309156164002,unknown,0,4238940317,CHEVY COLORADO 56-T2-20X17 B20 B202H,4238940317,CHEVY COLORADO 56-T2-20X17 B20 B202H,pinned
gap,1402236.0730982262,1402336.0721050436,99.99900681748805,True,299,S,2,20937.95210843272,0.8439309156164002,unknown,0,4238940317,CHEVY COLORADO 56-T2-20X17 B20 B202H,4238940317,CHEVY COLORADO 56-T2-20X17 B20 B202H,< 1/4 mi
pinned,1402336.0721050436,1402536.0701186787,199.9980136349761,True,300,S,2,20937.95210843272,0.8439309156164002,unknown,0,4238940317,CHEVY COLORADO 56-T2-20X17 B20 B202H,4238940317,CHEVY COLORADO 56-T2-20X17 B20 B202H,pinned
gap,1402536.0701186787,1403636.059193671,1099.9890749923686,True,301,S,2,20937.95210843272,0.8439309156164002,unknown,0,4238940317,CHEVY COLORADO 56-T2-20X17 B20 B202H,4238940317,CHEVY COLORADO 56-T2-20X17 B20 B202H,< 1/4 mi
pinned,1403636.059193671,1411335.9827186177,7699.92352494658,True,302,S,2,20937.95210843272,0.8439309156164002,unknown,0,4238940317,CHEVY COLORADO 56-T2-20X17 B20 B202H,4238940317,CHEVY COLORADO 56-T2-20X17 B20 B202H,pinned
gap,1411335.9827186177,1415535.9410049522,4199.958286334499,False,303,S,2,20937.95210843272,0.8439309156164002,unknown,0,4238940317,CHEVY COLORADO 56-T2-20X17 B20 B202H,4238936028,ARCHER 56-2-5 1H,1/2-1 mi
pinned,1415535.9410049522,1417535.9211413017,1999.980136349761,True,304,S,0,,,unknown,0,4238936028,ARCHER 56-2-5 1H,4238936028,ARCHER 56-2-5 1H,pinned
gap,1417535.9211413017,1421635.880420819,4099.95927951701,False,305,S,0,,,unknown,0,4238936028,ARCHER 56-2-5 1H,4230132836,TXL 40/45 B20 B201DM,1/2-1 mi
pinned,1421635.880420819,1432535.772163925,10899.891743106198,True,306,S,0,,,unknown,0,4230132836,TXL 40/45 B20 B201DM,4230132836,TXL 40/45 B20 B201DM,pinned
gap,1432535.772163925,1435435.743361632,2899.9711977071534,False,307,S,0,,,unknown,0,4230132836,TXL 40/45 B20 B201DM,4230133250,CBR 32 9H,1/2-1 mi
pinned,1435435.743361632,1436535.7324366246,1099.9890749923686,True,308,S,0,,,unknown,0,4230133250,CBR 32 9H,4230133250,CBR 32 9H,pinned
gap,1436535.7324366246,1441035.6877434116,4499.955306786962,False,309,S,5,7238.066157760814,0.2917395057633648,rolled,0,4230133250,CBR 32 9H,4230135782,CBR 27-22L-56-1 32 325H,1/2-1 mi
pinned,1441035.6877434116,1441835.6797979514,799.9920545399044,True,310,S,5,7238.066157760814,0.2917395057633648,rolled,0,4230135782,CBR 27-22L-56-1 32 325H,4230135782,CBR 27-22L-56-1 32 325H,pinned
pinned,1441835.6797979514,1442735.670859309,899.9910613573925,True,311,S,5,7238.066157760814,0.2917395057633648,rolled,0,4230135781,CBR 27-22K-56-1 32 324H,4230135781,CBR 27-22K-56-1 32 324H,pinned
pinned,1442735.670859309,1443935.6589411187,1199.9880818098566,True,312,S,5,7238.066157760814,0.2917395057633648,rolled,0,4230135780,CBR 27-22J-56-1 323H,4230135780,CBR 27-22J-56-1 323H,pinned
pinned,1443935.6589411187,1445135.6470229286,1199.9880818098566,True,313,S,5,7238.066157760814,0.2917395057633648,rolled,0,4230135779,CBR 27-22I-56-1 32 322H,4230135779,CBR 27-22I-56-1 32 322H,pinned
pinned,1445135.6470229286,1446435.634111556,1299.9870886273447,True,314,S,5,7238.066157760814,0.2917395057633648,rolled,0,4230135778,CBR 27-22H-56-1 32 321H,4230135778,CBR 27-22H-56-1 32 321H,pinned
pinned,1446435.634111556,1447335.6251729133,899.9910613573925,True,315,S,5,7238.066157760814,0.2917395057633648,rolled,0,4230136004,CBR 14-23-26G-56-1 32 325H,4230136004,CBR 14-23-26G-56-1 32 325H,pinned
pinned,1447335.6251729133,1448335.6152410882,999.9900681748805,True,316,S,3,8994.886419510276,0.362550391393127,rolled,0,4230136005,CBR 14-23-26H-56-1 32 324H,4230136005,CBR 14-23-26H-56-1 32 324H,pinned
pinned,1448335.6152410882,1449235.6063024455,899.9910613573925,True,317,S,3,8994.886419510276,0.362550391393127,rolled,0,4230136000,CBR 14-23-26I-56-1 32 323H,4230136000,CBR 14-23-26I-56-1 32 323H,pinned
pinned,1449235.6063024455,1450235.5963706204,999.9900681748805,True,318,S,2,9892.468630949435,0.3987285894144971,rolled,0,4230135999,CBR 14-23-26J-56-1 32 322H,4230135999,CBR 14-23-26J-56-1 32 322H,pinned
pinned,1450235.5963706204,1454435.554656955,4199.958286334499,True,319,S,5,17149.03989652771,0.6912139671954829,rolled,0,4230135784,CBR 14-23-26K-56-1 32 321H,4230135784,CBR 14-23-26K-56-1 32 321H,pinned
gap,1454435.554656955,1457435.5248614796,2999.9702045246418,False,320,S,4,19072.656106788476,0.7687477766727765,unknown,0,4230135784,CBR 14-23-26K-56-1 32 321H,4230135500,MAHOGANY 24-13K-56-1 32 324H,1/2-1 mi
pinned,1457435.5248614796,1460435.4950660043,2999.9702045246418,True,321,S,4,19072.656106788476,0.7687477766727765,unknown,0,4230135500,MAHOGANY 24-13K-56-1 32 324H,4230135500,MAHOGANY 24-13K-56-1 32 324H,pinned
pinned,1460435.4950660043,1469735.4027000307,9299.90763402639,True,322,S,5,20705.384615384617,0.8345569856191275,unknown,0,4230135501,MAHOGANY 24-13P-56-1 32 322H,4230135501,MAHOGANY 24-13P-56-1 32 322H,pinned
gap,1469735.4027000307,1470935.3907818405,1199.9880818098566,False,323,S,6,18975.526496057424,0.7648328435936858,unknown,0,4230135501,MAHOGANY 24-13P-56-1 32 322H,4230136577,CBR 12-1H-56-1 32 324H,< 1/4 mi
pinned,1470935.3907818405,1472035.3798568328,1099.9890749923686,True,324,S,5,20705.384615384617,0.8345569856191275,unknown,0,4230136577,CBR 12-1H-56-1 32 324H,4230136577,CBR 12-1H-56-1 32 324H,pinned
gap,1472035.3798568328,1480635.2944431368,8599.914586303972,False,325,S,8,17039.44290993063,0.6867965206004828,rolled,0,4230136577,CBR 12-1H-56-1 32 324H,4230136424,LINDSAY 9-4Q-55-1 32 324H,1-2 mi
pinned,1480635.2944431368,1483235.2686203916,2599.9741772546895,True,326,S,3,11561.56364718722,0.46600359692284904,rolled,0,4230136424,LINDSAY 9-4Q-55-1 32 324H,4230136424,LINDSAY 9-4Q-55-1 32 324H,pinned
gap,1483235.2686203916,1489735.2040635282,6499.935443136724,False,327,S,4,11055.191428673983,0.4455936175800998,rolled,0,4230136424,LINDSAY 9-4Q-55-1 32 324H,4230137470,HAWKS 55-1-33-28 M 61H,1-2 mi
pinned,1489735.2040635282,1509335.0093997559,19599.80533622766,True,328,S,1,29285.930047694757,1.1804068340511125,strong,0,4230137470,HAWKS 55-1-33-28 M 61H,4230137470,HAWKS 55-1-33-28 M 61H,pinned
gap,1509335.0093997559,1512634.976624733,3299.9672249771056,False,329,S,1,29285.930047694757,1.1804068340511125,strong,0,4230137470,HAWKS 55-1-33-28 M 61H,4230135721,BUTTERNUT 55-1-39-27 C 62H,1/2-1 mi
pinned,1512634.976624733,1535834.7462063902,23199.769581657227,True,330,S,1,29285.930047694757,1.1804068340511125,strong,0,4230135721,BUTTERNUT 55-1-39-27 C 62H,4230135721,BUTTERNUT 55-1-39-27 C 62H,pinned
gap,1535834.7462063902,1540234.7025063597,4399.9562999694745,False,331,S,4,23380.113423459406,0.9423653481721683,strong,0,4230135721,BUTTERNUT 55-1-39-27 C 62H,4230135420,COTTONWOOD 55-1-14-11 A 61H,1/2-1 mi
pinned,1540234.7025063597,1547734.6280176714,7499.925511311604,True,332,S,5,17474.296799224052,0.704323862293224,unknown,0,4230135420,COTTONWOOD 55-1-14-11 A 61H,4230135420,COTTONWOOD 55-1-14-11 A 61H,pinned
gap,1547734.6280176714,1549634.6091472036,1899.981129532273,False,333,S,4,19989.816225877774,0.8057150872799176,unknown,0,4230135420,COTTONWOOD 55-1-14-11 A 61H,4230135801,LINDSAY 2-11E-55-1 32 322H,1/4-1/2 mi
pinned,1549634.6091472036,1563934.4671221043,14299.857974900791,True,334,S,4,19989.816225877774,0.8057150872799176,unknown,0,4230135801,LINDSAY 2-11E-55-1 32 322H,4230135801,LINDSAY 2-11E-55-1 32 322H,pinned
pinned,1563934.4671221043,1566234.4442789066,2299.977156802225,True,335,S,2,19989.816225877774,0.8057150872799176,unknown,0,4230135800,LINDSAY 2-11D-55-1 32 321H,4230135800,LINDSAY 2-11D-55-1 32 321H,pinned
gap,1566234.4442789066,1573734.3697902183,7499.925511311604,False,336,S,5,19671.281296023564,0.7928761298873557,unknown,0,4230135800,LINDSAY 2-11D-55-1 32 321H,3001546479,BOROS FEDERAL #124H,1-2 mi
pinned,1573734.3697902183,1579634.3111924499,5899.941402231795,True,337,S,3,22930.21129622105,0.9242314680194329,strong,0,3001546479,BOROS FEDERAL #124H,3001546479,BOROS FEDERAL #124H,pinned
gap,1579634.3111924499,1586634.2416696742,6999.930477224164,False,338,S,2,21529.675917721324,0.8677810998932013,strong,0,3001546479,BOROS FEDERAL #124H,3001555098,BIG SINKS 1 12 H3BO FEDERAL COM #001H,1-2 mi
pinned,1586634.2416696742,1588534.2227992064,1899.981129532273,True,339,S,0,,,unknown,0,3001555098,BIG SINKS 1 12 H3BO FEDERAL COM #001H,3001555098,BIG SINKS 1 12 H3BO FEDERAL COM #001H,pinned
pinned,1588534.2227992064,1589434.2138605637,899.9910613573925,True,340,S,0,,,unknown,0,3001555099,BIG SINKS 1 12 H3AP FEDERAL COM #002H,3001555099,BIG SINKS 1 12 H3AP FEDERAL COM #002H,pinned
pinned,1589434.2138605637,1598434.1244741378,8999.910613573924,True,341,S,0,,,unknown,0,3001555100,BIG SINKS 1 12 H3AP FEDERAL COM #001H,3001555100,BIG SINKS 1 12 H3AP FEDERAL COM #001H,pinned
gap,1598434.1244741378,1603934.0698490995,5499.945374961843,False,342,S,10,26829.417336728737,1.0813939501428562,strong,0,3001555100,BIG SINKS 1 12 H3AP FEDERAL COM #001H,3002548837,JEFE 29 FEDERAL COM #502H,1-2 mi
pinned,1603934.0698490995,1605334.0559445445,1399.9860954448327,True,343,S,9,26852.57111597374,1.0823271928027411,strong,0,3002548837,JEFE 29 FEDERAL COM #502H,3002548837,JEFE 29 FEDERAL COM #502H,pinned
pinned,1605334.0559445445,1606734.0420399893,1399.9860954448327,True,344,S,7,27888.36646963998,1.1240762481393758,strong,0,3002548840,JEFE 29 FEDERAL COM #505H,3002548840,JEFE 29 FEDERAL COM #505H,pinned
pinned,1606734.0420399893,1608734.022176339,1999.980136349761,True,345,S,6,25784.641992919896,1.0392829448283047,strong,0,3002548841,JEFE 29 FEDERAL COM #506H,3002548841,JEFE 29 FEDERAL COM #506H,pinned
gap,1608734.022176339,1609134.018203609,399.9960272699522,False,346,S,6,20562.457515804213,0.8287961262289341,unknown,0,3002548841,JEFE 29 FEDERAL COM #506H,3002545202,VAN DOO DAH 28 33 FEDERAL COM #231H,< 1/4 mi
pinned,1609134.018203609,1609934.010258149,799.9920545399044,True,347,S,6,20562.457515804213,0.8287961262289341,unknown,0,3002545202,VAN DOO DAH 28 33 FEDERAL COM #231H,3002545202,VAN DOO DAH 28 33 FEDERAL COM #231H,pinned
gap,1609934.010258149,1610934.0003263238,999.9900681748805,False,348,S,5,19528.049510880413,0.7871029897562085,unknown,0,3002545202,VAN DOO DAH 28 33 FEDERAL COM #231H,3002545236,VAN DOO DAH 28 33 FEDERAL COM #235H,< 1/4 mi
pinned,1610934.0003263238,1612433.9854285861,1499.9851022623209,True,349,S,4,20562.457515804213,0.8287961262289341,unknown,0,3002545236,VAN DOO DAH 28 33 FEDERAL COM #235H,3002545236,VAN DOO DAH 28 33 FEDERAL COM #235H,pinned
gap,1612433.9854285861,1620233.9079603502,7799.9225317640685,False,350,S,4,25784.641992919896,1.0392829448283047,strong,0,3002545236,VAN DOO DAH 28 33 FEDERAL COM #235H,3002550993,RED HILLS WEST 22 15 FEDERAL COM #524H,1-2 mi
pinned,1620233.9079603502,1624433.8662466847,4199.958286334499,True,351,S,1,32586.144939109603,1.3134262124802425,strong,0,3002550993,RED HILLS WEST 22 15 FEDERAL COM #524H,3002550993,RED HILLS WEST 22 15 FEDERAL COM #524H,pinned
gap,1624433.8662466847,1625133.859294407,699.9930477224163,False,352,S,1,32586.144939109603,1.3134262124802425,strong,0,3002550993,RED HILLS WEST 22 15 FEDERAL COM #524H,3002550972,RED HILLS WEST 22 15 FEDERAL COM #502H,< 1/4 mi
pinned,1625133.859294407,1634133.769907981,8999.910613573924,True,353,S,1,32586.144939109603,1.3134262124802425,strong,0,3002550972,RED HILLS WEST 22 15 FEDERAL COM #502H,3002550972,RED HILLS WEST 22 15 FEDERAL COM #502H,pinned
gap,1634133.769907981,1638933.7222352205,4799.952327239426,False,354,S,5,21054.205788403837,0.8486166687441995,unknown,0,3002550972,RED HILLS WEST 22 15 FEDERAL COM #502H,4230132879,THRESHER 54-1-5 1H,1/2-1 mi
pinned,1638933.7222352205,1645633.655691992,6699.9334567717,True,355,S,4,19301.159221211503,0.7779578866958363,unknown,0,4230132879,THRESHER 54-1-5 1H,4230132879,THRESHER 54-1-5 1H,pinned
gap,1645633.655691992,1646233.649732897,599.9940409049283,True,356,S,3,17548.11265401917,0.7072991046474731,unknown,0,4230132879,THRESHER 54-1-5 1H,4230132879,THRESHER 54-1-5 1H,< 1/4 mi
pinned,1646233.649732897,1649533.616957874,3299.9672249771056,True,357,S,3,17548.11265401917,0.7072991046474731,unknown,0,4230132879,THRESHER 54-1-5 1H,4230132879,THRESHER 54-1-5 1H,pinned
gap,1649533.616957874,1651233.6000737713,1699.9831158972968,False,358,S,4,19301.159221211503,0.7779578866958363,unknown,0,4230132879,THRESHER 54-1-5 1H,4230136547,KING CANYON STATE 54-1-8-5 N 63H,1/4-1/2 mi
pinned,1651233.6000737713,1654633.566305566,3399.9662317945936,True,359,S,4,19301.159221211503,0.7779578866958363,unknown,0,4230136547,KING CANYON STATE 54-1-8-5 N 63H,4230136547,KING CANYON STATE 54-1-8-5 N 63H,pinned
gap,1654633.566305566,1656933.5434623682,2299.977156802225,False,360,S,3,17548.11265401917,0.7072991046474731,unknown,0,4230136547,KING CANYON STATE 54-1-8-5 N 63H,4230133498,Z&T 20 A00 A002,1/4-1/2 mi
pinned,1656933.5434623682,1664233.4709600448,7299.927497676627,True,361,S,2,20248.435360844902,0.8161390619952302,unknown,0,4230133498,Z&T 20 A00 A002,4230133498,Z&T 20 A00 A002,pinned
pinned,1664233.4709600448,1669933.4143486416,5699.943388596819,True,362,S,0,,,unknown,0,4230136468,SEVENGILLS-MCKNIGHT 55 551H,4230136468,SEVENGILLS-MCKNIGHT 55 551H,pinned
gap,1669933.4143486416,1673133.3825668013,3199.9682181596177,False,363,S,0,,,unknown,0,4230136468,SEVENGILLS-MCKNIGHT 55 551H,4230133756,Z&T 42 E00 E006,1/2-1 mi
pinned,1673133.3825668013,1684533.269343995,11399.886777193638,True,364,S,2,20152.31764831981,0.8122649147664005,unknown,0,4230133756,Z&T 42 E00 E006,4230133756,Z&T 42 E00 E006,pinned
gap,1684533.269343995,1687633.238555337,3099.9692113421297,False,365,S,3,20766.31773399015,0.8370129728288518,unknown,0,4230133756,Z&T 42 E00 E006,4230136929,MOOSEHORN 54-1-41-44 H 62H,1/2-1 mi
pinned,1687633.238555337,1692233.1928689415,4599.95431360445,True,366,S,5,20766.31773399015,0.8370129728288518,unknown,0,4230136929,MOOSEHORN 54-1-41-44 H 62H,4230136929,MOOSEHORN 54-1-41-44 H 62H,pinned
pinned,1692233.1928689415,1693233.1829371164,999.9900681748805,True,367,S,5,20766.31773399015,0.8370129728288518,unknown,0,4230136930,MOOSEHORN 54-1-41-44 I 63H,4230136930,MOOSEHORN 54-1-41-44 I 63H,pinned
pinned,1693233.1829371164,1694233.1730052913,999.9900681748805,True,368,S,5,20766.31773399015,0.8370129728288518,unknown,0,4230136934,MOOSEHORN 54-1-41-44 J 64H,4230136934,MOOSEHORN 54-1-41-44 J 64H,pinned
pinned,1694233.1730052913,1695033.1650598312,799.9920545399044,True,369,S,5,20766.31773399015,0.8370129728288518,unknown,0,4230136933,MOOSEHORN 54-1-41-44 K 65H,4230136933,MOOSEHORN 54-1-41-44 K 65H,pinned
pinned,1695033.1650598312,1696133.1541348235,1099.9890749923686,True,370,S,5,20766.31773399015,0.8370129728288518,unknown,0,4230136935,MOOSEHORN 54-1-41-44 L 66H,4230136935,MOOSEHORN 54-1-41-44 L 66H,pinned
gap,1696133.1541348235,1699533.1203666183,3399.9662317945936,False,371,S,6,20346.6161056759,0.8200963623774273,unknown,0,4230136935,MOOSEHORN 54-1-41-44 L 66H,4230137286,GOLDENEYE 54-2-3 UNIT 61H,1/2-1 mi
pinned,1699533.1203666183,1700933.106462063,1399.9860954448327,True,372,S,1,19926.914477361657,0.803179751926003,unknown,0,4230137286,GOLDENEYE 54-2-3 UNIT 61H,4230137286,GOLDENEYE 54-2-3 UNIT 61H,pinned
gap,1700933.106462063,1703433.0816325003,2499.975170437201,False,373,S,2,17574.73714753005,0.7083722388809501,unknown,0,4230137286,GOLDENEYE 54-2-3 UNIT 61H,4230136605,BRENNAN DALE 21 213H,1/4-1/2 mi
pinned,1703433.0816325003,1705833.05779612,2399.976163619713,True,374,S,2,17574.73714753005,0.7083722388809501,unknown,0,4230136605,BRENNAN DALE 21 213H,4230136605,BRENNAN DALE 21 213H,pinned
gap,1705833.05779612,1706133.0548165725,299.99702045246414,True,375,S,2,17574.73714753005,0.7083722388809501,unknown,0,4230136605,BRENNAN DALE 21 213H,4230136605,BRENNAN DALE 21 213H,< 1/4 mi
pinned,1706133.0548165725,1712332.9932392566,6199.938422684259,True,376,S,2,17574.73714753005,0.7083722388809501,unknown,0,4230136605,BRENNAN DALE 21 213H,4230136605,BRENNAN DALE 21 213H,pinned
gap,1712332.9932392566,1712832.988273344,499.9950340874403,False,377,S,2,17574.73714753005,0.7083722388809501,unknown,0,4230136605,BRENNAN DALE 21 213H,4230135838,BRENNAN DALE 21 214H,< 1/4 mi
pinned,1712832.988273344,1722932.8879619103,10099.899688566293,True,378,S,2,17574.73714753005,0.7083722388809501,unknown,0,4230135838,BRENNAN DALE 21 214H,4230135838,BRENNAN DALE 21 214H,pinned
gap,1722932.8879619103,1727832.8392959672,4899.951334056915,False,379,S,5,27856.455493183643,1.1227900354553682,strong,0,4230135838,BRENNAN DALE 21 214H,4230133816,HAMMERHEAD 54-1-48 1H,1/2-1 mi
pinned,1727832.8392959672,1728532.8323436896,699.9930477224163,True,380,S,4,30681.125741875658,1.2366419793774757,strong,0,4230133816,HAMMERHEAD 54-1-48 1H,4230133816,HAMMERHEAD 54-1-48 1H,pinned
gap,1728532.8323436896,1728832.8293641421,299.99702045246414,True,381,S,4,30681.125741875658,1.2366419793774757,strong,0,4230133816,HAMMERHEAD 54-1-48 1H,4230133816,HAMMERHEAD 54-1-48 1H,< 1/4 mi
pinned,1728832.8293641421,1728932.8283709597,99.99900681748805,True,382,S,4,30681.125741875658,1.2366419793774757,strong,0,4230133816,HAMMERHEAD 54-1-48 1H,4230133816,HAMMERHEAD 54-1-48 1H,pinned
pinned,1728932.8283709597,1730332.8144664045,1399.9860954448327,True,383,S,4,30681.125741875658,1.2366419793774757,strong,0,4230136219,PYTHON 54-1-37-48 C 63HA,4230136219,PYTHON 54-1-37-48 C 63HA,pinned
pinned,1730332.8144664045,1731332.8045345794,999.9900681748805,True,384,S,4,30681.125741875658,1.2366419793774757,strong,0,4230136221,PYTHON 54-1-37-48 D 64HA,4230136221,PYTHON 54-1-37-48 D 64HA,pinned
pinned,1731332.8045345794,1732332.7946027543,999.9900681748805,True,385,S,4,30681.125741875658,1.2366419793774757,strong,0,4230136223,PYTHON 54-1-37-48 E 65HA,4230136223,PYTHON 54-1-37-48 E 65HA,pinned
pinned,1732332.7946027543,1734032.7777186516,1699.9831158972968,True,386,S,4,30681.125741875658,1.2366419793774757,strong,0,4230136225,PYTHON 54-1-37-48 F 66HA,4230136225,PYTHON 54-1-37-48 F 66HA,pinned
gap,1734032.7777186516,1736332.7548754537,2299.977156802225,False,387,S,4,30681.125741875658,1.2366419793774757,strong,0,4230136225,PYTHON 54-1-37-48 F 66HA,4230133132,BONGO 76-43 LOV UNIT 2H,1/4-1/2 mi
pinned,1736332.7548754537,1741932.6992572332,5599.944381779331,True,388,S,2,34066.03263877411,1.3730749773126116,strong,0,4230133132,BONGO 76-43 LOV UNIT 2H,4230133132,BONGO 76-43 LOV UNIT 2H,pinned
gap,1741932.6992572332,1750232.6168230847,8299.917565851509,False,389,SE,3,22236.097169243123,0.8962543111471123,strong,0,4230133132,BONGO 76-43 LOV UNIT 2H,4230135222,MCGREGOR D 5 UNIT 501H,1-2 mi
pinned,1750232.6168230847,1754332.5761026016,4099.95927951701,True,390,SE,6,21752.69353231875,0.8767701098360595,strong,0,4230135222,MCGREGOR D 5 UNIT 501H,4230135222,MCGREGOR D 5 UNIT 501H,pinned
gap,1754332.5761026016,1763132.4887025405,8799.912599938949,False,391,SE,8,21752.69353231875,0.8767701098360595,strong,0,4230135222,MCGREGOR D 5 UNIT 501H,4230136237,COPPERHEAD 53-14 B201HS,1-2 mi
pinned,1763132.4887025405,1766332.4569207001,3199.9682181596177,True,392,SE,3,20369.972067039107,0.8210377542459479,unknown,0,4230136237,COPPERHEAD 53-14 B201HS,4230136237,COPPERHEAD 53-14 B201HS,pinned
gap,1766332.4569207001,1768232.4380502324,1899.981129532273,False,393,SE,3,20369.972067039107,0.8210377542459479,unknown,0,4230136237,COPPERHEAD 53-14 B201HS,4230135578,WAHOO 53-2-23 LOV UNIT 11H,1/4-1/2 mi
pinned,1768232.4380502324,1773632.3844183767,5399.946368144355,True,394,SE,3,20369.972067039107,0.8210377542459479,unknown,0,4230135578,WAHOO 53-2-23 LOV UNIT 11H,4230135578,WAHOO 53-2-23 LOV UNIT 11H,pinned
gap,1773632.3844183767,1774532.3754797343,899.9910613573925,False,395,SE,2,20598.10692936321,0.830233021397584,unknown,0,4230135578,WAHOO 53-2-23 LOV UNIT 11H,4230134990,TONOPAH 53-2-27 LOV SB 3H,< 1/4 mi
pinned,1774532.3754797343,1776232.3585956316,1699.9831158972968,True,396,SE,2,20598.10692936321,0.830233021397584,unknown,0,4230134990,TONOPAH 53-2-27 LOV SB 3H,4230134990,TONOPAH 53-2-27 LOV SB 3H,pinned
gap,1776232.3585956316,1779732.3238342435,3499.965238612082,False,397,SE,2,20598.10692936321,0.830233021397584,unknown,0,4230134990,TONOPAH 53-2-27 LOV SB 3H,4230137052,CENTURION 53-2 UNIT 3941H,1/2-1 mi
pinned,1779732.3238342435,1781232.3089365058,1499.9851022623209,True,398,S,0,,,unknown,0,4230137052,CENTURION 53-2 UNIT 3941H,4230137052,CENTURION 53-2 UNIT 3941H,pinned
gap,1781232.3089365058,1784132.2801342132,2899.9711977071534,False,399,S,0,,,unknown,0,4230137052,CENTURION 53-2 UNIT 3941H,4230136602,WD JOHNSON B 53-32 B20 B201HS,1/2-1 mi
pinned,1784132.2801342132,1794832.1738636843,10699.893729471221,True,400,S,0,,,unknown,0,4230136602,WD JOHNSON B 53-32 B20 B201HS,4230136602,WD JOHNSON B 53-32 B20 B201HS,pinned
gap,1794832.1738636843,1799032.1321500188,4199.958286334499,False,401,S,3,22777.6560788609,0.9180825350386874,strong,0,4230136602,WD JOHNSON B 53-32 B20 B201HS,4230135674,GELLER 54-2 SB UNIT 8H,1/2-1 mi
pinned,1799032.1321500188,1800032.1222181937,999.9900681748805,True,402,S,3,22777.6560788609,0.9180825350386874,strong,0,4230135674,GELLER 54-2 SB UNIT 8H,4230135674,GELLER 54-2 SB UNIT 8H,pinned
gap,1800032.1222181937,1800332.119238646,299.99702045246414,False,403,S,3,22777.6560788609,0.9180825350386874,strong,0,4230135674,GELLER 54-2 SB UNIT 8H,4230136156,GELLER 54-2 SB UNIT 3752H,< 1/4 mi
pinned,1800332.119238646,1801932.103347726,1599.9841090798088,True,404,S,3,22777.6560788609,0.9180825350386874,strong,0,4230136156,GELLER 54-2 SB UNIT 3752H,4230136156,GELLER 54-2 SB UNIT 3752H,pinned
pinned,1801932.103347726,1812531.9980703797,10599.894722653733,True,405,S,3,22777.6560788609,0.9180825350386874,strong,0,4230136153,GELLER 54-2 SB UNIT 3751H,4230136153,GELLER 54-2 SB UNIT 3751H,pinned
gap,1812531.9980703797,1815231.971254452,2699.9731840721774,False,406,S,2,14173.19743572453,0.5712688340864849,rolled,0,4230136153,GELLER 54-2 SB UNIT 3751H,4230133495,FALCON STATE UNIT S 2H,1/2-1 mi
pinned,1815231.971254452,1817131.952383984,1899.981129532273,True,407,S,2,14173.19743572453,0.5712688340864849,rolled,0,4230133495,FALCON STATE UNIT S 2H,4230133495,FALCON STATE UNIT S 2H,pinned
gap,1817131.952383984,1821731.9066975885,4599.95431360445,False,408,S,2,21366.31780750685,0.8611967425113185,strong,0,4230133495,FALCON STATE UNIT S 2H,4230132593,BILLY BURT 90-TTT-B33 WF 124H,1/2-1 mi
pinned,1821731.9066975885,1823331.8908066684,1599.9841090798088,True,409,S,2,24171.222386272668,0.9742520058491837,strong,0,4230132593,BILLY BURT 90-TTT-B33 WF 124H,4230132593,BILLY BURT 90-TTT-B33 WF 124H,pinned
gap,1823331.8908066684,1827631.8480998203,4299.957293151986,False,410,S,2,24171.222386272668,0.9742520058491837,strong,0,4230132593,BILLY BURT 90-TTT-B33 WF 124H,4230135920,OXTAIL 54-2-40 SB UNIT 4H,1/2-1 mi
pinned,1827631.8480998203,1830831.81631798,3199.9682181596177,True,411,S,1,28387.46523639253,1.1441930617144176,strong,0,4230135920,OXTAIL 54-2-40 SB UNIT 4H,4230135920,OXTAIL 54-2-40 SB UNIT 4H,pinned
gap,1830831.81631798,1833131.7934747823,2299.977156802225,True,412,S,1,28387.46523639253,1.1441930617144176,strong,0,4230135920,OXTAIL 54-2-40 SB UNIT 4H,4230135920,OXTAIL 54-2-40 SB UNIT 4H,1/4-1/2 mi
pinned,1833131.7934747823,1841831.7070679036,8699.91359312146,True,413,S,1,28387.46523639253,1.1441930617144176,strong,0,4230135920,OXTAIL 54-2-40 SB UNIT 4H,4230135920,OXTAIL 54-2-40 SB UNIT 4H,pinned
gap,1841831.7070679036,1842531.700115626,699.9930477224163,False,414,S,1,28387.46523639253,1.1441930617144176,strong,0,4230135920,OXTAIL 54-2-40 SB UNIT 4H,4230137322,BUCCO 54-2-41 LOV UNIT 4444H,< 1/4 mi
pinned,1842531.700115626,1843731.688197436,1199.9880818098566,True,415,S,1,28387.46523639253,1.1441930617144176,strong,0,4230137322,BUCCO 54-2-41 LOV UNIT 4444H,4230137322,BUCCO 54-2-41 LOV UNIT 4444H,pinned
gap,1843731.688197436,1845031.6752860632,1299.9870886273447,False,416,S,1,28387.46523639253,1.1441930617144176,strong,0,4230137322,BUCCO 54-2-41 LOV UNIT 4444H,4230137307,BUCCO 54-2-41 LOV W UNIT 4142H,< 1/4 mi
pinned,1845031.6752860632,1846131.6643610557,1099.9890749923686,True,417,S,1,28387.46523639253,1.1441930617144176,strong,0,4230137307,BUCCO 54-2-41 LOV W UNIT 4142H,4230137307,BUCCO 54-2-41 LOV W UNIT 4142H,pinned
pinned,1846131.6643610557,1866031.4667177359,19899.802356680124,True,418,S,0,,,unknown,0,4230137306,BUCCO 54-2-41 LOV W UNIT 4141H,4230137306,BUCCO 54-2-41 LOV W UNIT 4141H,pinned
gap,1866031.4667177359,1872831.399181325,6799.932463589187,False,419,S,3,19954.9795361528,0.8043109499839497,unknown,0,4230137306,BUCCO 54-2-41 LOV W UNIT 4141H,4230134078,RIFLE 21801 1H,1-2 mi
pinned,1872831.399181325,1879131.3366108267,6299.937429501747,True,420,S,2,17734.01240920904,0.7147920318352791,unknown,0,4230134078,RIFLE 21801 1H,4230134078,RIFLE 21801 1H,pinned
pinned,1879131.3366108267,1883931.2889380662,4799.952327239426,True,421,S,2,17734.01240920904,0.7147920318352791,unknown,0,4230132592,BILLY BURT 90-TTT-B33 WF 121H,4230132592,BILLY BURT 90-TTT-B33 WF 121H,pinned
gap,1883931.2889380662,1887731.2511971307,3799.962259064546,False,422,S,4,4887.815973883509,0.19700966879863335,rolled,0,4230132592,BILLY BURT 90-TTT-B33 WF 121H,4230136694,CONDOR 24 242H,1/2-1 mi
pinned,1887731.2511971307,1889431.234313028,1699.9831158972968,True,423,S,2,866.3989888113168,0.03492131838539148,rolled,0,4230136694,CONDOR 24 242H,4230136694,CONDOR 24 242H,pinned
gap,1889431.234313028,1889731.2313334804,299.99702045246414,False,424,S,2,866.3989888113168,0.03492131838539148,rolled,0,4230136694,CONDOR 24 242H,4230136807,CONDOR 24 246H,< 1/4 mi
pinned,1889731.2313334804,1893731.19160618,3999.960272699522,True,425,S,2,866.3989888113168,0.03492131838539148,rolled,0,4230136807,CONDOR 24 246H,4230136807,CONDOR 24 246H,pinned
gap,1893731.19160618,1901931.110165214,8199.91855903402,False,426,S,4,3611.4588544233957,0.14556446408610266,rolled,0,4230136807,CONDOR 24 246H,4230133176,DOROTHY WHITE 82-TTT-B33 WF 127H,1-2 mi
pinned,1901931.110165214,1903331.0962606587,1399.9860954448327,True,427,S,3,9313.631056625802,0.37539780130483386,rolled,0,4230133176,DOROTHY WHITE 82-TTT-B33 WF 127H,4230133176,DOROTHY WHITE 82-TTT-B33 WF 127H,pinned
gap,1903331.0962606587,1905431.075403826,2099.9791431672493,False,428,S,3,9313.631056625802,0.37539780130483386,rolled,0,4230133176,DOROTHY WHITE 82-TTT-B33 WF 127H,4230135126,CARTHEL 31-TTT-B02 WF 122H,1/4-1/2 mi
pinned,1905431.075403826,1920130.9294059968,14699.854002170743,True,429,S,3,9313.631056625802,0.37539780130483386,rolled,0,4230135126,CARTHEL 31-TTT-B02 WF 122H,4230135126,CARTHEL 31-TTT-B02 WF 122H,pinned
gap,1920130.9294059968,1927230.8588900384,7099.929484041651,False,430,S,2,10260.749634739692,0.41357262588584154,rolled,0,4230135126,CARTHEL 31-TTT-B02 WF 122H,4230133129,ARNO 78-TTT-B33 WF 122H,1-2 mi
pinned,1927230.8588900384,1929730.8340604757,2499.975170437201,True,431,S,0,,,unknown,0,4230133129,ARNO 78-TTT-B33 WF 122H,4230133129,ARNO 78-TTT-B33 WF 122H,pinned
pinned,1929730.8340604757,1946830.664226266,17099.830165790456,True,432,S,0,,,unknown,0,4230132977,ARNO 78-TTT-B33 WF 121H,4230132977,ARNO 78-TTT-B33 WF 121H,pinned
pinned,1946830.664226266,1948030.652308076,1199.9880818098566,True,433,S,0,,,unknown,0,4230133129,ARNO 78-TTT-B33 WF 122H,4230133129,ARNO 78-TTT-B33 WF 122H,pinned
gap,1948030.652308076,1953830.5947034904,5799.942395414307,False,434,S,3,9313.631056625802,0.37539780130483386,rolled,0,4230133129,ARNO 78-TTT-B33 WF 122H,4230135214,MARSH 81-TTT-B33 WF SA 122H,1-2 mi
pinned,1953830.5947034904,1956130.5718602925,2299.977156802225,True,435,S,3,9313.631056625802,0.37539780130483386,rolled,0,4230135214,MARSH 81-TTT-B33 WF SA 122H,4230135214,MARSH 81-TTT-B33 WF SA 122H,pinned
gap,1956130.5718602925,1958030.5529898247,1899.981129532273,False,436,S,3,9313.631056625802,0.37539780130483386,rolled,0,4230135214,MARSH 81-TTT-B33 WF SA 122H,4230133174,DOROTHY WHITE 82-TTT-B33 WF 124H,1/4-1/2 mi
pinned,1958030.5529898247,1960830.5251807144,2799.9721908896654,True,437,S,3,9313.631056625802,0.37539780130483386,rolled,0,4230133174,DOROTHY WHITE 82-TTT-B33 WF 124H,4230133174,DOROTHY WHITE 82-TTT-B33 WF 124H,pinned
gap,1960830.5251807144,1962730.5063102467,1899.981129532273,False,438,S,1,5762.141031423847,0.23225045751259757,rolled,0,4230133174,DOROTHY WHITE 82-TTT-B33 WF 124H,4230132953,DICK JAY 92-TTT-B01 WF 121H,1/4-1/2 mi
pinned,1962730.5063102467,1966130.4725420412,3399.9662317945936,True,439,S,1,5762.141031423847,0.23225045751259757,rolled,0,4230132953,DICK JAY 92-TTT-B01 WF 121H,4230132953,DICK JAY 92-TTT-B01 WF 121H,pinned
gap,1966130.4725420412,1968230.4516852086,2099.9791431672493,False,440,S,1,20873.34879499849,0.84132699651409,unknown,0,4230132953,DICK JAY 92-TTT-B01 WF 121H,4230132844,NEELIE 1-85 LOV 1H,1/4-1/2 mi
pinned,1968230.4516852086,1978130.3533601398,9899.901674931318,True,441,S,1,20873.34879499849,0.84132699651409,unknown,0,4230132844,NEELIE 1-85 LOV 1H,4230132844,NEELIE 1-85 LOV 1H,pinned
gap,1978130.3533601398,1981230.322571482,3099.9692113421297,False,442,S,3,20336.37589461674,0.8196836175850757,unknown,0,4230132844,NEELIE 1-85 LOV 1H,4230135337,BARNETT TRUST 90-TTT-B01 WF D 123H,1/2-1 mi
pinned,1981230.322571482,1983630.2987351017,2399.976163619713,True,443,S,3,20336.37589461674,0.8196836175850757,unknown,0,4230135337,BARNETT TRUST 90-TTT-B01 WF D 123H,4230135337,BARNETT TRUST 90-TTT-B01 WF D 123H,pinned
gap,1983630.2987351017,1992430.2113350406,8799.912599938949,False,444,S,3,20336.37589461674,0.8196836175850757,unknown,0,4230135337,BARNETT TRUST 90-TTT-B01 WF D 123H,4230136866,COBRA STATE 53-46 B203HS,1-2 mi
pinned,1992430.2113350406,1995230.1835259304,2799.9721908896654,True,445,S,0,,,unknown,0,4230136866,COBRA STATE 53-46 B203HS,4230136866,COBRA STATE 53-46 B203HS,pinned
gap,1995230.1835259304,1996030.1755804701,799.9920545399044,False,446,S,0,,,unknown,0,4230136866,COBRA STATE 53-46 B203HS,4230136812,VIPER 53-47 Q B201HS,< 1/4 mi
pinned,1996030.1755804701,1998730.1487645423,2699.9731840721774,True,447,S,0,,,unknown,0,4230136812,VIPER 53-47 Q B201HS,4230136812,VIPER 53-47 Q B201HS,pinned
pinned,1998730.1487645423,1999430.141812265,699.9930477224163,True,448,SE,0,,,unknown,0,4230137004,VIPER 53-47 R B20 B202HS,4230137004,VIPER 53-47 R B20 B202HS,pinned
pinned,1999430.141812265,2005830.0782485842,6399.936436319235,True,449,SE,0,,,unknown,0,4230137008,VIPER 53-47 S B20 B203HS,4230137008,VIPER 53-47 S B20 B203HS,pinned
gap,2005830.0782485842,2009230.0444803787,3399.9662317945936,False,450,SE,0,,,unknown,0,4230137008,VIPER 53-47 S B20 B203HS,4230137395,JOEY CHESTNUT 202BS,1/2-1 mi
pinned,2009230.0444803787,2011730.0196508158,2499.975170437201,True,451,SE,0,,,unknown,0,4230137395,JOEY CHESTNUT 202BS,4230137395,JOEY CHESTNUT 202BS,pinned
gap,2011730.0196508158,2020929.9282780248,9199.9086272089,False,452,SE,0,,,unknown,0,4230137395,JOEY CHESTNUT 202BS,4230137438,LAGER 29-0-16-21 B 61H,1-2 mi
pinned,2020929.9282780248,2026229.8756393516,5299.9473613268665,True,453,SE,0,,,unknown,0,4230137438,LAGER 29-0-16-21 B 61H,4230137438,LAGER 29-0-16-21 B 61H,pinned
gap,2026229.8756393516,2026529.872659804,299.99702045246414,False,454,SE,0,,,unknown,0,4230137438,LAGER 29-0-16-21 B 61H,4230137215,GALAXY 29-0-28-33 F 61H,< 1/4 mi
pinned,2026529.872659804,2027429.8637211614,899.9910613573925,True,455,SE,0,,,unknown,0,4230137215,GALAXY 29-0-28-33 F 61H,4230137215,GALAXY 29-0-28-33 F 61H,pinned
gap,2027429.8637211614,2029129.846837059,1699.9831158972968,True,456,SE,0,,,unknown,0,4230137215,GALAXY 29-0-28-33 F 61H,4230137215,GALAXY 29-0-28-33 F 61H,1/4-1/2 mi
pinned,2029129.846837059,2052329.616418716,23199.769581657227,True,457,SE,0,,,unknown,0,4230137215,GALAXY 29-0-28-33 F 61H,4230137215,GALAXY 29-0-28-33 F 61H,pinned
gap,2052329.616418716,2058429.5558345828,6099.939415866771,False,458,SE,0,,,unknown,0,4230137215,GALAXY 29-0-28-33 F 61H,4230136839,FLEA FLICKER D 2BS,1-2 mi
pinned,2058429.5558345828,2067029.4704208868,8599.914586303972,True,459,SE,0,,,unknown,0,4230136839,FLEA FLICKER D 2BS,4230136839,FLEA FLICKER D 2BS,pinned
gap,2067029.4704208868,2069329.447577689,2299.977156802225,True,460,SE,0,,,unknown,0,4230136839,FLEA FLICKER D 2BS,4230136839,FLEA FLICKER D 2BS,1/4-1/2 mi
pinned,2069329.447577689,2074729.3939458334,5399.946368144355,True,461,SE,0,,,unknown,0,4230136839,FLEA FLICKER D 2BS,4230136839,FLEA FLICKER D 2BS,pinned
gap,2074729.3939458334,2083829.3035662246,9099.909620391412,False,462,SE,0,,,unknown,0,4230136839,FLEA FLICKER D 2BS,4230133857,WEBER 26 G006,1-2 mi
pinned,2083829.3035662246,2086029.2817162094,2199.9781499847372,True,463,SE,0,,,unknown,0,4230133857,WEBER 26 G006,4230133857,WEBER 26 G006,pinned
gap,2086029.2817162094,2090329.2390093615,4299.957293151986,False,464,SE,0,,,unknown,0,4230133857,WEBER 26 G006,4230137208,TAYLOR RUDD DRAW E 1841H,1/2-1 mi
pinned,2090329.2390093615,2091929.2231184412,1599.9841090798088,True,465,SE,1,17584.254278728607,0.7087558390155213,unknown,0,4230137208,TAYLOR RUDD DRAW E 1841H,4230137208,TAYLOR RUDD DRAW E 1841H,pinned
gap,2091929.2231184412,2094429.1982888784,2499.975170437201,False,466,SE,1,17584.254278728607,0.7087558390155213,unknown,0,4230137208,TAYLOR RUDD DRAW E 1841H,4230135990,RUDD DRAW E 341H,1/4-1/2 mi
pinned,2094429.1982888784,2108129.0622228743,13699.863933995863,True,467,SE,1,17584.254278728607,0.7087558390155213,unknown,0,4230135990,RUDD DRAW E 341H,4230135990,RUDD DRAW E 341H,pinned
gap,2108129.0622228743,2109129.052291049,999.9900681748805,True,468,SE,1,17584.254278728607,0.7087558390155213,unknown,0,4230135990,RUDD DRAW E 341H,4230135990,RUDD DRAW E 341H,< 1/4 mi
pinned,2109129.052291049,2112129.022495574,2999.9702045246418,True,469,SE,1,17584.254278728607,0.7087558390155213,unknown,0,4230135990,RUDD DRAW E 341H,4230135990,RUDD DRAW E 341H,pinned
gap,2112129.022495574,2115028.993693281,2899.9711977071534,False,470,SE,1,17584.254278728607,0.7087558390155213,unknown,0,4230135990,RUDD DRAW E 341H,4230132918,LUDEMAN F 505H,1/2-1 mi
pinned,2115028.993693281,2130028.8447159044,14999.851022623208,True,471,SE,1,17584.254278728607,0.7087558390155213,unknown,0,4230132918,LUDEMAN F 505H,4230132918,LUDEMAN F 505H,pinned
gap,2130028.8447159044,2134228.8030022387,4199.958286334499,False,472,SE,0,,,unknown,0,4230132918,LUDEMAN F 505H,4230137208,TAYLOR RUDD DRAW E 1841H,1/2-1 mi
pinned,2134228.8030022387,2137728.768240851,3499.965238612082,True,473,SE,0,,,unknown,0,4230137208,TAYLOR RUDD DRAW E 1841H,4230137208,TAYLOR RUDD DRAW E 1841H,pinned
gap,2137728.768240851,2139528.7503635655,1799.982122714785,True,474,SE,0,,,unknown,0,4230137208,TAYLOR RUDD DRAW E 1841H,4230137208,TAYLOR RUDD DRAW E 1841H,1/4-1/2 mi
pinned,2139528.7503635655,2147928.6669362346,8399.916572668997,True,475,SE,0,,,unknown,0,4230137208,TAYLOR RUDD DRAW E 1841H,4230137208,TAYLOR RUDD DRAW E 1841H,pinned
gap,2147928.6669362346,2154028.6063521015,6099.939415866771,False,476,SE,0,,,unknown,0,4230137208,TAYLOR RUDD DRAW E 1841H,4230135817,WEBER 26 R80 R802,1-2 mi
pinned,2154028.6063521015,2155328.5934407287,1299.9870886273447,True,477,SE,0,,,unknown,0,4230135817,WEBER 26 R80 R802,4230135817,WEBER 26 R80 R802,pinned
pinned,2155328.5934407287,2156828.578542991,1499.9851022623209,True,478,SE,0,,,unknown,0,4230135816,WEBER 26 L80 L801,4230135816,WEBER 26 L80 L801,pinned
gap,2156828.578542991,2162628.5209384053,5799.942395414307,False,479,SE,0,,,unknown,0,4230135816,WEBER 26 L80 L801,4230136243,COPPERHEAD 53-14 B202HS,1-2 mi
pinned,2162628.5209384053,2165128.4961088425,2499.975170437201,True,480,SE,0,,,unknown,0,4230136243,COPPERHEAD 53-14 B202HS,4230136243,COPPERHEAD 53-14 B202HS,pinned
gap,2165128.4961088425,2172628.4216201543,7499.925511311604,False,481,SE,4,21101.73892168898,0.8505325524222069,strong,0,4230136243,COPPERHEAD 53-14 B202HS,4230137185,OLIVER LOVING UNIT 553H,1-2 mi
pinned,2172628.4216201543,2176028.387851949,3399.9662317945936,True,482,SE,3,20746.980552712383,0.8362335630271351,unknown,0,4230137185,OLIVER LOVING UNIT 553H,4230137185,OLIVER LOVING UNIT 553H,pinned
gap,2176028.387851949,2176728.380899671,699.9930477224163,True,483,SE,2,21170.112192163688,0.8532884244605314,strong,0,4230137185,OLIVER LOVING UNIT 553H,4230137185,OLIVER LOVING UNIT 553H,< 1/4 mi
pinned,2176728.380899671,2178128.3669951158,1399.9860954448327,True,484,SE,3,20746.980552712383,0.8362335630271351,unknown,0,4230137185,OLIVER LOVING UNIT 553H,4230137185,OLIVER LOVING UNIT 553H,pinned
gap,2178128.3669951158,2180228.346138283,2099.9791431672493,True,485,SE,3,20746.980552712383,0.8362335630271351,unknown,0,4230137185,OLIVER LOVING UNIT 553H,4230137185,OLIVER LOVING UNIT 553H,1/4-1/2 mi
pinned,2180228.346138283,2188628.262710952,8399.916572668997,True,486,SE,7,21456.49729066558,0.8648315418172787,strong,0,4230137185,OLIVER LOVING UNIT 553H,4230137185,OLIVER LOVING UNIT 553H,pinned
gap,2188628.262710952,2191528.2339086593,2899.9711977071534,False,487,SE,7,21456.49729066558,0.8648315418172787,strong,0,4230137185,OLIVER LOVING UNIT 553H,4230134970,ST JOHN 76 2734 TG 601H,1/2-1 mi
pinned,2191528.2339086593,2201028.139556321,9499.905647661364,True,488,SE,7,26623.41871406168,1.0730909124177337,strong,0,4230134970,ST JOHN 76 2734 TG 601H,4230134970,ST JOHN 76 2734 TG 601H,pinned
gap,2201028.139556321,2205828.09188356,4799.952327239426,False,489,SE,8,27317.5183071169,1.1010674834817273,strong,0,4230134970,ST JOHN 76 2734 TG 601H,4230136891,SILVERTIP 76-16 UNIT R 64H,1/2-1 mi
pinned,2205828.09188356,2212328.027326697,6499.935443136724,True,490,SE,3,18678.423015450186,0.752857708149532,unknown,0,4230136891,SILVERTIP 76-16 UNIT R 64H,4230136891,SILVERTIP 76-16 UNIT R 64H,pinned
gap,2212328.027326697,2213628.014415324,1299.9870886273447,False,491,SE,3,18678.423015450186,0.752857708149532,unknown,0,4230136891,SILVERTIP 76-16 UNIT R 64H,4230137315,SILVERTIP 76-9 UNIT F 63H,< 1/4 mi
pinned,2213628.014415324,2222127.929994811,8499.915579486484,True,492,SE,2,18522.24768747694,0.7465628619845114,unknown,0,4230137315,SILVERTIP 76-9 UNIT F 63H,4230137315,SILVERTIP 76-9 UNIT F 63H,pinned
gap,2222127.929994811,2227927.872390225,5799.942395414307,False,493,SE,2,17487.204443714676,0.7048441213986518,unknown,0,4230137315,SILVERTIP 76-9 UNIT F 63H,3002554074,PEACHTREE 25 FEDERAL COM #405H,1-2 mi
pinned,2227927.872390225,2228327.868417495,399.9960272699522,True,494,SE,2,17487.204443714676,0.7048441213986518,unknown,0,3002554074,PEACHTREE 25 FEDERAL COM #405H,3002554074,PEACHTREE 25 FEDERAL COM #405H,pinned
pinned,2228327.868417495,2228827.8634515824,499.9950340874403,True,495,SE,2,17487.204443714676,0.7048441213986518,unknown,0,3002554064,PEACHTREE 25 FEDERAL COM #105H,3002554064,PEACHTREE 25 FEDERAL COM #105H,pinned
pinned,2228827.8634515824,2230627.845574297,1799.982122714785,True,496,SE,2,17487.204443714676,0.7048441213986518,unknown,0,3002554076,PEACHTREE 25 FEDERAL COM #504H,3002554076,PEACHTREE 25 FEDERAL COM #504H,pinned
gap,2230627.845574297,2230727.8445811146,99.99900681748805,False,497,SE,2,17487.204443714676,0.7048441213986518,unknown,0,3002554076,PEACHTREE 25 FEDERAL COM #504H,3002554052,PEACHTREE 24 FEDERAL COM #202H,< 1/4 mi
pinned,2230727.8445811146,2233427.817765187,2699.9731840721774,True,498,SE,3,19686.46394793044,0.7934880860738489,unknown,0,3002554052,PEACHTREE 24 FEDERAL COM #202H,3002554052,PEACHTREE 24 FEDERAL COM #202H,pinned
gap,2233427.817765187,2235727.794921989,2299.977156802225,False,499,SE,3,19686.46394793044,0.7934880860738489,unknown,0,3002554052,PEACHTREE 24 FEDERAL COM #202H,3002547581,FIGHTING OKRA 18 19 FEDERAL #026H,1/4-1/2 mi
pinned,2235727.794921989,2240827.744269681,5099.949347691891,True,500,SE,2,16502.806442050325,0.6651667020133547,rolled,0,3002547581,FIGHTING OKRA 18 19 FEDERAL #026H,3002547581,FIGHTING OKRA 18 19 FEDERAL #026H,pinned
gap,2240827.744269681,2249027.662828715,8199.91855903402,False,501,SE,3,14545.576767948374,0.5862780589224574,rolled,0,3002547581,FIGHTING OKRA 18 19 FEDERAL #026H,3002550676,RAILSPLITTER 15 22 FEDERAL COM #012H,1-2 mi
pinned,2249027.662828715,2253227.6211150493,4199.958286334499,True,502,SE,2,14096.397426887414,0.5681733115902255,rolled,0,3002550676,RAILSPLITTER 15 22 FEDERAL COM #012H,3002550676,RAILSPLITTER 15 22 FEDERAL COM #012H,pinned
pinned,2253227.6211150493,2256127.5923127565,2899.9711977071534,True,503,SE,3,14545.576767948374,0.5862780589224574,rolled,0,3002550677,RAILSPLITTER 15 22 FEDERAL COM #013H,3002550677,RAILSPLITTER 15 22 FEDERAL COM #013H,pinned
gap,2256127.5923127565,2258627.5674831937,2499.975170437201,False,504,SE,3,14545.576767948374,0.5862780589224574,rolled,0,3002550677,RAILSPLITTER 15 22 FEDERAL COM #013H,3002547419,MUSKIE 23 11 FEDERAL COM #009H,1/4-1/2 mi
pinned,2258627.5674831937,2261527.538680901,2899.9711977071534,True,505,SE,3,14545.576767948374,0.5862780589224574,rolled,0,3002547419,MUSKIE 23 11 FEDERAL COM #009H,3002547419,MUSKIE 23 11 FEDERAL COM #009H,pinned
gap,2261527.538680901,2268827.466178578,7299.927497676627,False,506,SE,6,16409.34566278659,0.6613996458748271,rolled,0,3002547419,MUSKIE 23 11 FEDERAL COM #009H,3002554482,LOS VAQUEROS FEDERAL #121H,1-2 mi
pinned,2268827.466178578,2275727.397648984,6899.9314704066755,True,507,SE,0,,,unknown,0,3002554482,LOS VAQUEROS FEDERAL #121H,3002554482,LOS VAQUEROS FEDERAL #121H,pinned
gap,2275727.397648984,2276827.3867239766,1099.9890749923686,False,508,SE,0,,,unknown,0,3002554482,LOS VAQUEROS FEDERAL #121H,4230137324,LOS VAQUEROS UNIT 2 121H,< 1/4 mi
pinned,2276827.3867239766,2279227.3628875962,2399.976163619713,True,509,SE,0,,,unknown,0,4230137324,LOS VAQUEROS UNIT 2 121H,4230137324,LOS VAQUEROS UNIT 2 121H,pinned
pinned,2279227.3628875962,2283227.323160296,3999.960272699522,True,510,SE,2,11051.377672981756,0.4454398992834579,rolled,0,4230137346,LOS VAQUEROS UNIT 2 151H,4230137346,LOS VAQUEROS UNIT 2 151H,pinned
gap,2283227.323160296,2287827.2774739005,4599.95431360445,False,511,SE,4,13137.858073615855,0.5295381580722738,rolled,0,4230137346,LOS VAQUEROS UNIT 2 151H,4230136253,QUEEN ROBYN W2W2 O 121H,1/2-1 mi
pinned,2287827.2774739005,2295127.204971577,7299.927497676627,True,512,SE,4,16839.767555712056,0.6787483502904628,rolled,0,4230136253,QUEEN ROBYN W2W2 O 121H,4230136253,QUEEN ROBYN W2W2 O 121H,pinned
gap,2295127.204971577,2302027.1364419837,6899.9314704066755,False,513,SE,4,16839.767555712056,0.6787483502904628,rolled,0,4230136253,QUEEN ROBYN W2W2 O 121H,4230137385,SCOTT-STATE-REVOLVER B 12 121H,1-2 mi
pinned,2302027.1364419837,2317426.9834918766,15399.84704989316,True,514,SE,0,,,unknown,0,4230137385,SCOTT-STATE-REVOLVER B 12 121H,4230137385,SCOTT-STATE-REVOLVER B 12 121H,pinned
gap,2317426.9834918766,2318926.968594139,1499.9851022623209,False,515,SE,0,,,unknown,0,4230137385,SCOTT-STATE-REVOLVER B 12 121H,4230137545,BACKDOOR SLIDER D 122H,1/4-1/2 mi
pinned,2318926.968594139,2330826.85040542,11899.881811281079,True,516,SE,0,,,unknown,0,4230137545,BACKDOOR SLIDER D 122H,4230137545,BACKDOOR SLIDER D 122H,pinned
pinned,2330826.85040542,2342826.731223519,11999.880818098567,True,517,SE,0,,,unknown,0,4230137550,BACKDOOR SLIDER E 124H,4230137550,BACKDOOR SLIDER E 124H,pinned
gap,2342826.731223519,2344226.7173189637,1399.9860954448327,False,518,SE,0,,,unknown,0,4230137550,BACKDOOR SLIDER E 124H,4230137038,SCOTT-STATE-AFTERBUZZ D 12 123H,1/4-1/2 mi
pinned,2344226.7173189637,2359326.5673484043,15099.850029440697,True,519,SE,0,,,unknown,0,4230137038,SCOTT-STATE-AFTERBUZZ D 12 123H,4230137038,SCOTT-STATE-AFTERBUZZ D 12 123H,pinned
gap,2359326.5673484043,2368026.4809415257,8699.91359312146,False,520,SE,3,13849.405164909564,0.5582179728483252,rolled,0,4230137038,SCOTT-STATE-AFTERBUZZ D 12 123H,4230136737,REN STATE 13-14G 305H,1-2 mi
pinned,2368026.4809415257,2385526.3071345864,17499.82619306041,True,521,SE,1,11529.506958679469,0.46471151112840875,rolled,0,4230136737,REN STATE 13-14G 305H,4230136737,REN STATE 13-14G 305H,pinned
gap,2385526.3071345864,2390526.2574754604,4999.950340874402,False,522,SE,3,14368.148003132344,0.5791265658264554,rolled,0,4230136737,REN STATE 13-14G 305H,3002546811,TALCO STATE FEDERAL COM #127H,1/2-1 mi
pinned,2390526.2574754604,2396526.19788451,5999.9404090492835,True,523,SE,2,14582.20093192385,0.5877542426522435,rolled,0,3002546811,TALCO STATE FEDERAL COM #127H,3002546811,TALCO STATE FEDERAL COM #127H,pinned
gap,2396526.19788451,2403726.126375369,7199.92849085914,False,524,SE,2,14582.20093192385,0.5877542426522435,rolled,0,3002546811,TALCO STATE FEDERAL COM #127H,3002549869,TATANKA FEDERAL COM #651H,1-2 mi
pinned,2403726.126375369,2405926.1045253538,2199.9781499847372,True,525,SE,0,,,unknown,0,3002549869,TATANKA FEDERAL COM #651H,3002549869,TATANKA FEDERAL COM #651H,pinned
pinned,2405926.1045253538,2407426.089627616,1499.9851022623209,True,526,SE,0,,,unknown,0,3002549870,TATANKA FEDERAL COM #652H,3002549870,TATANKA FEDERAL COM #652H,pinned
gap,2407426.089627616,2408226.081682156,799.9920545399044,False,527,SE,0,,,unknown,0,3002549870,TATANKA FEDERAL COM #652H,3002549872,TATANKA FEDERAL COM #654H,< 1/4 mi
pinned,2408226.081682156,2426025.904895669,17799.823213512875,True,528,SE,0,,,unknown,0,3002549872,TATANKA FEDERAL COM #654H,3002549872,TATANKA FEDERAL COM #654H,pinned
gap,2426025.904895669,2434425.821468338,8399.916572668997,False,529,SE,4,16905.48071830204,0.6813970032812334,rolled,0,3002549872,TATANKA FEDERAL COM #654H,3002550903,LOE FEDERAL COM #503H,1-2 mi
pinned,2434425.821468338,2441125.7549251094,6699.9334567717,True,530,SE,3,18039.89690721649,0.7271210974067073,unknown,0,3002550903,LOE FEDERAL COM #503H,3002550903,LOE FEDERAL COM #503H,pinned
gap,2441125.7549251094,2442925.7370478245,1799.982122714785,True,531,SE,2,14954.029217648524,0.6027412568549038,rolled,0,3002550903,LOE FEDERAL COM #503H,3002550903,LOE FEDERAL COM #503H,1/4-1/2 mi
pinned,2442925.7370478245,2454325.623825018,11399.886777193638,True,532,E,3,18039.89690721649,0.7271210974067073,unknown,0,3002550903,LOE FEDERAL COM #503H,3002550903,LOE FEDERAL COM #503H,pinned
pinned,2454325.623825018,2455825.60892728,1499.9851022623209,True,533,E,3,18039.89690721649,0.7271210974067073,unknown,0,3002550900,LOE FEDERAL #502H,3002550900,LOE FEDERAL #502H,pinned
pinned,2455825.60892728,2457125.596015908,1299.9870886273447,True,534,E,3,18039.89690721649,0.7271210974067073,unknown,0,3002550899,LOE FEDERAL #501H,3002550899,LOE FEDERAL #501H,pinned
gap,2457125.596015908,2462525.542384052,5399.946368144355,False,535,E,3,18039.89690721649,0.7271210974067073,unknown,0,3002550899,LOE FEDERAL #501H,3002555132,FIRST TEE FEDERAL COM #122H,1-2 mi
pinned,2462525.542384052,2464725.5205340367,2199.9781499847372,True,536,E,0,,,unknown,0,3002555132,FIRST TEE FEDERAL COM #122H,3002555132,FIRST TEE FEDERAL COM #122H,pinned
pinned,2464725.5205340367,2466725.5006703865,1999.980136349761,True,537,E,0,,,unknown,0,3002555129,FIRST TEE FEDERAL COM #121H,3002555129,FIRST TEE FEDERAL COM #121H,pinned
pinned,2466725.5006703865,2468725.4808067363,1999.980136349761,True,538,E,1,18051.55353255492,0.7275909325865717,unknown,0,3002555132,FIRST TEE FEDERAL COM #122H,3002555132,FIRST TEE FEDERAL COM #122H,pinned
gap,2468725.4808067363,2473125.4371067057,4399.9562999694745,False,539,E,1,18051.55353255492,0.7275909325865717,unknown,0,3002555132,FIRST TEE FEDERAL COM #122H,3002546669,SEINFELD GIPPLE FEDERAL UNIT #134H,1/2-1 mi
pinned,2473125.4371067057,2484725.321897534,11599.884790828613,True,540,E,2,19673.631243889402,0.7929708475390055,unknown,0,3002546669,SEINFELD GIPPLE FEDERAL UNIT #134H,3002546669,SEINFELD GIPPLE FEDERAL UNIT #134H,pinned
gap,2484725.321897534,2485325.315938439,599.9940409049283,False,541,E,2,19673.631243889402,0.7929708475390055,unknown,0,3002546669,SEINFELD GIPPLE FEDERAL UNIT #134H,3002555287,COONSKIN FEE #122H,< 1/4 mi
pinned,2485325.315938439,2486325.306006614,999.9900681748805,True,542,E,2,19673.631243889402,0.7929708475390055,unknown,0,3002555287,COONSKIN FEE #122H,3002555287,COONSKIN FEE #122H,pinned
pinned,2486325.306006614,2487425.2950816066,1099.9890749923686,True,543,E,2,19673.631243889402,0.7929708475390055,unknown,0,3002555340,COONSKIN FEE #152H,3002555340,COONSKIN FEE #152H,pinned
pinned,2487425.2950816066,2500625.163981515,13199.868899908422,True,544,E,2,19673.631243889402,0.7929708475390055,unknown,0,3002550442,COONSKIN FEE #151H,3002550442,COONSKIN FEE #151H,pinned
gap,2500625.163981515,2507225.098431469,6599.934449954211,False,545,E,5,22925.23364485981,0.9240308374205494,strong,0,3002550442,COONSKIN FEE #151H,3002552861,BIGGERS FEDERAL COM #124H,1-2 mi
pinned,2507225.098431469,2508625.084526914,1399.9860954448327,True,546,E,5,22925.23364485981,0.9240308374205494,strong,0,3002552861,BIGGERS FEDERAL COM #124H,3002552861,BIGGERS FEDERAL COM #124H,pinned
pinned,2508625.084526914,2510325.067642811,1699.9831158972968,True,547,E,3,22715.64976606512,0.9155832913657275,strong,0,3002552860,BIGGERS FEDERAL COM #123H,3002552860,BIGGERS FEDERAL COM #123H,pinned
gap,2510325.067642811,2511025.060690534,699.9930477224163,False,548,E,3,22715.64976606512,0.9155832913657275,strong,0,3002552860,BIGGERS FEDERAL COM #123H,3002552870,BIGGERS FEDERAL COM #121H,< 1/4 mi
pinned,2511025.060690534,2512825.0428132485,1799.982122714785,True,549,SE,3,22715.64976606512,0.9155832913657275,strong,0,3002552870,BIGGERS FEDERAL COM #121H,3002552870,BIGGERS FEDERAL COM #121H,pinned
gap,2512825.0428132485,2521224.9593859175,8399.916572668997,False,550,SE,2,21757.15174100319,0.8769498036340767,strong,0,3002552870,BIGGERS FEDERAL COM #121H,3002554037,GRACKLE 26 EAST FEDERAL COM #103H,1-2 mi
pinned,2521224.9593859175,2528624.8858904117,7399.926504494116,True,551,E,0,,,unknown,0,3002554037,GRACKLE 26 EAST FEDERAL COM #103H,3002554037,GRACKLE 26 EAST FEDERAL COM #103H,pinned
gap,2528624.8858904117,2528724.8848972293,99.99900681748805,True,552,E,0,,,unknown,0,3002554037,GRACKLE 26 EAST FEDERAL COM #103H,3002554037,GRACKLE 26 EAST FEDERAL COM #103H,< 1/4 mi
pinned,2528724.8848972293,2533124.8411971987,4399.9562999694745,True,553,E,0,,,unknown,0,3002554037,GRACKLE 26 EAST FEDERAL COM #103H,3002554037,GRACKLE 26 EAST FEDERAL COM #103H,pinned
gap,2533124.8411971987,2538324.789551708,5199.948354509379,False,554,E,0,,,unknown,0,3002554037,GRACKLE 26 EAST FEDERAL COM #103H,3002549463,SAKER 6 7 FEDERAL #023H,1/2-1 mi
pinned,2538324.789551708,2539024.7825994305,699.9930477224163,True,555,E,0,,,unknown,0,3002549463,SAKER 6 7 FEDERAL #023H,3002549463,SAKER 6 7 FEDERAL #023H,pinned
pinned,2539024.7825994305,2548224.6912266393,9199.9086272089,True,556,E,0,,,unknown,0,3002549464,SAKER 6 7 FEDERAL #024H,3002549464,SAKER 6 7 FEDERAL #024H,pinned
gap,2548224.6912266393,2553024.6435538786,4799.952327239426,False,557,E,1,26496.00572314296,1.067955369002093,strong,0,3002549464,SAKER 6 7 FEDERAL #024H,3002552958,BURKE STATE COM #120H,1/2-1 mi
pinned,2553024.6435538786,2557224.6018402134,4199.958286334499,True,558,E,1,26496.00572314296,1.067955369002093,strong,0,3002552958,BURKE STATE COM #120H,3002552958,BURKE STATE COM #120H,pinned
gap,2557224.6018402134,2560324.571051555,3099.9692113421297,False,559,E,1,26496.00572314296,1.067955369002093,strong,0,3002552958,BURKE STATE COM #120H,3002554355,RED BULL 29 20 FEDERAL #204H,1/2-1 mi
pinned,2560324.571051555,2568524.489610589,8199.91855903402,True,560,E,1,26496.00572314296,1.067955369002093,strong,0,3002554355,RED BULL 29 20 FEDERAL #204H,3002554355,RED BULL 29 20 FEDERAL #204H,pinned
gap,2568524.489610589,2571924.455842384,3399.9662317945936,False,561,E,2,14388.715624388555,0.5799555700838399,rolled,0,3002554355,RED BULL 29 20 FEDERAL #204H,3002551606,MARLAN DOWNEY STATE COM #123H,1/2-1 mi
pinned,2571924.455842384,2584124.3346741176,12199.878831733542,True,562,E,3,15536.234202527596,0.6262077727501016,rolled,0,3002551606,MARLAN DOWNEY STATE COM #123H,3002551606,MARLAN DOWNEY STATE COM #123H,pinned
gap,2584124.3346741176,2586024.31580365,1899.981129532273,False,563,E,3,15536.234202527596,0.6262077727501016,rolled,0,3002551606,MARLAN DOWNEY STATE COM #123H,3002551015,BILL ALEXANDER STATE COM #124H,1/4-1/2 mi
pinned,2586024.31580365,2591824.258199064,5799.942395414307,True,564,E,3,15536.234202527596,0.6262077727501016,rolled,0,3002551015,BILL ALEXANDER STATE COM #124H,3002551015,BILL ALEXANDER STATE COM #124H,pinned
gap,2591824.258199064,2594824.2284035888,2999.9702045246418,False,565,E,2,19765.36493393202,0.7966682911394883,unknown,0,3002551015,BILL ALEXANDER STATE COM #124H,3002554231,BRIDGE STATE UNIT 27 #502H,1/2-1 mi
pinned,2594824.2284035888,2611824.0595625616,16999.831158972967,True,566,E,3,16362.965956157186,0.6595302525321034,rolled,0,3002554231,BRIDGE STATE UNIT 27 #502H,3002554231,BRIDGE STATE UNIT 27 #502H,pinned
gap,2611824.0595625616,2616324.0148693486,4499.955306786962,False,567,E,4,17448.413000651955,0.7032805827157632,unknown,0,3002554231,BRIDGE STATE UNIT 27 #502H,3002548406,HAGBERRY 9 STATE COM #503H,1/2-1 mi
pinned,2616324.0148693486,2622623.9522988503,6299.937429501747,True,568,E,3,18533.86004514673,0.747030912899423,unknown,0,3002548406,HAGBERRY 9 STATE COM #503H,3002548406,HAGBERRY 9 STATE COM #503H,pinned
gap,2622623.9522988503,2625323.9254829227,2699.9731840721774,False,569,E,4,21736.4007598084,0.8761134088200584,strong,0,3002548406,HAGBERRY 9 STATE COM #503H,3002554855,NORTH WILSON DEEP UNIT #019H,1/2-1 mi
pinned,2625323.9254829227,2644923.7308191503,19599.80533622766,True,570,NE,4,21407.685719141,0.8628641290523589,strong,0,3002554855,NORTH WILSON DEEP UNIT #019H,3002554855,NORTH WILSON DEEP UNIT #019H,pinned
gap,2644923.7308191503,2646623.7139350474,1699.9831158972968,False,571,NE,1,24281.511393135275,0.9786973452052947,strong,0,3002554855,NORTH WILSON DEEP UNIT #019H,3002554852,NORTH WILSON DEEP UNIT #015H,1/4-1/2 mi
pinned,2646623.7139350474,2659923.5818417734,13299.86790672591,True,572,NE,2,21450.528313887422,0.8645909545806859,strong,0,3002554852,NORTH WILSON DEEP UNIT #015H,3002554852,NORTH WILSON DEEP UNIT #015H,pinned
gap,2659923.5818417734,2660023.580848591,99.99900681748805,False,573,NE,1,18619.54523463957,0.750484563956077,unknown,0,3002554852,NORTH WILSON DEEP UNIT #015H,3002555312,NORTH WILSON DEEP UNIT #014H,< 1/4 mi
pinned,2660023.580848591,2661923.561978123,1899.981129532273,True,574,NE,2,19324.474026627297,0.7788976197213047,unknown,0,3002555312,NORTH WILSON DEEP UNIT #014H,3002555312,NORTH WILSON DEEP UNIT #014H,pinned
gap,2661923.561978123,2666723.5143053625,4799.952327239426,False,575,NE,3,18619.54523463957,0.750484563956077,unknown,0,3002555312,NORTH WILSON DEEP UNIT #014H,3002545059,CAST AWAY 6 B2BW STATE COM UNIT #001H,1/2-1 mi
pinned,2666723.5143053625,2669523.4864962525,2799.9721908896654,True,576,NE,2,11550.449931336989,0.4655556444036717,rolled,0,3002545059,CAST AWAY 6 B2BW STATE COM UNIT #001H,3002545059,CAST AWAY 6 B2BW STATE COM UNIT #001H,pinned
gap,2669523.4864962525,2674323.438823492,4799.952327239426,False,577,NE,2,11550.449931336989,0.4655556444036717,rolled,0,3002545059,CAST AWAY 6 B2BW STATE COM UNIT #001H,3002551126,MORPHEUS 25 36 STATE COM #001H,1/2-1 mi
pinned,2674323.438823492,2675823.423925754,1499.9851022623209,True,578,NE,1,14321.864167415586,0.5772610366833759,rolled,0,3002551126,MORPHEUS 25 36 STATE COM #001H,3002551126,MORPHEUS 25 36 STATE COM #001H,pinned
pinned,2675823.423925754,2676923.413000746,1099.9890749923686,True,579,NE,1,14321.864167415586,0.5772610366833759,rolled,0,3002554800,SAGE BRUSH 22302 25 24 13 STATE COM #003H,3002554800,SAGE BRUSH 22302 25 24 13 STATE COM #003H,pinned
gap,2676923.413000746,2682623.3563893433,5699.943388596819,False,580,NE,2,15806.711871926153,0.6371097208492846,rolled,0,3002554800,SAGE BRUSH 22302 25 24 13 STATE COM #003H,3002553330,GOAT ROPE 7 18 STATE COM #523H,1-2 mi
pinned,2682623.3563893433,2702523.158746023,19899.802356680124,True,581,NE,1,17291.55957643672,0.6969584050151935,rolled,0,3002553330,GOAT ROPE 7 18 STATE COM #523H,3002553330,GOAT ROPE 7 18 STATE COM #523H,pinned
gap,2702523.158746023,2707023.1140528102,4499.955306786962,False,582,NE,4,13768.629716871903,0.5549622151950114,rolled,1,3002553330,GOAT ROPE 7 18 STATE COM #523H,3002550328,KING EIDER 12 FEDERAL COM #501H,1/2-1 mi
pinned,2707023.1140528102,2711523.0693595973,4499.955306786962,True,583,NE,5,11764.078064647289,0.4741661993047584,rolled,1,3002550328,KING EIDER 12 FEDERAL COM #501H,3002550328,KING EIDER 12 FEDERAL COM #501H,pinned
pinned,2711523.0693595973,2712823.0564482245,1299.9870886273447,True,584,NE,5,11764.078064647289,0.4741661993047584,rolled,0,3002552566,TAG STATE COM #504H,3002552566,TAG STATE COM #504H,pinned
pinned,2712823.0564482245,2713723.047509582,899.9910613573925,True,585,NE,5,11764.078064647289,0.4741661993047584,rolled,0,3002552565,TAG STATE COM #503H,3002552565,TAG STATE COM #503H,pinned
pinned,2713723.047509582,2715023.0345982094,1299.9870886273447,True,586,NE,5,11764.078064647289,0.4741661993047584,rolled,0,3002550981,ZEUS 2 11 2BS FEDERAL COM #004H,3002550981,ZEUS 2 11 2BS FEDERAL COM #004H,pinned
pinned,2715023.0345982094,2716723.0177141065,1699.9831158972968,True,587,NE,5,11764.078064647289,0.4741661993047584,rolled,0,3002550980,ZEUS 2 11 2BS FEDERAL COM #003H,3002550980,ZEUS 2 11 2BS FEDERAL COM #003H,pinned
gap,2716723.0177141065,2721022.975007259,4299.957293151986,False,588,NE,7,12358.065156932857,0.49810760809492327,rolled,0,3002550980,ZEUS 2 11 2BS FEDERAL COM #003H,3002551437,SAND CHUTE 33 9 FEDERAL COM #506H,1/2-1 mi
pinned,2721022.975007259,2722522.9601095207,1499.9851022623209,True,589,NE,3,16713.396865401275,0.6736548181327451,rolled,0,3002551437,SAND CHUTE 33 9 FEDERAL COM #506H,3002551437,SAND CHUTE 33 9 FEDERAL COM #506H,pinned
gap,2722522.9601095207,2724922.936273141,2399.976163619713,False,590,NE,3,16713.396865401275,0.6736548181327451,rolled,0,3002551437,SAND CHUTE 33 9 FEDERAL COM #506H,3002545342,CHAROLAIS 28 21 B2NC STATE COM #001H,1/4-1/2 mi
pinned,2724922.936273141,2734022.845893532,9099.909620391412,True,591,NE,2,14535.731011167067,0.5858812131138342,rolled,0,3002545342,CHAROLAIS 28 21 B2NC STATE COM #001H,3002545342,CHAROLAIS 28 21 B2NC STATE COM #001H,pinned
gap,2734022.845893532,2738322.803186684,4299.957293151986,False,592,NE,2,11695.27806583105,0.471393127435327,rolled,0,3002545342,CHAROLAIS 28 21 B2NC STATE COM #001H,3002551195,EAGLE STATE COM #501H,1/2-1 mi
pinned,2738322.803186684,2753122.656195672,14799.853008988232,True,593,NE,2,12889.486349974726,0.5195272183652686,rolled,1,3002551195,EAGLE STATE COM #501H,3002551195,EAGLE STATE COM #501H,pinned
gap,2753122.656195672,2755822.6293797446,2699.9731840721774,False,594,NE,2,12889.486349974726,0.5195272183652686,rolled,0,3002551195,EAGLE STATE COM #501H,3002552915,BELGIAN BLUE 28 21 STATE COM #508H,1/2-1 mi
pinned,2755822.6293797446,2772122.467490995,16299.838111250552,True,595,NE,4,15037.47993845139,0.6061048447956578,rolled,0,3002552915,BELGIAN BLUE 28 21 STATE COM #508H,3002552915,BELGIAN BLUE 28 21 STATE COM #508H,pinned
gap,2772122.467490995,2773222.4565659873,1099.9890749923686,False,596,NE,3,15328.478151682571,0.6178338996365093,rolled,0,3002552915,BELGIAN BLUE 28 21 STATE COM #508H,3002551338,BELGIAN BLUE 28 21 STATE COM #523H,< 1/4 mi
pinned,2773222.4565659873,2775122.4376955195,1899.981129532273,True,597,NE,3,15328.478151682571,0.6178338996365093,rolled,0,3002551338,BELGIAN BLUE 28 21 STATE COM #523H,3002551338,BELGIAN BLUE 28 21 STATE COM #523H,pinned
pinned,2775122.4376955195,2794322.2470044773,19199.809308957705,True,598,NE,3,15328.478151682571,0.6178338996365093,rolled,0,3002551337,BELGIAN BLUE 28 21 STATE COM #501H,3002551337,BELGIAN BLUE 28 21 STATE COM #501H,pinned
gap,2794322.2470044773,2798622.204297629,4299.957293151986,False,599,NE,4,15037.47993845139,0.6061048447956578,rolled,0,3002551337,BELGIAN BLUE 28 21 STATE COM #501H,3002551195,EAGLE STATE COM #501H,1/2-1 mi
pinned,2798622.204297629,2808122.1099452907,9499.905647661364,True,600,NE,1,11032.490974729242,0.44467864677573077,rolled,0,3002551195,EAGLE STATE COM #501H,3002551195,EAGLE STATE COM #501H,pinned
gap,2808122.1099452907,2812422.0672384426,4299.957293151986,False,601,NE,2,11695.27806583105,0.471393127435327,rolled,0,3002551195,EAGLE STATE COM #501H,3002545342,CHAROLAIS 28 21 B2NC STATE COM #001H,1/2-1 mi
pinned,2812422.0672384426,2816322.0285043246,3899.9612658820342,True,602,NE,1,12358.065156932857,0.49810760809492327,rolled,0,3002545342,CHAROLAIS 28 21 B2NC STATE COM #001H,3002545342,CHAROLAIS 28 21 B2NC STATE COM #001H,pinned
gap,2816322.0285043246,2823821.9540156364,7499.925511311604,False,603,NE,3,9797.879930690042,0.3949160709789083,rolled,0,3002545342,CHAROLAIS 28 21 B2NC STATE COM #001H,3002550525,PERLA VERDE 31 STATE COM #402H,1-2 mi
pinned,2823821.9540156364,2826321.9291860736,2499.975170437201,True,604,NE,2,9741.133774227928,0.3926288446287489,rolled,0,3002550525,PERLA VERDE 31 STATE COM #402H,3002550525,PERLA VERDE 31 STATE COM #402H,pinned
pinned,2826321.9291860736,2827221.920247431,899.9910613573925,True,605,NE,2,9741.133774227928,0.3926288446287489,rolled,0,3002550529,PERLA VERDE 31 STATE COM #403H,3002550529,PERLA VERDE 31 STATE COM #403H,pinned
pinned,2827221.920247431,2830421.8884655903,3199.9682181596177,True,606,NE,2,9741.133774227928,0.3926288446287489,rolled,0,3002550528,PERLA VERDE 31 STATE COM #401H,3002550528,PERLA VERDE 31 STATE COM #401H,pinned
gap,2830421.8884655903,2837921.813976902,7499.925511311604,False,607,NE,2,9741.133774227928,0.3926288446287489,rolled,0,3002550528,PERLA VERDE 31 STATE COM #401H,3002554957,MALLON 27 FEDERAL COM #123H,1-2 mi
pinned,2837921.813976902,2841721.7762359665,3799.962259064546,True,608,NE,0,,,unknown,0,3002554957,MALLON 27 FEDERAL COM #123H,3002554957,MALLON 27 FEDERAL COM #123H,pinned
gap,2841721.7762359665,2847421.7196245636,5699.943388596819,False,609,NE,2,30424.86496794277,1.2263130614173163,strong,0,3002554957,MALLON 27 FEDERAL COM #123H,3002553732,COW BELL 9 4 FEDERAL COM #508H,1-2 mi
pinned,2847421.7196245636,2850521.688835906,3099.9692113421297,True,610,NE,2,30424.86496794277,1.2263130614173163,strong,0,3002553732,COW BELL 9 4 FEDERAL COM #508H,3002553732,COW BELL 9 4 FEDERAL COM #508H,pinned
gap,2850521.688835906,2852221.671951803,1699.9831158972968,False,611,NE,2,30424.86496794277,1.2263130614173163,strong,0,3002553732,COW BELL 9 4 FEDERAL COM #508H,3002555210,ART SMITH STATE COM #121H,1/4-1/2 mi
pinned,2852221.671951803,2862121.5736267343,9899.901674931318,True,612,NE,2,30424.86496794277,1.2263130614173163,strong,1,3002555210,ART SMITH STATE COM #121H,3002555210,ART SMITH STATE COM #121H,pinned
gap,2862121.5736267343,2862921.565681274,799.9920545399044,True,613,NE,1,26115.78947368421,1.0526302672024417,strong,1,3002555210,ART SMITH STATE COM #121H,3002555210,ART SMITH STATE COM #121H,< 1/4 mi
pinned,2862921.565681274,2865521.539858529,2599.9741772546895,True,614,NE,0,,,unknown,1,3002555210,ART SMITH STATE COM #121H,3002555210,ART SMITH STATE COM #121H,pinned
gap,2865521.539858529,2871721.478281213,6199.938422684259,False,615,NE,1,20054.33070866142,0.8083154259493422,unknown,0,3002555210,ART SMITH STATE COM #121H,3002551528,SKY DWELLER 14 STATE COM #607H,1-2 mi
pinned,2871721.478281213,2901021.1872787373,29299.708997523998,True,616,NE,1,20054.33070866142,0.8083154259493422,unknown,0,3002551528,SKY DWELLER 14 STATE COM #607H,3002551528,SKY DWELLER 14 STATE COM #607H,pinned
gap,2901021.1872787373,2907621.1217286913,6599.934449954211,False,617,NE,1,20054.33070866142,0.8083154259493422,unknown,0,3002551528,SKY DWELLER 14 STATE COM #607H,3002555210,ART SMITH STATE COM #121H,1-2 mi
pinned,2907621.1217286913,2909921.0988854934,2299.977156802225,True,618,N,0,,,unknown,0,3002555210,ART SMITH STATE COM #121H,3002555210,ART SMITH STATE COM #121H,pinned
gap,2909921.0988854934,2916221.0363149955,6299.937429501747,False,619,N,0,,,unknown,0,3002555210,ART SMITH STATE COM #121H,3002542699,EK 29 BS2 FEDERAL COM #003H,1-2 mi
pinned,2916221.0363149955,2919721.001553607,3499.965238612082,True,620,N,0,,,unknown,0,3002542699,EK 29 BS2 FEDERAL COM #003H,3002542699,EK 29 BS2 FEDERAL COM #003H,pinned
gap,2919721.001553607,2923420.9648058545,3699.963252247058,False,621,N,0,,,unknown,0,3002542699,EK 29 BS2 FEDERAL COM #003H,3002554928,MACHO MAN 18 19 FEDERAL COM #526H,1/2-1 mi
pinned,2923420.9648058545,2933020.869460333,9599.904654478853,True,622,N,0,,,unknown,0,3002554928,MACHO MAN 18 19 FEDERAL COM #526H,3002554928,MACHO MAN 18 19 FEDERAL COM #526H,pinned
gap,2933020.869460333,2937720.8227807553,4699.953320421939,False,623,N,0,,,unknown,0,3002554928,MACHO MAN 18 19 FEDERAL COM #526H,3002554576,STONE COLD 23 14 FEDERAL COM #528H,1/2-1 mi
pinned,2937720.8227807553,2940020.7999375574,2299.977156802225,True,624,N,1,36090.662007377214,1.4546802512181203,strong,0,3002554576,STONE COLD 23 14 FEDERAL COM #528H,3002554576,STONE COLD 23 14 FEDERAL COM #528H,pinned
pinned,2940020.7999375574,2941220.7880193675,1199.9880818098566,True,625,N,1,36090.662007377214,1.4546802512181203,strong,0,3002554578,STONE COLD 23 14 FEDERAL COM #526H,3002554578,STONE COLD 23 14 FEDERAL COM #526H,pinned
gap,2941220.7880193675,2944320.7572307093,3099.9692113421297,False,626,N,2,38645.8646323636,1.5576709582234007,strong,0,3002554578,STONE COLD 23 14 FEDERAL COM #526H,3002553023,LA ROCA 14 11 B2MD FEDERAL COM #001H,1/2-1 mi
pinned,2944320.7572307093,2949320.707571584,4999.950340874402,True,627,N,2,38645.8646323636,1.5576709582234007,strong,0,3002553023,LA ROCA 14 11 B2MD FEDERAL COM #001H,3002553023,LA ROCA 14 11 B2MD FEDERAL COM #001H,pinned
gap,2949320.707571584,2949820.7026056712,499.9950340874403,False,628,N,2,38645.8646323636,1.5576709582234007,strong,0,3002553023,LA ROCA 14 11 B2MD FEDERAL COM #001H,3002550805,BRAVOS 15 10 B2OB FEDERAL COM #001H,< 1/4 mi
pinned,2949820.7026056712,2951820.682742021,1999.980136349761,True,629,N,2,38645.8646323636,1.5576709582234007,strong,0,3002550805,BRAVOS 15 10 B2OB FEDERAL COM #001H,3002550805,BRAVOS 15 10 B2OB FEDERAL COM #001H,pinned
gap,2951820.682742021,2953120.669830648,1299.9870886273447,False,630,N,2,38645.8646323636,1.5576709582234007,strong,0,3002550805,BRAVOS 15 10 B2OB FEDERAL COM #001H,3002554327,DIRE WOLF 16 9 FEDERAL COM #528H,< 1/4 mi
pinned,2953120.669830648,2955020.6509601804,1899.981129532273,True,631,N,2,38645.8646323636,1.5576709582234007,strong,0,3002554327,DIRE WOLF 16 9 FEDERAL COM #528H,3002554327,DIRE WOLF 16 9 FEDERAL COM #528H,pinned
pinned,2955020.6509601804,2956420.6370556257,1399.9860954448327,True,632,N,1,41201.06725734998,1.6606616652286812,strong,0,3002554326,DIRE WOLF 16 9 FEDERAL COM #526H,3002554326,DIRE WOLF 16 9 FEDERAL COM #526H,pinned
pinned,2956420.6370556257,2957820.6231510704,1399.9860954448327,True,633,N,0,,,unknown,0,3002554325,DIRE WOLF 16 9 FEDERAL COM #523H,3002554325,DIRE WOLF 16 9 FEDERAL COM #523H,pinned
pinned,2957820.6231510704,2973520.467221416,15699.844070345624,True,634,N,0,,,unknown,0,3002554324,DIRE WOLF 16 9 FEDERAL COM #521H,3002554324,DIRE WOLF 16 9 FEDERAL COM #521H,pinned
gap,2973520.467221416,2977320.4294804805,3799.962259064546,False,635,N,0,,,unknown,0,3002554324,DIRE WOLF 16 9 FEDERAL COM #521H,3002542977,ELAND 32 18 33 RN STATE COM #123H,1/2-1 mi
pinned,2977320.4294804805,2980020.4026645524,2699.9731840721774,True,636,N,0,,,unknown,0,3002542977,ELAND 32 18 33 RN STATE COM #123H,3002542977,ELAND 32 18 33 RN STATE COM #123H,pinned
gap,2980020.4026645524,2983920.363930435,3899.9612658820342,False,637,N,0,,,unknown,0,3002542977,ELAND 32 18 33 RN STATE COM #123H,3002554190,EMERALD FEDERAL COM #513H,1/2-1 mi
pinned,2983920.363930435,2985320.3500258797,1399.9860954448327,True,638,N,0,,,unknown,0,3002554190,EMERALD FEDERAL COM #513H,3002554190,EMERALD FEDERAL COM #513H,pinned
pinned,2985320.3500258797,2986320.3400940546,999.9900681748805,True,639,N,0,,,unknown,0,3002550994,EMERALD FEDERAL COM #501H,3002550994,EMERALD FEDERAL COM #501H,pinned
gap,2986320.3400940546,2991620.2874553814,5299.9473613268665,False,640,N,1,37837.02436078116,1.5250696174882163,strong,0,3002550994,EMERALD FEDERAL COM #501H,3002554735,QUERECHO 23 26 FEDERAL COM #527H,1-2 mi
pinned,2991620.2874553814,2997720.226871248,6099.939415866771,True,641,N,3,17061.709269300285,0.6876939946682885,rolled,0,3002554735,QUERECHO 23 26 FEDERAL COM #527H,3002554735,QUERECHO 23 26 FEDERAL COM #527H,pinned
gap,2997720.226871248,2999520.208993963,1799.982122714785,False,642,N,3,17061.709269300285,0.6876939946682885,rolled,0,3002554735,QUERECHO 23 26 FEDERAL COM #527H,3002550873,DRAGONSTONE 11 2 FEDERAL COM #528H,1/4-1/2 mi
pinned,2999520.208993963,3013820.066968864,14299.857974900791,True,643,N,5,33575.403225806454,1.3532995318645649,strong,0,3002550873,DRAGONSTONE 11 2 FEDERAL COM #528H,3002550873,DRAGONSTONE 11 2 FEDERAL COM #528H,pinned
gap,3013820.066968864,3016220.0431324835,2399.976163619713,False,644,N,4,25318.55624755337,1.0204967632664268,strong,0,3002550873,DRAGONSTONE 11 2 FEDERAL COM #528H,3002549601,EASTWATCH 4 3 B2DA FEDERAL COM #001H,1/4-1/2 mi
pinned,3016220.0431324835,3029519.9110392095,13299.86790672591,True,645,N,7,32515.89652448657,1.3105947603608377,strong,0,3002549601,EASTWATCH 4 3 B2DA FEDERAL COM #001H,3002549601,EASTWATCH 4 3 B2DA FEDERAL COM #001H,pinned
pinned,3029519.9110392095,3039919.807748228,10399.896709018758,True,646,N,7,33575.403225806454,1.3532995318645649,strong,0,3002550865,WINTERFELL 6 5 B2BA FEDERAL COM #001H,3002550865,WINTERFELL 6 5 B2BA FEDERAL COM #001H,pinned
gap,3039919.807748228,3041919.7878845776,1999.980136349761,False,647,N,5,35685.332648343174,1.4383429334458613,strong,0,3002550865,WINTERFELL 6 5 B2BA FEDERAL COM #001H,3002548029,CASTLE BLACK 6 1 B2FE FEDERAL COM #001H,1/4-1/2 mi
pinned,3041919.7878845776,3049219.715382254,7299.927497676627,True,648,N,7,29168.7306501548,1.1756829625682013,strong,0,3002548029,CASTLE BLACK 6 1 B2FE FEDERAL COM #001H,3002548029,CASTLE BLACK 6 1 B2FE FEDERAL COM #001H,pinned
gap,3049219.715382254,3051419.693532239,2199.9781499847372,False,649,N,5,29168.7306501548,1.1756829625682013,strong,0,3002548029,CASTLE BLACK 6 1 B2FE FEDERAL COM #001H,3001553846,IRON ISLANDS 11 7 FEDERAL COM #521H,1/4-1/2 mi
pinned,3051419.693532239,3054819.6597640337,3399.9662317945936,True,650,N,7,22011.348336218503,0.8871955222332817,strong,0,3001553846,IRON ISLANDS 11 7 FEDERAL COM #521H,3001553846,IRON ISLANDS 11 7 FEDERAL COM #521H,pinned
pinned,3054819.6597640337,3057319.634934471,2499.975170437201,True,651,N,4,20659.404048768927,0.8327036801247037,unknown,1,3001553847,IRON ISLANDS 11 7 FEDERAL COM #523H,3001553847,IRON ISLANDS 11 7 FEDERAL COM #523H,pinned
gap,3057319.634934471,3058219.6259958283,899.9910613573925,False,652,N,4,20659.404048768927,0.8327036801247037,unknown,1,3001553847,IRON ISLANDS 11 7 FEDERAL COM #523H,3001553848,IRON ISLANDS 11 7 B2JI FEDERAL COM #001H,< 1/4 mi
pinned,3058219.6259958283,3058519.6230162806,299.99702045246414,True,653,N,4,20659.404048768927,0.8327036801247037,unknown,1,3001553848,IRON ISLANDS 11 7 B2JI FEDERAL COM #001H,3001553848,IRON ISLANDS 11 7 B2JI FEDERAL COM #001H,pinned
pinned,3058519.6230162806,3059019.618050368,499.9950340874403,True,654,N,4,20659.404048768927,0.8327036801247037,unknown,1,3001554215,IRON ISLANDS 11 7 B2OP FEDERAL COM #001H,3001554215,IRON ISLANDS 11 7 B2OP FEDERAL COM #001H,pinned
gap,3059019.618050368,3064719.561438965,5699.943388596819,False,655,N,7,19951.02723363593,0.8041516473804963,unknown,1,3001554215,IRON ISLANDS 11 7 B2OP FEDERAL COM #001H,3001554950,PINKIE PIE 22 21 FEDERAL COM #121H,1-2 mi
pinned,3064719.561438965,3065619.5525003225,899.9910613573925,True,656,N,4,13792.328770547267,0.5559174358375993,rolled,0,3001554950,PINKIE PIE 22 21 FEDERAL COM #121H,3001554950,PINKIE PIE 22 21 FEDERAL COM #121H,pinned
gap,3065619.5525003225,3070419.504827562,4799.952327239426,False,657,N,7,23171.70626349892,0.9339652312736474,strong,0,3001554950,PINKIE PIE 22 21 FEDERAL COM #121H,3001549496,LOCAL LEGEND 18 17 B2DA FEDERAL COM #001H,1/2-1 mi
pinned,3070419.504827562,3072919.479997999,2499.975170437201,True,658,N,4,23481.61627621092,0.9464565503593088,strong,0,3001549496,LOCAL LEGEND 18 17 B2DA FEDERAL COM #001H,3001549496,LOCAL LEGEND 18 17 B2DA FEDERAL COM #001H,pinned
gap,3072919.479997999,3078019.429345691,5099.949347691891,False,659,N,2,21080.87861907739,0.8496917512687864,unknown,0,3001549496,LOCAL LEGEND 18 17 B2DA FEDERAL COM #001H,3001557113,FRESH SQUEEZED 6 5 FEDERAL COM #523H,1/2-1 mi
pinned,3078019.429345691,3081219.3975638505,3199.9682181596177,True,660,N,0,,,unknown,0,3001557113,FRESH SQUEEZED 6 5 FEDERAL COM #523H,3001557113,FRESH SQUEEZED 6 5 FEDERAL COM #523H,pinned
pinned,3081219.3975638505,3098219.2287228233,16999.831158972967,True,661,N,1,23352.09612119629,0.9412360750021103,strong,0,3001556991,FRESH SQUEEZED 6 5 FEDERAL COM #521H,3001556991,FRESH SQUEEZED 6 5 FEDERAL COM #521H,pinned
gap,3098219.2287228233,3102019.190981888,3799.962259064546,False,662,N,3,23352.09612119629,0.9412360750021103,strong,0,3001556991,FRESH SQUEEZED 6 5 FEDERAL COM #521H,3001546020,LOCO HILLS 2 3 B2CD FEDERAL COM #001H,1/2-1 mi
pinned,3102019.190981888,3113319.0787522644,11299.88777037615,True,663,N,3,23352.09612119629,0.9412360750021103,strong,0,3001546020,LOCO HILLS 2 3 B2CD FEDERAL COM #001H,3001546020,LOCO HILLS 2 3 B2CD FEDERAL COM #001H,pinned
pinned,3113319.0787522644,3130118.911897602,16799.833145337994,True,664,N,3,24115.841713464804,0.9720198170626133,strong,0,3001556739,CERROS LOCOS 6 4 FEDERAL COM #521H,3001556739,CERROS LOCOS 6 4 FEDERAL COM #521H,pinned
gap,3130118.911897602,3132718.886074857,2599.9741772546895,False,665,NW,2,50504.409156252616,2.0356447488833234,strong,0,3001556739,CERROS LOCOS 6 4 FEDERAL COM #521H,3001555399,SWANSON 2 3 FEDERAL COM #513H,1/4-1/2 mi
pinned,3132718.886074857,3135718.8562793816,2999.9702045246418,True,666,NW,2,50504.409156252616,2.0356447488833234,strong,0,3001555399,SWANSON 2 3 FEDERAL COM #513H,3001555399,SWANSON 2 3 FEDERAL COM #513H,pinned
gap,3135718.8562793816,3137018.8433680087,1299.9870886273447,True,667,NW,2,50504.409156252616,2.0356447488833234,strong,0,3001555399,SWANSON 2 3 FEDERAL COM #513H,3001555399,SWANSON 2 3 FEDERAL COM #513H,< 1/4 mi
pinned,3137018.8433680087,3142718.786756606,5699.943388596819,True,668,NW,5,39243.47584675181,1.5817584418860533,strong,0,3001555399,SWANSON 2 3 FEDERAL COM #513H,3001555399,SWANSON 2 3 FEDERAL COM #513H,pinned
pinned,3142718.786756606,3147718.7370974803,4999.950340874402,True,669,NW,5,39243.47584675181,1.5817584418860533,strong,0,3001555417,SAMSONITE 4 3 FEDERAL COM #523H,3001555417,SAMSONITE 4 3 FEDERAL COM #523H,pinned
gap,3147718.7370974803,3148618.7281588376,899.9910613573925,True,670,NW,1,24904.934593964517,1.0038252139656991,strong,0,3001555417,SAMSONITE 4 3 FEDERAL COM #523H,3001555417,SAMSONITE 4 3 FEDERAL COM #523H,< 1/4 mi
pinned,3148618.7281588376,3155018.664595157,6399.936436319235,True,671,NW,3,34824.24556404611,1.4036357181598162,strong,0,3001555417,SAMSONITE 4 3 FEDERAL COM #523H,3001555417,SAMSONITE 4 3 FEDERAL COM #523H,pinned
gap,3155018.664595157,3156818.6467178715,1799.982122714785,False,672,NW,5,28150.91823125064,1.1346587323969237,strong,0,3001555417,SAMSONITE 4 3 FEDERAL COM #523H,3001550126,DOUBLE STAMP 9 8 B2AB FEDERAL COM #001H,1/4-1/2 mi
pinned,3156818.6467178715,3158618.628840586,1799.982122714785,True,673,NW,6,31487.581897648375,1.26914722527837,strong,0,3001550126,DOUBLE STAMP 9 8 B2AB FEDERAL COM #001H,3001550126,DOUBLE STAMP 9 8 B2AB FEDERAL COM #001H,pinned
gap,3158618.628840586,3160318.6119564837,1699.9831158972968,False,674,NW,4,31487.581897648375,1.26914722527837,strong,0,3001550126,DOUBLE STAMP 9 8 B2AB FEDERAL COM #001H,3001550212,DOUBLE STAMP 9 8 FEDERAL COM #526H,1/4-1/2 mi
pinned,3160318.6119564837,3164118.574215548,3799.962259064546,True,675,NW,4,31487.581897648375,1.26914722527837,strong,0,3001550212,DOUBLE STAMP 9 8 FEDERAL COM #526H,3001550212,DOUBLE STAMP 9 8 FEDERAL COM #526H,pinned
pinned,3164118.574215548,3167918.5364746125,3799.962259064546,True,676,NW,4,30502.02979625359,1.2294232884286536,strong,0,3001550125,DOUBLE STAMP 9 8 FEDERAL COM #528H,3001550125,DOUBLE STAMP 9 8 FEDERAL COM #528H,pinned
gap,3167918.5364746125,3169518.5205836925,1599.9841090798088,False,677,NW,4,30502.02979625359,1.2294232884286536,strong,0,3001550125,DOUBLE STAMP 9 8 FEDERAL COM #528H,3001555239,MOCKINGBIRD 16 17 FEDERAL COM #523H,1/4-1/2 mi
pinned,3169518.5205836925,3171018.505685955,1499.9851022623209,True,678,NW,6,28185.19425513199,1.136040271339609,strong,0,3001555239,MOCKINGBIRD 16 17 FEDERAL COM #523H,3001555239,MOCKINGBIRD 16 17 FEDERAL COM #523H,pinned
gap,3171018.505685955,3176018.4560268293,4999.950340874402,False,679,NW,7,26354.61359524425,1.0622563786070176,strong,0,3001555239,MOCKINGBIRD 16 17 FEDERAL COM #523H,3001546017,PAVO FRIO 29 28 B3BA FEDERAL COM #001H,1/2-1 mi
pinned,3176018.4560268293,3178418.432190449,2399.976163619713,True,680,NW,4,23237.5550942623,0.9366193525435126,strong,0,3001546017,PAVO FRIO 29 28 B3BA FEDERAL COM #001H,3001546017,PAVO FRIO 29 28 B3BA FEDERAL COM #001H,pinned
gap,3178418.432190449,3183918.377565411,5499.945374961843,False,681,NW,6,15557.110375379605,0.6270492135738422,rolled,0,3001546017,PAVO FRIO 29 28 B3BA FEDERAL COM #001H,3001543319,WILD TURKEY 36 35 B2AB STATE COM #001H,1-2 mi
pinned,3183918.377565411,3189418.322940373,5499.945374961843,True,682,NW,5,15656.084656084657,0.6310384984334751,rolled,0,3001543319,WILD TURKEY 36 35 B2AB STATE COM #001H,3001543319,WILD TURKEY 36 35 B2AB STATE COM #001H,pinned
gap,3189418.322940373,3190918.3080426347,1499.9851022623209,False,683,NW,3,15458.136094674555,0.6230599287142095,rolled,0,3001543319,WILD TURKEY 36 35 B2AB STATE COM #001H,3001553996,WOODFORD 27 26 STATE COM #528H,1/4-1/2 mi
pinned,3190918.3080426347,3196918.248451684,5999.9404090492835,True,684,NW,3,15458.136094674555,0.6230599287142095,rolled,0,3001553996,WOODFORD 27 26 STATE COM #528H,3001553996,WOODFORD 27 26 STATE COM #528H,pinned
gap,3196918.248451684,3198518.232560764,1599.9841090798088,True,685,NW,2,18756.410048366484,0.7560010751681598,unknown,0,3001553996,WOODFORD 27 26 STATE COM #528H,3001553996,WOODFORD 27 26 STATE COM #528H,1/4-1/2 mi
pinned,3198518.232560764,3199318.224615304,799.9920545399044,True,686,NW,1,22689.07797461292,0.9145122813560718,strong,0,3001553996,WOODFORD 27 26 STATE COM #528H,3001553996,WOODFORD 27 26 STATE COM #528H,pinned
gap,3199318.224615304,3202218.195813011,2899.9711977071534,True,687,NW,1,22689.07797461292,0.9145122813560718,strong,0,3001553996,WOODFORD 27 26 STATE COM #528H,3001553996,WOODFORD 27 26 STATE COM #528H,1/2-1 mi
pinned,3202218.195813011,3206218.1560857105,3999.960272699522,True,688,NW,1,22689.07797461292,0.9145122813560718,strong,0,3001553996,WOODFORD 27 26 STATE COM #528H,3001553996,WOODFORD 27 26 STATE COM #528H,pinned
gap,3206218.1560857105,3211218.106426585,4999.950340874402,False,689,NW,1,22689.07797461292,0.9145122813560718,strong,0,3001553996,WOODFORD 27 26 STATE COM #528H,3001543315,MAN STATE #003H,1/2-1 mi
pinned,3211218.106426585,3220718.0120742465,9499.905647661364,True,690,NW,1,21374.57469842252,0.8615295470508704,strong,0,3001543315,MAN STATE #003H,3001543315,MAN STATE #003H,pinned
gap,3220718.0120742465,3223717.982278771,2999.9702045246418,False,691,NW,3,20848.70886075949,0.8403338524780659,unknown,0,3001543315,MAN STATE #003H,3001554320,MADERA 9 STATE COM #121H,1/2-1 mi
pinned,3223717.982278771,3226317.9564560256,2599.9741772546895,True,692,NW,4,20467.108427285366,0.824952959372874,unknown,0,3001554320,MADERA 9 STATE COM #121H,3001554320,MADERA 9 STATE COM #121H,pinned
pinned,3226317.9564560256,3227617.9435446532,1299.9870886273447,True,693,NW,4,20467.108427285366,0.824952959372874,unknown,0,3001554321,MADERA 9 STATE COM #122H,3001554321,MADERA 9 STATE COM #122H,pinned
pinned,3227617.9435446532,3228917.9306332804,1299.9870886273447,True,694,NW,4,20467.108427285366,0.824952959372874,unknown,0,3001554316,KLONDIKE 9 STATE COM #123H,3001554316,KLONDIKE 9 STATE COM #123H,pinned
pinned,3228917.9306332804,3231217.9077900825,2299.977156802225,True,695,NW,4,20467.108427285366,0.824952959372874,unknown,0,3001554317,KLONDIKE 9 STATE COM #124H,3001554317,KLONDIKE 9 STATE COM #124H,pinned
gap,3231217.9077900825,3238117.839260489,6899.9314704066755,False,696,NW,4,17817.70507322656,0.7181653716064706,unknown,0,3001554317,KLONDIKE 9 STATE COM #124H,3001547399,LIGHTFOOT 19 STATE COM #222H,1-2 mi
pinned,3238117.839260489,3242217.7985400064,4099.95927951701,True,697,NW,1,15229.517165914374,0.6138451506462954,rolled,0,3001547399,LIGHTFOOT 19 STATE COM #222H,3001547399,LIGHTFOOT 19 STATE COM #222H,pinned
gap,3242217.7985400064,3251117.710146763,8899.911606756437,False,698,NW,2,9001.634195102142,0.3628223691111066,rolled,0,3001547399,LIGHTFOOT 19 STATE COM #222H,3001544291,SECRETARIAT 3 FEDERAL COM #501H,1-2 mi
pinned,3251117.710146763,3270517.5174693554,19399.807322592682,True,699,NW,1,2773.751224289912,0.11179958757591779,rolled,0,3001544291,SECRETARIAT 3 FEDERAL COM #501H,3001544291,SECRETARIAT 3 FEDERAL COM #501H,pinned
gap,3270517.5174693554,3271817.504557983,1299.9870886273447,True,700,NW,1,2773.751224289912,0.11179958757591779,rolled,0,3001544291,SECRETARIAT 3 FEDERAL COM #501H,3001544291,SECRETARIAT 3 FEDERAL COM #501H,< 1/4 mi
pinned,3271817.504557983,3279917.4241101993,8099.919552216532,True,701,NW,1,2773.751224289912,0.11179958757591779,rolled,0,3001544291,SECRETARIAT 3 FEDERAL COM #501H,3001544291,SECRETARIAT 3 FEDERAL COM #501H,pinned
gap,3279917.4241101993,3287217.351607876,7299.927497676627,False,702,NW,1,2773.751224289912,0.11179958757591779,rolled,0,3001544291,SECRETARIAT 3 FEDERAL COM #501H,3001555003,CAMACHO 25 26 STATE COM #201H,1-2 mi
pinned,3287217.351607876,3290917.314860123,3699.963252247058,True,703,NW,0,,,unknown,0,3001555003,CAMACHO 25 26 STATE COM #201H,3001555003,CAMACHO 25 26 STATE COM #201H,pinned
pinned,3290917.314860123,3292517.2989692027,1599.9841090798088,True,704,NW,0,,,unknown,0,3001555002,CAMACHO 25 26 STATE COM #202H,3001555002,CAMACHO 25 26 STATE COM #202H,pinned
pinned,3292517.2989692027,3294317.281091918,1799.982122714785,True,705,NW,0,,,unknown,0,3001555001,CAMACHO 25 26 STATE COM #203H,3001555001,CAMACHO 25 26 STATE COM #203H,pinned
gap,3294317.281091918,3295917.2652009972,1599.9841090798088,False,706,NW,0,,,unknown,0,3001555001,CAMACHO 25 26 STATE COM #203H,3001555000,CAMACHO 25 26 STATE COM #204H,1/4-1/2 mi
pinned,3295917.2652009972,3305717.167869111,9799.90266811383,True,707,NW,0,,,unknown,0,3001555000,CAMACHO 25 26 STATE COM #204H,3001555000,CAMACHO 25 26 STATE COM #204H,pinned
gap,3305717.167869111,3309017.1350940885,3299.9672249771056,False,708,NW,3,16694.970144722196,0.6729121056089048,rolled,0,3001555000,CAMACHO 25 26 STATE COM #204H,3001547740,DAKOTA 32 STATE FEDERAL COM #124H,1/2-1 mi
pinned,3309017.1350940885,3315917.066564495,6899.9314704066755,True,709,NW,3,16694.970144722196,0.6729121056089048,rolled,0,3001547740,DAKOTA 32 STATE FEDERAL COM #124H,3001547740,DAKOTA 32 STATE FEDERAL COM #124H,pinned
gap,3315917.066564495,3321217.013925822,5299.9473613268665,False,710,NW,7,18388.30732767134,0.7411642246247858,unknown,0,3001547740,DAKOTA 32 STATE FEDERAL COM #124H,3001557637,KOALA 9 FEDERAL COM #122H,1-2 mi
pinned,3321217.013925822,3322417.0020076316,1199.9880818098566,True,711,NW,3,18388.30732767134,0.7411642246247858,unknown,0,3001557637,KOALA 9 FEDERAL COM #122H,3001557637,KOALA 9 FEDERAL COM #122H,pinned
pinned,3322417.0020076316,3322816.998034902,399.9960272699522,True,712,NW,2,19435.050578212096,0.7833545489348872,unknown,0,3001554728,KOALA 9 FEDERAL COM #121H,3001554728,KOALA 9 FEDERAL COM #121H,pinned
gap,3322816.998034902,3324116.985123529,1299.9870886273447,False,713,NW,2,19435.050578212096,0.7833545489348872,unknown,0,3001554728,KOALA 9 FEDERAL COM #121H,3001557790,KOALA 9 FEDERAL COM #124H,< 1/4 mi
pinned,3324116.985123529,3325816.968239426,1699.9831158972968,True,714,NW,1,18388.30732767134,0.7411642246247858,unknown,0,3001557790,KOALA 9 FEDERAL COM #124H,3001557790,KOALA 9 FEDERAL COM #124H,pinned
gap,3325816.968239426,3326216.9642666965,399.9960272699522,False,715,NW,0,,,unknown,0,3001557790,KOALA 9 FEDERAL COM #124H,3001557040,FOSTERS 16 15 FEDERAL COM #132H,< 1/4 mi
pinned,3326216.9642666965,3329816.9285121257,3599.96424542957,True,716,NW,0,,,unknown,0,3001557040,FOSTERS 16 15 FEDERAL COM #132H,3001557040,FOSTERS 16 15 FEDERAL COM #132H,pinned
gap,3329816.9285121257,3336616.860975715,6799.932463589187,False,717,NW,0,,,unknown,0,3001557040,FOSTERS 16 15 FEDERAL COM #132H,3001556176,WAYNE GAYLORD 2930 FEDERAL COM #121H,1-2 mi
pinned,3336616.860975715,3343816.7894665743,7199.92849085914,True,718,NW,0,,,unknown,0,3001556176,WAYNE GAYLORD 2930 FEDERAL COM #121H,3001556176,WAYNE GAYLORD 2930 FEDERAL COM #121H,pinned
gap,3343816.7894665743,3346816.759671099,2999.9702045246418,False,719,NW,0,,,unknown,0,3001556176,WAYNE GAYLORD 2930 FEDERAL COM #121H,3001556472,JUNO 26 25 STATE COM #526H,1/2-1 mi
pinned,3346816.759671099,3347716.7507324563,899.9910613573925,True,720,NW,0,,,unknown,0,3001556472,JUNO 26 25 STATE COM #526H,3001556472,JUNO 26 25 STATE COM #526H,pinned
gap,3347716.7507324563,3350616.7219301634,2899.9711977071534,False,721,NW,0,,,unknown,0,3001556472,JUNO 26 25 STATE COM #526H,3001557617,PINTA 29 27 FEDERAL COM #522H,1/2-1 mi
pinned,3350616.7219301634,3353316.6951142354,2699.9731840721774,True,722,NW,0,,,unknown,0,3001557617,PINTA 29 27 FEDERAL COM #522H,3001557617,PINTA 29 27 FEDERAL COM #522H,pinned
gap,3353316.6951142354,3357316.655386935,3999.960272699522,False,723,NW,2,16219.941985180423,0.6537654886164911,rolled,0,3001557617,PINTA 29 27 FEDERAL COM #522H,3001555415,WINE MIXER 21 20 FEDERAL COM #522H,1/2-1 mi
pinned,3357316.655386935,3358316.64545511,999.9900681748805,True,724,NW,2,16219.941985180423,0.6537654886164911,rolled,0,3001555415,WINE MIXER 21 20 FEDERAL COM #522H,3001555415,WINE MIXER 21 20 FEDERAL COM #522H,pinned
pinned,3358316.64545511,3365216.5769255166,6899.9314704066755,True,725,NW,2,16219.941985180423,0.6537654886164911,rolled,0,3001553736,BONNEVILLE 16 STATE #204H,3001553736,BONNEVILLE 16 STATE #204H,pinned
gap,3365216.5769255166,3366216.5669936915,999.9900681748805,True,726,NW,1,16084.243048403709,0.6482959695647199,rolled,0,3001553736,BONNEVILLE 16 STATE #204H,3001553736,BONNEVILLE 16 STATE #204H,< 1/4 mi
pinned,3366216.5669936915,3370416.5252800263,4199.958286334499,True,727,NW,2,16219.941985180423,0.6537654886164911,rolled,0,3001553736,BONNEVILLE 16 STATE #204H,3001553736,BONNEVILLE 16 STATE #204H,pinned
gap,3370416.5252800263,3372716.5024368283,2299.977156802225,False,728,NW,2,16219.941985180423,0.6537654886164911,rolled,0,3001553736,BONNEVILLE 16 STATE #204H,3001555415,WINE MIXER 21 20 FEDERAL COM #522H,1/4-1/2 mi
pinned,3372716.5024368283,3378516.4448322426,5799.942395414307,True,729,NW,2,16219.941985180423,0.6537654886164911,rolled,0,3001555415,WINE MIXER 21 20 FEDERAL COM #522H,3001555415,WINE MIXER 21 20 FEDERAL COM #522H,pinned
gap,3378516.4448322426,3384116.389214022,5599.944381779331,False,730,NW,2,16219.941985180423,0.6537654886164911,rolled,0,3001555415,WINE MIXER 21 20 FEDERAL COM #522H,3001549670,CATALINA 25 30 STATE COM #202H,1-2 mi
pinned,3384116.389214022,3385416.3763026493,1299.9870886273447,True,731,NW,0,,,unknown,0,3001549670,CATALINA 25 30 STATE COM #202H,3001549670,CATALINA 25 30 STATE COM #202H,pinned
gap,3385416.3763026493,3386616.364384459,1199.9880818098566,True,732,NW,0,,,unknown,0,3001549670,CATALINA 25 30 STATE COM #202H,3001549670,CATALINA 25 30 STATE COM #202H,< 1/4 mi
pinned,3386616.364384459,8649.914089712314,14299.857974900791,True,733,NW,0,,,unknown,0,3001549670,CATALINA 25 30 STATE COM #202H,3001549670,CATALINA 25 30 STATE COM #202H,pinned
gap,8649.914089712314,13949.861451039556,5299.9473613268665,False,734,NW,4,21841.114655726953,0.8803340362053276,strong,0,3001549670,CATALINA 25 30 STATE COM #202H,3001554162,VENTURA 3233 FEDERAL COM #203H,1-2 mi
