swap_class,api10,well_name,operator,state_code,county,formation_blueox,cons_suggest,tvd_ft,planned,tvd_round,cons_own_delta,cons_nearest_delta,margin_ratio,cons_n_witness,sql23_nearest,oil12_kft,cohort
WCB_1->WCA,3001549512,RIVERBEND 11 14 FEDERAL COM #017H,Devon,30,Eddy,WCB_1,WCA_1,9668.0,False,False,,68.0,inf,47,WCA_2,24686.689714779604,True
BS3_S->WCA,3001549919,RIVERBEND 11 14 FEDERAL COM #015H,Devon,30,Eddy,BS3_S,WCA_1,9682.0,False,False,,60.0,inf,43,WCA_2,22198.55244679702,True
BS3_C->BS2_S,3001546618,ARKENSTONE 31 FEDERAL #003H,Occidental,30,Eddy,BS3_C,BS2_S,10108.0,False,False,,69.0,inf,32,BS2_S,20717.108480876454,True
BS3_S->WCA,3001548079,SANDLOT 9 8 FEE #525H,Mewbourne,30,Eddy,BS3_S,WCA_1,8860.0,True,False,,24.0,inf,19,BS3_S,18390.13814661692,True
WCA->BS3_S,3001555143,BARNEY #223H,Permian Resources,30,Eddy,WCA_1,BS3_S,8884.0,False,False,,69.5,inf,15,WCA_1,11484.805008477892,True
WCA->WCC,3001555316,PRECIOUS 30 18 FEDERAL COM #042H,Occidental,30,Eddy,WCA_1,WCC,12169.0,False,False,754.0,43.0,17.53488372093023,32,WCA_1,15919.053162592161,True
WCA->WCB_2,3001556933,SANDLOT 9 8 FEE #825H,Mewbourne,30,Eddy,WCA_1,WCB_2,9452.0,True,False,570.5,64.5,8.844961240310077,19,WCB_2,,False
BS3_S->WCA,3002542575,CORONADO 35 FEDERAL #001H,ConocoPhillips,30,Lea,BS3_S,WCA_2,12274.0,False,False,,16.0,inf,22,WCA_2,15184.938854323107,False
BS3_S->WCA,3002548102,JUDGE BAYLOR FEDERAL COM #601H,Devon,30,Lea,BS3_S,WCA_2,12069.0,False,False,,81.0,inf,12,BS3_S,20244.479790419162,True
BS3_S->WCA,3002551412,FORGE FEDERAL COM #602H,Devon,30,Lea,BS3_S,WCA_2,12068.0,True,False,,99.5,inf,24,BS3_S,18221.094485717276,True
WCA->WCB_2,3002551417,FORGE FEDERAL COM #703H,Devon,30,Lea,WCA_1,WCB_2,12400.0,True,True,,107.0,inf,24,WCA_1,17519.599666388658,True
BS3_C->BS2_S,3001540500,BIG EDDY UNIT #252H,Exxon Mobil,30,Eddy,BS3_C,BS2_S,9358.0,False,False,,42.0,inf,10,BS2_S,9386.664074650078,False
BS3_C->BS2_S,3001540731,ANTHILL AAK STATE COM #004H,EOG,30,Eddy,BS3_C,BS2_S,8275.0,False,False,,94.0,inf,17,BS2_S,14572.338257768723,False
BS2_S->BS3_C,3001541194,CEDAR CANYON 23 #002H,Occidental,30,Eddy,BS2_S,BS3_C,8902.0,False,False,,76.0,inf,43,BS3_C,35326.21118012423,False
BS3_C->BS2_S,3001541296,TRANQUIL 13 STATE #004H,EOG,30,Eddy,BS3_C,BS2_S,7871.0,False,False,,11.0,inf,15,BS2_S,17600.745341614907,False
BS3_C->BS2_S,3001541457,BIG EDDY UNIT #256H,Exxon Mobil,30,Eddy,BS3_C,BS2_S,9220.0,False,False,,80.0,inf,21,BS3_C,22017.188563648742,False
WCB_1->WCA,3001541535,COTTON HILLS 23 26 27 FEDERAL COM #001H,Chevron,30,Eddy,WCB_1,WCA_2,9367.0,False,False,,40.0,inf,29,WCA_2,10929.984779299846,False
BS2_S->BS3_C,3001541594,CEDAR CANYON 15 #003H,Occidental,30,Eddy,BS2_S,BS3_C,8815.0,True,False,,11.0,inf,66,BS2_S,25917.105263157893,False
BS3_C->BS2_S,3001541850,MARQUARDT FEDERAL #012H,Devon,30,Eddy,BS3_C,BS2_S,7318.0,False,False,,62.0,inf,29,BS2_S,24834.919948074425,False
BS2_S->BS3_C,3001542479,BIG EDDY UNIT DI4 #270H,Exxon Mobil,30,Eddy,BS2_S,BS3_C,9049.0,False,False,,36.0,inf,17,BS3_C,8336.222222222223,False
WCA->BS3_S,3001542809,DIAMOND PWU 22 #011H,Devon,30,Eddy,WCA_1,BS3_S,9099.0,False,False,,67.0,inf,58,BS3_S,27255.844155844155,False
BS3_C->BS2_S,3001542919,ROBINSON 36 STATE #001H,Devon,30,Eddy,BS3_C,BS2_S,7387.0,False,False,,70.0,inf,12,BS2_S,9223.615916955017,False
BS3_C->BS2_S,3001543158,CRAPSHOOT 13 FEDERAL COM #002H,Permian Resources,30,Eddy,BS3_C,BS2_S,8417.0,False,False,,19.5,inf,9,BS2_S,13470.252469813393,False
BS3_C->BS2_S,3001543227,SOLUTION FEDERAL COM #003H,Permian Resources,30,Eddy,BS3_C,BS2_S,8477.0,False,False,,44.0,inf,16,BS3_C,9146.394439617725,False
WCC->WCA,3001543623,POKER LAKE UNIT #464H,Exxon Mobil,30,Eddy,WCC,WCA_2,11227.0,False,False,557.0,118.0,4.720338983050848,50,WCA_2,29572.628458498024,True
BS3_C->BS2_S,3001543819,CEDAR CANYON 28 FEDERAL COM #008H,Occidental,30,Eddy,BS3_C,BS2_S,8712.0,False,False,107.0,34.5,3.101449275362319,55,BS2_S,51946.86948853616,False
WCA->BS3_S,3001543843,CEDAR CANYON 16 STATE #034H,Occidental,30,Eddy,WCA_1,BS3_S,10038.0,False,False,,63.5,inf,55,WCA_1,42648.87839433294,False
WCA->BS3_S,3001543915,CEDAR CANYON 22 15 FEE #033H,Occidental,30,Eddy,WCXY,BS3_S,10090.0,False,False,,88.0,inf,63,BS3_S,33000.67590402163,False
BS3_S->WCA,3001544096,CYPRESS 33 FEDERAL COM #010H,Occidental,30,Eddy,BS3_S,WCA_1,9968.0,False,False,,112.5,inf,65,WCA_1,39401.64298401421,False
BS2_S->BS3_C,3001541032,CEDAR CANYON 15 #002H,Occidental,30,Eddy,BS2_S,BS3_C,8795.0,False,False,,27.5,inf,64,BS2_S,19475.641025641024,False
WCA->BS3_S,3001544182,CEDAR CANYON 21 FEDERAL COM #031H,Occidental,30,Eddy,WCXY,BS3_S,9950.0,False,False,87.0,20.0,4.35,62,BS3_S,23800.913838120105,False
BS2_S->BS3_C,3001541327,CEDAR CANYON 22 #002H,Occidental,30,Eddy,BS2_S,BS3_C,8813.0,False,False,,6.0,inf,66,BS2_S,14652.222222222223,False
WCA->BS3_S,3001544304,REMUDA NORTH 25 STATE #107H,Exxon Mobil,30,Eddy,WCXY,BS3_S,10438.0,False,False,,89.0,inf,59,WCXY,12657.31026025344,True
BS3_C->BS2_S,3001542931,DEVON 6 FEE #002H,Occidental,30,Eddy,BS3_C,BS2_S,8017.0,False,False,,46.0,inf,31,BS2_S,10391.229366839123,False
BS3_C->BS2_S,3001543551,BIG SINKS DRAW 25 FEDERAL COM #004H,Devon,30,Eddy,BS3_C,BS2_S,10476.0,False,False,,12.0,inf,34,BS2_S,19516.99899583991,True
BS2_S->BS3_C,3001543642,CEDAR CANYON 22 FEDERAL #021H,Occidental,30,Eddy,BS2_S,BS3_C,8817.0,False,False,,3.0,inf,60,BS2_S,32778.141361256545,False
BS2_S->BS3_C,3001543708,CEDAR CANYON 22 FEDERAL COM #004H,Occidental,30,Eddy,BS2_S,BS3_C,8820.0,False,False,,6.0,inf,57,BS2_S,43188.37314105453,False
BS2_S->BS3_C,3001543787,PAVO MACHO 31 32 B2DA FEDERAL COM #001H,Mewbourne,30,Eddy,BS2_S,BS3_C,7692.0,True,False,124.0,17.0,7.294117647058823,16,BS3_C,15656.084656084657,True
BS3_C->BS2_S,3001544537,TURKEY TRACK 4 3 STATE #022H,Occidental,30,Eddy,BS3_C,BS2_S,7957.0,False,False,,12.0,inf,15,BS2_S,17107.219933294095,True
BS2_S->BS3_C,3001544325,SST 6 STATE #123H,Matador,30,Eddy,BS2_S,BS3_C,7744.0,False,False,,70.0,inf,25,BS2_S,45284.73046782237,False
BS3_S->WCA,3001544647,DARK CANYON 15 22 STATE COM 3BS #004H,Permian Resources,30,Eddy,BS3_S,WCA_1,8669.0,False,False,,81.0,inf,12,WCA_1,9100.130415881757,True
BS2_S->BS3_C,3001544702,CORRAL FLY 35 26 FEDERAL COM #021H,Occidental,30,Eddy,BS2_S,BS3_C,8914.0,False,False,,91.5,inf,29,BS2_S,50384.61538461539,True
WCC->WCA,3001544843,MUY WAYNO 18 7 FEDERAL COM #154H,Exxon Mobil,30,Eddy,WCC,WCA_2,10807.0,True,False,,98.0,inf,48,WCA_2,15265.78912378673,True
WCA->BS3_S,3001544974,CB SE 5 32 FEDERAL COM 3 #001H,Chevron,30,Eddy,WCA_1,BS3_S,10011.0,False,False,,68.0,inf,69,WCA_1,3659.081632653061,True
WCA->BS3_S,3001544976,CB SE 5 32 FEDERAL COM 3 #003H,Chevron,30,Eddy,WCA_1,BS3_S,10062.0,False,False,,119.0,inf,71,WCA_1,27754.974245025754,True
BS3_C->BS2_S,3001545279,PALMILLO 21 STATE COM #227H,Permian Resources,30,Eddy,BS3_C,BS2_S,7310.0,False,False,,84.0,inf,28,BS3_C,30303.76988450643,False
BS2_S->BS3_C,3001545041,PALMILLO 26 STATE COM #214H,Permian Resources,30,Eddy,BS2_S,BS3_C,7574.0,True,False,,47.0,inf,34,BS2_S,36619.77272727273,False
WCB_1->WCA,3001545115,HH SO 8 5 FED 003 #001H,Chevron,30,Eddy,WCB_1,WCA_2,9150.0,False,False,189.0,47.0,4.0212765957446805,26,WCB_1,23692.888799355358,True
WCB_1->WCA,3001545493,POKER LAKE UNIT 20 BD #903H,Exxon Mobil,30,Eddy,WCB_1,WCA_2,11172.0,False,False,,10.0,inf,34,WCA_2,27242.86140682519,True
BS3_C->BS2_S,3001545534,SRO 5 STATE COM #507H,ConocoPhillips,30,Eddy,BS3_C,BS2_S,8040.0,False,False,,53.5,inf,27,BS2_S,20856.350247150207,True
BS3_C->BS2_S,3001545800,PALMILLO 3 STATE #242H,Permian Resources,30,Eddy,BS3_C,BS2_S,7441.0,False,False,,58.0,inf,13,BS2_S,34016.742770167424,False
BS3_C->BS2_S,3001545801,PALMILLO 3 STATE COM #243H,Permian Resources,30,Eddy,BS3_C,BS2_S,7414.0,False,False,,9.0,inf,10,BS2_S,30229.402620475237,False
BS3_C->BS2_S,3001545802,PALMILLO 3 STATE COM #244H,Permian Resources,30,Eddy,BS3_C,BS2_S,7449.0,False,False,,43.0,inf,10,BS2_S,35080.46683046683,False
WCC->WCA,3001545932,POKER LAKE UNIT 29 BS #124H,Exxon Mobil,30,Eddy,WCC,WCA_2,11782.0,True,False,796.0,38.0,20.94736842105263,59,WCA_2,16067.737913838482,True
BS3_C->BS2_S,3001546326,CORRAL CANYON 3 FEDERAL COM #022H,Exxon Mobil,30,Eddy,BS3_C,BS2_S,8823.0,True,False,,10.0,inf,36,BS2_S,52136.917849290425,False
WCA->BS3_S,3001545522,CAL MON 35 FEDERAL #173H,Occidental,30,Eddy,WCXY,BS3_S,11704.0,False,False,,73.0,inf,43,BS3_S,25008.74635568513,False
WCA->BS3_S,3001546576,PAPAS FRITAS 27 22 FEDERAL COM #623H,Devon,30,Eddy,WCXY,BS3_S,10283.0,False,False,,105.0,inf,50,WCA_1,25565.26946107784,True
WCA->BS3_S,3001546577,PAPAS FRITAS 27 22 FEDERAL COM #622H,Devon,30,Eddy,WCA_1,BS3_S,10226.0,False,False,,107.0,inf,43,WCA_1,31511.886849232622,True
WCC->WCA,3001546712,POKER LAKE UNIT 17 TWR #126H,Exxon Mobil,30,Eddy,WCC,WCA_1,11899.0,True,False,704.0,112.0,6.285714285714286,38,WCA_1,11365.239294710327,True
BS3_S->WCA,3001545637,LONE TREE DRAW 14 13 STATE COM #335H,Devon,30,Eddy,BS3_S,WCA_1,9061.0,False,False,,119.0,inf,20,WCA_1,10848.676293622142,True
WCB_1->WCA,3001546747,BOROS FEDERAL COM #216H,Matador,30,Eddy,WCB_1,WCA_2,11725.0,True,False,104.0,34.0,3.0588235294117645,67,WCA_2,14724.562474562475,True
WCA->WCC,3001547063,GOONCH FEDERAL COM 0409 #234H,Permian Resources,30,Eddy,WCA_1,WCC,10295.0,True,False,694.5,71.0,9.78169014084507,24,WCC,22889.836256176728,True
WCB_1->WCA,3001545828,POKER LAKE UNIT 13 DTD #707H,Exxon Mobil,30,Eddy,WCB_1,WCA_2,11914.0,False,False,,91.0,inf,46,WCA_2,33291.168449758756,True
WCC->WCA,3001545840,POKER LAKE UNIT 13 DTD #124H,Exxon Mobil,30,Eddy,WCC,WCA_2,11800.0,True,True,704.0,23.0,30.608695652173914,50,WCA_2,20807.37661230146,True
WCA->WCC,3001547280,GOONCH FEDERAL COM 0409 #235H,Permian Resources,30,Eddy,WCA_1,WCC,10287.0,True,False,707.0,75.5,9.364238410596027,24,WCC,39729.69696969697,False
OTHER->WCA,3001545988,HH SO 8 5 FEDERAL 004 #002H,Chevron,30,Eddy,OTHER,WCA_2,9167.0,False,False,,64.0,inf,26,WCB_1,19217.920057229723,True
BS3_S->WCA,3001547597,KANGAROO 12 FEDERAL COM #202H,Permian Resources,30,Eddy,BS3_S,WCA_1,9143.0,False,False,246.5,5.0,49.3,26,WCA_1,24419.833309789516,True
BS3_S->WCA,3001547599,KANGAROO 12 FEDERAL COM #203H,Permian Resources,30,Eddy,BS3_S,WCA_1,9151.0,False,False,230.5,4.0,57.625,26,WCA_1,19072.001105583193,True
WCA->WCB_1,3001547724,ROSS DRAW 17 FEDERAL COM #729H,EOG,30,Eddy,WCA_2,WCB_1,11740.0,False,False,,74.5,inf,53,WCA_2,28664.24581005587,True
WCB_1->WCA,3001546251,POKER LAKE UNIT 13 DTD #206H,Exxon Mobil,30,Eddy,WCB_1,WCA_2,11902.0,False,False,,79.0,inf,47,WCA_2,21957.059756742463,True
WCA->WCB_1,3001547726,ROSS DRAW 17 FEDERAL COM #727H,EOG,30,Eddy,WCA_2,WCB_1,11760.0,False,False,,55.0,inf,54,WCA_2,22209.48669712443,True
WCA->WCB_1,3001547729,ROSS DRAW 17 FEDERAL COM #724H,EOG,30,Eddy,WCA_2,WCB_1,11732.0,False,False,,83.0,inf,52,WCA_2,24166.912652623105,True
WCB_1->WCA,3001546309,DELAWARE RANCH 13 24 W1DM FEDERAL COM #001H,Mewbourne,30,Eddy,WCB_1,WCA_2,9816.0,False,False,,84.5,inf,34,WCB_1,22826.313637292988,True
BS3_C->BS2_S,3001546355,LADY FRANKLIN 25 STATE #124H,Permian Resources,30,Eddy,BS3_C,BS2_S,7766.0,False,False,,71.5,inf,32,BS2_S,17538.657407407405,False
WCB_1->WCA,3001546451,WTG FEDERAL COM #211H,SM Energy,30,Eddy,WCB_1,WCA_2,10174.0,False,False,,99.0,inf,61,WCA_2,17580.58999572467,True
BS3_S->WCA,3001548214,KANGAROO 12 FEDERAL COM #201H,Permian Resources,30,Eddy,BS3_S,WCA_1,9143.0,False,False,265.5,5.0,53.1,23,WCA_1,25526.204266139284,True
WCA->WCB_1,3001548366,RIPPLE 32 FEDERAL COM #737H,EOG,30,Eddy,WCA_2,WCB_1,11699.0,False,False,,109.0,inf,71,WCA_2,21946.58482434374,True
WCA->BS3_S,3001546573,PAPAS FRITAS 27 22 FEDERAL COM #621H,Devon,30,Eddy,WCA_1,BS3_S,10167.0,False,False,,50.5,inf,47,WCA_1,22662.694953017533,True
WCA->BS3_S,3001548579,RANA SALADA FEDERAL 01 #231H,Permian Resources,30,Eddy,WCA_1,BS3_S,9800.0,True,True,157.0,42.0,3.738095238095238,27,BS3_S,19881.430280473214,True
BS2_S->BS3_C,3001548897,BOURBON RED 11 12 B2MP STATE COM #002H,Mewbourne,30,Eddy,BS2_S,BS3_C,7764.0,True,False,,90.0,inf,26,BS3_C,15262.699713232281,True
BS2_S->BS3_C,3001548899,BOURBON RED 11 12 B2EH STATE COM #002H,Mewbourne,30,Eddy,BS2_S,BS3_C,7754.0,False,False,,90.5,inf,20,BS3_C,25171.57423785246,True
BS2_S->BS3_C,3001548900,BOURBON RED 11 12 B2LI STATE COM #002H,Mewbourne,30,Eddy,BS2_S,BS3_C,7755.0,True,False,,81.0,inf,26,BS3_C,22476.757311441765,True
WCA->BS3_S,3001549052,TATER TOT 2 35 FEDERAL COM #622H,Devon,30,Eddy,WCXY,BS3_S,10328.0,True,False,,52.5,inf,61,WCA_1,34762.31138144812,True
WCA->BS3_S,3001549055,TATER TOT 2 35 FEDERAL COM #621H,Devon,30,Eddy,WCA_1,BS3_S,10323.0,False,False,,47.5,inf,67,WCA_1,24684.389366380172,True
BS3_S->WCA,3001549243,CASSIUS FEDERAL COM 1510 #133H,Permian Resources,30,Eddy,BS3_S,WCA_1,10066.0,False,False,,51.0,inf,28,BS3_S,7665.243619489559,True
BS3_S->WCA,3001549305,SATURNINUS FEDERAL COM 1510 #132H,Permian Resources,30,Eddy,BS3_S,WCA_1,10023.0,False,False,,97.5,inf,46,BS3_S,15241.749396297291,True
BS3_C->BS2_S,3001549581,WILD TURKEY 36 35 B2HE STATE COM #001H,Mewbourne,30,Eddy,BS3_C,BS2_S,7501.0,True,False,152.0,15.0,10.133333333333333,13,BS2_S,14823.742122120053,True
BS2_S->BS3_C,3001547295,GALAPAGOS 14 26 FEDERAL COM #212H,Devon,30,Eddy,BS2_S,BS3_C,10379.0,False,False,,95.5,inf,27,BS2_S,24127.456741756447,False
WCA->WCC,3001549869,POKER LAKE UNIT 22 DTD #151H,Exxon Mobil,30,Eddy,WCA_2,WCC,12094.0,True,False,655.0,97.0,6.752577319587629,30,WCB_2,32872.401847575056,False
BS2_S->BS3_C,3001549892,RIO GRANDE 2 1 STATE COM #523H,Mewbourne,30,Eddy,BS2_S,BS3_C,7667.0,False,False,,7.0,inf,14,BS3_C,17208.287786942266,True
BS3_C->WCA,3001553187,CORRAL 16 4 STATE FEDERAL COM #103H,Exxon Mobil,30,Eddy,BS3_C,WCA_1,10000.0,False,True,923.0,33.0,27.96969696969697,84,WCXY,14691.64749051558,False
WCC->WCA,3001553440,POKER LAKE UNIT 30 19 BS #155H,Exxon Mobil,30,Eddy,WCC,WCA_2,11902.0,False,False,626.0,104.0,6.019230769230769,41,WCA_1,25817.06604324956,False
BS3_C->BS2_S,3001553518,FULLER 13 12 B2ED FEDERAL COM #001H,Mewbourne,30,Eddy,BS3_C,BS2_S,8975.0,False,False,,32.5,inf,41,BS2_S,16985.79941676176,True
WCA->BS3_S,3001547949,TOP SPOT 12 13 FEDERAL COM #034H,Occidental,30,Eddy,WCXY,BS3_S,11701.0,False,False,,41.0,inf,33,WCXY,39837.47310776453,True
BS3_S->WCA,3001553742,SIG 6 5 FEDERAL #614H,Mewbourne,30,Eddy,BS3_S,WCA_1,9208.0,False,False,206.0,47.5,4.336842105263158,38,WCA_1,17063.227430009436,True
BS2_S->BS3_C,3001553996,WOODFORD 27 26 STATE COM #528H,Mewbourne,30,Eddy,BS2_S,BS3_C,7503.0,True,False,,54.0,inf,10,BS2_S,22689.07797461292,True
WCB_1->WCA,3001554055,RANA SALADA 0503 FEDERAL COM #224H,Permian Resources,30,Eddy,WCB_1,WCA_2,10375.0,False,False,,58.0,inf,28,WCA_2,18570.535409798795,True
BS2_S->BS3_C,3001554356,JOHN DENVER 15 14 FEDERAL COM #521H,Mewbourne,30,Eddy,BS2_S,BS3_C,7813.0,True,False,,81.0,inf,9,BS3_C,18067.553942327082,True
WCB_1->WCA,3001554368,RANA SALADA 0604 FEDERAL COM #203H,Permian Resources,30,Eddy,WCB_1,WCA_1,10168.0,False,False,,44.0,inf,40,WCA_2,17402.91066977567,True
BS3_C->BS2_S,3001554412,JOHN DENVER 15 14 FEDERAL COM #526H,Mewbourne,30,Eddy,BS3_C,BS2_S,7894.0,False,False,,26.0,inf,8,BS2_S,17245.308310991957,True
BS2_S->BS3_C,3001554413,JOHN DENVER 15 14 FEDERAL COM #528H,Mewbourne,30,Eddy,BS2_S,BS3_C,7934.0,False,False,,40.0,inf,7,BS2_S,18391.996691138454,True
BS3_C->BS2_S,3001555239,MOCKINGBIRD 16 17 FEDERAL COM #523H,Mewbourne,30,Eddy,BS3_C,BS2_S,7653.0,False,False,,75.0,inf,7,BS3_C,26354.61359524425,True
BS3_C->BS2_S,3001548995,SILVER BULLET 16 21 B2BO FEDERAL COM #001H,Mewbourne,30,Eddy,BS3_C,BS2_S,8663.0,True,False,,102.0,inf,24,BS2_S,24917.16218987082,True
BS2_S->BS3_C,3002526824,STATE AP #001,Penroc Oil,30,Lea,BS2_S,BS3_C,9245.0,False,False,,34.0,inf,3,BS2_S,,False
BS3_C->BS2_S,3002527417,STATE HH #001H,Devon,30,Lea,BS3_C,BS2_S,9999.0,False,False,,20.5,inf,19,BS2_S,2917.714285714286,False
BS3_C->BS2_S,3002540827,MAROON BELLS FEDERAL COM 16 32 36 SB #001H,Raybaw Operating,30,Lea,BS3_C,BS2_S,9990.0,True,False,,50.0,inf,16,BS2_S,17170.02457002457,False
WCB_1->WCA,3001549583,MULE 23 11 FEDERAL COM #732H,Devon,30,Eddy,WCB_1,WCA_2,12248.0,True,False,,95.0,inf,44,WCA_2,26577.393075356416,True
BS2_S->BS3_C,3002541473,W BELL LAKE 26 FEDERAL #002H,Devon,30,Lea,BS2_S,BS3_C,11314.0,False,False,,34.0,inf,69,BS3_C,64916.425818882475,False
BS3_C->BS2_S,3001549923,BIG BURRO 27 STATE COM #123H,Permian Resources,30,Eddy,BS3_C,BS2_S,7492.0,False,False,,47.0,inf,24,BS3_C,19907.225044055147,True
WCA->WCB_1,3002543136,RED HILLS WEST UNIT #014H,Mewbourne,30,Lea,WCA_2,WCB_1,12066.0,False,False,,83.0,inf,52,WCA_2,39284.393809114365,False
WCA->BS3_S,3002543550,VAST STATE #021H,ConocoPhillips,30,Lea,WCA_1,BS3_S,12153.0,False,False,162.5,12.0,13.541666666666666,120,WCXY,48379.945429740794,False
WCA->BS3_S,3002543679,NORTH LEA 10 FEDERAL #001H,Permian Resources,30,Lea,WCXY,BS3_S,10898.0,False,False,,33.0,inf,28,BS3_S,29862.780269058294,False
BS3_S->WCA,3002544017,BLACK & TAN 27 FEDERAL COM #301H,Permian Resources,30,Lea,BS3_S,WCA_1,11512.0,False,False,,98.0,inf,30,WCA_1,26313.9482053612,False
WCA->BS3_S,3002544494,VERNA RAE FEDERAL COM #204H,Matador,30,Lea,WCXY,BS3_S,10984.0,False,False,,86.0,inf,18,BS3_S,23720.23936738619,False
BS3_S->WCA,3002544495,EAGLECLAW FEDERAL #002H,3r Operating,30,Lea,BS3_S,WCA_2,11411.0,False,False,204.0,15.0,13.6,23,WCA_2,44071.34654033879,True
BS3_C->BS2_S,3001550201,PALMILLO 29 30 STATE COM #271H,Permian Resources,30,Eddy,BS3_C,BS2_S,7347.0,False,False,,53.0,inf,14,BS3_C,23139.66041809795,True
BS1_S->BS2_S,3002544694,DOMINATOR 25 FEDERAL COM #102H,ConocoPhillips,30,Lea,BS1_S,BS2_S,10968.0,False,False,,40.0,inf,82,BS2_S,39256.3887725178,False
BS3_S->WCA,3002544757,DIAMOND 31 FEDERAL COM #701H,EOG,30,Lea,BS3_S,WCA_1,12272.0,False,False,,103.0,inf,96,WCA_2,31480.15711770283,True
WCA->BS3_S,3002546085,STRANGER 34 FEDERAL COM #002H,Devon,30,Lea,WCA_1,BS3_S,12530.0,True,False,208.0,1.5,138.66666666666666,30,WCXY,14363.796909492274,False
WCB_1->WCA,3002546097,ROJO 7811 34 27 FEDERAL #040H,BTA Oil,30,Lea,WCB_1,WCA_1,12591.0,True,False,263.0,107.0,2.457943925233645,69,WCA_1,22813.28859060403,True
BS3_S->WCA,3002546149,WHITE WING 7909 18 19 FEDERAL COM #002H,BTA Oil,30,Lea,BS3_S,WCA_1,11491.0,False,False,,59.0,inf,20,WCA_1,21667.236696509404,True
BS3_S->WCA,3002546150,WHITE WING 7909 18 19 FEDERAL COM #003H,BTA Oil,30,Lea,BS3_S,WCA_1,11403.0,True,False,,34.5,inf,23,WCA_1,25900.634689418373,True
BS3_S->WCA,3002546151,WHITE WING 7909 18 19 FEDERAL COM #004H,BTA Oil,30,Lea,BS3_S,WCA_2,11466.0,False,False,,28.5,inf,26,WCA_1,22332.93697978597,True
WCA->WCB_1,3001553801,RYE ONE 16 21 FEDERAL STATE COM P40 #003H,Chevron,30,Eddy,WCA_2,WCB_1,9223.0,True,False,,105.0,inf,39,WCA_2,32014.72452462214,True
BS2_S->BS3_C,3002546606,PYTHON 36 STATE COM #503H,EOG,30,Lea,BS2_S,BS3_C,11018.0,False,False,,52.5,inf,96,BS3_C,28574.389980565753,False
WCA->BS3_S,3002546977,BLACK MARLIN FEDERAL COM #214H,SM Energy,30,Lea,WCA_2,BS3_S,11767.0,False,False,,71.0,inf,15,WCC,20340.152944681697,True
BS3_S->WCA,3002547486,TALON 5 8 FEDERAL #005H,3r Operating,30,Lea,BS3_S,WCA_1,11262.0,False,False,,36.5,inf,23,BS3_S,26584.56486042693,True
WCA->BS3_S,3001554328,JAVELINA UNIT #503H,Chevron,30,Eddy,WCXY,BS3_S,11531.0,True,False,,21.0,inf,48,WCXY,,False
BS2_S->BS3_C,3002547750,RUTHLESS 11 FEDERAL COM #504H,EOG,30,Lea,BS2_S,BS3_C,10889.0,False,False,284.5,59.0,4.822033898305085,67,BS3_C,36759.99204613243,True
BS3_S->WCA,3002548194,GOLDEN BELL 26 36 06 FEDERAL COM #117H,Matador,30,Lea,BS3_S,WCA_1,11879.0,False,False,,65.0,inf,21,BS3_S,13628.350707371555,True
BS3_S->WCA,3002548272,SEINFELD YADA FEDERAL UNIT #213H,SM Energy,30,Lea,BS3_S,WCA_1,12162.0,False,False,,106.5,inf,45,BS3_S,20146.358335803932,True
WCB_1->WCA,3002548350,FEARLESS 26 FEDERAL COM #724H,EOG,30,Lea,WCB_1,WCA_2,12338.0,True,False,216.0,41.5,5.204819277108434,99,WCA_2,21257.82254607801,False
BS3_S->WCA,3002548413,RED BULL 30 31 FEDERAL STATE COM #001H,Devon,30,Lea,BS3_S,WCA_2,11670.0,True,False,128.5,15.0,8.566666666666666,18,BS3_S,22942.83389278812,True
BS3_S->WCA,3002548415,RED BULL 30 31 FEDERAL STATE COM #003H,Devon,30,Lea,BS3_S,WCA_2,11667.0,False,False,109.5,18.0,6.083333333333333,17,BS3_S,28255.220814789456,False
WCA->BS3_S,3002548478,BELL LAKE UNIT NORTH #409H,Kaiser Francis,30,Lea,WCA_1,BS3_S,11424.0,False,False,,117.5,inf,35,BS3_S,24296.914315984635,True
BS3_S->WCA,3002548520,BELL LAKE UNIT NORTH #410H,Kaiser Francis,30,Lea,BS3_S,WCA_1,11425.0,False,False,141.0,7.0,20.142857142857142,48,BS3_S,25676.743912480884,True
BS3_S->WCA,3002548588,ELEVATE FEDERAL COM #601H,Devon,30,Lea,BS3_S,WCA_2,12165.0,False,False,,95.5,inf,40,WCA_2,18346.83774499899,True
BS3_S->WCA,3002548592,PREVAIL FEDERAL COM #602H,Devon,30,Lea,BS3_S,WCA_2,12211.0,False,False,148.0,31.0,4.774193548387097,32,WCA_2,24394.64230729755,True
WCA->BS3_S,3002548598,TRIUMPH FEDERAL COM #706H,Devon,30,Lea,WCA_2,BS3_S,12193.0,False,False,,28.0,inf,18,WCA_2,12226.299067336271,True
WCA->BS3_S,3002548780,BLACK MARLIN FEDERAL COM #203H,SM Energy,30,Lea,WCA_2,BS3_S,11785.0,False,False,,67.5,inf,20,WCC,21552.36554791751,True
BS3_S->WCA,3002548807,BIDDER 49 FEDERAL COM #703H,Devon,30,Lea,BS3_S,WCA_2,11960.0,True,False,,117.0,inf,24,BS3_S,19247.853971386285,True
BS3_S->WCA,3002548813,WESTERN FEDERAL COM #702H,Devon,30,Lea,BS3_S,WCA_2,11884.0,True,False,,41.0,inf,23,BS3_S,21651.799841772154,True
WCD->WCA,3002548936,SAKER 6 7 FEDERAL #035H,Occidental,30,Lea,WCD,WCA_2,12341.0,True,False,,96.0,inf,22,WCC,20236.074803941283,True
WCC->WCA,3002548971,KESTREL 1 12 FEDERAL #032H,Occidental,30,Lea,WCC,WCA_2,12341.0,True,False,,89.0,inf,27,WCA_2,22193.243514980895,True
WCA->BS3_S,3002549118,BLUE MARLIN FEDERAL COM #202H,SM Energy,30,Lea,WCA_2,BS3_S,11682.0,False,False,,35.5,inf,20,BS3_S,24579.308971422884,True
WCA->BS3_S,3002549119,BLUE MARLIN FEDERAL COM #205H,SM Energy,30,Lea,WCA_2,BS3_S,11735.0,False,False,,17.5,inf,20,BS3_S,21709.083712645952,True
BS2_S->WCB_1,3002549229,MAGNOLIA 15 FEDERAL COM #404H,EOG,30,Lea,BS2_S,WCB_1,13013.0,False,False,2191.0,1.5,1460.6666666666667,90,WCB_2,16714.010695187168,False
BS2_S->WCA,3002549287,EIDER 35 FEDERAL #501H,ConocoPhillips,30,Lea,BS2_S,WCA_2,12326.0,False,False,,15.0,inf,71,WCA_2,43634.30996714129,True
WCA->BS2_S,3002549658,ANDERSON FEDERAL COM #702H,Matador,30,Lea,WCA_1,BS2_S,10697.0,False,False,1323.0,22.0,60.13636363636363,35,BS2_S,17411.874070401587,True
BS3_S->WCA,3002549697,RAM 3 B3OB STATE COM #001H,Mewbourne,30,Lea,BS3_S,WCA_1,11134.0,False,False,,68.0,inf,24,BS3_S,14119.462025316456,False
WCA->WCB_2,3002549832,MODELO 10 FEDERAL COM #741H,EOG,30,Lea,WCA_1,WCB_2,12829.0,False,False,513.0,86.5,5.930635838150289,81,WCB_2,39080.54272517321,True
WCA->BS3_S,3002549935,HEREFORD 29 20 W1PA STATE COM #001H,Mewbourne,30,Lea,WCA_1,BS3_S,11097.0,False,False,,2.0,inf,14,BS3_S,14202.772963604852,True
WCA->WCB_1,3002550066,HAFLINGER 22 27 FEDERAL COM #721H,Devon,30,Lea,WCA_2,WCB_1,12310.0,False,False,96.5,44.0,2.1931818181818183,77,WCA_1,28713.75314861461,True
WCA->BS3_S,3002550968,BATMAN FEDERAL COM #201H,Permian Resources,30,Lea,WCA_1,BS3_S,11085.0,True,False,,12.0,inf,26,WCA_1,27327.99671592775,True
WCA->BS3_S,3002551035,CUTBOW 36 1 FEDERAL COM #604H,Devon,30,Lea,WCA_1,BS3_S,11005.0,False,False,,12.0,inf,15,BS3_S,8456.351227462565,True
WCA->BS3_S,3002551036,CUTBOW 36 1 FEDERAL COM #606H,Devon,30,Lea,WCA_1,BS3_S,11064.0,False,False,,71.0,inf,15,BS3_S,17167.81120030951,True
BS3_S->WCA,3002551093,MODELO 10 FEDERAL COM #716H,EOG,30,Lea,BS3_S,WCA_1,12358.0,False,False,,21.5,inf,80,BS3_S,31659.063981042655,True
WCA->WCB_1,3002551174,RUTHLESS 11 FEDERAL COM #729H,EOG,30,Lea,WCA_2,WCB_1,12468.0,False,False,198.0,59.0,3.3559322033898304,58,WCB_1,23212.999604273842,True
BS3_S->WCA,3002551565,INGA 33 FEDERAL COM #615H,EOG,30,Lea,BS3_S,WCA_1,12390.0,True,False,356.0,73.0,4.876712328767123,72,WCA_1,34443.865661411925,True
BS3_S->WCA,3002551595,INGA 33 FEDERAL COM #581H,EOG,30,Lea,BS3_S,WCA_1,12316.0,False,False,279.0,5.0,55.8,78,WCA_1,37152.520087655226,True
BS3_C->BS2_S,3002551649,CUTBOW 36 1 FEDERAL COM #501H,Devon,30,Lea,BS3_C,BS2_S,9920.0,False,False,,20.0,inf,16,BS2_S,22982.954545454548,True
BS3_S->BS2_S,3002551743,COBALT 32 STATE COM #501H,EOG,30,Lea,BS3_S,BS2_S,11060.0,False,False,,59.0,inf,75,BS2_S,29085.552865213882,False
BS3_S->BS2_S,3002551744,COBALT 32 STATE COM #502H,EOG,30,Lea,BS3_S,BS2_S,11060.0,False,False,,59.0,inf,74,BS2_S,22126.774847870183,False
BS3_S->WCA,3002551884,MODELO 10 FEDERAL COM #715H,EOG,30,Lea,BS3_S,WCA_1,12397.0,False,False,,64.0,inf,81,WCA_1,33874.39042411704,True
AVA_1->WCA,3002552827,MODELO 10 FEDERAL COM #216H,EOG,30,Lea,AVA_1,WCA_1,12319.0,False,False,2933.0,5.5,533.2727272727273,80,WCA_1,13089.799835481217,True
WCA->BS3_S,3002540086,MALLON 35 FEDERAL #007H,Devon,30,Lea,WCXY,BS3_S,10916.0,False,False,,7.0,inf,17,BS3_S,8669.850885368127,False
BS1_S->WCA,3002552877,MODELO 10 FEDERAL COM #314H,EOG,30,Lea,BS1_S,WCA_1,12319.0,False,False,2404.0,5.5,437.09090909090907,79,WCA_1,18999.314411079115,True
WCB_1->WCA,3002552978,CHINCOTEAGUE 8 32 FEDERAL STATE COM #733H,Devon,30,Lea,WCB_1,WCA_2,12062.0,False,False,,40.0,inf,50,WCA_2,29268.61555432984,True
WCB_1->WCA,3002553048,CHINCOTEAGUE 8 32 FEDERAL STATE COM #734H,Devon,30,Lea,WCB_1,WCA_2,11998.0,False,False,,104.0,inf,41,WCA_2,32131.662462364715,True
BS2_S->BS1_S,3002553087,ALPHA STATE COM #302H,Devon,30,Lea,BS2_S,BS1_S,9500.0,False,True,,96.0,inf,8,BS2_C,11269.19870310329,True
WCA->BS3_S,3002553266,BIVINS FEDERAL COM #213H,Matador,30,Lea,WCA_2,BS3_S,11703.0,False,False,,7.0,inf,8,OTHER,11658.282854885436,True
WCD->WCA,3002553268,WEINBERGER FEDERAL COM #136H,Matador,30,Lea,WCD,WCA_2,11731.0,False,False,,112.0,inf,10,OTHER,21864.896678001573,True
BS2_S->BS3_C,3002540619,BLANCO 3 STATE COM #001H,Devon,30,Lea,BS2_S,BS3_C,11090.0,False,False,,29.5,inf,34,BS2_S,5272.145902415917,False
BS3_C->BS2_S,3002553329,GOAT ROPE 7 18 STATE COM #521H,Mewbourne,30,Lea,BS3_C,BS2_S,9981.0,False,False,,45.5,inf,5,BS3_C,24281.44066128715,True
BS3_S->WCA,3002553627,BOBWHITE 22304 4 3 FEDERAL COM #002H,BTA Oil,30,Lea,BS3_S,WCA_1,11330.0,False,False,,29.0,inf,44,WCA_1,17373.89402525102,True
WCA->BS3_S,3002540952,CORAZON STATE UNIT #010H,ConocoPhillips,30,Lea,WCXY,BS3_S,11525.0,False,False,,48.0,inf,16,WCA_1,19984.69164601254,False
BS2_S->BS1_S,3002554157,ROYAL OAK 25 FEDERAL COM #512H,Devon,30,Lea,BS2_S,BS1_S,9300.0,False,True,669.5,112.5,5.9511111111111115,16,BS1_S,,False
WCA->WCB_1,3002554419,ROBERNE FEDERAL #221H,Matador,30,Lea,WCA_2,WCB_1,12264.0,False,False,235.0,107.0,2.196261682242991,46,WCA_2,,False
WCA->WCB_1,3002554434,ROBERNE FEDERAL #229H,Matador,30,Lea,WCA_2,WCB_1,12333.0,False,False,98.0,45.0,2.1777777777777776,49,WCB_1,,False
BS3_S->WCA,3002541629,PRICKLY PEAR 6 FEDERAL #003H,ConocoPhillips,30,Lea,BS3_S,WCA_1,11116.0,False,False,116.5,32.0,3.640625,31,WCA_1,17134.45751053916,False
BS3_S->WCA,3002541644,LYNCH 35 FEDERAL COM #003H,Devon,30,Lea,BS3_S,WCA_2,11300.0,True,True,,72.0,inf,37,BS3_S,26615.862068965514,False
WCA->WCB_1,3002541707,RED HILLS WEST 16 STATE W1 #011H,ConocoPhillips,30,Lea,WCA_2,WCB_1,12247.0,False,False,,58.0,inf,65,WCA_2,41126.12150730582,False
WCA->BS3_S,3002541808,MALLON 27 FEDERAL COM #003H,Matador,30,Lea,WCXY,BS3_S,10863.0,False,False,,2.0,inf,11,BS3_S,43774.95697074011,True
BS3_S->WCA,3002541810,OSPREY 20 STATE COM #002H,ConocoPhillips,30,Lea,BS3_S,WCA_2,11894.0,False,False,,88.0,inf,18,WCA_2,14545.896271258054,False
BS2_S->BS3_C,3002541976,HOGNOSE VIPER 23 FEDERAL #002H,Devon,30,Lea,BS2_S,BS3_C,11235.0,False,False,,45.0,inf,54,BS2_S,15900.436681222707,False
WCA->BS3_S,3002542063,PERLA VERDE 31 STATE COM #001H,Exxon Mobil,30,Lea,WCXY,BS3_S,11020.0,False,False,,75.5,inf,27,BS3_S,11965.240009458501,False
WCA->BS3_S,3002542080,NORTH LEA 3 FEDERAL COM #001H,Permian Resources,30,Lea,WCXY,BS3_S,11013.0,False,False,,97.5,inf,20,BS3_S,24831.473733147373,False
WCA->BS3_S,3002542315,MALLON 27 FEDERAL COM #002H,Matador,30,Lea,WCXY,BS3_S,10880.0,True,False,,18.5,inf,16,BS3_S,49536.491127647394,True
WCC->WCA,4230136689,LOS VAQUEROS UNIT 3 443H,Permian Resources,42,Loving,WCC,WCA_2,12706.0,False,False,,17.0,inf,77,WCA_1,6940.893978574067,True
WCC->WCA,4230136723,EL CAMPEON SOUTH FED COM 431H,Permian Resources,42,Loving,WCC,WCA_2,12789.0,False,False,,34.0,inf,80,WCA_2,8238.705137227305,True
BS3_S->WCA,3002542950,MAS FEDERAL #003H,ConocoPhillips,30,Lea,BS3_S,WCA_1,11318.0,False,False,,85.5,inf,33,BS3_S,60603.17090230823,False
BS3_S->WCA,3002542958,LEA UNIT #051H,Devon,30,Lea,BS3_S,WCA_1,11030.0,False,False,,118.0,inf,50,BS3_S,18692.20578494149,False
WCA->WCB_1,3002543216,PADUCA 7 6 W1ED FEDERAL COM #002H,Mewbourne,30,Lea,WCA_1,WCB_1,12094.0,False,False,254.0,13.0,19.53846153846154,53,WCB_1,31635.925006892747,True
WCA->BS3_S,3002543585,BLACK BEAR 36 STATE #705H,EOG,30,Lea,WCXY,BS3_S,12471.0,False,False,132.5,57.0,2.324561403508772,79,BS3_S,16648.122392211404,False
BS3_S->WCA,4249533270,"UNIVERSITY ""20-11A"" 6",Apache,42,Winkler,BS3_S,WCA_1,12000.0,False,True,269.5,71.0,3.795774647887324,27,WCXY,7354.0,False
BS3_S->WCA,3002544092,MAS FEDERAL COM #001H,ConocoPhillips,30,Lea,BS3_S,WCA_2,11337.0,False,False,,66.5,inf,35,BS3_S,56545.39217928195,False
WCA->WCB_1,3002544166,VACA DRAW 20 17 FEDERAL #007H,Devon,30,Lea,WCA_2,WCB_1,12554.0,False,False,,79.0,inf,126,WCA_2,22623.313265517958,True
WCA->WCB_1,3002544239,ZIA HILLS UNIT 1932 WC #112H,ConocoPhillips,30,Lea,WCA_2,WCB_1,11975.0,False,False,123.5,34.0,3.6323529411764706,32,WCB_1,20188.92443022791,True
BS3_C->BS2_S,3002544270,BOBWHITE 12 STATE COM #012H,ConocoPhillips,30,Lea,BS3_C,BS2_S,11031.0,False,False,,114.0,inf,16,BS2_S,28874.247336729968,False
WCA->BS3_S,3002544279,HUNTER 21 STATE #601H,EOG,30,Lea,WCA_2,BS3_S,11655.0,False,False,,22.0,inf,14,WCA_1,18766.054004992056,False
WCA->BS3_S,3002544280,HUNTER 21 STATE COM #602H,EOG,30,Lea,WCA_1,BS3_S,11633.0,False,False,,72.0,inf,16,WCA_1,15241.248418388865,True
WCA->BS3_S,3002544281,HUNTER 21 STATE COM #603H,EOG,30,Lea,WCA_1,BS3_S,11641.0,False,False,,80.0,inf,15,WCA_1,9236.416184971098,True
WCA->BS3_S,3002544282,HUNTER 21 STATE COM #604H,EOG,30,Lea,WCA_1,BS3_S,11633.0,False,False,,72.0,inf,16,WCA_1,29202.69442743417,True
BS3_S->WCA,3002544358,VACA DRAW 20 17 FEDERAL #012H,Devon,30,Lea,BS3_S,WCA_1,12371.0,True,False,,11.0,inf,128,WCA_1,34697.89552398248,True
BS3_S->WCA,4247538217,UTL 1308A 4101H,Continental Resources,42,Ward,BS3_S,WCA_1,11390.0,False,False,,2.0,inf,27,WCA_1,23472.924537440664,True
WCA->BS3_S,3002544446,RED RAIDER 25 STATE #701H,EOG,30,Lea,WCA_1,BS3_S,12316.0,False,False,84.0,23.0,3.652173913043478,122,WCA_1,28229.143492769745,False
BS3_S->WCA,4247538219,UTL 1308C 4104H,Continental Resources,42,Ward,BS3_S,WCA_1,11342.0,False,False,,50.0,inf,24,WCA_1,18798.3566940551,True
BS3_S->WCA,4247538284,UL JEFF EAST NORTH G 17-27-5 7H,Apache,42,Ward,BS3_S,WCA_1,11323.0,False,False,167.0,80.0,2.0875,27,WCA_1,19985.29411764706,True
WCA->BS3_S,3002544606,ANGUS STATE 24 35 16 #605H,Matador,30,Lea,WCA_2,BS3_S,12279.0,False,False,,114.0,inf,17,WCA_2,24170.526793823796,False
BS2_S->WCA,3002547419,MUSKIE 23 11 FEDERAL COM #009H,Devon,30,Lea,BS2_S,WCA_1,12800.0,True,True,,18.0,inf,52,WCA_1,15974.25570559899,True
WCB_1->WCA,3002547953,BOLL WEEVIL 27 34 FEDERAL COM #006H,Devon,30,Lea,WCB_1,WCA_1,12837.0,False,False,,18.5,inf,27,WCA_1,17515.04246437311,True
WCA->WCB_1,3002548852,JEFE 29 FEDERAL COM #710H,EOG,30,Lea,WCA_1,WCB_1,12255.0,True,False,331.5,59.0,5.61864406779661,73,WCB_1,28142.32804232804,True
WCA->WCB_1,3002548856,JEFE 29 FEDERAL COM #714H,EOG,30,Lea,WCA_1,WCB_1,12275.0,True,False,326.0,39.0,8.35897435897436,74,WCB_1,21975.616438356166,True
BS3_S->WCA,3002545051,COONSKIN FEE #603H,ConocoPhillips,30,Lea,BS3_S,WCA_1,12468.0,False,False,,106.0,inf,43,WCA_2,26800.11301031219,True
BS3_S->WCA,3002545275,FEZ FEDERAL COM #602H,ConocoPhillips,30,Lea,BS3_S,WCA_1,12462.0,False,False,141.5,37.5,3.7733333333333334,28,WCA_2,24503.279541905256,True
WCA->WCB_1,3002545290,VACA DRAW 20 17 FEDERAL #013H,Devon,30,Lea,WCA_2,WCB_1,12558.0,False,False,,75.5,inf,128,WCA_2,24076.843198338527,True
BS3_S->WCA,3002545667,PITCHBLENDE 19 30 FEDERAL #607H,ConocoPhillips,30,Lea,BS3_S,WCA_1,12730.0,True,False,,18.5,inf,22,WCXY,30471.318257032544,True
WCA->BS3_S,4237139836,TREES ESTATE -77- H003,Swordfish Energy Operating,42,Pecos,WCA_1,BS3_S,9315.0,False,False,134.5,39.0,3.448717948717949,10,WCA_1,17418.57559350271,False
WCA->WCB_1,3002546119,VACA DRAW 20 17 FEDERAL #057H,Devon,30,Lea,WCA_2,WCB_1,12627.0,False,False,,24.0,inf,122,WCA_2,30976.53504238164,True
BS3_S->WCA,4238935150,WAHA P905H,VTX Energy,42,Reeves,BS3_S,WCA_1,10640.0,False,False,,84.0,inf,31,WCA_1,18984.83437541572,True
BS3_S->WCA,3002546594,CHORIZO 12 STATE COM #603Y,Permian Resources,30,Lea,BS3_S,WCA_1,11297.0,False,False,,104.5,inf,32,BS3_S,28128.524141079786,True
WCA->WCB_1,3002546630,ANTERO 14 FEDERAL COM #721H,EOG,30,Lea,WCA_2,WCB_1,12745.0,False,False,,93.0,inf,154,WCA_2,16651.38833532616,True
WCA->BS3_S,3002546803,SANTA VACA 19 18 B3MD STATE COM #001H,Mewbourne,30,Lea,WCA_1,BS3_S,10800.0,False,True,,72.0,inf,26,BS3_S,64862.11644374508,False
WCB_1->WCA,3002547676,MERCILESS 13 FEDERAL COM #742H,EOG,30,Lea,WCB_1,WCA_2,12447.0,True,False,196.0,39.0,5.0256410256410255,117,WCB_1,9348.02661922646,False
WCA->BS3_S,3002547805,SEINFELD MH FEDERAL UNIT #213H,SM Energy,30,Lea,WCA_1,BS3_S,12171.0,False,False,,96.0,inf,54,WCA_2,30898.611949305974,True
BS2_S->WCA,3002547821,GREEN BERET FEDERAL COM #701H,ConocoPhillips,30,Lea,BS2_S,WCA_1,12641.0,True,False,,4.0,inf,31,WCXY,26570.31888798038,True
WCA->BS3_S,3002548127,CATTLEMEN FEDERAL COM #404H,Permian Resources,30,Lea,WCA_1,BS3_S,12619.0,False,False,,62.0,inf,32,WCA_2,24612.719013627517,True
WCA->BS3_S,3002548153,LONESOME DOVE FEDERAL COM #402H,Permian Resources,30,Lea,WCA_1,BS3_S,12570.0,True,False,139.0,53.0,2.6226415094339623,40,WCA_1,17715.20123045373,True
WCA->WCB_1,3002548851,JEFE 29 FEDERAL COM #709H,EOG,30,Lea,WCA_1,WCB_1,12256.0,True,False,332.5,58.0,5.732758620689655,69,WCB_1,29848.530416951467,True
WCA->WCB_1,3002548874,ALMOST EDDY 30 FEDERAL COM #722H,EOG,30,Lea,WCA_2,WCB_1,12227.0,False,False,155.0,25.0,6.2,57,WCB_1,23376.84559127915,True
WCB_1->WCA,3002549551,ALMOST EDDY 30 FEDERAL #727H,EOG,30,Lea,WCB_1,WCA_2,12161.0,True,False,152.0,60.5,2.512396694214876,66,WCB_1,20373.8023542294,True
WCA->WCB_2,3002549748,CARNIVAL STATE COM #805H,Devon,30,Lea,WCA_2,WCB_2,12563.0,False,False,,28.0,inf,25,WCA_2,16888.001577442574,True
WCA->BS3_S,3002549863,INLAND 26 23 B3OJ STATE COM #002H,Mewbourne,30,Lea,WCA_1,BS3_S,11241.0,False,False,,48.0,inf,28,WCA_1,25839.01464713715,True
BS3_S->WCA,3002550143,VACA DRAW 20 17 FEDERAL #046H,Devon,30,Lea,BS3_S,WCA_1,12324.0,True,False,,58.0,inf,123,BS3_S,16015.346640910067,True
BS2_S->BS3_C,3002550374,CO GRIZZLY 3 10 FEDERAL COM #417H,Chevron,30,Lea,BS2_S,BS3_C,10807.0,True,False,251.0,115.0,2.1826086956521737,70,BS3_S,27575.423245196882,True
WCA->BS3_S,3002551568,ANGRY ANGUS 32 STATE COM #702H,Devon,30,Lea,WCA_1,BS3_S,11227.0,False,False,79.0,35.0,2.257142857142857,27,WCA_1,14541.024573094544,False
WCA->BS3_S,3002553176,ZN 27 22 FEDERAL STATE COM #602H,Chevron,30,Lea,WCA_1,BS3_S,11500.0,False,True,,101.0,inf,25,BS3_S,,False
WCA->BS3_S,3002553272,LEA UNIT #701H,Devon,30,Lea,WCA_1,BS3_S,11000.0,False,True,,33.0,inf,43,BS3_S,3380.927634143173,True
WCA->BS3_S,3002553334,ZN 27 22 FEDERAL STATE COM #601H,Chevron,30,Lea,WCA_1,BS3_S,11432.0,False,False,,33.0,inf,24,BS3_S,,False
OTHER->WCA,3002553670,JOHN CALLAHAN FEDERAL COM #201H,Matador,30,Lea,OTHER,WCA_2,12367.0,False,False,,73.0,inf,27,OTHER,24164.418042690293,False
OTHER->WCA,3002553671,JOHN CALLAHAN FEDERAL COM #202H,Matador,30,Lea,OTHER,WCA_2,12370.0,False,False,,91.0,inf,26,OTHER,,False
BS2_S->BS1_S,3002554775,NORTH THISTLE 15 10 STATE COM #205H,Devon,30,Lea,BS2_S,BS1_S,10425.0,False,False,718.0,119.0,6.033613445378151,47,BS2_C,,False
BS2_S->BS1_S,3002554776,NORTH THISTLE 15 10 STATE COM #206H,Devon,30,Lea,BS2_S,BS1_S,10421.0,False,False,738.0,111.0,6.648648648648648,43,BS2_C,,False
BS2_S->BS3_C,4210932506,ARMSTRONG STATE 280 2803H,ConocoPhillips,42,Culberson,BS2_S,BS3_C,8039.0,False,False,,49.0,inf,35,BS3_C,12746.666666666666,False
WCB_1->WCA,4210932690,WHISKERY 40 UNIT 1H,Devon,42,Culberson,WCB_1,WCA_2,9065.0,False,False,,32.0,inf,7,WCB_1,20108.16498316498,False
WCB_1->WCA,4210932723,OATMAN UNIT 29 1H,Petro-Hunt,42,Culberson,WCB_1,WCA_2,9540.0,False,False,147.0,3.5,42.0,8,WCA_1,5293.507775857813,False
WCA->WCB_1,4210932829,JAMES FEE 6 1H,Capitan Energy,42,Culberson,WCA_2,WCB_1,9362.0,False,False,,91.0,inf,12,WCA_2,14934.097421203438,False
WCA->WCB_1,4210932886,ROXANNE FEE 46 1H,Capitan Energy,42,Culberson,WCA_2,WCB_1,9416.0,False,False,,14.0,inf,22,WCA_2,30271.27332376461,False
WCA->BS3_S,4210932931,NORMAN STATE 14 1H,Permian Resources,42,Culberson,WCA_2,BS3_S,7758.0,False,False,,102.5,inf,25,WCB_1,20545.73579457564,True
WCA->WCB_1,4210933097,HUEY STATE 24 2H,Permian Resources,42,Culberson,WCA_2,WCB_1,7886.0,False,False,,88.0,inf,20,WCA_1,20412.16216216216,False
WCA->WCB_1,4210933099,JAMES FEE 6 2H,Capitan Energy,42,Culberson,WCA_2,WCB_1,9476.0,False,False,,108.0,inf,13,WCA_2,20868.271604938273,True
WCB_1->WCA,4210933141,WACO KID STATE UNIT 34 1H,Permian Resources,42,Culberson,WCB_1,WCA_2,7487.0,False,False,,45.0,inf,11,WCA_2,15277.014925373134,False
WCA->WCB_1,4210933354,DR STATE WISE UNIT 1 003 0033WA,Chevron,42,Culberson,WCA_2,WCB_1,8771.0,False,False,,114.0,inf,20,WCA_2,18810.10618126659,True
WCA->WCB_1,4210933361,DR STATE WISE UNIT 1 008 0083WA,Chevron,42,Culberson,WCA_2,WCB_1,8647.0,False,False,,34.0,inf,12,WCA_1,22690.638502160346,True
WCA->WCB_1,4210933370,ROXANNE FEE 46 3H,Capitan Energy,42,Culberson,WCA_1,WCB_1,9396.0,False,False,138.5,6.0,23.083333333333332,20,WCA_2,28280.412823891085,False
WCA->WCB_1,4210933371,ROXANNE FEE 46 4H,Capitan Energy,42,Culberson,WCA_1,WCB_1,9364.0,False,False,123.0,38.0,3.236842105263158,21,WCA_2,26147.2647702407,False
WCA->WCB_1,4210933397,DR STATE WISE UNIT 1 005 0054WA,Chevron,42,Culberson,WCA_2,WCB_1,8499.0,False,False,,119.0,inf,20,WCA_2,14638.72683596431,True
BS3_S->WCA,4210933451,DR STATE WISE UNIT 1 010 0101WA,Chevron,42,Culberson,BS3_S,WCA_2,8249.0,False,False,241.0,35.0,6.885714285714286,29,WCA_1,18865.789715757517,True
WCA->BS3_S,4210933477,DR STATE WISE UNIT 1 009 0091WA,Chevron,42,Culberson,WCXY,BS3_S,8112.0,False,False,,94.0,inf,21,BS3_S,14783.721572599208,True
WCA->WCB_1,4210933487,DONERAIL 8 FEE UNIT 2H,Devon,42,Culberson,WCA_2,WCB_1,9073.0,False,False,,72.5,inf,37,WCA_2,27424.24533743511,True
WCB_1->WCA,4210933496,DR STATE WISE UNIT 1 021 0212WA,Chevron,42,Culberson,WCB_1,WCA_2,7942.0,False,False,85.5,24.5,3.489795918367347,18,WCB_1,7730.218816360447,True
WCB_1->WCA,4210933533,SCOTT FEE 36 4H,Capitan Energy,42,Culberson,WCB_1,WCA_2,9166.0,False,False,,101.5,inf,16,WCA_2,22282.81152809455,False
WCA->WCB_1,4210933545,DALE STATE 3H,Capitan Energy,42,Culberson,WCA_2,WCB_1,9291.0,False,False,,40.5,inf,13,WCB_1,28894.01011279658,False
WCB_1->WCA,4210933563,HAY EVELYNN 17/20 002 0023WA,Chevron,42,Culberson,WCB_1,WCA_2,9499.0,False,False,,80.0,inf,54,WCA_2,17304.012650721485,True
WCA->BS3_S,4210933582,NORMAN STATE 14 7HA,Permian Resources,42,Culberson,WCA_1,BS3_S,7590.0,False,False,257.0,35.0,7.3428571428571425,25,WCA_2,4569.750074678881,True
BS3_C->BS2_S,4210933622,DR STATE WISE UNIT 1 104 1043SB,Chevron,42,Culberson,BS3_C,BS2_S,7480.0,False,False,,92.0,inf,23,BS2_S,16487.004363498385,True
BS3_S->WCA,4210933702,DR STATE WISE UNIT 1 007 0072TB,Chevron,42,Culberson,BS3_S,WCA_1,8265.0,False,False,,39.5,inf,19,WCA_1,8424.834193072955,True
WCA->WCB_1,4210933936,WACO KID STATE UNIT 34 6H,Permian Resources,42,Culberson,WCA_2,WCB_1,7586.0,False,False,108.0,10.0,10.8,14,WCB_1,8574.849170437405,True
WCA->WCB_1,4210933938,WACO KID STATE UNIT 34 8H,Permian Resources,42,Culberson,WCA_2,WCB_1,7612.0,False,False,,16.0,inf,17,WCB_1,9219.739819004526,True
BS3_C->BS2_S,4210933947,HAY GIA 21/16 0062SB,Chevron,42,Culberson,BS3_C,BS2_S,7975.0,False,False,576.5,4.0,144.125,64,BS2_S,,False
WCB_1->WCA,4210933957,TAYLOR RANCH STATE UNIT 003 0031WA,Chevron,42,Culberson,WCB_1,WCA_2,7549.0,False,False,,27.0,inf,14,WCA_2,10976.750622751177,True
WCB_1->WCA,4210933958,TAYLOR RANCH STATE UNIT 003 0033WA,Chevron,42,Culberson,WCB_1,WCA_2,7564.0,False,False,,12.0,inf,15,WCA_2,9176.38362746004,True
WCA->WCB_1,4210933959,TAYLOR RANCH STATE UNIT 003 0038WA,Chevron,42,Culberson,WCA_2,WCB_1,7562.0,False,False,,2.0,inf,16,WCA_2,10419.63382095869,True
WCA->WCB_1,4210933960,TAYLOR RANCH STATE UNIT 003 0037WA,Chevron,42,Culberson,WCA_2,WCB_1,7590.0,False,False,,26.0,inf,19,WCB_1,7369.919823057782,True
WCA->WCB_1,4210933967,AGILE 19-18 STATE UNIT 2H,Devon,42,Culberson,WCA_1,WCB_1,7935.0,False,False,,39.0,inf,20,WCXY,21456.08108108108,True
WCA->WCB_1,4210933969,AGILE 19-18 STATE UNIT 6H,Devon,42,Culberson,WCXY,WCB_1,7974.0,False,False,,0.0,inf,18,WCXY,22045.204942145516,True
WCA->BS3_S,4210934050,DR STATE WISE UNIT 1 041 0412WA,Chevron,42,Culberson,WCA_1,BS3_S,7855.0,False,False,,46.5,inf,16,BS3_S,15862.78914960892,True
WCA->WCB_1,4210934094,LEONATUS 11 WR H 9H,Devon,42,Culberson,WCA_2,WCB_1,9383.0,False,False,81.0,21.0,3.857142857142857,40,WCA_2,25281.022931018215,True
WCA->WCB_1,4210934113,HOOP JR 9 WR B 3H,Devon,42,Culberson,WCA_2,WCB_1,9046.0,False,False,,15.0,inf,36,WCA_2,14301.176470588234,True
WCA->WCB_1,4210934115,HOOP JR 9 WR D 5H,Devon,42,Culberson,WCA_2,WCB_1,9066.0,False,False,,35.0,inf,37,WCA_2,18964.89709559531,True
WCA->WCB_1,4210934126,DONERAIL 8 FEE UNIT 9H,Devon,42,Culberson,WCA_2,WCB_1,9034.0,False,False,,64.0,inf,36,WCA_2,11367.050624334528,True
WCB_1->WCA,4210934162,PANDA UNIT 70 706H,ConocoPhillips,42,Culberson,WCB_1,WCA_2,9662.0,False,False,,114.0,inf,39,WCA_2,21822.82402318377,True
WCA->WCB_1,4210934164,PANDA UNIT 70 708H,ConocoPhillips,42,Culberson,WCA_2,WCB_1,9633.0,False,False,114.5,45.5,2.5164835164835164,48,WCA_2,27438.206744721305,True
WCA->WCB_1,4210934223,HAY ROSALIE 001 0016WA,Chevron,42,Culberson,WCA_2,WCB_1,9432.0,False,False,,30.0,inf,25,WCB_1,17273.62452750945,False
WCA->WCB_1,4210934265,OWL DRAW 12 UNIT G 12H,Devon,42,Culberson,WCA_1,WCB_1,8994.0,False,False,,81.0,inf,39,WCA_1,,False
WCA->WCB_1,4210934272,OWL DRAW 12 UNIT H 13H,Devon,42,Culberson,WCA_2,WCB_1,9126.0,False,False,,51.0,inf,44,WCB_1,,False
WCB_1->WCA,4210934329,DR STATE WISE UNIT 1 027 0272WA,Chevron,42,Culberson,WCB_1,WCA_2,8062.0,False,False,122.0,55.5,2.1981981981981984,20,WCA_2,,False
WCB_1->WCA,4210934471,TOMY LEE 20-29 H 8H,Devon,42,Culberson,WCB_1,WCA_2,9161.0,False,False,,54.0,inf,22,WCA_2,,False
WCA->BS3_S,4210934510,STATE WINNING COLORS 28-33 6H,Devon,42,Culberson,WCXY,BS3_S,8048.0,False,False,,57.0,inf,6,WCXY,,False
WCA->BS3_S,4230130278,C.G. LUDEMAN 'B' 1H,ConocoPhillips,42,Loving,WCA_2,BS3_S,12422.0,False,False,,10.0,inf,36,BS3_S,14457.962413452029,False
WCB_1->WCA,4230132004,SLACK BOX 54-2-28 LOV UNIT 1H,ConocoPhillips,42,Loving,WCB_1,WCA_2,11703.0,False,False,,2.0,inf,19,WCA_2,12041.964491584045,False
WCA->BS3_S,4230131879,MDJ C27-1 1H,Occidental,42,Loving,WCXY,BS3_S,11133.0,False,False,,104.5,inf,20,WCXY,16984.862819299906,False
WCA->BS3_S,4230132245,BRUNSON A 803H,ConocoPhillips,42,Loving,WCXY,BS3_S,12378.0,False,False,,106.5,inf,27,WCXY,34416.25773415831,False
WCB_1->WCA,4230132267,QUANAH PARKER A UNIT 12H,EOG,42,Loving,WCB_1,WCA_2,12837.0,False,False,,56.5,inf,28,WCB_1,15662.83440194561,False
WCA->BS3_S,4230132056,SAN ANTONIO 76 2734 1HN,Exxon Mobil,42,Loving,WCXY,BS3_S,11950.0,False,False,,100.0,inf,74,BS3_S,26019.85922574158,False
WCB_1->WCA,4230132134,BRUNSON '26-17' 1H,ConocoPhillips,42,Loving,WCB_1,WCA_2,12520.0,False,False,,100.0,inf,41,WCA_2,8104.914004914004,False
WCA->BS3_S,4230132404,LUDEMAN C 703H,ConocoPhillips,42,Loving,WCXY,BS3_S,12205.0,False,False,201.0,13.0,15.461538461538462,30,BS3_S,27069.851986497015,False
WCB_1->WCA,4230132453,SHOWMAN 29-23 3H,Occidental,42,Loving,WCB_1,WCA_2,12240.0,False,False,,106.0,inf,35,WCA_2,16300.435413642961,False
WCA->BS3_S,4230132786,RUDD DRAW 26-18 2HR,ConocoPhillips,42,Loving,WCXY,BS3_S,12000.0,False,True,,112.0,inf,37,WCXY,35369.51727517765,False
WCA->BS3_S,4230132904,SILVERTIP 76-17 P 1H,Occidental,42,Loving,WCXY,BS3_S,12064.0,False,False,,81.5,inf,49,WCXY,17234.91379310345,True
WCA->BS3_S,4230132947,RUDD DRAW 26-21 1H,ConocoPhillips,42,Loving,WCXY,BS3_S,11917.0,False,False,,29.0,inf,36,WCXY,53019.382734456536,True
WCA->WCB_1,4230133003,TOTUM 18-TTT-C24 NL 211H,Matador,42,Loving,WCA_2,WCB_1,12509.0,False,False,,46.0,inf,35,WCA_2,51827.7282086479,False
WCA->BS3_S,4230133080,WHITNEY BRUNSON UNIT 2H,EOG,42,Loving,WCXY,BS3_S,12026.0,False,False,,101.5,inf,61,WCXY,42995.46204620462,True
WCA->BS3_S,4230133201,NYALA 53-2-5 LOV E UNIT 6H,ConocoPhillips,42,Loving,WCXY,BS3_S,11687.0,False,False,135.0,3.0,45.0,35,BS3_S,33284.69520103761,False
WCA->WCB_1,4230133292,KYLE 24 F00 F001,Lime Rock Resources,42,Loving,WCA_2,WCB_1,12244.0,False,False,,115.0,inf,79,WCXY,16547.893523370363,False
WCB_1->WCA,4230133325,RIVERBOAT UNIT 33-71 701H,TRP Energy,42,Loving,WCB_1,WCA_2,11220.0,False,False,,95.5,inf,19,WCB_1,10133.488854328669,True
WCA->WCB_1,4230133613,RUDD DRAW 26-2 6H,ConocoPhillips,42,Loving,WCA_2,WCB_1,12420.0,False,False,,100.0,inf,33,WCA_2,15933.818938605618,False
WCB_1->WCA,4230133656,BRUNSON TRUST 9 8WA,Occidental,42,Loving,WCB_1,WCA_2,12750.0,False,False,,103.0,inf,21,WCB_1,31719.082022949427,False
WCA->BS3_S,4230133668,SILVERTIP 76-7 UNIT A 7H,Occidental,42,Loving,WCXY,BS3_S,11990.0,False,False,,81.0,inf,63,WCXY,27251.309898066116,True
WCA->WCB_1,4230133751,TOTUM 18-TTT-C24 NL 212H,Matador,42,Loving,WCA_2,WCB_1,12515.0,False,False,,52.0,inf,37,WCA_2,34947.909827095646,False
WCB_1->WCA,4230133765,ST KITTS 76 2833 31H,Exxon Mobil,42,Loving,WCB_1,WCA_2,12416.0,False,False,,36.5,inf,81,WCA_2,16299.788668612258,True
WCB_1->WCA,4230133789,ST JOHN 76 2734 34H,Exxon Mobil,42,Loving,WCB_1,WCA_2,12478.0,False,False,,98.0,inf,69,WCA_2,12481.983435516833,True
WCB_1->WCA,4230133892,BRUNSON E 805 1H,ConocoPhillips,42,Loving,WCB_1,WCA_2,12644.0,False,False,116.0,32.0,3.625,33,WCA_2,22983.15248429469,True
WCB_1->WCA,4230133966,REN STATE 13 1H,Devon,42,Loving,WCB_1,WCA_2,12719.0,False,False,205.5,33.0,6.2272727272727275,44,WCA_2,18057.64075067024,False
WCA->BS3_S,4230134038,GOODNIGHT UNIT 10H,EOG,42,Loving,WCXY,BS3_S,12013.0,False,False,134.5,58.0,2.3189655172413794,57,WCA_1,34288.43383412225,True
WCA->BS3_S,4230134095,CROCKETT REESE STATE B 2413H,ConocoPhillips,42,Loving,WCXY,BS3_S,12268.0,False,False,,76.0,inf,31,BS3_S,17050.21459227468,True
WCB_1->WCA,4230134126,Z&T 32 G00 G003,Lime Rock Resources,42,Loving,WCB_1,WCA_2,11904.0,False,False,210.0,73.0,2.8767123287671232,84,WCA_2,46135.06379234492,False
WCA->WCB_1,4230134320,CBR 41-44I-56-1 42 423H,Devon,42,Loving,WCA_2,WCB_1,10555.0,False,False,,114.0,inf,52,WCA_2,13546.146435452794,True
WCA->WCB_1,4230134329,CY 41 42 424H,Devon,42,Loving,WCA_2,WCB_1,10634.0,False,False,,35.0,inf,66,WCA_2,22277.53651796289,False
WCA->WCB_1,4230134414,SILVERTIP 76-10 UNIT G 2H,Occidental,42,Loving,WCA_2,WCB_1,12642.0,False,False,,43.5,inf,39,WCA_2,14054.47004608295,True
WCA->WCB_1,4230134418,SILVERTIP 76-10 UNIT G 5H,Occidental,42,Loving,WCA_2,WCB_1,12669.0,False,False,,16.5,inf,37,WCA_2,19909.939035654905,True
WCA->WCB_1,4230134422,ASPEN 55-1-30 UNIT 4H,Occidental,42,Loving,WCA_2,WCB_1,11291.0,False,False,171.0,63.0,2.7142857142857144,41,WCA_2,15849.941383352872,True
WCA->BS3_S,4230134776,NORTH RUDD DRAW 22 40 402H,Devon,42,Loving,WCXY,BS3_S,11907.0,False,False,,19.0,inf,34,WCXY,26132.109004739337,False
BS3_C->BS2_S,4230134877,STATE MERCURY 2 27H,EOG,42,Loving,BS3_C,BS2_S,10543.0,False,False,,79.5,inf,99,BS2_S,27963.96588486141,False
BS3_C->BS2_S,4230134933,STATE ATLAS L 55 556H,EOG,42,Loving,BS3_C,BS2_S,10674.0,False,False,,87.0,inf,101,BS2_S,45827.54793138244,True
WCA->BS3_S,4230134960,SILVERTIP 76-16 UNIT Q 2H,Occidental,42,Loving,WCXY,BS3_S,12019.0,False,False,,36.5,inf,49,WCXY,44904.416805405934,True
WCA->BS3_S,4230134964,SILVERTIP 76-16 UNIT Q 4H,Occidental,42,Loving,WCXY,BS3_S,12034.0,False,False,,51.5,inf,47,WCXY,55556.52041438148,True
WCB_1->WCA,4230135015,AFTERMATH EAST B UNIT 304H,ConocoPhillips,42,Loving,WCB_1,WCA_2,12209.0,False,False,,12.0,inf,13,WCA_2,24009.515224358973,True
BS3_C->BS2_S,4230135173,LINDSAY 9-4A-55-1 32 321H,Devon,42,Loving,BS3_C,BS2_S,9870.0,False,False,707.5,24.0,29.479166666666668,83,BS3_C,20107.333139591206,True
WCA->BS3_S,4230135211,TARPON 53-2-10 LOV UNIT 12H,ConocoPhillips,42,Loving,WCXY,BS3_S,11667.0,False,False,,6.0,inf,51,BS3_S,30226.52084757348,True
BS3_C->BS2_S,4230135268,MAHOGANY 24-13O-56-1 32 321H,Devon,42,Loving,BS3_C,BS2_S,9665.0,False,False,545.5,93.5,5.834224598930481,37,BS3_C,22785.479533910966,True
WCB_1->WCA,4230135274,AFTERSHOCK WEST B UNIT 202H,ConocoPhillips,42,Loving,WCB_1,WCA_2,12253.0,False,False,,55.5,inf,8,WCA_2,18937.142857142855,True
WCB_1->WCA,4230135447,POLARIS 7 73 731H,EOG,42,Loving,WCB_1,WCA_2,12359.0,False,False,,102.5,inf,96,WCA_2,37197.44662117544,False
WCB_1->WCA,4230135679,SILVERTIP 76-18 N 23H,Occidental,42,Loving,WCB_1,WCA_1,12321.0,False,False,,89.0,inf,62,WCA_2,18191.075289954784,True
WCB_1->WCA,4230135869,SHOCKWAVE B 2104H,ConocoPhillips,42,Loving,WCB_1,WCA_2,12541.0,False,False,,114.5,inf,32,WCB_1,30440.58556284705,True
WCB_1->WCA,4230135870,AFTERMATH EAST A UNIT 303H,ConocoPhillips,42,Loving,WCB_1,WCA_2,12222.0,False,False,,24.5,inf,19,WCA_2,23307.45058286873,True
WCA->BS3_S,4230135885,BOOMSLANG 54-1-38-35 UNIT 17H,Occidental,42,Loving,WCXY,BS3_S,11705.0,False,False,,43.5,inf,53,WCXY,54429.73264126922,True
WCA->BS3_S,4230135927,AMETHYST STATE 29-0-20-17 H 81HA,Occidental,42,Loving,WCXY,BS3_S,11461.0,False,False,126.5,20.0,6.325,38,BS3_S,51834.53940934872,True
WCA->WCB_1,4230136111,EDDIE R SCOTT 212H,SM Energy,42,Loving,WCA_2,WCB_1,12357.0,False,False,,91.5,inf,47,WCB_1,29784.649476228846,False
WCA->WCB_1,4230136114,EDDIE R SCOTT 211H,SM Energy,42,Loving,WCA_2,WCB_1,12367.0,False,False,,81.5,inf,46,WCA_2,26860.41417761848,False
WCB_1->WCA,4230136121,MULBERRY 55-1-38-26 G 2 21H,Occidental,42,Loving,WCB_1,WCA_2,11629.0,False,False,,80.5,inf,45,WCB_1,18087.81015691428,True
WCB_1->WCA,4230136198,JAYHAWK STATE UNIT 65-64 431 4310H,Greenlake Energy,42,Loving,WCB_1,WCA_2,11248.0,False,False,,88.0,inf,35,WCB_1,32194.46904832201,True
WCB_1->WCA,4230136406,BOBCAT 55-1-16-21 J 2 22H,Occidental,42,Loving,WCB_1,WCA_2,11663.0,False,False,,115.0,inf,54,WCA_2,17399.080774496382,True
WCA->WCB_1,4230136504,GAR UNIT 402AH,Apache,42,Loving,WCA_2,WCB_1,10545.0,False,False,161.0,79.0,2.037974683544304,39,WCA_2,23452.452452452453,True
BS3_C->BS2_S,4230136547,KING CANYON STATE 54-1-8-5 N 63H,Occidental,42,Loving,BS3_C,BS2_S,10453.0,False,False,,6.0,inf,91,BS2_S,17548.11265401917,True
BS3_C->BS2_S,4230136549,KING CANYON STATE 54-1-8-5 R 65H,Occidental,42,Loving,BS3_C,BS2_S,10480.0,False,False,,12.0,inf,102,BS2_S,14604.118104118104,True
WCA->WCB_1,4230136640,BIG EASY 54-2-6 UNIT 2 21H,Occidental,42,Loving,WCA_2,WCB_1,11845.0,False,False,,53.5,inf,49,WCB_1,15340.666929755327,True
WCB_1->WCA,4230136912,MARY SWAIN HARRELL 2H,CPX Energy,42,Loving,WCB_1,WCA_2,11167.0,False,False,,43.0,inf,28,WCA_2,30343.439792835565,True
WCA->WCB_1,4230136963,ASH 55-1-32 UNIT 2 21HC,Occidental,42,Loving,WCA_2,WCB_1,11401.0,False,False,,11.5,inf,27,WCB_1,33065.10138740661,True
WCA->BS3_S,4230137106,RATTLER 54-2-1-12 UNIT 15H,Occidental,42,Loving,WCXY,BS3_S,11638.0,False,False,113.0,9.0,12.555555555555555,34,BS3_S,32042.23640230933,True
WCA->BS3_S,4230137109,RATTLER 54-2-1-12 UNIT 17H,Occidental,42,Loving,WCXY,BS3_S,11757.0,False,False,,90.0,inf,33,WCXY,16261.518298215546,True
WCB_1->WCA,4230137119,MARY SWAIN HARRELL WEST 6H,CPX Energy,42,Loving,WCB_1,WCA_2,11062.0,False,False,295.0,77.0,3.831168831168831,42,WCA_2,23282.212956371404,True
BS3_C->BS2_S,4230137312,SILVERTIP 76-9 UNIT E 64H,Occidental,42,Loving,BS3_C,BS2_S,10964.0,False,False,,108.0,inf,47,BS2_S,,False
BS3_C->BS2_S,4230137367,MAMMOTH 54-1-18-19 S 62H,Occidental,42,Loving,BS3_C,BS2_S,10214.0,False,False,,65.0,inf,60,BS3_C,,False
BS3_C->BS2_S,4230137369,MAMMOTH 54-1-18-19 U 63H,Occidental,42,Loving,BS3_C,BS2_S,10312.0,False,False,,120.0,inf,61,BS3_C,,False
WCD->WCA,4230137388,JAMES WEST 1-0-41-39 B 21HA 21H,Occidental,42,Loving,WCD,WCA_2,11520.0,False,False,,6.5,inf,29,WCA_2,,False
WCB_1->WCA,4230137393,JAMES WEST 1-0-41-39 E 22HA 22H,Occidental,42,Loving,WCB_1,WCA_2,11517.0,False,False,,35.0,inf,26,WCA_2,,False
WCA->BS3_S,4230137424,JUICE BOX 2212UH,ConocoPhillips,42,Loving,WCXY,BS3_S,11977.0,False,False,,85.5,inf,35,WCXY,,False
BS3_C->BS2_S,4230137506,HAT TRICK 56-T1-42 2C B20 B203H,BP,42,Loving,BS3_C,BS2_S,8973.0,False,False,462.0,67.0,6.895522388059701,49,BS2_S,,False
WCA->WCB_1,4230132315,PISTOL 24-20 1H,ConocoPhillips,42,Loving,WCA_2,WCB_1,12392.0,False,False,,81.0,inf,39,WCA_2,32130.944014991805,False
WCB_2->WCA,4230137638,SILVERTIP 76-16 UNIT Q 25H,Occidental,42,Loving,WCB_2,WCA_2,12447.0,False,False,,17.0,inf,50,WCA_2,,False
WCB_1->WCA,4237139332,MCINTYRE STATE 34-35 UNIT 1H,Diamondback,42,Pecos,WCB_1,WCA_1,10462.0,False,False,,26.5,inf,14,WCA_1,22270.692623493578,False
WCB_2->WCA,4237139345,OATES 10N-2 1H,Diamondback,42,Pecos,WCB_2,WCA_1,10133.0,False,False,,45.5,inf,10,WCA_1,23913.72125327983,True
WCC->WCA,4237139398,NEAL LETHCO 35-36 UNIT 1WA,Diamondback,42,Pecos,WCC,WCA_1,10235.0,False,False,,10.0,inf,25,WCA_1,23946.16311771796,True
WCB_2->WCA,4237139544,ROOSTERFISH UNIT 22SE 2H,VTX Energy,42,Pecos,WCB_2,WCA_1,10672.0,False,False,120.0,6.0,20.0,22,WCA_1,23791.195948578108,True
WCB_1->WCA,4237139553,SABINE 10S-2 UNIT 2WB,Diamondback,42,Pecos,WCB_1,WCA_1,10184.0,False,False,,71.0,inf,10,WCA_1,20413.353338334586,True
WCA->WCB_1,4237139671,KRITI C3-6-7 WA11 711H,Exxon Mobil,42,Pecos,WCA_1,WCB_1,10193.0,False,False,,70.0,inf,22,WCB_1,11239.909430990352,True
WCA->WCB_2,4237139919,CANYONLANDS 15-16 B 2WA,Diamondback,42,Pecos,WCA_1,WCB_2,10799.0,False,False,157.0,12.0,13.083333333333334,34,WCB_1,21673.938795656464,True
BS3_S->WCA,4237139985,SILOW 14 UNIT K001,Swordfish Energy Operating,42,Pecos,BS3_S,WCA_2,9350.0,False,False,,6.5,inf,9,WCA_2,17280.674582688003,False
OTHER->WCA,4237140013,STATE LONGS 8-7 UNIT 1WA,Diamondback,42,Pecos,OTHER,WCA_1,9385.0,False,False,,70.0,inf,6,BS3_S,21851.30355037338,True
WCA->WCB_1,4237140023,MAGNOLIA STATE UNIT 4309BH,Continental Resources,42,Pecos,WCA_2,WCB_1,10049.0,False,False,,86.0,inf,10,WCA_2,12758.146124266343,True
WCB_2->WCA,4237140024,ROOSTERFISH UNIT 22SE23 23H,VTX Energy,42,Pecos,WCB_2,WCA_1,10787.0,False,False,,109.0,inf,22,WCB_2,12081.754477030885,True
WCB_2->WCA,4237140033,ROOSTERFISH UNIT 22NE22 22H,VTX Energy,42,Pecos,WCB_2,WCA_1,10792.0,False,False,,114.0,inf,27,WCB_1,19416.38135370029,True
BS3_S->WCA,4237140074,STATE ELBERT 7-8 UNIT 2WA,Diamondback,42,Pecos,BS3_S,WCA_1,9376.0,False,False,,69.5,inf,8,OTHER,18380.41163946061,True
BS3_S->WCA,4237140131,JOLLY JUMPER 48-21-28 2B10 310H,Exxon Mobil,42,Pecos,BS3_S,WCA_1,10359.0,False,False,,34.0,inf,25,WCA_2,11531.279429570834,True
BS3_S->WCA,4237140210,WILSON 8-7 UNIT 5WA,Diamondback,42,Pecos,BS3_S,WCA_1,9335.0,False,False,,28.5,inf,8,OTHER,14345.389805097451,True
BS3_S->WCA,4237140211,WILSON 8-7 UNIT 6WA,Diamondback,42,Pecos,BS3_S,WCA_1,9399.0,False,False,,92.5,inf,8,OTHER,18544.800411170123,True
WCA->WCB_1,4237140328,MOORE SHARK 10-9 UNIT 3WA,Diamondback,42,Pecos,WCA_1,WCB_1,10687.0,False,False,,69.0,inf,32,WCB_1,14036.869974504805,True
WCB_2->WCA,4237140369,JAVELINA CHARMER 27-28 UNIT 4311H,Greenlake Energy,42,Pecos,WCB_2,WCA_1,10617.0,False,False,,1.0,inf,26,WCA_1,17332.440210380075,True
WCB_1->WCA,4238930923,"CLEVELAND, R. ET AL 9H",Caird Operating,42,Reeves,WCB_1,WCA_2,10764.0,False,False,,80.0,inf,16,WCA_2,8642.910447761195,False
WCA->BS3_S,4238932145,"EVANS, N T 10H",Caird Operating,42,Reeves,WCA_2,BS3_S,10606.0,False,False,,33.0,inf,9,WCA_2,6677.777777777778,False
BS3_S->WCA,4238932554,CABRITO STATE T 33H,Permian Resources,42,Reeves,BS3_S,WCA_1,10750.0,False,False,,23.0,inf,36,WCA_2,0.6906077348066298,False
WCB_1->WCA,4238932847,GELTEMEYER 4-21 1H,Permian Resources,42,Reeves,WCB_1,WCA_2,10465.0,False,False,,64.0,inf,25,WCA_2,596.5353450684548,False
WCB_1->WCA,4238933003,"""CACO-STATE 216-13"" 1H",Chevron,42,Reeves,WCB_1,WCA_2,10439.0,False,False,,79.0,inf,19,WCB_2,9949.266650637172,False
WCB_1->WCA,4238933579,BRADY 56-1 1H,TRP Energy,42,Reeves,WCB_1,WCA_2,10573.0,False,False,,9.5,inf,8,WCA_2,14409.470002690341,False
BS3_S->WCA,4238933658,BLAKE STATE 2-52-8 UNIT 1H,Chevron,42,Reeves,BS3_S,WCA_1,10352.0,False,False,,103.5,inf,27,BS3_S,19149.928605425986,False
WCB_1->WCA,4238933848,PERRY STATE B 18 5H,Permian Resources,42,Reeves,WCB_1,WCA_2,10718.0,False,False,215.5,71.0,3.035211267605634,30,WCA_2,15962.772785622594,False
WCB_1->WCA,4238934003,JAMES 02 140 1401H,Devon,42,Reeves,WCB_1,WCA_2,11055.0,False,False,,92.0,inf,38,WCB_1,15553.806451612903,False
WCA->WCB_1,4238934157,KLIPSPRINGER STATE 24 W2 2H,Crescent Energy,42,Reeves,WCA_2,WCB_1,10631.0,False,False,,61.5,inf,11,WCB_1,14559.778686552801,False
WCB_1->WCA,4238934179,EL JEFE 80 802H,ConocoPhillips,42,Reeves,WCB_1,WCA_2,10116.0,False,False,,103.0,inf,38,WCA_2,8710.820451843045,False
WCB_1->WCA,4238934239,BIG PINEY 57-2-41 1H,Occidental,42,Reeves,WCB_1,WCA_2,9917.0,False,False,140.5,27.0,5.203703703703703,23,WCA_2,13476.746959217744,False
WCB_1->WCA,4238934253,HARPOON 140 1401BH,Devon,42,Reeves,WCB_1,WCA_2,10208.0,False,False,,93.0,inf,11,WCB_1,13238.184495916455,False
WCB_1->WCA,4238934259,SARAH LINK 3 13H,Permian Resources,42,Reeves,WCB_1,WCA_2,10860.0,False,False,,108.0,inf,33,WCA_2,14138.905010640356,False
WCB_1->WCA,4238934295,SHOSHONI 55-4-43 1H,Occidental,42,Reeves,WCB_1,WCA_2,10608.0,False,False,198.5,85.0,2.335294117647059,18,WCXY,113.28206194138433,False
WCB_1->WCA,4238934296,OATMAN STATE UNIT 11-14 1H,Petro-Hunt,42,Reeves,WCB_1,WCA_2,9742.0,False,False,130.0,64.0,2.03125,14,WCB_1,5394.084732214228,False
WCB_1->WCA,4238934388,EILAND 8-33 1H,Continental Resources,42,Reeves,WCB_1,WCA_2,11029.0,False,False,,18.0,inf,12,WCA_2,20613.272311212815,False
WCB_1->WCA,4238934390,LEMUR 24 1H,VTX Energy,42,Reeves,WCB_1,WCA_1,10814.0,False,False,,110.0,inf,17,WCB_2,21614.24916355048,False
WCB_1->WCA,4238934411,TRIGGER 40 W 6H,Chevron,42,Reeves,WCB_1,WCA_2,10582.0,False,False,,103.0,inf,31,WCA_2,22893.60137288551,False
WCB_1->WCA,4238934439,ARMSTRONG STATE 4 1H,Blue Arrow Operating,42,Reeves,WCB_1,WCA_2,10795.0,False,False,,111.0,inf,17,WCA_2,19461.832872634488,False
BS3_S->WCA,4238934804,EVERGREEN 1 1H,VTX Energy,42,Reeves,BS3_S,WCA_1,10492.0,False,False,,40.0,inf,24,WCA_1,15536.010709504686,False
BS3_S->WCA,4238934821,STATE HARRISON RANCH 56 30 307H,EOG,42,Reeves,BS3_S,WCA_1,9859.0,False,False,,80.0,inf,8,WCA_1,25661.002548853015,False
WCB_1->WCA,4238934912,CILANTRO 2524-C3 1H,Continental Resources,42,Reeves,WCB_1,WCA_2,10908.0,False,False,,78.0,inf,18,WCA_1,26816.419753086422,False
WCB_1->WCA,4238934913,WALKING O C3-28 3H,Continental Resources,42,Reeves,WCB_1,WCA_2,11053.0,False,False,,76.5,inf,12,WCA_2,14020.408163265307,False
WCB_1->WCA,4238935044,THUNDERBIRD UNIT 5001H,Scout Energy Partners,42,Reeves,WCB_1,WCA_2,10443.0,False,False,,20.0,inf,16,WCA_2,21662.461242382124,True
WCA->WCB_1,4238935082,ALLMAN 24 6H,Victerra Energy,42,Reeves,WCA_2,WCB_1,9897.0,False,False,,2.5,inf,11,WCB_1,15986.066270178419,False
WCA->WCB_1,4238935097,STATE PLACER 57-T2-44 1H,BP,42,Reeves,WCA_2,WCB_1,9881.0,False,False,,35.0,inf,29,WCA_2,33077.53729775162,False
WCA->WCB_1,4238935151,STATE BLAKE 57-T3-46 1H,BP,42,Reeves,WCA_2,WCB_1,10039.0,False,False,,77.0,inf,25,WCA_2,21639.414802065403,False
WCB_1->WCA,4238935323,TITAN STATE 16 1H,Devon,42,Reeves,WCB_1,WCA_2,10971.0,False,False,,11.5,inf,36,WCA_2,49813.68330464716,False
WCB_1->WCA,4238935326,ALEXANDER 4-45 2H,Diamondback,42,Reeves,WCB_1,WCA_2,10628.0,False,False,,97.0,inf,12,WCB_1,17547.826086956524,True
BS3_S->WCA,4238935333,GELTEMEYER 297 2H,Chevron,42,Reeves,BS3_S,WCA_1,10106.0,False,False,,111.5,inf,20,WCA_1,,False
WCB_1->WCA,4238935463,TETRIS 21601 18 #3H 4H,BTA Oil,42,Reeves,WCB_1,WCA_2,10900.0,False,True,155.0,45.5,3.4065934065934065,38,WCA_2,,False
WCA->BS3_S,4238935465,STATE JOBE 40-6 UNIT 2H,EOG,42,Reeves,WCXY,BS3_S,10295.0,False,False,,40.0,inf,11,WCA_1,16842.57824604896,True
WCA->WCB_1,4238935560,BLUE LAKES 5556 1H,Chevron,42,Reeves,WCA_2,WCB_1,10295.0,False,False,,114.0,inf,7,WCB_1,14778.026677527747,True
BS3_S->WCA,4238935569,S. JOHNSON 19 2H,Perun Energy,42,Reeves,BS3_S,WCA_2,9833.0,False,False,,92.0,inf,20,WCA_1,23770.632368703107,True
WCA->WCB_1,4238935583,SOUNDER 56-3-15 1H,Occidental,42,Reeves,WCA_2,WCB_1,10441.0,False,False,,51.0,inf,28,WCA_2,23434.38914027149,False
WCA->WCB_1,4238935588,IVY MOUNTAIN 53-4-3 UNIT 1H,Occidental,42,Reeves,WCA_2,WCB_1,11155.0,False,False,,23.0,inf,21,WCB_1,15617.432432432432,True
WCA->WCB_1,4238935590,IRON CITY STATE L 0 L 05H,Devon,42,Reeves,WCA_2,WCB_1,10187.0,False,False,,39.0,inf,10,WCA_2,19942.800788954635,True
WCA->WCB_1,4238935712,BRASS MONKEY STATE UNIT 80 801H,US Energy Development,42,Reeves,WCA_2,WCB_1,10945.0,False,False,106.0,51.0,2.0784313725490198,36,WCA_2,16664.205490848584,True
WCB_1->WCA,4238935811,SCHWALBE-SONOMA STATE 120 1H,Apache,42,Reeves,WCB_1,WCA_2,10643.0,False,False,,79.0,inf,14,WCA_2,7591.652833768082,True
WCB_1->WCA,4238935842,MONROE STATE 32 2H,Devon,42,Reeves,WCB_1,WCA_2,10797.0,False,False,155.5,62.0,2.5080645161290325,36,WCA_1,39035.752746069345,False
BS3_S->WCA,4238935857,STATE JOBE 40-6 UNIT 4H,EOG,42,Reeves,BS3_S,WCA_1,10301.0,False,False,,113.0,inf,10,WCXY,15536.209553158706,True
WCB_1->WCA,4238935992,LEE 40 402BH,Apache,42,Reeves,WCB_1,WCA_2,10687.0,False,False,,70.0,inf,62,WCB_1,21752.20838052095,False
WCA->WCB_1,4238936015,E STORM STATE 33 1H,Perun Energy,42,Reeves,WCA_2,WCB_1,9848.0,False,False,,11.5,inf,15,BS3_S,41206.68859649123,False
WCB_1->WCA,4238936274,STATE WHISKEY RIVER 4A-8 1H,Continental Resources,42,Reeves,WCB_1,WCA_2,10734.0,False,False,,11.0,inf,7,WCA_2,24996.57500733927,True
WCB_1->WCA,4238936293,WINKLER STATE 34 1H,Perun Energy,42,Reeves,WCB_1,WCA_2,9870.0,False,False,,16.5,inf,12,WCA_2,25699.12774649442,True
WCA->WCB_1,4238936367,BULL RUN 40 408BH,Apache,42,Reeves,WCA_2,WCB_1,10611.0,False,False,,45.5,inf,46,WCA_2,25457.461328480436,False
BS3_S->WCA,4238936506,CHERRY BOMB 10-9 UNIT A 3H,Perun Energy,42,Reeves,BS3_S,WCA_2,9995.0,False,False,,6.0,inf,14,WCA_1,35287.19576719577,True
WCA->WCB_1,4238936652,NINJA 4-50 49 2H,Permian Resources,42,Reeves,WCA_2,WCB_1,10703.0,False,False,83.5,18.0,4.638888888888889,34,WCA_2,14605.74463899272,True
BS3_S->WCA,4238936715,STEPHENS A U 18H,Permian Resources,42,Reeves,BS3_S,WCA_1,10247.0,False,False,142.0,52.0,2.730769230769231,31,WCA_1,29201.468428781205,True
BS3_S->WCA,4238936849,DARLINGTON UNIT 11B5 5H,VTX Energy,42,Reeves,BS3_S,WCA_1,10635.0,False,False,,89.5,inf,30,WCA_1,13354.817792763584,True
WCB_1->WCA,4238937017,ST. CLAIR UNIT 2827 1 11H,Apache,42,Reeves,WCB_1,WCA_1,10554.0,False,False,127.0,34.0,3.735294117647059,33,WCA_2,21887.140972292702,True
WCA->WCB_1,4238937097,CORSAIR STATE UNIT 2 20H,1920 Energy,42,Reeves,WCA_2,WCB_1,9753.0,False,False,,96.0,inf,20,WCA_2,11532.336494043278,True
WCA->WCB_1,4238937099,CORSAIR STATE UNIT 2 22H,1920 Energy,42,Reeves,WCA_2,WCB_1,9769.0,False,False,,80.0,inf,20,WCA_2,17372.796599574947,True
WCA->WCB_1,4238937102,VIPER 14N5 25H,VTX Energy,42,Reeves,WCA_2,WCB_1,10905.0,False,False,,42.0,inf,24,WCB_1,12218.967517401392,True
WCB_1->WCA,4238937142,GEORGE 1 2H,Devon,42,Reeves,WCB_1,WCA_2,11114.0,False,False,,55.0,inf,18,WCB_1,8980.709118513887,True
WCA->WCB_1,4238937367,STATE BLAKE 57-T3-46 W10 W102H,BP,42,Reeves,WCA_2,WCB_1,10036.0,False,False,,80.0,inf,24,WCB_1,11507.8426915208,False
WCA->WCB_1,4238937368,STATE BLAKE 57-T3-46 W10 W103H,BP,42,Reeves,WCA_2,WCB_1,10055.0,False,False,,61.0,inf,24,WCB_1,10695.077484047402,False
WCA->WCB_1,4238937369,STATE BLAKE 57-T3-46 W10 W104H,BP,42,Reeves,WCA_2,WCB_1,10064.0,False,False,,52.0,inf,22,WCB_1,14664.995442114858,False
WCA->WCB_2,4238937383,DIEZ UNIT 10 2H,Apache,42,Reeves,WCA_1,WCB_2,10896.0,False,False,513.0,33.0,15.545454545454545,25,WCB_2,31651.83625115177,True
WCB_1->WCA,4238937395,WHISKEY RIVER 0927A-7 21H,Continental Resources,42,Reeves,WCB_1,WCA_2,10982.0,False,False,,28.0,inf,11,WCA_2,19889.640035118526,True
WCB_1->WCA,4238937575,MEATLOAF 58W 1H,Apache,42,Reeves,WCB_1,WCA_2,10304.0,False,False,,120.0,inf,14,WCB_1,24170.408621463852,False
WCB_1->WCA,4238937582,DARK LIGHTNING STATE UNIT 9601H,Scout Energy Partners,42,Reeves,WCB_1,WCA_2,10347.0,False,False,196.0,26.5,7.39622641509434,16,WCA_2,12757.747648035418,True
WCA->WCB_1,4238937609,YETI STATE 56-2-45 UNIT 2H,Occidental,42,Reeves,WCA_2,WCB_1,10600.0,False,True,,67.0,inf,24,WCA_2,18864.34963039813,True
WCA->WCB_1,4238937613,YETI STATE 56-2-45 UNIT 4H,Occidental,42,Reeves,WCA_2,WCB_1,10632.0,False,False,,2.0,inf,22,WCA_2,21479.564032697548,True
WCB_1->WCA,4238937622,TIGER UNIT 21A25 25H,VTX Energy,42,Reeves,WCB_1,WCA_2,10804.0,False,False,,112.0,inf,23,WCA_2,9686.829940001968,True
WCB_1->WCA,4238937624,TIGER UNIT 21A24 24H,VTX Energy,42,Reeves,WCB_1,WCA_2,10789.0,False,False,,92.0,inf,22,WCA_2,12134.677944046844,True
WCB_1->WCA,4238937837,SKY PILOT 57-46 EAST UNIT B 2H,Devon,42,Reeves,WCB_1,WCA_2,10073.0,False,False,182.0,15.5,11.741935483870968,44,WCA_2,17872.23892979363,True
WCA->BS3_S,4238937872,STATE ASPEN C UNIT 1H,EOG,42,Reeves,WCA_1,BS3_S,10458.0,False,False,,79.5,inf,16,BS3_S,14318.029714897604,True
WCA->BS3_S,4238937873,STATE ASPEN C UNIT 2H,EOG,42,Reeves,WCA_1,BS3_S,10458.0,False,False,,78.0,inf,18,BS3_S,10329.954800712232,True
WCB_1->WCA,4238937918,MEADE 40 408BH,Apache,42,Reeves,WCB_1,WCA_2,10704.0,False,False,,93.0,inf,67,WCB_1,21653.484815381256,False
BS3_S->WCA,4238937964,BLAZER UNIT 14 3WA,Diamondback,42,Reeves,BS3_S,WCA_1,11026.0,False,False,,35.0,inf,15,WCA_1,33731.520737327184,True
WCA->WCB_1,4238938088,STATE PLACER 57-T2-44 W10 W102H,BP,42,Reeves,WCA_2,WCB_1,9899.0,False,False,,17.0,inf,28,WCA_2,25042.471042471043,False
WCB_1->WCA,4238938108,WINKLER STATE 34 2H,Perun Energy,42,Reeves,WCB_1,WCA_2,9926.0,False,False,,60.0,inf,13,BS3_S,15206.874934698568,True
WCB_1->WCA,4238938134,LITTLE BIG CHIEF UNIT 4901H,Scout Energy Partners,42,Reeves,WCB_1,WCA_2,10481.0,False,False,,116.0,inf,17,WCB_2,10247.221492955281,True
WCB_1->WCA,4238938235,NORTH ELEPHANT 2 UNIT 1 12H,Devon,42,Reeves,WCB_1,WCA_2,11150.0,False,False,,96.0,inf,26,WCB_1,13077.593275932759,True
WCA->WCB_1,4238938240,SOUTH ELEPHANT WOLFCAMP UNIT 1 15H,Devon,42,Reeves,WCA_2,WCB_1,11102.0,False,False,,83.0,inf,27,WCB_1,8472.507488232777,True
WCB_1->WCA,4238938266,STRATEGERY STATE UNIT 2 23WB,Petro-Hunt,42,Reeves,WCB_1,WCA_2,9569.0,False,False,153.0,19.0,8.052631578947368,24,WCA_1,11763.89023562494,True
WCB_1->WCA,4238938293,STATE RUSH 57-T2-18 W10 W108H,BP,42,Reeves,WCB_1,WCA_2,9811.0,False,False,,23.0,inf,41,WCA_2,20892.438519880485,False
WCA->WCB_1,4238938374,TBD 57-T1-41X32 W10 W101H,BP,42,Reeves,WCA_2,WCB_1,9920.0,False,False,90.5,28.0,3.232142857142857,24,WCA_2,39641.59811985899,True
WCB_1->WCA,4238938445,STATE TUNDRA 57-T3-26 W20 W207H,BP,42,Reeves,WCB_1,WCA_2,10255.0,False,False,,113.0,inf,22,WCB_1,34866.880881340374,False
WCB_1->WCA,4238938508,STATE MONEY 57-T3-20 W20 W201H,BP,42,Reeves,WCB_1,WCA_2,10045.0,False,False,,106.0,inf,18,WCB_1,9611.351819757365,False
WCB_1->WCA,4238938702,RICHMOND W STATE 4239 A-B 7 71H,Apache,42,Reeves,WCB_1,WCA_2,10740.0,False,False,,81.5,inf,43,WCB_1,17752.58004763165,True
WCB_1->WCA,4238939074,SHIRLEY 58-T2-13 W20 W208H,BP,42,Reeves,WCB_1,WCA_2,9741.0,False,False,,75.5,inf,28,WCA_2,35651.363271852446,False
BS3_S->WCA,4238939118,SNOWSHOE STATE 57-10 WEST UNIT 1 12H,Devon,42,Reeves,BS3_S,WCA_1,10564.0,False,False,,13.0,inf,37,WCA_1,18459.45118841171,True
BS3_S->WCA,4238939216,J.A. HORD 8-9 UNIT 223H,Permian Resources,42,Reeves,BS3_S,WCA_2,10666.0,False,False,213.0,15.0,14.2,19,WCA_2,18223.136246786635,True
WCA->WCB_1,4238939257,WOMAC A4 2LA,Apache,42,Reeves,WCA_2,WCB_1,10695.0,False,False,91.0,26.0,3.5,34,WCA_2,16445.60114309043,True
BS3_S->WCA,4238939343,ALTAI 23 1BS,Diamondback,42,Reeves,BS3_S,WCA_1,10848.0,False,False,,87.0,inf,16,BS3_S,27978.555917481,True
WCA->WCB_1,4238939361,DARCY STATE 22 6H,EQV Operating,42,Reeves,WCA_2,WCB_1,10488.0,False,False,87.5,22.0,3.977272727272727,27,WCA_2,26528.469000421763,False
BS3_S->WCA,4238939375,POWDERED DONUT STATE B T 1 T 15H,Permian Resources,42,Reeves,BS3_S,WCA_1,10185.0,False,False,165.0,2.0,82.5,24,BS3_S,15624.906865353913,True
BS3_S->WCA,4238939409,ICEMAN A T 2 T 22H,Permian Resources,42,Reeves,BS3_S,WCA_1,10012.0,False,False,,112.5,inf,19,BS3_S,10885.363716038564,False
WCB_1->WCA,4238939433,MCDERMOTT STATE UNIT 3LA,Apache,42,Reeves,WCB_1,WCA_2,10641.0,False,False,,61.0,inf,22,WCA_2,11195.982461507088,True
BS3_S->WCA,4238939667,POWDERED DONUT STATE E T 3 T 35H,Permian Resources,42,Reeves,BS3_S,WCA_1,10179.0,False,False,159.0,46.5,3.4193548387096775,22,BS3_S,15530.154132616117,True
OTHER->WCA,4238939884,MCGARY-TUDOR WEST 4H,Upcurve Energy,42,Reeves,OTHER,WCA_1,10030.0,False,False,,10.0,inf,26,WCA_1,,False
WCB_1->WCA,4238939987,MAROON BELLS 13-14 UNIT B 2H,Devon,42,Reeves,WCB_1,WCA_2,11022.0,False,False,,57.0,inf,33,WCA_2,21883.098448747845,True
WCB_1->WCA,4238939988,MAROON BELLS 13-14 UNIT D 4H,Devon,42,Reeves,WCB_1,WCA_2,11026.0,False,False,,62.0,inf,40,WCA_2,27098.550724637684,True
WCB_1->WCA,4238939990,MAROON BELLS 13-14 UNIT F 6H,Devon,42,Reeves,WCB_1,WCA_2,11006.0,False,False,95.5,43.0,2.2209302325581395,39,WCA_2,24465.61272782197,True
WCA->WCB_1,4238940165,HARDCASTLE STATE 27-34-39 B 2H,Devon,42,Reeves,WCA_2,WCB_1,10765.0,False,False,96.5,18.0,5.361111111111111,30,WCA_2,21688.5506287227,False
WCA->WCB_1,4238940171,JAVELIN 22101 48 2H,BTA Oil,42,Reeves,WCA_2,WCB_1,10948.0,False,False,,54.0,inf,22,WCB_1,21279.089026915113,False
WCB_1->WCA,4238940199,BAD BRAINS STATE UNIT 272-280W 17H,Apache,42,Reeves,WCB_1,WCA_2,10703.0,False,False,,109.0,inf,32,WCB_2,17625.96839169507,True
WCB_1->WCA,4238940319,BAD BRAINS STATE A2 18H,Apache,42,Reeves,WCB_1,WCA_2,10682.0,False,False,,55.0,inf,30,WCB_2,13568.242548818087,True
WCA->WCB_1,4238940403,TITAN STATE 16-5A-54-4 43 432H,Devon,42,Reeves,WCA_2,WCB_1,11020.0,False,False,91.0,39.0,2.3333333333333335,33,WCB_1,14545.821325648414,True
WCB_1->WCA,4238940449,POCONO WEST A2 1LA,Apache,42,Reeves,WCB_1,WCA_2,10640.0,False,False,,23.0,inf,36,WCA_2,10775.63731170336,True
WCA->WCB_1,4238940584,LA CUCARACHA STATE UNIT 73 731H,EOG,42,Reeves,WCA_2,WCB_1,10296.0,False,False,,99.5,inf,11,WCA_1,8031.942804670077,False
WCB_1->WCA,4238940745,LIBERATOR STATE UNIT 2 25WB,1920 Energy,42,Reeves,WCB_1,WCA_2,10013.0,False,False,,118.5,inf,15,WCB_1,14057.109098070106,False
BS3_S->WCA,4238940800,RAMONES UNIT 267-266W 9BS,Apache,42,Reeves,BS3_S,WCA_1,10405.0,False,False,248.5,17.0,14.617647058823529,35,WCA_1,2414.826254826255,True
WCA->WCB_1,4238941027,STATE ELLA MAE 57-T2-14X23 BG W20 W207H,BP,42,Reeves,WCA_2,WCB_1,10252.0,False,False,,16.5,inf,40,WCA_2,9233.6502448862,True
WCA->WCB_1,4238941028,STATE ELLA MAE 57-T2-14X23 BH W20 W208H,BP,42,Reeves,WCA_2,WCB_1,10272.0,False,False,,34.0,inf,40,WCA_2,9939.540742176145,True
WCA->WCB_1,4238941031,STATE ELLA MAE 57-T2-14X23 BA W20 W201H,BP,42,Reeves,WCA_2,WCB_1,10248.0,False,False,,12.5,inf,36,WCB_1,11826.372142374843,True
WCA->WCB_1,4238941032,STATE ELLA MAE 57-T2-14X23 BB W20 W202H,BP,42,Reeves,WCA_2,WCB_1,10255.0,False,False,,19.5,inf,34,WCB_1,11917.69344504682,True
WCA->WCB_1,4238941322,MACHO MAN 1 450 4503H,Greenlake Energy,42,Reeves,WCA_2,WCB_1,10933.0,False,False,,59.0,inf,30,WCB_1,,False
WCA->WCB_1,4238941348,STATE CHAMP 56-T3-12X5 W20 W205H,BP,42,Reeves,WCA_2,WCB_1,10682.0,False,False,186.5,33.5,5.567164179104478,26,WCB_1,,False
WCA->WCB_1,4238941375,DURLENE B 4A,Crescent Energy,42,Reeves,WCA_2,WCB_1,10216.0,False,False,,95.0,inf,13,WCB_1,12612.469927826785,True
WCA->WCB_1,4238941379,BEDFORD SIZZLER 7 W10 W101CN,Mewbourne,42,Reeves,WCA_1,WCB_1,10006.0,False,False,,43.0,inf,17,WCB_1,23186.65824915825,False
WCA->WCB_1,4238941513,KRAKEN 57-3-40-45 D 1 14H,Occidental,42,Reeves,WCA_2,WCB_1,9993.0,False,False,,99.0,inf,27,WCA_2,,False
BS3_S->WCA,4238941598,THISSIE STATE 19-18 A 131H,Permian Resources,42,Reeves,BS3_S,WCA_1,10346.0,False,False,,94.0,inf,29,BS3_S,,False
WCB_1->WCA,4238941618,ROYLETTE 2 BTF 705H,ConocoPhillips,42,Reeves,WCB_1,WCA_2,9882.0,False,False,,24.0,inf,39,WCA_2,,False
WCB_1->WCA,4238941620,ROULETTE WEST BTF 707H,ConocoPhillips,42,Reeves,WCB_1,WCA_2,9846.0,False,False,,48.0,inf,43,WCA_2,,False
WCB_1->WCA,4238941671,ROCKFISH NORTH E 5WA,Petroplex Energy,42,Reeves,WCB_1,WCA_2,10633.0,False,False,,92.0,inf,26,WCA_2,,False
WCA->WCB_1,4238941698,CASTLE 403U,Devon,42,Reeves,WCA_2,WCB_1,10774.0,False,False,,105.0,inf,32,WCB_1,,False
WCB_1->WCA,4238941757,QUINT ASPER STATE 1H,Upcurve Energy,42,Reeves,WCB_1,WCA_2,10453.0,False,False,,96.0,inf,28,WCA_2,,False
WCB_1->WCA,4238941783,YETI STATE 56-2-40-1 A 21H,Occidental,42,Reeves,WCB_1,WCA_2,10623.0,False,False,97.0,32.0,3.03125,30,WCA_2,,False
WCB_1->WCA,4238941789,YETI STATE 56-2-40-1 F 23H,Occidental,42,Reeves,WCB_1,WCA_2,10632.0,False,False,88.0,38.0,2.3157894736842106,27,WCA_2,,False
WCB_2->WCA,4237139459,COUNTY LINE 2920A-C2 1H,VTX Energy,42,Pecos,WCB_2,WCA_1,10650.0,False,False,,24.5,inf,28,WCA_1,17408.423226991046,True
BS3_S->WCA,4237139495,STATE B&B SISTERS 0833B-143 1H,Swordfish Energy Operating,42,Pecos,BS3_S,WCA_1,9127.0,False,False,,4.0,inf,17,WCA_1,15123.524069028155,True
BS3_S->WCA,4238941828,PAUL WALL 3807H,Greenlake Energy,42,Reeves,BS3_S,WCA_1,10322.0,False,False,,83.5,inf,11,BS3_S,,False
BS3_S->WCA,4238941944,TROUBADOUR E 4H,Permian Resources,42,Reeves,BS3_S,WCA_1,10691.0,False,False,141.0,35.0,4.0285714285714285,19,WCA_1,,False
BS3_S->WCA,4247535250,HOWARD 33-22 2H,Apache,42,Ward,BS3_S,WCA_2,11250.0,False,False,257.0,44.0,5.840909090909091,19,WCA_2,28966.124661246613,False
BS3_S->WCA,4247535251,KHC 33-24 NW 1H,Apache,42,Ward,BS3_S,WCA_2,11140.0,False,False,,99.0,inf,21,WCA_2,1003.6764705882352,False
WCA->WCB_2,4247535273,CIMAREX UNIVERSITY 18-41 'B' 1H,Apache,42,Ward,WCXY,WCB_2,12200.0,False,True,,4.5,inf,46,WCB_2,24615.3603034134,False
WCA->WCB_1,4247535294,MONROE '1-8' 1H,Crescent Energy,42,Ward,WCXY,WCB_1,11950.0,False,False,,66.0,inf,52,WCB_1,14864.030335861322,False
BS3_S->WCA,4247535331,HOWARD 33-22 3H,Apache,42,Ward,BS3_S,WCA_2,11250.0,False,False,,8.0,inf,37,WCA_1,20203.979099678458,False
BS3_S->WCA,4247535355,ASSAULT 126 1H,Manti,42,Ward,BS3_S,WCA_1,11200.0,False,True,146.0,58.0,2.5172413793103448,30,WCA_1,10074.288359176118,False
BS3_S->WCA,4247535361,FIELDS 33-25 1H,Apache,42,Ward,BS3_S,WCA_2,11290.0,False,False,,50.0,inf,29,WCB_1,16217.863894139886,False
BS3_S->WCA,4247535366,BEN-MEG 7 7H,Crescent Energy,42,Ward,BS3_S,WCA_1,11200.0,False,True,,63.0,inf,58,BS3_S,5112.176165803109,False
BS3_S->WCA,4247535391,EFFIE PONDER EST. 33-18 2H,Apache,42,Ward,BS3_S,WCA_2,11180.0,False,False,243.5,19.0,12.81578947368421,17,WCA_2,18422.70950933565,False
BS3_S->WCA,4247535456,BENJAMIN 8H,Crescent Energy,42,Ward,BS3_S,WCA_1,11335.0,False,False,,72.0,inf,54,WCA_2,35111.33314302027,False
BS3_S->WCA,4247535467,SEARLS 34-115 1H,Apache,42,Ward,BS3_S,WCA_2,11500.0,False,True,368.0,22.0,16.727272727272727,37,WCB_1,20839.048672566372,False
WCA->BS3_S,4247535521,MONROE 34-180 1H,Occidental,42,Ward,WCA_1,BS3_S,10951.0,False,False,97.0,47.0,2.0638297872340425,27,BS3_S,15361.433087460486,False
BS3_S->WCA,4247535541,COLT 34-212 1H,Occidental,42,Ward,BS3_S,WCA_1,11156.0,False,False,,107.0,inf,48,BS3_C,61224.62562396006,False
BS3_S->WCA,4247535548,MONROE 34-188 1H,Occidental,42,Ward,BS3_S,WCA_1,10900.0,False,True,,105.0,inf,24,BS3_S,4569.133858267716,False
WCA->BS3_S,4247535582,CROCKETT 1-26 WRD 1H,Petro-Hunt,42,Ward,WCXY,BS3_S,10958.0,False,False,,89.0,inf,29,BS3_S,69920.4892966361,False
WCA->BS3_S,4247535592,MONROE 34-158 UNIT 1H,Occidental,42,Ward,WCA_1,BS3_S,10987.0,False,False,102.0,44.0,2.3181818181818183,38,BS3_S,43520.25886325267,False
BS3_S->WCA,4247535630,HEXAD 34-180 1H,Occidental,42,Ward,BS3_S,WCA_1,10894.0,False,False,,111.0,inf,25,BS3_S,15159.975293390982,False
WCA->BS3_S,4247535681,MONROE WEST 1-17 WRD 1H,Crescent Energy,42,Ward,WCXY,BS3_S,10911.0,False,False,128.0,61.5,2.0813008130081303,28,BS3_S,50289.75699784682,False
WCA->BS3_S,4247535735,INTIMIDATION 33-63 1H,Apache,42,Ward,WCXY,BS3_S,10814.0,False,False,96.5,26.0,3.7115384615384617,23,BS3_S,38962.04509935254,False
WCA->BS3_S,4247535921,MONROE 34-215 WRD 1H,MCM Energy,42,Ward,WCA_1,BS3_S,10679.0,False,False,,29.5,inf,19,BS3_S,7218.59296482412,False
WCA->BS3_S,4247535927,CROCKETT 1-37 WRD 2H,ConocoPhillips,42,Ward,WCXY,BS3_S,11116.0,False,False,,110.0,inf,32,WCXY,21011.463250168577,False
BS3_S->WCA,4247536021,STATE OF TEXAS -FW- 7H,Jetta,42,Ward,BS3_S,WCA_1,11236.0,False,False,,87.5,inf,33,WCA_1,1584.3261848027535,False
BS3_S->WCA,4247536143,MONROE 34-221/212 UNIT 1H,Occidental,42,Ward,BS3_S,WCA_1,11169.0,False,False,,94.0,inf,53,WCA_1,13592.290817925415,False
WCA->BS3_C,4247536196,UNIVERSITY 18-18 2,Crescent Energy,42,Ward,WCA_1,BS3_C,11186.0,False,False,165.0,6.0,27.5,31,BS3_S,7765.743839367204,False
WCB_1->WCA,4247536304,BLUE JACKET 73 A 1H,Diamondback,42,Ward,WCB_1,WCA_2,11370.0,False,False,,116.0,inf,34,WCC,17052.386495925497,False
BS3_S->WCA,4247536385,WILKESBORO 119 4H,Manti,42,Ward,BS3_S,WCA_1,11318.0,False,False,,112.5,inf,48,WCA_1,11165.03438216295,False
BS3_S->WCA,4247536386,ASSAULT 126 3H,Manti,42,Ward,BS3_S,WCA_1,11211.0,False,False,161.0,47.0,3.425531914893617,25,WCA_2,20318.385650224216,False
WCA->BS3_S,4247536423,P C HILL STATE B 1-12 1H,ConocoPhillips,42,Ward,WCXY,BS3_S,11026.0,False,False,,85.5,inf,32,BS3_C,34081.587379837314,False
WCB_1->WCA,4247536511,MONROE 34-158 UNIT 4H,Occidental,42,Ward,WCB_1,WCA_2,11335.0,False,False,,49.0,inf,36,WCA_2,24363.909426987062,False
WCA->BS3_S,4247536532,PRUETT 20 6H,Petro-Hunt,42,Ward,WCXY,BS3_S,11216.0,False,False,,66.0,inf,38,WCXY,17055.9088500265,False
WCA->BS3_S,4247536548,PRUETT 23 2H,Petro-Hunt,42,Ward,WCXY,BS3_S,11234.0,False,False,,99.0,inf,30,WCXY,10294.181620445894,False
BS3_S->WCA,4247536559,JIM ED 2H,Crescent Energy,42,Ward,BS3_S,WCA_1,11173.0,False,False,,98.0,inf,40,BS3_S,31470.37572254335,False
WCB_1->WCA,4247536566,MONROE 34-188 2H,Occidental,42,Ward,WCB_1,WCA_2,11166.0,False,False,143.0,58.0,2.4655172413793105,23,WCA_2,22988.296812749002,False
BS3_S->WCA,4247536665,HELLBENDER STATE 150 H10 H101BE,Apache,42,Ward,BS3_S,WCA_1,11176.0,False,False,,43.0,inf,35,BS3_S,14802.752293577982,False
WCA->BS3_S,4247536676,MONROE 1-17 WRD 2H,ConocoPhillips,42,Ward,WCA_1,BS3_S,10873.0,False,False,,17.5,inf,23,BS3_S,15225.088757396448,False
BS3_S->WCA,4247536767,JIM ED 3H,Crescent Energy,42,Ward,BS3_S,WCA_1,11179.0,False,False,,92.0,inf,39,WCA_1,7768.62582781457,False
WCC->WCA,4247536794,MUDSLINGER 34-85 3HU,Continental Resources,42,Ward,WCC,WCA_2,11287.0,False,False,345.5,39.0,8.85897435897436,26,WCB_2,14699.853228962818,False
BS3_S->WCA,4247536820,JIM ED 5H,Crescent Energy,42,Ward,BS3_S,WCA_1,11230.0,False,False,,41.0,inf,38,WCA_1,13559.47242206235,False
BS3_S->WCA,4247536832,BARRIERS 34-122 UNIT 2H,Apache,42,Ward,BS3_S,WCA_1,11357.0,False,False,,10.5,inf,39,WCA_1,19071.28122851249,False
BS3_S->WCA,4247536851,VICKERS '34-127' 2H,Apache,42,Ward,BS3_S,WCA_1,11044.0,False,False,,47.0,inf,25,BS3_S,9123.076923076922,False
WCB_1->WCA,4247537028,H.B. MORRISON 'B' 12H,Diamondback,42,Ward,WCB_1,WCA_2,11137.0,False,False,,45.5,inf,19,WCA_2,19800.0,False
BS3_S->WCA,4247537054,H.B. MORRISON 11H,Diamondback,42,Ward,BS3_S,WCA_1,11137.0,False,False,86.5,42.0,2.0595238095238093,31,WCA_1,31580.786026200873,False
WCB_1->WCA,4247537082,UTL 2932-17 1H,Continental Resources,42,Ward,WCB_1,WCA_2,11598.0,False,False,174.5,31.0,5.629032258064516,31,WCA_2,22570.390466040113,True
WCB_1->WCA,4247537111,UTL L.J. BELDIN 1211-17C 3H,Continental Resources,42,Ward,WCB_1,WCA_2,11574.0,False,False,,87.0,inf,25,WCA_2,12242.02489279364,True
WCB_1->WCA,4247537137,MONROE 34-221 2H,Occidental,42,Ward,WCB_1,WCA_2,11539.0,False,False,,102.0,inf,55,WCA_2,32595.872033023737,False
WCB_1->WCA,4247537158,SRO 34-178 UNIT 1H,Occidental,42,Ward,WCB_1,WCA_2,11326.0,False,False,87.5,18.5,4.72972972972973,27,WCA_2,12153.030154208822,True
WCB_1->WCA,4247537179,STATE EILAND UNIT 9-33 2H,Continental Resources,42,Ward,WCB_1,WCA_2,11097.0,False,False,,83.0,inf,15,WCB_1,13739.99587458746,True
OTHER->WCA,4247537226,STATE 5913A GG HOUSTON 1H,Continental Resources,42,Ward,OTHER,WCA_2,11330.0,False,False,,49.0,inf,28,WCC,26221.911682504193,True
WCB_1->WCA,4247537247,CORBETS A1 1LA,Apache,42,Ward,WCB_1,WCA_2,11476.0,False,False,,27.0,inf,34,WCB_1,12769.086161879895,True
WCA->WCB_1,4247537252,SLEEPING INDIAN A1 1LA,Apache,42,Ward,WCA_2,WCB_1,11489.0,False,False,144.5,34.5,4.188405797101449,36,WCB_1,23845.77758595886,True
BS3_S->WCA,4247537278,SEALY RANCH 930 9301H,Battalion Oil,42,Ward,BS3_S,WCA_1,11307.0,False,False,,80.0,inf,24,WCA_1,23698.25282631038,True
WCA->WCB_1,4247537282,UL MCNASSER 0201-17 11H,Devon,42,Ward,WCA_2,WCB_1,11346.0,False,False,,112.0,inf,37,WCA_2,14962.738564071493,True
WCC->WCA,4247537345,CATMAN 6263C-34 1H,Continental Resources,42,Ward,WCC,WCA_2,11281.0,False,False,,39.0,inf,15,WCA_2,29172.8079612695,True
BS3_S->WCA,4247537365,WHATCHA WANT A 7352H,US Energy Development,42,Ward,BS3_S,WCA_1,10772.0,False,False,118.0,55.0,2.1454545454545455,26,WCA_1,32007.519561020225,True
BS3_S->WCA,4247537390,STATE QUADRICORN 1617B GG H 41H,Continental Resources,42,Ward,BS3_S,WCA_1,10876.0,False,False,294.0,98.5,2.984771573604061,11,WCA_1,17297.780340155667,True
WCB_1->WCA,4247537403,MORAN 8LA,Apache,42,Ward,WCB_1,WCA_2,11486.0,False,False,,79.0,inf,29,WCA_2,25812.34983181163,False
BS3_S->WCA,4247537424,UTL 2714B 2702H,Continental Resources,42,Ward,BS3_S,WCA_1,11394.0,False,False,,2.0,inf,32,WCA_1,17482.10221394579,True
WCA->BS3_S,4247537447,MI NOCHE 4H,Exxon Mobil,42,Ward,WCA_1,BS3_S,10491.0,False,False,198.5,30.5,6.508196721311475,27,BS3_S,26372.724559832885,True
WCA->BS3_S,4247537451,SRO 551 ALLOC. A 10 100H,Apache,42,Ward,WCA_1,BS3_S,10628.0,False,False,,108.0,inf,9,BS3_S,15527.22605053371,True
WCB_1->WCA,4247537506,SEALY RANCH 750 7501H,Battalion Oil,42,Ward,WCB_1,WCA_2,11254.0,False,False,,17.5,inf,9,WCB_1,16096.23778840158,True
WCB_2->WCA,4247537507,SEALY RANCH 750 7502H,Battalion Oil,42,Ward,WCB_2,WCA_2,11242.0,False,False,,16.0,inf,9,WCB_1,18634.87566887,True
WCB_1->WCA,4247537513,ROCK GARDEN A 8LA,Apache,42,Ward,WCB_1,WCA_2,11633.0,False,False,,108.5,inf,21,WCB_1,23289.720558882233,True
WCB_1->WCA,4247537519,BUSHWACKER UNIT NW 33-21 651H,Diamondback,42,Ward,WCB_1,WCA_2,11315.0,False,False,,91.0,inf,18,WCA_2,15317.053562456034,True
WCA->WCB_1,4247537520,BUSHWACKER UNIT SE 33-21 654H,Diamondback,42,Ward,WCA_2,WCB_1,11298.0,False,False,92.0,35.0,2.6285714285714286,20,WCA_1,12338.104488293631,True
WCA->WCB_1,4247537553,PRIMA 1H,MCM Energy,42,Ward,WCA_2,WCB_1,10871.0,False,False,,93.0,inf,10,WCA_2,16827.667560321715,True
WCA->WCB_1,4247537620,CLOVERDALE 9796-F 1H,Devon,42,Ward,WCA_2,WCB_1,11285.0,False,False,,40.0,inf,12,WCA_1,23405.77041129527,True
WCB_1->WCA,4247537709,WHISKEY RIVER 7374A-34 21H,Continental Resources,42,Ward,WCB_1,WCA_2,11299.0,False,False,,27.0,inf,23,WCC,14776.71161825726,True
WCA->BS3_S,4247537728,SRO 551 ALLOC B 10 101H,Apache,42,Ward,WCA_1,BS3_S,10627.0,False,False,,88.5,inf,10,BS3_S,13264.544743021132,True
BS3_S->WCA,4247537745,SEALY RANCH 9303H,Battalion Oil,42,Ward,BS3_S,WCA_1,11356.0,False,False,,21.0,inf,26,WCA_1,19530.359355638164,True
WCB_1->WCA,4247537887,OMAHA 175-176 1HX,Manti,42,Ward,WCB_1,WCA_2,11309.0,False,False,,9.0,inf,31,WCA_2,13964.313880126183,True
BS3_S->WCA,4247537908,VENOM 6261C-34 51H,Continental Resources,42,Ward,BS3_S,WCA_1,11131.0,False,False,,46.0,inf,24,WCA_1,11526.495943204867,True
BS3_S->WCA,4247538057,VENOM 6261B-34 33H,Continental Resources,42,Ward,BS3_S,WCA_1,11125.0,False,False,,24.5,inf,22,WCA_1,24117.331589274036,True
BS3_S->WCA,4247538059,VENOM 6261A-34 21H,Continental Resources,42,Ward,BS3_S,WCA_1,11082.0,False,False,,18.5,inf,20,WCA_1,19681.88147918923,True
WCB_1->WCA,4247538071,UL ROY G 18-4-13 5207H,Apache,42,Ward,WCB_1,WCA_2,11516.0,False,False,,67.0,inf,26,WCA_2,13666.903409090908,True
WCB_1->WCA,4247538072,UL ROY H 18-4-13 5208H,Apache,42,Ward,WCB_1,WCA_2,11498.0,False,False,,57.0,inf,23,WCA_2,15642.393509127789,True
WCB_1->WCA,4247538073,UL ROY B 17-35-13 5202H,Apache,42,Ward,WCB_1,WCA_2,11518.0,False,False,,61.0,inf,34,WCA_2,11294.949494949495,True
BS2_S->BS3_S,4247538156,FIRE FROG 57-32 B 2BS,Diamondback,42,Ward,BS2_S,BS3_S,10865.0,False,False,,90.0,inf,19,WCA_1,25738.35097141052,True
WCB_1->WCA,4247538178,PEP 8-21 C 3H,Crescent Energy,42,Ward,WCB_1,WCA_2,11832.0,False,False,,54.0,inf,36,WCB_1,16469.25441967717,True
BS3_S->WCA,4247538365,UTL 1427 7J 12H,Continental Resources,42,Ward,BS3_S,WCA_1,11329.0,False,False,202.5,60.0,3.375,43,WCA_1,20654.343072947726,True
BS3_S->WCA,4247538408,BANKER 70-71 G 7WA,Diamondback,42,Ward,BS3_S,WCA_1,11010.0,False,False,,37.0,inf,28,WCA_1,11604.24729582217,True
WCB_1->WCA,4247538419,LEE 128-19 A 701H,Amtex Energy,42,Ward,WCB_1,WCA_2,11375.0,False,False,,62.0,inf,13,WCA_2,22957.88626609442,True
WCB_1->WCA,4247538432,LEE STATE 128-19-28 C 703H,Amtex Energy,42,Ward,WCB_1,WCA_2,11274.0,False,False,101.0,35.0,2.8857142857142857,18,WCA_2,21375.317835088994,True
WCC->WCA,4247538436,STATE MUDSLINGER 8685H 8611H,Continental Resources,42,Ward,WCC,WCA_2,11310.0,False,False,323.0,26.0,12.423076923076923,29,WCA_2,8479.777799434753,True
WCB_2->WCA,4247538444,STATE MUDSLINGER 8685K 8614H,Continental Resources,42,Ward,WCB_2,WCA_2,11256.0,False,False,,70.0,inf,25,WCA_2,9091.818716892289,True
WCB_2->WCA,4247538465,STATE MUDSLINGER 8685N 8612HR,Continental Resources,42,Ward,WCB_2,WCA_2,11281.0,False,False,,55.0,inf,29,WCA_2,12577.560686796922,True
BS2_S->BS3_S,4247538471,CROWHEART 12BS,Apache,42,Ward,BS2_S,BS3_S,11168.0,False,False,,53.0,inf,32,BS3_S,13594.915254237287,False
BS3_S->WCA,4247538516,SHELL 41 UNIT 22 221H,Permian Resources,42,Ward,BS3_S,WCA_1,10690.0,False,False,242.0,15.0,16.133333333333333,33,WCA_1,15502.290950744558,True
WCA->WCB_1,4247538552,FOWLER 193/194 A W10 W101DM,Mewbourne,42,Ward,WCA_2,WCB_1,11441.0,False,False,,113.0,inf,37,WCA_2,13690.683104284559,True
WCA->BS3_S,4247538613,ABERDEEN F 223H,Permian Resources,42,Ward,WCA_1,BS3_S,11101.0,False,False,,36.0,inf,30,WCA_1,22910.604469776514,True
BS3_S->WCA,4247538616,HOBIE 9BS,Apache,42,Ward,BS3_S,WCA_1,11316.0,False,False,94.0,27.0,3.4814814814814814,43,WCA_1,32805.052430886564,False
BS3_S->WCA,4247538617,HOBIE 10BS,Apache,42,Ward,BS3_S,WCA_1,11318.0,False,False,136.5,25.0,5.46,40,WCA_1,25614.392873886543,False
WCB_1->WCA,4247538729,OCOTILLO 27 1H,Greenlake Energy,42,Ward,WCB_1,WCA_2,11201.0,False,False,,1.5,inf,22,WCA_2,20027.952629894375,True
BS2_S->BS3_S,4247538731,TADPOLLY 148 12BS,Apache,42,Ward,BS2_S,BS3_S,11131.0,False,False,,54.0,inf,39,BS3_S,12565.969428801287,False
WCB_1->WCA,4247538749,FLYING FORTRESS 98-83 401H,Iron Orchard Operating,42,Ward,WCB_1,WCA_2,11091.0,False,False,,61.0,inf,23,WCA_2,15731.583656427081,True
BS2_S->BS3_C,4247538793,UL GENE PARMESAN A10 3 32BS,Apache,42,Ward,BS2_S,BS3_C,11131.0,False,False,,1.5,inf,26,BS3_C,14164.034741413345,True
WCA->WCB_1,4247538865,UL 18 BENNY WEST F 6H,Apache,42,Ward,WCA_2,WCB_1,11782.0,False,False,239.0,15.5,15.419354838709678,23,WCB_1,10824.839733212459,False
WCB_1->WCA,4247538881,UL NAVY SOUTH E 9A,Crescent Energy,42,Ward,WCB_1,WCA_2,11846.0,False,False,,26.0,inf,43,WCB_1,18334.766703035748,False
WCB_1->WCA,4247538883,UL NAVY SOUTH G 13A,Crescent Energy,42,Ward,WCB_1,WCA_2,11863.0,False,False,,43.0,inf,45,BS3_S,16934.85655606187,False
BS2_S->BS3_C,4247538907,UL 18 WILD THING WEST B 2BS,Apache,42,Ward,BS2_S,BS3_C,11082.0,False,False,,8.0,inf,28,BS3_C,,False
BS3_S->WCA,4247538941,FLOTILLA C 13 131H,Tap Rock Resources,42,Ward,BS3_S,WCA_1,10662.0,False,False,,67.5,inf,24,WCA_1,28204.95030939434,False
WDFD->WCA,4249532816,HALEY-GARLAND ALLOCATION 8 02H,Permian Resources,42,Winkler,WDFD,WCA_2,12148.0,False,False,,24.0,inf,19,WCA_1,6896.110630942092,False
BS3_S->WCA,4249533295,CIMAREX UNIVERSITY 20-1 2H,Apache,42,Winkler,BS3_S,WCA_1,12100.0,False,True,356.0,21.5,16.558139534883722,30,WCXY,8959.574468085106,False
BS3_S->WCA,4249533396,UNIVERSITY 35-20 1,Crescent Energy,42,Winkler,BS3_S,WCA_1,11710.0,False,False,,65.0,inf,17,BS3_S,15903.28758378551,False
WCB_1->WCA,4249533733,UL SUNSHINE MESA 29-21 1H,Devon,42,Winkler,WCB_1,WCA_2,11944.0,False,False,,25.0,inf,19,WCA_2,30847.046843177188,False
WCB_1->WCA,4249533848,UTL 4443-21 3H,Continental Resources,42,Winkler,WCB_1,WCA_2,11665.0,False,False,,23.0,inf,17,WCA_2,15606.335282651073,True
WCB_1->WCA,4249533893,UTL 4443-21 4H,Continental Resources,42,Winkler,WCB_1,WCA_2,11659.0,False,False,,24.0,inf,18,WCA_2,12538.773893235615,True
BS3_S->WCA,4249533933,BRIDAL VEIL STATE 4132-27 A 2H,Devon,42,Winkler,BS3_S,WCA_1,12104.0,False,False,,33.0,inf,32,WCXY,27569.25817267393,True
WCB_1->WCA,4249534040,UL YELLOWTAIL C 21-29-17 TB 3H,Apache,42,Winkler,WCB_1,WCA_2,12112.0,False,False,,110.0,inf,32,WCB_1,13586.059884989094,True
WCB_1->WCA,4249534084,UL 21 WAR-WINK 47 2H,Continental Resources,42,Winkler,WCB_1,WCA_2,11540.0,False,False,,84.0,inf,19,WCA_2,23381.153602366365,False
WCA->BS3_S,4249534142,UNIVERSITY 36-20 603H,Crescent Energy,42,Winkler,WCA_1,BS3_S,11725.0,False,False,,15.0,inf,33,BS3_S,14573.559048770656,False
WCA->BS3_S,4249534143,UNIVERSITY 36-20 652H,Crescent Energy,42,Winkler,WCA_1,BS3_S,11759.0,False,False,,47.0,inf,32,WCA_1,11023.770152955765,False
WCB_1->WCA,4249534174,UL 20 S CHATTER C 2703H,ConocoPhillips,42,Winkler,WCB_1,WCA_2,12013.0,False,False,,114.0,inf,14,WCB_1,13884.62528972444,True
WCA->BS3_S,4249534450,UL 20 SILVER SPOON F 3907H,ConocoPhillips,42,Winkler,WCA_1,BS3_S,11664.0,False,False,,118.0,inf,24,WCA_1,15757.770961145194,True
BS3_S->WCA,4249534472,UTL 4546A-21 31H,Continental Resources,42,Winkler,BS3_S,WCA_2,11427.0,False,False,,114.0,inf,20,BS3_S,19648.768710767745,True
BS3_S->WCA,4249534478,UTL LJ BELDIN 1211-17G 3905H,Continental Resources,42,Winkler,BS3_S,WCA_2,11425.0,False,False,250.0,62.5,4.0,23,WCA_2,14958.535167603177,True
BS3_S->WCA,4249534506,UL BALDWIN 352623-21 C 3H,Devon,42,Winkler,BS3_S,WCA_1,11364.0,False,False,,102.0,inf,21,BS3_S,11271.74022318287,True
WCB_1->WCA,4249534698,UL YELLOWTAIL H 21-29-17 WB 8H,Apache,42,Winkler,WCB_1,WCA_2,11909.0,False,False,,0.0,inf,35,WCA_1,11088.377723970945,True
BS3_S->WCA,4249534699,UL YELLOWTAIL I 21-29-17 WA 9H,Apache,42,Winkler,BS3_S,WCA_1,11792.0,False,False,,117.0,inf,34,WCA_1,25858.436374257617,True
WCA->WCB_1,4249534834,UL SPRUCE 1621-21B 421H,Devon,42,Winkler,WCA_2,WCB_1,12088.0,False,False,190.5,24.0,7.9375,34,WCB_1,14878.485471088934,True
BS2_S->BS3_C,4249534937,UL SUGARLOAF A4 32BS,Apache,42,Winkler,BS2_S,BS3_C,11261.0,False,False,,20.5,inf,28,BS3_C,14116.812227074237,True
WCA->WCB_1,4249535028,CHUCKWAGON 34-39A4 B 11H,Apache,42,Winkler,WCA_2,WCB_1,12113.0,False,False,,90.0,inf,12,WCA_2,25293.73225595108,True
WCB_1->WCA,4247538417,UTL WAR UNIVERSITY 2324N 2214H,Continental Resources,42,Ward,WCB_1,WCA_2,11967.0,False,False,,102.0,inf,15,WCB_1,12388.1735340729,True
BS2_S->BS3_C,3001534505,OATMEAL 8 FEDERAL COM #002H,EOG,30,Eddy,BS2_S,BS3_C,8035.0,False,False,,41.0,inf,23,BS3_C,10016.48590021692,False
BS2_S->BS3_C,3001538518,GRATEFUL BOD FEDERAL COM #002H,EOG,30,Eddy,BS2_S,BS3_C,7950.0,False,False,,5.0,inf,14,BS3_C,10350.507416081186,False
BS2_S->BS3_C,3001538990,GRATEFUL BOD FEDERAL COM #001H,EOG,30,Eddy,BS2_S,BS3_C,7974.0,False,False,,29.0,inf,17,BS3_C,16472.025216706068,False
BS3_C->BS2_S,3001540615,FORTY NINER RIDGE 23 FEDERAL #001H,Devon,30,Eddy,BS3_C,BS2_S,9924.0,False,False,,111.0,inf,23,BS2_S,14183.97827562797,False
BS3_S->BS2_S,3001541359,IRRITABLE 22 STATE COM #002H,EOG,30,Eddy,BS3_S,BS2_S,7755.0,False,False,,13.0,inf,17,BS2_S,39013.41317365269,False
BS2_S->BS3_C,3001541420,TWO MESAS 7 MP FEDERAL #001H,Mewbourne,30,Eddy,BS2_S,BS3_C,8433.0,False,False,,44.0,inf,13,BS2_S,8960.0,False
WCB_1->WCA,3001542291,NORTH BRUSHY DRAW FEDERAL COM 35 #005H,Devon,30,Eddy,WCB_1,WCA_2,10589.0,False,False,,17.5,inf,35,WCA_2,21467.164855072464,False
BS3_C->BS2_S,3001542421,CEDAR CANYON 15 FEDERAL COM #005H,Occidental,30,Eddy,BS3_C,BS2_S,8809.0,False,False,,25.0,inf,69,BS2_S,26470.26169706582,False
BS3_C->BS2_S,3001542665,FEDERAL 13 COM #010H,Devon,30,Eddy,BS3_C,BS2_S,7272.0,False,False,520.0,64.5,8.062015503875969,17,BS2_S,13311.524334251606,False
WCA->WCB_1,3001542688,SNAPPING 2 STATE #014H,Devon,30,Eddy,WCA_2,WCB_1,12023.0,False,False,,71.0,inf,69,WCA_2,23690.972222222223,False
BS3_C->BS2_S,3001543039,JANIE CONNER 13 24S 28E RB #124H,Matador,30,Eddy,BS3_C,BS2_S,8449.0,False,False,471.5,40.0,11.7875,73,BS2_S,12763.258858045587,False
BS3_C->BS2_S,3001543073,MARSH OWL FEDERAL COM #001H,ConocoPhillips,30,Eddy,BS3_C,BS2_S,7523.0,False,False,,22.0,inf,19,BS2_S,15068.858285206576,False
BS3_C->BS2_S,3001543269,COTTON DRAW UNIT #238H,Devon,30,Eddy,BS3_C,BS2_S,10531.0,False,False,483.0,56.0,8.625,54,BS2_S,18647.56182112318,False
BS3_C->BS2_S,3001543619,BONNIE 35 FEDERAL COM #004H,Devon,30,Eddy,BS3_C,BS2_S,7432.0,False,False,403.0,54.0,7.462962962962963,21,BS2_S,30501.059072722994,False
BS3_C->BS2_S,3001543647,BIG EDDY UNIT DI4B #274H,Exxon Mobil,30,Eddy,BS3_C,BS2_S,9194.0,False,False,,61.0,inf,8,BS2_S,29249.81533461368,True
BS3_C->BS2_S,3001543902,DERRINGER 18 B2MP FEDERAL #001H,Mewbourne,30,Eddy,BS3_C,BS2_S,7898.0,False,False,,94.0,inf,30,BS2_S,34481.12756808409,False
WCA->BS3_S,3001544314,REMUDA NORTH 25 STATE #103H,Exxon Mobil,30,Eddy,WCXY,BS3_S,10324.0,False,False,,71.0,inf,66,WCXY,18365.45579163811,True
BS3_S->WCA,3001544413,REMUDA NORTH 31 STATE #113H,Exxon Mobil,30,Eddy,BS3_S,WCA_2,10600.0,False,True,251.0,18.0,13.944444444444445,64,WCA_1,19979.89711119905,True
BS3_C->BS2_S,3001544593,TOMB RAIDER 1 12 FEDERAL #234H,Devon,30,Eddy,BS3_C,BS2_S,10532.0,False,False,,94.0,inf,54,BS2_S,26290.129924559933,True
BS3_C->BS2_S,3001544862,ROAD RUNNER FEDERAL COM #003H,ConocoPhillips,30,Eddy,BS3_C,BS2_S,7390.0,False,False,425.5,93.0,4.575268817204301,19,BS2_S,30579.704061286597,True
WCB_1->WCA,3001545161,SND JAVELINA UNIT 12 1 JABBERWOCKY P4 #730H,Chevron,30,Eddy,WCB_1,WCA_2,12430.0,True,False,,114.0,inf,34,WCA_2,34669.33092690473,True
WCA->BS3_S,3001545251,PLATINUM MDP1 34 3 FEDERAL COM #175H,Occidental,30,Eddy,WCA_1,BS3_S,11678.0,True,False,,36.0,inf,46,BS3_S,54916.875,False
BS2_S->BS3_C,3001545277,BELLOQ 11 2 FEDERAL STATE COM #231H,Devon,30,Eddy,BS2_S,BS3_C,10366.0,False,False,,10.0,inf,48,BS3_C,25385.917819533348,True
WCB_2->WCA,3001545423,CICADA UNIT #022H,Chevron,30,Eddy,WCB_2,WCA_2,9273.0,False,False,,1.0,inf,25,WCA_2,16677.08640519021,True
WCC->WCA,3001545468,POKER LAKE UNIT 20 BD #102H,Exxon Mobil,30,Eddy,WCC,WCA_2,11061.0,True,False,,116.0,inf,35,WCA_2,16735.553772070627,True
BS3_C->BS2_S,3001545606,SWEET TEA 31 SB FEDERAL COM #007H,ConocoPhillips,30,Eddy,BS3_C,BS2_S,8466.0,False,False,,33.5,inf,47,BS2_S,26975.505120398564,True
WCC->WCA,3001546347,CICADA UNIT #038H,Chevron,30,Eddy,WCC,WCA_2,9273.0,True,False,,61.0,inf,27,WCA_2,8175.938739736138,True
BS3_S->WCA,3001546402,LONE TREE DRAW 14 13 STATE COM #332H,Devon,30,Eddy,BS3_S,WCA_1,9049.0,False,False,,109.5,inf,23,WCA_1,12968.595375138846,True
WCA->WCB_1,3001546901,CICADA UNIT #031H,Chevron,30,Eddy,WCA_2,WCB_1,9340.0,True,False,120.0,9.0,13.333333333333334,33,WCB_1,26744.48947316398,True
BS3_C->BS2_S,3001546965,ALEUTIAN 10 3 FEDERAL COM #212H,Devon,30,Eddy,BS3_C,BS2_S,10278.0,False,False,,110.0,inf,42,BS2_S,24441.06541483825,True
WCA->BS3_S,3001547128,SNAPPING 12 1 FEDERAL #332H,Devon,30,Eddy,WCXY,BS3_S,11505.0,False,False,174.0,53.0,3.2830188679245285,55,WCA_1,24501.88577586207,True
WCA->WCB_2,3001547303,COTTON DRAW UNIT #607H,Devon,30,Eddy,WCA_2,WCB_2,12540.0,False,False,,49.0,inf,73,WCA_2,13897.578170898883,False
WCB_1->WCA,3001547649,DIRE WOLF 12 FEDERAL #729H,EOG,30,Eddy,WCB_1,WCA_2,11456.0,True,False,,64.0,inf,30,WCA_2,15990.312319259689,True
WCB_1->WCA,3001548353,HH SO 17 20 FEDERAL 003 #401H,Chevron,30,Eddy,WCB_1,WCA_2,9093.0,False,False,,118.0,inf,28,WCB_1,21504.114206404283,True
WCA->WCB_2,3001548571,COTTON DRAW UNIT #609H,Devon,30,Eddy,WCA_1,WCB_2,12550.0,False,False,,39.0,inf,77,WCA_2,14868.766058370116,False
WCA->BS3_S,3001548581,RANA SALADA FEDERAL 01 #211H,Permian Resources,30,Eddy,WCXY,BS3_S,9779.0,True,False,,20.5,inf,28,BS3_S,26830.793278624464,False
WCA->WCB_1,3001548625,DELAWARE RANCH 11 14 W1BO FEDERAL COM #001H,Mewbourne,30,Eddy,WCA_2,WCB_1,9790.0,False,False,,26.0,inf,31,WCA_2,21796.33443163097,True
BS3_S->BS2_S,3001549001,CICADA UNIT #051H,Chevron,30,Eddy,BS3_S,BS2_S,7675.0,False,False,,11.0,inf,30,BS2_S,34920.01484643222,True
WCA->BS3_S,3001549004,ITHACA 15 14 W0EF FEDERAL COM #001H,Mewbourne,30,Eddy,WCA_1,BS3_S,9503.0,False,False,,31.0,inf,14,WCA_1,16103.591160220994,True
WCA->WCC,3001549114,POKER LAKE UNIT 29 20 BS #158H,Exxon Mobil,30,Eddy,WCA_2,WCC,12520.0,True,False,,39.0,inf,30,WCC,44544.00527009223,True
BS3_S->WCA,3001549440,POKER LAKE UNIT 16 TWR #124H,Exxon Mobil,30,Eddy,BS3_S,WCA_1,11919.0,True,False,960.0,60.0,16.0,40,WCA_1,27063.523573200993,True
WCB_1->WCA,3001549511,RIVERBEND 11 14 FEDERAL COM #016H,Devon,30,Eddy,WCB_1,WCA_2,9900.0,False,True,,40.0,inf,45,WCA_2,25140.62668245935,True
WCA->BS3_S,3001549704,TROJAN HORSE 35 WXY FEDERAL COM #002H,ConocoPhillips,30,Eddy,WCA_1,BS3_S,9768.0,True,False,129.0,10.0,12.9,20,BS3_S,20521.990271584924,True
WCA->BS3_S,3001549706,TROJAN HORSE 35 WXY FEDERAL COM #004H,ConocoPhillips,30,Eddy,WCXY,BS3_S,9789.0,True,False,,30.5,inf,22,BS3_S,21597.80844155844,True
BS3_S->WCA,3001549878,POKER LAKE UNIT 22 DTD #172H,Exxon Mobil,30,Eddy,BS3_S,WCA_2,11488.0,True,False,477.0,49.0,9.73469387755102,30,WCA_1,22589.718844495917,False
WCB_1->WCA,3001549907,DELAWARE RANCH 12 W1NC FEDERAL COM #001H,Mewbourne,30,Eddy,WCB_1,WCA_2,9880.0,True,False,,11.0,inf,28,WCA_2,28512.679917751884,False
WCB_1->WCA,3001549913,DELAWARE RANCH 12 W1MD FEDERAL COM #001H,Mewbourne,30,Eddy,WCB_1,WCA_2,9849.0,True,False,,20.0,inf,31,WCB_1,21697.25400457666,False
WCB_1->WCA,3001550128,PRAIRIE FIRE 25 26 FEDERAL COM #724H,Devon,30,Eddy,WCB_1,WCA_2,9986.0,False,False,233.0,61.0,3.819672131147541,13,WCA_2,15036.159346271706,True
WCA->BS3_S,3001550184,POKER LAKE UNIT 21 DTD #174H,Exxon Mobil,30,Eddy,WCA_1,BS3_S,11059.0,True,False,,48.0,inf,18,WCXY,6616.971511437527,False
BS3_S->WCA,3001550185,POKER LAKE UNIT 21 DTD #175H,Exxon Mobil,30,Eddy,BS3_S,WCA_2,11370.0,True,False,359.0,45.0,7.977777777777778,18,WCA_1,31262.731318810027,False
BS3_S->WCA,3001553215,POKER LAKE UNIT 21 DTD #105H,Exxon Mobil,30,Eddy,BS3_S,WCA_2,10917.0,True,False,,81.0,inf,63,BS3_S,,False
BS2_S->WCA,3001553218,POKER LAKE UNIT 21 DTD #121H,Exxon Mobil,30,Eddy,BS2_S,WCA_2,11028.0,True,False,,30.0,inf,62,WCA_2,,False
WCB_2->WCA,3001553259,POKER LAKE UNIT 21 DTD #172H,Exxon Mobil,30,Eddy,WCB_2,WCA_1,11274.0,True,False,,8.0,inf,64,WCA_1,,False
BS2_S->WCA,3001553260,POKER LAKE UNIT 21 DTD #173H,Exxon Mobil,30,Eddy,BS2_S,WCA_2,10988.0,True,False,,10.0,inf,60,BS2_S,,False
BS2_S->WCA,3001553381,POKER LAKE UNIT 21 DTD #171H,Exxon Mobil,30,Eddy,BS2_S,WCA_2,10943.0,True,False,,55.0,inf,63,WCXY,,False
WCA->WCB_1,3001553471,RANA SALADA FEDERAL COM 0112 #223H,Permian Resources,30,Eddy,WCA_2,WCB_1,10065.0,True,False,,67.0,inf,39,WCA_2,18954.987348515115,True
WCA->WCB_1,3001553472,RANA SALADA FEDERAL COM 0112 #224H,Permian Resources,30,Eddy,WCA_2,WCB_1,10075.0,True,False,,22.5,inf,42,WCA_2,20863.53318200027,True
WCA->WCB_1,3001553516,FEW 16 21 FEDERAL STATE COM P41 #003H,Chevron,30,Eddy,WCA_2,WCB_1,9269.0,False,False,,34.0,inf,45,WCA_2,17292.636165577343,True
WCA->WCB_1,3001553737,RYE ONE 16 21 FEDERAL STATE COM P40 #004H,Chevron,30,Eddy,WCA_1,WCB_1,9076.0,True,False,,42.0,inf,43,OTHER,33685.15449848913,True
WCA->WCB_2,3001553762,POKER LAKE UNIT 19 DTD #112H,Exxon Mobil,30,Eddy,WCA_1,WCB_2,11435.0,True,False,824.0,32.0,25.75,51,WCB_2,16128.514483125165,False
WCA->WCB_2,3001553826,POKER LAKE UNIT 19 DTD #310H,Exxon Mobil,30,Eddy,WCA_1,WCB_2,11466.0,True,False,,62.0,inf,50,WCB_2,15772.079620043758,False
WCA->WCB_2,3001553827,POKER LAKE UNIT 19 DTD #312H,Exxon Mobil,30,Eddy,WCXY,WCB_2,11488.0,True,False,,84.0,inf,51,WCB_2,11681.300376141859,False
WCA->WCB_1,3001553884,WHISTLE PIG 9 4 FEDERAL COM 21 #004H,Chevron,30,Eddy,WCA_2,WCB_1,9292.0,False,False,,23.0,inf,46,WCB_1,23871.199425424948,False
WCA->WCC,3001554424,POKER LAKE UNIT 23 DTD FEDERAL COM #179H,Exxon Mobil,30,Eddy,WCA_1,WCC,12271.0,False,False,,60.0,inf,45,WCC,17363.002892453325,False
WCA->BS3_S,3001554843,BURTON FLAT 3 1 FEDERAL STATE COM #339H,Devon,30,Eddy,WCA_1,BS3_S,8806.0,False,False,371.0,113.0,3.2831858407079646,41,BS3_S,6988.985101235196,False
BS3_C->BS2_S,3001554975,MAKERS MARK FEDERAL COM #206H,Chevron,30,Eddy,BS3_C,BS2_S,7531.0,False,False,,14.5,inf,28,BS2_S,,False
BS3_C->BS2_S,3001554978,MAKERS MARK FEDERAL COM #210H,Chevron,30,Eddy,BS3_C,BS2_S,7611.0,False,False,,27.0,inf,30,BS2_S,,False
BS3_S->BS2_S,3001555056,MULE 11 23 FEDERAL COM #301H,Devon,30,Eddy,BS3_S,BS2_S,10475.0,False,False,,44.5,inf,36,BS2_S,21747.080355586542,True
BS3_S->BS2_S,3001555123,PRATER 10 9 24S 28E RB #124H,Matador,30,Eddy,BS3_S,BS2_S,8195.0,False,False,,33.5,inf,44,BS2_S,9919.148538885258,True
BS3_C->BS2_S,3001555337,COACH JOE FEDERAL COM #124H,Matador,30,Eddy,BS3_C,BS2_S,7770.0,False,False,,19.0,inf,9,BS2_C,22627.572016460905,True
WCA->BS3_S,3001555351,STAGE FRIGHT 12 7 FEDERAL COM #716H,Mewbourne,30,Eddy,WCA_2,BS3_S,8130.0,False,False,,97.0,inf,4,WCA_2,19815.736852629474,True
WCB_1->WCA,3001555591,MORGAN 25 13 FEDERAL COM #737H,Devon,30,Eddy,WCB_1,WCA_2,12210.0,False,False,,59.0,inf,40,WCA_2,,False
BS3_C->BS2_S,3001555689,MICHELADA 3 FEDERAL COM #123H,Permian Resources,30,Eddy,BS3_C,BS2_S,8616.0,False,False,,57.5,inf,12,BS2_S,13860.682526411796,False
BS3_C->BS2_S,3001555952,POKER LAKE UNIT 30 BS #110H,Exxon Mobil,30,Eddy,BS3_C,BS2_S,10130.0,False,False,,32.0,inf,49,BS2_S,,False
WCB_2->WCA,3001556246,ROSS DRAW 35 26 23 FEDERAL COM #410H,Devon,30,Eddy,WCB_2,WCA_1,10918.0,False,False,,79.0,inf,30,WCA_1,,False
BS2_S->BS3_C,3001556380,BELLOQ 11 2 FEDERAL STATE COM #214H,Devon,30,Eddy,BS2_S,BS3_C,10255.0,False,False,,104.0,inf,49,BS2_S,,False
BS2_S->BS3_C,3001556940,CERROS LOCOS 6 5 FEDERAL COM #528H,Mewbourne,30,Eddy,BS2_S,BS3_C,7846.0,False,False,,114.0,inf,18,BS2_S,,False
WCA->BS3_S,3001557261,STAGE FRIGHT 12 7 FEDERAL COM #713H,Mewbourne,30,Eddy,WCA_2,BS3_S,8101.0,False,False,,68.0,inf,5,WCA_2,,False
WCA->BS3_S,3001557262,STAGE FRIGHT 12 7 FEDERAL COM #711H,Mewbourne,30,Eddy,WCA_2,BS3_S,8088.0,False,False,,55.0,inf,5,WCA_2,,False
BS3_S->WCA,3002535751,RED HILLS NORTH UNIT #306H,EOG,30,Lea,BS3_S,WCA_1,12500.0,False,True,247.0,1.0,247.0,72,WCA_1,10780.031821797933,False
BS2_S->BS3_C,3002540743,TAIPAN 10 STATE COM #001H,Devon,30,Lea,BS2_S,BS3_C,11259.0,False,False,130.5,14.0,9.321428571428571,42,BS2_S,7909.272848565711,False
BS2_S->BS3_C,3002540858,SOPAPILLA STATE #002H,ConocoPhillips,30,Lea,BS2_S,BS3_C,11095.0,False,False,,23.0,inf,54,BS3_C,19754.08261287224,False
BS3_C->BS2_S,3002540889,ASADERO STATE COM #001H,EOG,30,Lea,BS3_C,BS2_S,10832.0,False,False,,68.5,inf,17,BS2_S,10394.493682821045,False
BS2_S->BS3_C,3002541468,THISTLE UNIT #064H,Devon,30,Lea,BS2_S,BS3_C,11175.0,False,False,,105.0,inf,59,BS2_S,30260.17576318224,False
BS3_C->BS2_S,3002541537,DOS ABUELOS FEE #002H,Matador,30,Lea,BS3_C,BS2_S,9905.0,False,False,,39.0,inf,11,BS3_C,31043.785632839223,False
BS2_S->BS3_C,3002541975,HOGNOSE VIPER 23 FEDERAL #001H,Devon,30,Lea,BS2_S,BS3_C,11196.0,False,False,,84.0,inf,55,BS2_S,17013.245033112584,False
BS3_S->WCA,3002542037,STRATOSPHERE 36 STATE COM #006H,ConocoPhillips,30,Lea,BS3_S,WCA_1,11388.0,False,False,,78.0,inf,30,BS3_S,37407.05052878966,False
BS2_S->BS3_C,3002542291,GADWALL 35 FEDERAL #005H,ConocoPhillips,30,Lea,BS2_S,BS3_C,10970.0,False,False,,21.0,inf,87,BS3_C,9662.368672397326,False
WCA->BS3_S,3002542446,TORO 36 B3BO STATE #001H,Mewbourne,30,Lea,WCA_2,BS3_S,11685.0,False,False,,112.5,inf,19,BS3_S,39942.26804123711,False
BS2_S->BS3_S,3002542591,PAINT 33 FEDERAL #002H,Devon,30,Lea,BS2_S,BS3_S,10775.0,False,False,141.0,0.0,141.0,42,BS2_S,35593.48858241013,False
BS2_S->BS3_C,3002542623,BLACK MAMBA 15 STATE COM #007H,Devon,30,Lea,BS2_S,BS3_C,11256.0,False,False,97.0,24.0,4.041666666666667,63,BS2_S,16973.49505840072,False
WCA->BS3_S,3002542859,BRIDGE STATE UNIT #701H,Permian Resources,30,Lea,WCA_1,BS3_S,11449.0,False,False,,90.0,inf,33,BS3_S,15869.496855345911,False
WCA->BS3_S,3002543091,THOR 21 FEDERAL COM #708H,EOG,30,Lea,WCXY,BS3_S,12146.0,False,False,201.0,3.5,57.42857142857143,117,WCXY,15199.814771937949,False
WCB_1->WCA,3002543271,SD EA 29 FEDERAL COM P8 #012H,Chevron,30,Lea,WCB_1,WCA_1,12368.0,False,False,425.0,21.0,20.238095238095237,87,WCA_1,15732.886904761905,True
BS3_S->WCA,3002543425,RAM 3 B3PA STATE COM #001H,Mewbourne,30,Lea,BS3_S,WCA_1,11111.0,False,False,,81.5,inf,28,BS3_S,20472.920915477,False
WCA->BS3_S,3002543565,DAGGER STATE COM #701H,Matador,30,Lea,WCA_1,BS3_S,11922.0,False,False,190.0,71.0,2.676056338028169,50,BS3_S,27727.710843373494,True
WCB_1->WCA,3002543791,SEAWOLF 1 12 FEDERAL #102H,Devon,30,Lea,WCB_1,WCA_2,12891.0,False,False,,66.0,inf,52,WCA_1,26450.63801208865,True
WCA->WCB_1,3002544137,VACA DRAW 20 17 FEDERAL #003H,Devon,30,Lea,WCA_2,WCB_1,12583.0,False,False,,51.0,inf,132,WCA_2,25616.015994948964,True
WCA->WCB_1,3002544216,ZIA HILLS UNIT 1932 WC #102H,ConocoPhillips,30,Lea,WCA_1,WCB_1,11994.0,True,False,276.0,15.0,18.4,38,WCB_1,19410.983888945182,True
BS3_S->WCA,3002545049,COONSKIN FEE #601H,ConocoPhillips,30,Lea,BS3_S,WCA_1,12449.0,False,False,,26.0,inf,50,WCA_2,20707.97720797721,True
BS3_S->WCA,3002545098,LITTLE BEAR FEDERAL COM #001H,ConocoPhillips,30,Lea,BS3_S,WCA_1,11319.0,False,False,,84.5,inf,30,WCXY,27170.951736580962,False
BS3_S->WCA,3002545100,LITTLE BEAR FEDERAL COM #004H,ConocoPhillips,30,Lea,BS3_S,WCA_2,11378.0,False,False,,57.0,inf,26,BS3_S,13134.2481256189,True
WCA->BS3_S,3002545379,JOLLY ROGER 16 STATE #707H,EOG,30,Lea,WCA_1,BS3_S,12107.0,False,False,,95.0,inf,58,WCA_2,20191.675560298827,False
BS3_S->WCA,3002545604,JAMES 20 29 FEDERAL COM #039H,Devon,30,Lea,BS3_S,WCA_1,11880.0,True,False,,115.0,inf,57,WCA_1,36481.93364182337,True
WCA->BS3_S,3002545783,BASEBALL CAP FEDERAL COM #601H,ConocoPhillips,30,Lea,WCA_1,BS3_S,12452.0,False,False,198.0,1.0,198.0,28,WCA_1,25284.68282619907,True
OTHER->WCA,3002546247,FEZ FEDERAL COM #710H,ConocoPhillips,30,Lea,OTHER,WCA_1,12455.0,False,False,,8.0,inf,36,WCA_2,34553.40785592299,True
AVA_1->WCA,3002546318,DOS EQUIS 12 13 FEDERAL COM #001H,Devon,30,Lea,AVA_1,WCA_2,12460.0,False,False,2972.0,42.0,70.76190476190476,66,WCA_2,48322.3113964687,True
WCA->WCB_1,3002546355,CASCADE 29 FEDERAL #015H,Devon,30,Lea,WCA_2,WCB_1,12520.0,False,False,,82.0,inf,65,WCA_2,33645.88779408808,False
BS3_S->WCA,3002546494,HOLLY 26 36 05 FEDERAL COM #111H,Matador,30,Lea,BS3_S,WCA_1,11936.0,False,False,,8.0,inf,23,WCA_1,23605.17107309487,True
BS2_S->BS3_C,3002546604,PYTHON 36 STATE COM #501H,EOG,30,Lea,BS2_S,BS3_C,11017.0,False,False,,68.0,inf,89,BS3_C,13613.541437678612,False
WCA->BS3_S,3002546673,THE CONTEST FEDERAL COM #131H,SM Energy,30,Lea,WCA_2,BS3_S,11864.0,False,False,244.0,111.0,2.1981981981981984,42,WCA_1,52965.53858852662,False
WCA->BS3_S,3002546678,THE CONTEST FEDERAL COM #211H,SM Energy,30,Lea,WCA_2,BS3_S,11914.0,False,False,197.0,56.5,3.4867256637168142,42,WCA_1,25675.736497545007,False
BS3_S->WCA,3002546940,GOLDEN BELL 26 36 06 FEDERAL COM #095H,Matador,30,Lea,BS3_S,WCA_1,11832.0,False,False,,112.0,inf,21,BS3_S,17783.562992125982,True
BS3_S->WCA,3002547264,GEORGETOWN FEDERAL COM #601H,Devon,30,Lea,BS3_S,WCA_1,11894.0,True,False,257.0,112.5,2.2844444444444445,19,BS3_S,32956.526304735904,True
BS3_S->WCA,3002547266,OURAY FEDERAL COM #602H,Devon,30,Lea,BS3_S,WCA_1,11921.0,True,False,,85.5,inf,11,WCA_1,23683.250764203647,True
BS3_S->WCA,3002547490,GOLDEN BELL 26 36 06 FEDERAL COM #102H,Matador,30,Lea,BS3_S,WCA_2,12093.0,False,False,,41.5,inf,21,WCA_2,19863.294663573088,True
BS3_S->WCA,3002547544,GOLDEN BELL 26 36 06 FEDERAL COM #104H,Matador,30,Lea,BS3_S,WCA_1,11989.0,False,False,,45.0,inf,22,BS3_S,7301.800965466023,True
WCA->WCB_1,3002547546,BLONDIE 15 3 FEDERAL COM #003H,Devon,30,Lea,WCA_1,WCB_1,13057.0,False,False,254.5,4.0,63.625,46,WCB_1,20069.857902675238,True
BS3_S->WCA,3002547663,BLUE RIBBON FEDERAL COM #703H,Devon,30,Lea,BS3_S,WCA_1,12262.0,False,False,,66.5,inf,31,BS3_S,32813.99572649573,True
WCB_1->WCA,3002547950,BOLL WEEVIL 27 34 FEDERAL COM #003H,Devon,30,Lea,WCB_1,WCA_1,12869.0,False,False,85.5,29.0,2.9482758620689653,27,WCA_1,21263.314048360775,True
BS3_S->WCA,3002547951,BOLL WEEVIL 27 34 FEDERAL COM #004H,Devon,30,Lea,BS3_S,WCA_1,12723.0,False,False,,117.0,inf,33,WCXY,22609.967213114753,True
BS3_S->WCA,3002548100,BUS DRIVER FEDERAL COM #602H,Devon,30,Lea,BS3_S,WCA_2,12057.0,True,False,,77.5,inf,15,BS3_S,15356.812735364601,True
BS3_S->WCA,3002548101,BUS DRIVER FEDERAL COM #702H,Devon,30,Lea,BS3_S,WCA_2,12197.0,True,False,,62.5,inf,15,WCA_2,16645.34585824082,True
BS3_S->WCA,3002548104,KASTON FEDERAL COM #603H,Devon,30,Lea,BS3_S,WCA_2,12063.0,True,False,,71.5,inf,18,BS3_S,16620.636550308005,True
BS3_S->WCA,3002548106,LHS WILDCAT FEDERAL COM #604H,Devon,30,Lea,BS3_S,WCA_2,12040.0,True,False,,94.5,inf,20,BS3_S,19299.60578186597,True
WCA->BS3_S,3002548154,LONESOME DOVE FEDERAL COM #433H,Permian Resources,30,Lea,WCA_2,BS3_S,12498.0,True,False,265.5,37.0,7.175675675675675,41,BS3_S,19048.528713811105,True
WCA->WCB_2,3002548354,RATTLESNAKE 28 FEDERAL COM #514H,EOG,30,Lea,WCA_2,WCB_2,13084.0,True,False,,6.0,inf,82,WCA_2,29180.20515663987,True
WCA->WCB_1,3002548516,RAGIN CAJUN 12 13 FEDERAL COM #011H,Devon,30,Lea,WCA_2,WCB_1,12977.0,False,False,200.0,39.0,5.128205128205129,38,WCA_2,13995.936198313522,True
WCA->BS3_S,3002548546,SOUTH RIDGE 8030 2 11 STATE COM #010H,BTA Oil,30,Lea,WCA_1,BS3_S,11383.0,False,False,,66.5,inf,37,WCA_1,23758.44155844156,True
WCA->BS3_S,3002548583,ZIA FEDERAL COM #706H,Devon,30,Lea,WCA_1,BS3_S,11820.0,True,False,,102.5,inf,22,BS3_S,20444.56886898096,True
BS3_C->BS2_S,3002548820,DRIVER 14 FEDERAL COM #503H,EOG,30,Lea,BS3_C,BS2_S,11273.0,False,False,,109.0,inf,51,BS3_C,35281.339807749486,True
WCA->WCB_1,3002548853,JEFE 29 FEDERAL COM #711H,EOG,30,Lea,WCA_1,WCB_1,12260.0,True,False,330.0,54.0,6.111111111111111,77,WCB_1,30733.70602672484,True
OTHER->WCA,3002548939,SAKER 6 7 FEDERAL COM #038H,Occidental,30,Lea,OTHER,WCA_1,12074.0,False,False,,57.0,inf,21,WCA_1,15201.085863663784,True
BS3_S->WCA,3002549250,MARGARITA 13 FEDERAL COM #022H,Matador,30,Lea,BS3_S,WCA_1,12063.0,False,False,212.0,89.0,2.3820224719101124,29,WCA_1,16575.32980421813,True
BS3_S->WCA,3002549397,GOLDEN BELL 26 36 06 FEDERAL COM #106H,Matador,30,Lea,BS3_S,WCA_1,11907.0,False,False,,37.0,inf,21,BS3_S,18162.152099041235,True
WCB_1->WCA,3002549520,VAN DOO DAH 33 28 FEDERAL COM #734H,Devon,30,Lea,WCB_1,WCA_2,12159.0,False,False,194.0,2.0,97.0,81,WCA_2,17020.082241560674,True
WCA->BS3_S,3002549862,INLAND 26 23 B3NK STATE COM #002H,Mewbourne,30,Lea,WCA_1,BS3_S,11259.0,True,False,,66.5,inf,32,WCA_1,21831.011173955027,True
WCA->BS3_S,3002549864,INLAND 26 23 B3PI STATE COM #002H,Mewbourne,30,Lea,WCA_1,BS3_S,11221.0,True,False,,29.0,inf,23,BS3_S,36023.599227159815,True
WCB_2->WCA,3002549971,CARNIVAL FEDERAL COM #801H,Devon,30,Lea,WCB_2,WCA_2,12632.0,False,False,,62.0,inf,35,WCA_2,14793.43365253078,True
BS3_C->BS2_S,3002550085,SD 18 19 FEDERAL COM #421H,Chevron,30,Lea,BS3_C,BS2_S,10863.0,True,False,,28.0,inf,66,BS1_S,33309.40619014014,True
BS3_S->BS2_S,3002550805,BRAVOS 15 10 B2OB FEDERAL COM #001H,Mewbourne,30,Lea,BS3_S,BS2_S,9512.0,True,False,,69.0,inf,7,BS2_S,41201.06725734998,True
BS2_S->BS3_S,3002551402,SD 24 13 FEDERAL P365 #421H,Chevron,30,Lea,BS2_S,BS3_S,10711.0,False,False,,55.0,inf,69,BS2_S,21028.270341473297,True
BS2_S->BS3_C,3002551514,NORTH THISTLE 3 34 STATE COM #504H,Devon,30,Lea,BS2_S,BS3_C,11070.0,False,False,,49.5,inf,36,BS2_S,23432.79515640767,True
BS3_C->BS2_S,3002551652,SD 24 13 FEDERAL COM #425H,Chevron,30,Lea,BS3_C,BS2_S,10764.0,False,False,,8.0,inf,64,BS2_S,6613.403119868637,True
OTHER->WCA,3002552240,CATHY BRYCE FEDERAL COM #214H,Matador,30,Lea,OTHER,WCA_2,12101.0,False,False,,110.0,inf,11,WCC,16220.731332582198,True
WCA->BS3_S,3002552585,ROBIN FEDERAL #131H,Permian Resources,30,Lea,WCXY,BS3_S,11066.0,False,False,,1.0,inf,36,BS3_S,22296.32070291049,True
WCA->BS3_S,3002552588,ROBIN FEDERAL #201H,Permian Resources,30,Lea,WCA_1,BS3_S,11047.0,False,False,,29.0,inf,35,BS3_S,18726.130653266333,True
WCA->BS3_S,3002552589,ROBIN FEDERAL #202H,Permian Resources,30,Lea,WCA_1,BS3_S,11180.0,False,False,,83.0,inf,34,WCXY,24630.23161316538,True
BS3_S->WCA,3002552910,PEGASUS 16 STATE COM #353H,Marlin Operating,30,Lea,BS3_S,WCA_1,11620.0,False,False,142.0,13.0,10.923076923076923,12,WCA_1,14825.447001876913,False
BS3_C->BS2_S,3002552921,OSPREY 10 #504H,EOG,30,Lea,BS3_C,BS2_S,11350.0,False,False,,39.0,inf,50,BS2_S,20381.324557795146,True
BS3_S->WCA,3002553267,WEINBERGER FEDERAL COM #135H,Matador,30,Lea,BS3_S,WCA_2,11814.0,False,False,,29.0,inf,15,BS3_S,13259.962805526036,True
WCD->WCA,3002553270,WEINBERGER FEDERAL COM #212H,Matador,30,Lea,WCD,WCA_2,11831.0,False,False,,12.0,inf,12,BS3_S,16616.817593790427,True
BS3_S->WCA,3002553665,JOHN CALLAHAN FEDERAL COM #131H,Matador,30,Lea,BS3_S,WCA_2,12258.0,False,False,188.0,28.5,6.5964912280701755,24,WCA_2,27900.881726968684,False
BS1_S->WCA,3002553955,NEVER BETTER 14 FEDERAL COM #303H,EOG,30,Lea,BS1_S,WCA_1,12301.0,False,False,,11.0,inf,20,WCA_1,,False
BS2_S->BS1_S,3002554156,ROYAL OAK 25 FEDERAL COM #513H,Devon,30,Lea,BS2_S,BS1_S,9300.0,False,True,657.0,112.5,5.84,16,BS1_S,,False
WCB_1->WCA,4247537648,MISSOURI GULCH 848586-F 1H,Devon,42,Ward,WCB_1,WCA_2,11213.0,False,False,,45.0,inf,12,WCB_1,21460.769018996052,True
WCA->WCB_1,4247537276,SEALY RANCH 7702H,Battalion Oil,42,Ward,WCA_2,WCB_1,11152.0,False,False,173.5,66.0,2.628787878787879,20,WCB_1,18545.64208354822,True
WCB_2->WCA,4230137674,HIGHLINE RIDGE 54-2 A 3802H,ConocoPhillips,42,Loving,WCB_2,WCA_1,11351.0,False,False,,118.0,inf,24,WCA_1,,False
BS3_S->WCA,3002542436,TORO 36 B3DM STATE #001H,Mewbourne,30,Lea,BS3_S,WCA_2,11599.0,False,False,,86.0,inf,20,WCA_2,40599.77064220183,False
BS3_S->WCA,3002550481,YUKON 20 FEDERAL COM #702H,EOG,30,Lea,BS3_S,WCA_2,12425.0,True,False,,80.0,inf,80,WCA_1,29289.6163888331,True
BS3_S->WCA,3002550482,YUKON 20 FEDERAL COM #705H,EOG,30,Lea,BS3_S,WCA_2,12425.0,True,False,,54.0,inf,80,WCA_1,30317.423633440514,True
WCA->WCB_1,4238934437,IGNACIO 4306H,Scout Energy Partners,42,Reeves,WCA_2,WCB_1,10477.0,False,False,,75.5,inf,12,WCA_2,18357.362990754387,False
WCA->WCB_1,4238935643,SCREAMING EAGLE UNIT 3803H,Scout Energy Partners,42,Reeves,WCA_2,WCB_1,10642.0,False,False,100.0,17.0,5.882352941176471,17,WCB_1,16846.243395719528,True
WCA->WCB_1,4238941623,AGATE E 9A,Crescent Energy,42,Reeves,WCA_2,WCB_1,10574.0,False,False,,113.0,inf,11,WCA_2,12378.061490359562,False
WCB_1->WCA,4247538847,UL 18 33-32A 1H,Apache,42,Ward,WCB_1,WCA_2,11857.0,False,False,,37.0,inf,39,WCA_2,21092.60337798486,False
WCB_1->WCA,3002546231,VALIANT 24 FEDERAL COM #728H,EOG,30,Lea,WCB_1,WCA_2,12282.0,True,False,276.5,31.0,8.919354838709678,119,WCA_2,20871.895779617316,True
WCB_1->WCA,4247537275,SEALY RANCH 790 7903H,Battalion Oil,42,Ward,WCB_1,WCA_2,10880.0,False,False,,51.0,inf,15,WCA_1,29983.415041201628,True
WCA->BS3_S,4247538478,UL TILDEN 16-31-32 WA3 3H,Crescent Energy,42,Ward,WCA_1,BS3_S,10860.0,False,False,,38.5,inf,11,BS3_S,15566.266307724167,True
WCB_2->WCA,4237139521,SIBLEY 3-2 3WA,Blue Arrow Operating,42,Pecos,WCB_2,WCA_1,10644.0,False,False,,64.0,inf,19,WCA_1,16358.059721659234,True
