api10,well_name,operator,state_code,county,formation_blueox,box_bench,box_action,box_depth_witness,box_reason,planned,tvd_ft,tvd_round,lateral_length_ft,first_production_date,cum_12m_oil_bbl,oil12_kft,gor12,cohort,mid_lon,mid_lat,cons_status,cons_suggest,cons_nearest_delta,cons_own_delta,sql23_nearest,cons_gor_vote
3001522162,JAMES RANCH UNIT #012H,Exxon Mobil,30,Eddy,BS2_S,BS2_S,keep,True,,False,9408.0,False,7327.0,1993-01-31,0.0,0.0,,False,-103.86825434,32.37907906,off_band,,753.0,,BS2_S,none
3001526256,CHOLLA 1 FEDERAL #005H,Harvey E Yates,30,Eddy,BS2_S,BS2_S,keep,True,,False,1335.0,False,3041.0,1993-01-01,1279.0,420.5853337717856,11779.51524628616,False,-103.82036177,32.77118789,no_evidence,,,,OTHER,none
3001534505,OATMEAL 8 FEDERAL COM #002H,EOG,30,Eddy,BS2_S,BS2_S,keep,True,class BS2_S->BS3_C rejected (precision 0.33),False,8035.0,False,2305.0,2007-02-01,23088.0,10016.48590021692,1967.2990297990298,False,-103.99277616,32.76274471,flag,BS3_C,41.0,,BS3_C,none
3001534879,DUBLIN 23 FEDERAL #001H,Marshall & Winston,30,Eddy,BS2_S,BS2_S,keep,True,,False,8446.0,False,3340.0,2007-01-27,27574.0,8255.688622754491,766.6642489301516,False,-104.05621356,32.37817494,no_evidence,,,,BS2_S,none
3001535709,LOBO STATE COM #001H,EOG,30,Eddy,BS2_S,BS2_S,keep,True,,False,7769.0,False,2550.0,2007-11-01,30259.0,11866.274509803923,3605.0100796457255,False,-104.03819753,32.75958161,off_band,,150.5,,BS2_S,none
3001535804,DOMINO AOJ FEDERAL COM #009H,EOG,30,Eddy,BS2_S,BS2_S,keep,True,,False,8818.0,False,3915.0,2010-06-10,87459.0,22339.463601532567,1165.7919710950273,False,-103.89801276,32.67493387,agree,,12.0,12.0,BS2_S,none
3001535921,DARK CANYON 19 FEDERAL #001,ConocoPhillips,30,Eddy,BS2_S,BS2_S,keep,True,,False,7181.0,False,3669.0,2009-08-13,116.0,31.61624420823113,1538836.2068965517,False,-104.44203581,32.29510939,no_evidence,,,,BS2_S,none
3001536032,WILD CAP STATE #003H,ConocoPhillips,30,Eddy,BS2_S,BS2_S,keep,True,,False,9354.0,False,1650.0,2008-07-13,54720.0,33163.63636363637,1372.2404970760233,False,-103.81922078,32.61328367,agree,,26.0,26.0,BS2_S,none
3001536537,NOOSE FEDERAL #004H,Spur Energy,30,Eddy,BS2_S,BS2_S,keep,True,,False,4422.0,False,2010.0,2008-12-06,35422.0,17622.885572139305,1178.7025012703969,False,-104.46245636,32.62059236,no_evidence,,,,AVA_0,none
3001536578,SAND TANK 18 FEDERAL COM #002H,EOG,30,Eddy,BS2_S,BS2_S,keep,True,,False,12291.0,False,4549.0,2008-12-01,28570.0,6280.501209056935,2394.434721736087,False,-104.00266466,32.75356235,agree,,4104.5,4104.5,BS2_S,none
3001536579,SAND TANK 18 FEDERAL COM #003H,EOG,30,Eddy,BS2_S,BS2_S,keep,True,,False,8120.0,False,3500.0,2009-04-01,33623.0,9606.571428571428,2464.235790976415,False,-104.00194858,32.74971287,ambiguous,,84.5,92.5,BS2_S,none
3001536581,SAND TANK 9 FEDERAL #002H,Mewbourne,30,Eddy,BS2_S,BS2_S,keep,True,,False,8143.0,False,2771.0,2009-01-01,6798.0,2453.265968964273,1571.6387172697853,False,-103.97573328,32.76331159,ambiguous,,99.0,146.5,BS2_S,none
3001537144,WILD CAP STATE #005H,ConocoPhillips,30,Eddy,BS2_S,BS2_S,keep,True,,False,9281.0,False,3100.0,2009-12-08,66173.0,21346.129032258064,643.5101929790096,False,-103.82385219,32.61627912,agree,,24.0,24.0,BS2_S,none
3001537167,SAND TANK APS FEDERAL COM #002H,EOG,30,Eddy,BS2_S,BS2_S,keep,True,,False,7786.0,False,3888.0,2010-09-16,125417.0,32257.458847736623,2704.3781943436693,False,-104.02831266,32.75624417,off_band,,159.0,,BS2_S,none
3001537185,LIBERATOR FEDERAL COM #001H,ConocoPhillips,30,Eddy,BS2_S,BS2_S,keep,True,,False,13680.0,False,4635.0,2009-11-18,38733.0,8356.63430420712,666.3310355510805,False,-103.81550354,32.66054062,agree,,4427.0,4427.0,BS2_S,none
3001537206,PARKWAY 23 STATE COM #002H,EOG,30,Eddy,BS2_S,BS2_S,keep,True,,False,8131.0,False,4025.0,2011-05-01,58367.0,14501.11801242236,2030.3596210187263,False,-104.04587689,32.65125718,off_band,,902.0,,BS2_S,none
3001537208,PARKWAY 23 STATE #004H,EOG,30,Eddy,BS2_S,BS2_S,keep,False,,True,8075.0,False,4027.0,2011-08-04,45167.0,11216.041718400795,2128.301636150287,False,-104.04523386,32.64059752,agree,,29.0,29.0,BS2_S,none
3001537214,SAND TANK 1 FEDERAL COM #004H,EOG,30,Eddy,BS2_S,BS2_S,keep,True,,False,7576.0,False,4027.0,2011-02-12,75449.0,18735.78346163397,3070.789539954141,False,-104.02881445,32.77762765,no_evidence,,,,BS2_S,none
3001537215,SAND TANK 1 FEDERAL COM #003H,EOG,30,Eddy,BS2_S,BS2_S,keep,True,,False,7670.0,False,4025.0,2010-12-11,77585.0,19275.77639751553,3041.37397692853,False,-104.02882709,32.77096002,off_band,,275.0,,BS2_S,none
3001537216,SAND TANK 1 FEDERAL COM #002H,EOG,30,Eddy,BS2_S,BS2_S,keep,True,,False,7524.0,False,4103.0,2010-03-01,91108.0,22205.215695832318,2304.2103876717742,False,-104.02813339,32.77418738,no_evidence,,,,BS2_S,none
3001537254,DOWN SOUTH STATE COM #002H,ConocoPhillips,30,Eddy,BS2_S,BS2_S,keep,True,,False,7836.0,False,4148.0,2012-08-19,42316.0,10201.542912246867,7591.525664051423,False,-104.12743854,32.02957219,agree,,40.5,40.5,BS2_S,none
3001537255,DOWN SOUTH STATE COM #003H,ConocoPhillips,30,Eddy,BS2_S,BS2_S,keep,True,,False,7675.0,False,4175.0,2013-04-15,41251.0,9880.479041916167,6735.230661074883,False,-104.12667908,32.02593844,agree,,128.5,128.5,BS2_S,none
3001537257,STRAWBERRY 7 FEDERAL COM #005H,Devon,30,Eddy,BS2_S,BS2_S,keep,True,,False,8790.0,False,2927.0,2010-09-01,86096.0,29414.41749231295,1785.5184909868053,False,-103.90842702,32.67604419,agree,,20.0,20.0,BS2_S,none
3001537258,STRAWBERRY 7 FEDERAL COM #004H,Devon,30,Eddy,BS2_S,BS2_S,keep,False,,True,8825.0,False,3939.0,2010-09-15,93282.0,23681.645087585683,912.8878025771317,False,-103.9093659,32.66886932,agree,,20.0,20.0,BS2_S,none
3001537371,LAGUNA SALADO 22 FEDERAL #006H,Devon,30,Eddy,BS2_S,BS2_S,keep,True,,False,8594.0,False,2806.0,2011-07-01,97712.0,34822.52316464719,4748.649091206812,False,-103.96956857,32.28936873,off_band,,807.5,,BS2_S,none
3001537382,MARQUARDT FEDERAL #013H,Devon,30,Eddy,BS2_S,BS2_S,keep,True,,False,7155.0,False,4628.0,2014-01-01,95619.0,20660.976663785656,4809.431179995608,False,-104.24323326,32.15891116,agree,,56.0,56.0,BS2_S,none
3001537451,PARKWAY 26 STATE COM #002H,Mewbourne,30,Eddy,BS2_S,BS2_S,keep,True,,False,8208.0,False,3846.0,2010-02-27,38868.0,10106.084243369734,2614.850262426675,False,-104.04459929,32.63759048,off_band,,957.0,,BS2_S,none
3001537461,PARKWAY STATE 17 COM #002H,Devon,30,Eddy,BS2_S,BS2_S,keep,True,,False,7808.0,False,4377.0,2010-09-01,50351.0,11503.541238291067,3620.4047585946655,False,-104.09696696,32.65904056,agree,,66.0,66.0,BS2_S,none
3001537463,PERFECTO BOX STATE COM #001H,EOG,30,Eddy,BS2_S,BS2_S,keep,True,,False,7852.0,False,4030.0,2012-11-22,49368.0,12250.124069478907,4232.782369146005,False,-104.16061333,32.13546588,agree,,18.0,18.0,BS2_S,none
3001537504,PARKWAY STATE COM #004,Devon,30,Eddy,BS2_S,BS2_S,keep,True,,False,7864.0,False,4749.0,2010-09-01,25371.0,5342.387871130764,2735.8007173544597,False,-104.06006881,32.66065243,agree,,131.0,131.0,BS2_S,none
3001537632,MAGNUM 16 STATE #003H,Devon,30,Eddy,BS2_S,BS2_S,keep,True,,False,7857.0,False,4834.0,2010-10-01,29727.0,6149.565577161771,4441.517812090019,False,-104.07388076,32.66073101,agree,,70.0,70.0,BS2_S,none
3001537652,CRESCENT HALE 1 FEDERAL COM #001,Devon,30,Eddy,BS2_S,BS2_S,keep,False,,True,8760.0,False,4398.0,2010-11-01,71027.0,16149.840836743973,1631.4077745082857,False,-103.93255266,32.68978196,agree,,74.0,74.0,BS2_S,none
3001537666,DUGGAN 12 FEDERAL COM #003H,EOG,30,Eddy,BS2_S,BS2_S,keep,True,,False,7742.0,False,4090.0,2010-10-12,76525.0,18710.26894865526,2655.746488075792,False,-104.02859342,32.76712496,off_band,,203.0,,BS2_S,none
3001537699,PENNY PINCHER FEDERAL COM #001,Devon,30,Eddy,BS2_S,BS2_S,keep,True,,False,8970.0,False,3993.0,2010-10-01,37453.0,9379.664412722264,1522.4414599631539,False,-103.88081509,32.64513192,agree,,65.0,65.0,BS2_S,none
3001537715,IRWIN 13 FEDERAL #001,Devon,30,Eddy,BS2_S,BS2_S,keep,True,,False,8751.0,False,2750.0,2010-10-01,63782.0,23193.454545454548,2745.4767802828383,False,-103.91873342,32.66196362,agree,,1.0,1.0,BS2_S,none
3001537719,STATE 14 COM #003H,Devon,30,Eddy,BS2_S,BS2_S,keep,True,,False,8098.0,False,4384.0,2010-10-10,19311.0,4404.881386861314,2259.334058308736,False,-104.04735667,32.6603095,agree,,21.0,21.0,BS2_S,none
3001537785,WEST SHUGART 31 FEDERAL COM #004,Devon,30,Eddy,BS2_S,BS2_S,keep,True,,False,8802.0,False,4259.0,2010-12-16,45353.0,10648.743836581356,1269.7285736334973,False,-103.90844635,32.70591605,agree,,13.0,13.0,BS2_S,none
3001537816,BURTON 4 FEDERAL #003H,Mewbourne,30,Eddy,BS2_S,BS2_S,keep,True,,False,7950.0,False,3931.0,2010-07-29,40028.0,10182.650725006359,2936.2196462476268,False,-104.08066734,32.60796633,agree,,46.0,46.0,BS2_S,none
3001537833,BIG PAPI FEDERAL COM #002H,ConocoPhillips,30,Eddy,BS2_S,BS2_S,keep,False,,True,8650.0,False,4046.0,2014-06-24,70070.0,17318.33910034602,3182.4033109747397,False,-103.99136315,32.07127075,agree,,139.0,139.0,BS2_S,none
3001537842,JR'S HORZ FEDERAL COM #003,ConocoPhillips,30,Eddy,BS2_S,BS2_S,keep,True,,False,8774.0,False,4022.0,2014-06-06,74577.0,18542.26752859274,4228.904353889269,False,-103.96941032,32.0562317,agree,,88.0,88.0,BS2_S,none
3001537850,PARKWAY 26 STATE COM #004H,Mewbourne,30,Eddy,BS2_S,BS2_S,keep,True,,False,8228.0,False,4248.0,2010-08-20,82743.0,19478.10734463277,1836.6145776682015,False,-104.04560649,32.62531633,agree,,16.5,16.5,BS2_S,none
3001537860,THREE PALMS 36 STATE COM #001H,Mewbourne,30,Eddy,BS2_S,BS2_S,keep,False,,True,8269.0,False,4076.0,2010-09-18,36761.0,9018.891069676152,1785.5063790430074,False,-104.02928049,32.62243714,off_band,,820.0,,BS2_S,none
3001537874,PARKWAY 11 STATE COM #002H,Devon,30,Eddy,BS2_S,BS2_S,keep,True,,False,8043.0,False,3909.0,2011-01-21,7979.0,2041.1870043489384,1819.7769144003007,False,-104.04708375,32.67573091,no_evidence,,,,BS2_S,none
3001537970,PARKWAY STATE COM #006H,Devon,30,Eddy,BS2_S,BS2_S,keep,True,,False,8026.0,False,4473.0,2011-06-13,31552.0,7053.878828526716,3364.382606490872,False,-104.05582348,32.66051701,agree,,3.0,3.0,BS2_S,none
3001537997,RUDOLPH ATX STATE COM #003H,EOG,30,Eddy,BS2_S,BS2_S,keep,True,,False,8944.0,False,4114.0,2011-01-13,24830.0,6035.488575595527,1125.8960934353604,False,-103.88060646,32.6608187,agree,,17.5,17.5,BS2_S,none
3001537998,PARKCHESTER 24 ST #003H,Mewbourne,30,Eddy,BS2_S,BS2_S,keep,True,,False,7604.0,False,4273.0,2010-11-11,17706.0,4143.69295576878,2285.270529763922,False,-104.13365594,32.64571979,agree,,128.5,128.5,BS2_S,none
3001538005,PARKWAY 26 STATE COM #003H,Mewbourne,30,Eddy,BS2_S,BS2_S,keep,True,,False,8215.0,False,4412.0,2010-12-05,73894.0,16748.413417951044,2525.6042439169623,False,-104.04543117,32.63263666,agree,,84.0,84.0,BS2_S,none
3001538039,PARKWAY 17 STATE #004H,Devon,30,Eddy,BS2_S,BS2_S,keep,True,,False,7817.0,False,4355.0,2011-04-07,37587.0,8630.76923076923,3567.669673025248,False,-104.09696265,32.65500058,agree,,60.5,60.5,BS2_S,none
3001538062,CORSAIR STATE #002H,ConocoPhillips,30,Eddy,BS2_S,BS2_S,keep,True,,False,9039.0,False,2585.0,2011-02-22,19955.0,7719.53578336557,1271.3605612628414,False,-103.83799231,32.69549154,agree,,6.0,6.0,BS2_S,none
3001538063,CORSAIR STATE #003H,ConocoPhillips,30,Eddy,BS2_S,BS2_S,keep,True,,False,9022.0,False,3320.0,2011-05-17,27851.0,8388.855421686747,665.8647804387634,False,-103.83796028,32.69076551,agree,,28.0,28.0,BS2_S,none
3001538065,PARKWAY 11 STATE #001H,Devon,30,Eddy,BS2_S,BS2_S,keep,False,,True,7950.0,False,3849.0,2010-12-07,27408.0,7120.8106001558845,1494.855516637478,False,-104.05211579,32.67366013,agree,,84.5,84.5,BS2_S,none
3001538066,PARKWAY STATE 17 COM #003H,Devon,30,Eddy,BS2_S,BS2_S,keep,True,,False,7852.0,False,4425.0,2011-06-01,55312.0,12499.887005649718,4076.7645357246165,False,-104.09695109,32.66268582,agree,,21.0,21.0,BS2_S,none
3001538072,SRO STATE COM #010H,ConocoPhillips,30,Eddy,BS2_S,BS2_S,keep,True,,False,8077.0,False,6101.0,2012-06-24,71506.0,11720.373709227995,4821.455542192263,False,-104.0822351,32.06787131,agree,,19.0,19.0,BS2_S,none
3001538099,IRWIN 13 FEDERAL #002H,Devon,30,Eddy,BS2_S,BS2_S,keep,False,,True,8793.0,False,4580.0,2011-06-06,100801.0,22008.951965065502,2239.7595261951765,False,-103.92589901,32.65489911,off_band,,849.0,,BS2_S,none
3001538100,IRWIN 13 FEDERAL #003H,Devon,30,Eddy,BS2_S,BS2_S,keep,True,,False,8758.0,False,3947.0,2012-01-08,49250.0,12477.83126425133,1801.6852791878173,False,-103.92581628,32.659184,off_band,,814.0,,BS2_S,none
3001538101,IRWIN 13 FEDERAL #004H,Devon,30,Eddy,BS2_S,BS2_S,keep,True,,False,8741.0,False,3226.0,2012-02-03,65159.0,20198.07811531308,2234.411209502908,False,-103.92324061,32.66220396,off_band,,797.0,,BS2_S,none
3001538106,WILLOW LAKE 35 MD FEDERAL COM #001H,Mewbourne,30,Eddy,BS2_S,BS2_S,keep,True,,False,8301.0,False,3973.0,2013-07-13,36252.0,9124.590989176944,2267.8197064989517,False,-104.06528419,32.17469877,off_band,,1321.0,,BS2_S,none
3001538107,LIZARD POT FEDERAL COM #001H,ConocoPhillips,30,Eddy,BS2_S,BS2_S,keep,True,,False,9278.0,False,4925.0,2011-02-06,115480.0,23447.71573604061,1362.764114998268,False,-103.82948179,32.6038562,agree,,76.0,76.0,BS2_S,none
3001538109,PARKWAY 16 STATE COM #002H,Mewbourne,30,Eddy,BS2_S,BS2_S,keep,True,,False,7847.0,False,4266.0,2011-01-14,38125.0,8936.94327238631,2766.6622950819674,False,-104.08729587,32.6600385,agree,,34.0,34.0,BS2_S,none
3001538146,LIZARD POT FEDERAL #002H,ConocoPhillips,30,Eddy,BS2_S,BS2_S,keep,True,,False,9401.0,False,4467.0,2012-10-19,174834.0,39139.01947615849,1261.7797453584542,False,-103.82484895,32.60384165,agree,,79.0,79.0,BS2_S,none
3001538150,DIRTY DOZEN FEDERAL COM #004H,ConocoPhillips,30,Eddy,BS2_S,BS2_S,keep,True,,False,9388.0,False,4531.0,2012-10-18,86149.0,19013.24210990951,1453.0406621086722,False,-103.80664043,32.61139399,agree,,60.0,60.0,BS2_S,none
3001538169,SRO STATE COM #011H,ConocoPhillips,30,Eddy,BS2_S,BS2_S,keep,True,,False,8075.0,False,4116.0,2012-02-15,63528.0,15434.402332361517,3084.498174033497,False,-104.08149456,32.0865694,agree,,102.5,102.5,BS2_S,none
3001538170,QUAIL BQL STATE COM #001H,EOG,30,Eddy,BS2_S,BS2_S,keep,True,,False,9749.0,False,4018.0,2012-07-20,15764.0,3923.344947735192,3354.7957371225575,False,-103.84873753,32.07188942,agree,,55.0,55.0,BS3_C,none
3001538195,STRAWBERRY 7 FEDERAL COM #006H,Devon,30,Eddy,BS2_S,BS2_S,keep,True,,False,8750.0,False,4120.0,2011-04-01,59418.0,14421.844660194174,2200.1918610522066,False,-103.9083846,32.6721176,agree,,60.0,60.0,BS2_S,none
3001538221,WEST SHUGART 31 FEDERAL COM #005H,Devon,30,Eddy,BS2_S,BS2_S,keep,True,,False,8763.0,False,3738.0,2011-08-01,29306.0,7840.021401819155,1039.4799699720195,False,-103.90961328,32.70277796,agree,,29.0,29.0,BS2_S,none
3001538225,DIRTY DOZEN FEDERAL COM #003H,ConocoPhillips,30,Eddy,BS2_S,BS2_S,keep,True,,False,9409.0,False,5153.0,2011-04-06,186557.0,36203.570735493886,1927.8236678334235,False,-103.80736414,32.61483412,agree,,81.0,81.0,BS2_S,none
3001538226,BURTON 6 FEDERAL #001,Devon,30,Eddy,BS2_S,BS2_S,keep,True,,False,8411.0,False,3287.0,2011-01-22,7597.0,2311.2260419835716,1783.993681716467,False,-104.01770666,32.60439323,agree,,16.0,16.0,BS2_S,none
3001538228,BRADLEY 28 FEDERAL COM #001H,Mewbourne,30,Eddy,BS2_S,BS2_S,keep,True,,False,8266.0,False,4389.0,2011-06-23,30278.0,6898.610161768056,1367.4615232181782,False,-103.97747483,32.7213633,agree,,21.0,21.0,BS2_S,none
3001538236,LIZARD POT FEDERAL #004H,ConocoPhillips,30,Eddy,BS2_S,BS2_S,keep,True,,False,9428.0,False,4330.0,2012-11-18,123596.0,28544.110854503466,1264.1185798893168,False,-103.81653257,32.60452482,agree,,57.0,57.0,BS2_S,none
3001538237,ARCTURUS 18 FEDERAL #001H,Devon,30,Eddy,BS2_S,BS2_S,keep,True,,False,8749.0,False,4103.0,2011-08-01,66645.0,16242.992932000974,1514.412183959787,False,-103.90841674,32.66643734,agree,,81.0,81.0,BS2_S,none
3001538238,SIRIUS 17 FEDERAL #001H,Devon,30,Eddy,BS2_S,BS2_S,keep,True,,False,8870.0,False,4440.0,2011-08-01,40619.0,9148.423423423425,1399.0743248233584,False,-103.89163107,32.66649172,agree,,11.5,11.5,BS2_S,none
3001538244,MARAUDER FEDERAL #001H,ConocoPhillips,30,Eddy,BS2_S,BS2_S,keep,True,,False,8804.0,False,4181.0,2011-01-14,75486.0,18054.53240851471,1993.2967702620354,False,-103.91488829,32.61659711,no_evidence,,,,BS2_S,none
3001538259,OSCURO BBC STATE COM #001H,EOG,30,Eddy,BS2_S,BS2_S,keep,True,,False,7894.0,False,3952.0,2013-04-20,17095.0,4325.6578947368425,4577.82977478795,False,-104.14315444,32.14649513,agree,,47.0,47.0,BS2_S,none
3001538274,HONEY GRAHAM STATE COM #003H,ConocoPhillips,30,Eddy,BS2_S,BS2_S,keep,True,,False,7819.0,False,6251.0,2014-09-20,76976.0,12314.189729643256,6280.178237372687,False,-104.11643289,32.00975086,agree,,14.0,14.0,BS2_S,none
3001538286,TAMANO 10 FEDERAL COM #006H,Mewbourne,30,Eddy,BS2_S,BS2_S,keep,True,,False,8387.0,False,4339.0,2011-10-27,59267.0,13659.13805024199,762.0092125466111,False,-103.85739125,32.76793229,agree,,104.0,104.0,BS2_C,none
3001538294,WEST SHUGART 32 STATE COM #001,Devon,30,Eddy,BS2_S,BS2_S,keep,True,,False,8838.0,False,4440.0,2011-08-11,71515.0,16106.98198198198,1292.0646018317836,False,-103.89754041,32.70376565,agree,,25.5,25.5,BS2_S,none
3001538295,BIRDSEYE 32 STATE #001H,ConocoPhillips,30,Eddy,BS2_S,BS2_S,keep,True,,False,8959.0,False,3078.0,2011-05-24,93588.0,30405.458089668617,2084.476642304569,False,-103.89022782,32.61684325,agree,,77.0,77.0,BS2_S,none
3001538296,PENNY PINCHER FEDERAL COM #003H,Devon,30,Eddy,BS2_S,BS2_S,keep,True,,False,9025.0,False,5011.0,2011-03-12,30040.0,5994.811414887248,537.849533954727,False,-103.87280789,32.64595403,no_evidence,,,,BS2_S,none
3001538315,WIZARD FEDERAL COM #005H,CHI Operating,30,Eddy,BS2_S,BS2_S,keep,False,,True,8730.0,False,4510.0,2012-11-01,14598.0,3236.807095343681,1438.347718865598,False,-103.91811003,32.68928572,agree,,0.0,0.0,BS2_S,none
3001538333,TURQUOISE PWU 27 #001H,Devon,30,Eddy,BS2_S,BS2_S,keep,True,,False,8095.0,False,4057.0,2011-08-01,23729.0,5848.903130391915,2776.560327026002,False,-104.06288415,32.63706842,agree,,52.5,52.5,BS2_S,none
3001538334,DIAMOND PWU 22 #001H,Devon,30,Eddy,BS2_S,BS2_S,keep,True,,False,7992.0,False,2265.0,2011-08-01,115816.0,51132.89183222958,3961.309318228915,False,-104.05889258,32.65231587,off_band,,902.0,,BS2_S,none
3001538335,AGATE PWU 21 #001H,Devon,30,Eddy,BS2_S,BS2_S,keep,True,,False,7874.0,False,3093.0,2011-04-25,84621.0,27358.87487875849,2671.0036515758497,False,-104.07903406,32.65224249,agree,,66.0,66.0,BS2_S,none
3001538336,BRADLEY 29 FEDERAL COM #003H,Mewbourne,30,Eddy,BS2_S,BS2_S,keep,True,,False,8172.0,False,4008.0,2012-06-01,42370.0,10571.357285429143,2208.3549681378336,False,-103.99404376,32.71750535,agree,,74.0,74.0,BS2_S,none
3001538338,EMERALD PWU 20 #001H,Devon,30,Eddy,BS2_S,BS2_S,keep,True,,False,7882.0,False,4049.0,2011-08-03,36748.0,9075.821190417386,3342.7397409382825,False,-104.09703895,32.65248119,agree,,9.0,9.0,BS2_S,none
3001538384,DOMINO AOJ FEDERAL #011H,EOG,30,Eddy,BS2_S,BS2_S,keep,True,,False,8827.0,False,3644.0,2011-10-30,67673.0,18571.07574094402,1689.4477856752324,False,-103.89164066,32.67722421,agree,,6.0,6.0,BS2_S,none
3001538385,DOMINO AOJ FEDERAL COM #010H,EOG,30,Eddy,BS2_S,BS2_S,keep,True,,False,8834.0,False,4078.0,2011-08-12,17394.0,4265.326140264836,1165.689318155686,False,-103.89084367,32.67336343,agree,,17.5,17.5,BS2_S,none
3001538386,DOMINO AOJ FEDERAL COM #012H,EOG,30,Eddy,BS2_S,BS2_S,keep,True,,False,8833.0,False,4054.0,2011-11-17,76203.0,18796.99062654169,1471.4250095140612,False,-103.89071917,32.68042728,agree,,3.0,3.0,BS2_S,none
3001538390,ARCTURUS 18 FEDERAL #002H,Devon,30,Eddy,BS2_S,BS2_S,keep,True,,False,8751.0,False,3645.0,2011-11-01,59093.0,16212.07133058985,1781.17543533075,False,-103.90854845,32.6631079,agree,,83.0,83.0,BS2_S,none
3001538392,ARIES 20 FEDERAL COM #002H,Mewbourne,30,Eddy,BS2_S,BS2_S,keep,True,,False,8221.0,False,4135.0,2011-03-10,46899.0,11341.958887545345,2049.1694918868207,False,-103.99440404,32.73469262,agree,,6.0,6.0,BS2_S,none
3001538415,EAST TURKEY TRACK FEDERAL COM #005H,EOG,30,Eddy,BS2_S,BS2_S,keep,False,,True,8062.0,False,4263.0,2012-02-18,34423.0,8074.82993197279,1774.9760334659966,False,-104.04607024,32.71284229,no_evidence,,,,BS2_S,none
3001538416,EAST TURKEY TRACK FEDERAL COM #006H,EOG,30,Eddy,BS2_S,BS2_S,keep,False,,True,8045.0,False,4263.0,2012-03-09,3385.0,794.0417546328877,1879.1728212703101,False,-104.04571857,32.71702709,no_evidence,,,,BS2_S,none
3001538419,COLTRANE 36 B2PA STATE #001H,Mewbourne,30,Eddy,BS2_S,BS2_S,keep,True,,False,10384.0,False,4300.0,2015-10-01,92578.0,21529.767441860466,1156.462658514982,False,-103.72523701,32.0869211,agree,,77.5,77.5,BS2_S,none
3001538421,EMERALD PWU 20 #002H,Devon,30,Eddy,BS2_S,BS2_S,keep,False,,True,7855.0,False,3966.0,2012-03-01,21912.0,5524.962178517398,4596.796276013143,False,-104.09677518,32.64865128,agree,,22.5,22.5,BS2_S,none
3001538422,THREE PALMS 36 STATE COM #002H,Mewbourne,30,Eddy,BS2_S,BS2_S,keep,True,,False,8280.0,False,3857.0,2011-05-19,53488.0,13867.772880477056,2377.3182769967098,False,-104.02833447,32.61840417,off_band,,831.0,,BS2_S,none
3001538434,COTTON DRAW UNIT #117H,Devon,30,Eddy,BS2_S,BS2_S,keep,True,,False,10335.0,False,3852.0,2013-09-01,104378.0,27097.092419522327,1797.6297687252104,False,-103.76403913,32.17319805,agree,,53.0,53.0,BS2_S,none
3001538451,BRADLEY 30 FEDERAL #001H,Mewbourne,30,Eddy,BS2_S,BS2_S,keep,True,,False,8122.0,False,4827.0,2011-11-16,68903.0,14274.497617567848,2343.2216304079648,False,-104.01015357,32.71648474,agree,,64.0,64.0,BS2_S,none
3001538453,COTTON DRAW UNIT #122H,Devon,30,Eddy,BS2_S,BS2_S,keep,True,,False,10411.0,False,4067.0,2013-03-02,70354.0,17298.746004425866,1895.0024163515934,False,-103.75233462,32.17318961,agree,,19.5,19.5,BS2_S,none
3001538454,SIRIUS 17 FEDERAL #002H,Devon,30,Eddy,BS2_S,BS2_S,keep,True,,False,8908.0,False,3985.0,2011-08-01,66985.0,16809.284818067757,1429.7529297603942,False,-103.89151813,32.66319388,agree,,30.0,30.0,BS2_S,none
3001538460,PARKWAY 26 STATE COM #005H,Mewbourne,30,Eddy,BS2_S,BS2_S,keep,True,,False,8227.0,False,3873.0,2014-04-01,90961.0,23485.9282210173,4072.71248117325,False,-104.04449488,32.62905009,agree,,72.0,72.0,BS2_S,none
3001538465,SUPERIOR FEDERAL #010H,Devon,30,Eddy,BS2_S,BS2_S,keep,False,,True,8300.0,True,4565.0,2011-07-08,23383.0,5122.23439211391,3067.3993927212077,False,-104.03512613,32.6022934,agree,,33.5,33.5,BS2_S,none
3001538475,DIAMOND PWU 22 #002H,Devon,30,Eddy,BS2_S,BS2_S,keep,True,,False,8023.0,False,4269.0,2011-12-04,89819.0,21039.821972358866,2983.2663467640477,False,-104.06222768,32.64849466,off_band,,932.0,,BS2_S,none
3001538477,BLUE THUNDER 5 FEDERAL COM #004H,ConocoPhillips,30,Eddy,BS2_S,BS2_S,keep,True,,False,8815.0,False,3919.0,2011-07-12,74130.0,18915.53967848941,1422.420072845002,False,-103.89187442,32.68351886,agree,,16.5,16.5,BS2_S,none
3001538478,SIRIUS 17 FEDERAL #004H,Devon,30,Eddy,BS2_S,BS2_S,keep,True,,False,8945.0,False,4043.0,2012-04-01,93455.0,23115.260944842936,1547.3543416617624,False,-103.89087523,32.65442926,agree,,42.5,42.5,BS2_S,none
3001538481,SIRIUS 17 FEDERAL COM #003H,Devon,30,Eddy,BS2_S,BS2_S,keep,True,,False,8885.0,False,4023.0,2012-03-01,68219.0,16957.245836440467,1765.182720356499,False,-103.89080702,32.65868016,agree,,7.0,7.0,BS2_S,none
3001538482,HELIOS 6 FEDERAL COM #001H,Devon,30,Eddy,BS2_S,BS2_S,keep,True,,False,8810.0,False,4143.0,2011-11-01,37260.0,8993.482983345402,1846.591519055287,False,-103.90145166,32.68989485,agree,,6.5,6.5,BS2_S,none
3001538483,HELIOS 6 FEDERAL COM #002H,Devon,30,Eddy,BS2_S,BS2_S,keep,True,,False,8819.0,False,3938.0,2011-11-03,40286.0,10230.066023362113,1355.2102467358388,False,-103.9058085,32.69013262,agree,,13.0,13.0,BS2_S,none
3001538484,BEETLE JUICE 19 FEDERAL #001H,Devon,30,Eddy,BS2_S,BS2_S,keep,False,,True,8847.0,False,4227.0,2011-11-06,18667.0,4416.134374260705,1865.2702630310173,False,-103.90114895,32.64530186,agree,,58.5,58.5,BS2_S,none
3001538487,BRADLEY 29 FEDERAL COM #004H,Mewbourne,30,Eddy,BS2_S,BS2_S,keep,False,,True,8251.0,False,4293.0,2011-12-11,29639.0,6904.029815979501,2301.8657849455108,False,-103.99386946,32.72432721,agree,,14.0,14.0,BS2_S,none
3001538494,CRESCENT HALE 11 FEDERAL #001,Devon,30,Eddy,BS2_S,BS2_S,keep,True,,False,8687.0,False,4372.0,2011-06-05,31469.0,7197.849954254346,1600.6228351711209,False,-103.93606562,32.67495741,agree,,33.5,33.5,BS2_S,none
3001538499,PARKWAY STATE COM #005Y,Devon,30,Eddy,BS2_S,BS2_S,keep,True,,False,7970.0,False,4223.0,2011-06-01,43642.0,10334.359460099455,3704.779799275927,False,-104.06479972,32.66066519,agree,,19.0,19.0,BS2_S,none
3001538518,GRATEFUL BOD FEDERAL COM #002H,EOG,30,Eddy,BS2_S,BS2_S,keep,True,class BS2_S->BS3_C rejected (precision 0.33),False,7950.0,False,3843.0,2012-06-14,39777.0,10350.507416081186,2719.0587525454407,False,-104.02901794,32.74967114,flag,BS3_C,5.0,,BS3_C,none
3001538524,CRESCENT HALE 1 FEDERAL COM #002,Devon,30,Eddy,BS2_S,BS2_S,keep,True,,False,8715.0,False,4469.0,2011-06-03,35470.0,7936.898635041397,2260.7555680857063,False,-103.92752397,32.68934129,agree,,22.0,22.0,BS2_S,none
3001538543,WIZARD FEDERAL COM #006H,CHI Operating,30,Eddy,BS2_S,BS2_S,keep,False,,True,8688.0,False,4625.0,2012-11-01,21600.0,4670.270270270271,900.7870370370371,False,-103.92448974,32.68944418,agree,,33.5,33.5,BS2_S,none
3001538565,RUDOLPH ATX STATE COM #004H,EOG,30,Eddy,BS2_S,BS2_S,keep,True,,False,8952.0,False,4055.0,2011-07-21,26221.0,6466.337854500616,1321.2692117005454,False,-103.87604903,32.66123614,off_band,,933.0,,BS2_S,none
3001538605,AGATE PWU 21 #002H,Devon,30,Eddy,BS2_S,BS2_S,keep,True,,False,7881.0,False,4076.0,2012-03-07,28193.0,6916.830225711482,3830.383428510623,False,-104.0797334,32.6484981,agree,,25.0,25.0,BS2_S,none
3001538608,COTTON DRAW UNIT #125H,Devon,30,Eddy,BS2_S,BS2_S,keep,True,,False,10424.0,False,3827.0,2013-06-20,99312.0,25950.35275672851,1082.6989689060738,False,-103.74553254,32.17366744,agree,,32.5,32.5,BS2_S,none
3001538611,ARCTURUS 18 FEDERAL COM #004H,Devon,30,Eddy,BS2_S,BS2_S,keep,True,,False,8878.0,False,3978.0,2012-04-01,43197.0,10858.97435897436,1618.0058800379657,False,-103.90795276,32.65430499,agree,,33.0,33.0,BS2_S,none
3001538642,SUPERFORTRESS 29 FEDERAL #003H,ConocoPhillips,30,Eddy,BS2_S,BS2_S,keep,True,,False,8966.0,False,4173.0,2011-08-26,77857.0,18657.320872274144,1689.6489718329758,False,-103.89316687,32.63085785,agree,,1.5,1.5,BS2_S,none
3001538659,EMPIRE A FEDERAL COM #003H,Devon,30,Eddy,BS2_S,BS2_S,keep,True,,False,7779.0,False,4273.0,2011-09-05,9687.0,2267.025509010063,2955.817074429648,False,-104.06885094,32.71841872,no_evidence,,,,BS3_C,none
3001538660,BRADLEY 29 FEDERAL COM #002H,Mewbourne,30,Eddy,BS2_S,BS2_S,keep,True,,False,8215.0,False,4170.0,2011-06-23,29907.0,7171.942446043166,1823.285518440499,False,-103.99464381,32.72127478,agree,,24.5,24.5,BS2_S,none
3001538953,ARCTURUS 18 FEDERAL #003H,Devon,30,Eddy,BS2_S,BS2_S,keep,False,,True,8854.0,False,4546.0,2012-04-01,71007.0,15619.665640123187,1453.1806723280804,False,-103.90849806,32.65951303,agree,,19.0,19.0,BS2_S,none
3001538959,SAND TANK 18 FEDERAL COM #005H,EOG,30,Eddy,BS2_S,BS2_S,keep,True,,False,8169.0,False,3880.0,2011-08-15,34191.0,8812.113402061856,2758.854669357433,False,-104.00143569,32.74148317,agree,,49.0,49.0,BS2_S,none
3001538979,INTREPID 3 FEDERAL COM #001H,Devon,30,Eddy,BS2_S,BS2_S,keep,True,,False,8442.0,False,4345.0,2011-07-21,26561.0,6113.003452243958,2015.8879560257521,False,-103.97311069,32.69490242,agree,,69.5,69.5,BS2_S,none
3001538984,DORADO 34 FEDERAL COM #001H,Mewbourne,30,Eddy,BS2_S,BS2_S,keep,True,,False,8509.0,False,3594.0,2012-11-01,35995.0,10015.303283249861,1077.9830532018336,False,-103.96124544,32.70184471,agree,,43.5,43.5,BS2_S,none
3001538989,BEETLE JUICE 19 FEDERAL #002H,Devon,30,Eddy,BS2_S,BS2_S,keep,True,,False,8845.0,False,4218.0,2012-04-01,36279.0,8600.99573257468,2384.6302268530003,False,-103.90695165,32.64536526,off_band,,873.5,,BS2_S,none
3001538990,GRATEFUL BOD FEDERAL COM #001H,EOG,30,Eddy,BS2_S,BS2_S,keep,True,class BS2_S->BS3_C rejected (precision 0.33),False,7974.0,False,3626.0,2011-11-18,62709.0,17294.26365140651,2109.6652793060007,False,-104.02929835,32.75265685,flag,BS3_C,29.0,,BS3_C,none
3001538997,PENNY PINCHER FEDERAL COM #004H,Devon,30,Eddy,BS2_S,BS2_S,keep,True,,False,9035.0,False,3575.0,2011-10-21,11868.0,3319.7202797202794,1283.9568587799124,False,-103.86787215,32.64596742,no_evidence,,,,BS2_S,none
3001539025,CRESCENT HALE 12 FEDERAL #001,Devon,30,Eddy,BS2_S,BS2_S,keep,True,,False,8728.0,False,4187.0,2011-12-02,70886.0,16930.021495103894,1205.0616482803375,False,-103.9322568,32.67459118,off_band,,772.5,,BS2_S,none
3001539060,MYOX 28 STATE #002H,ConocoPhillips,30,Eddy,BS2_S,BS2_S,keep,True,,False,8052.0,False,4347.0,2013-04-14,58444.0,13444.67448815275,3797.8235575935937,False,-104.09945054,32.10094024,off_band,,1330.0,,BS2_S,none
3001539117,ZIRCON 2 STATE COM #001H,Mewbourne,30,Eddy,BS2_S,BS2_S,keep,True,,False,8087.0,False,3982.0,2012-01-01,70127.0,17610.99949773983,2016.6840161421421,False,-104.04473517,32.68425559,agree,,38.0,38.0,BS2_S,none
3001539118,SMOKEY BITS STATE COM #003H,Permian Resources,30,Eddy,BS2_S,BS2_S,keep,True,,False,8730.0,False,4126.0,2012-07-01,65629.0,15906.204556471157,1456.2007649057582,False,-103.92554119,32.70219298,no_evidence,,,,BS2_S,none
3001539164,PARKWAY STATE 17 COM #005H,Devon,30,Eddy,BS2_S,BS2_S,keep,True,,False,7881.0,False,4474.0,2011-10-01,80952.0,18093.875726419312,3032.8713311592055,False,-104.09710896,32.66573947,agree,,29.0,29.0,BS2_S,none
3001539168,SAND TANK 17 FEDERAL COM #003H,EOG,30,Eddy,BS2_S,BS2_S,keep,True,,False,8204.0,False,3888.0,2011-09-17,37216.0,9572.01646090535,2310.108555460017,False,-103.98485761,32.74928584,off_band,,160.0,,BS2_S,none
3001539169,SAND TANK 17 FEDERAL COM #004H,EOG,30,Eddy,BS2_S,BS2_S,keep,True,,False,8257.0,False,4070.0,2012-03-01,43791.0,10759.459459459458,2418.716174556416,False,-103.9848492,32.74557981,agree,,13.5,13.5,BS2_S,none
3001539188,FOUR PEAKS 35 FEDERAL #001H,Mewbourne,30,Eddy,BS2_S,BS2_S,keep,True,,False,8226.0,False,4350.0,2011-11-23,70541.0,16216.321839080461,2266.5967309791467,False,-104.04508856,32.6221327,agree,,18.0,18.0,BS2_S,none
3001539198,ZIRCON 1 STATE #001H,Mewbourne,30,Eddy,BS2_S,BS2_S,keep,True,,False,8128.0,False,4129.0,2012-09-01,99654.0,24135.14168079438,1426.2147028719369,False,-104.0277468,32.6837245,agree,,30.0,30.0,BS2_S,none
3001539214,WEST SHUGART 32 STATE COM #002H,CHI Operating,30,Eddy,BS2_S,BS2_S,keep,False,,True,8846.0,False,3984.0,2014-11-01,29364.0,7370.481927710843,953.310175725378,False,-103.89341344,32.70364354,agree,,27.0,27.0,BS2_S,none
3001539231,BEETLE JUICE 19 FEDERAL #003H,Devon,30,Eddy,BS2_S,BS2_S,keep,True,,False,8860.0,False,4357.0,2012-04-02,34729.0,7970.851503327978,1635.232802556941,False,-103.90986337,32.64548833,off_band,,890.0,,BS2_S,none
3001539232,BEETLE JUICE 19 FEDERAL #004H,Devon,30,Eddy,BS2_S,BS2_S,keep,True,,False,8844.0,False,3854.0,2012-04-01,49576.0,12863.518422418267,1466.939648216879,False,-103.91417871,32.64488584,agree,,16.0,16.0,BS2_S,none
3001539236,PARKWAY 36 STATE #003H,Permian Resources,30,Eddy,BS2_S,BS2_S,keep,True,,False,8387.0,False,3909.0,2013-07-12,51840.0,13261.703760552571,3174.9614197530864,False,-104.02721037,32.61444172,off_band,,807.0,,BS2_S,none
3001539237,PARKWAY 36 STATE #004H,Permian Resources,30,Eddy,BS2_S,BS2_S,keep,True,,False,8356.0,False,3893.0,2013-05-10,64596.0,16592.858977652195,3001.5945259768405,False,-104.02735647,32.6111822,off_band,,838.0,,BS2_S,none
3001539241,NUCLEUS BGN FEDERAL COM #001H,EOG,30,Eddy,BS2_S,BS2_S,keep,True,,False,8411.0,False,3956.0,2014-08-17,60967.0,15411.274014155713,1941.0828809027835,False,-104.01126536,32.61937216,agree,,0.0,0.0,BS2_S,none
3001539245,BUENA VISTA 2 STATE COM #003H,ConocoPhillips,30,Eddy,BS2_S,BS2_S,keep,True,,False,8517.0,False,4249.0,2011-10-20,74784.0,17600.376559190398,1544.3811510483526,False,-103.94435156,32.60273196,agree,,65.0,65.0,BS2_S,none
3001539248,ROSS DRAW 8 FEDERAL #001H,EOG,30,Eddy,BS2_S,BS2_S,keep,True,,False,9981.0,False,4438.0,2016-09-01,86097.0,19399.95493465525,3661.416774103627,False,-103.80777876,32.05713871,off_band,,1827.0,,BS2_S,none
3001539254,JAMES RANCH UNIT #126H,Exxon Mobil,30,Eddy,BS2_S,BS2_S,keep,False,,True,7023.0,False,13721.0,2013-10-25,116911.0,8520.588878361636,2510.961329558382,False,-103.90616451,32.38332782,no_evidence,,,,BS2_S,none
3001539283,ROAD LIZARD 5 FEDERAL COM #002H,Permian Resources,30,Eddy,BS2_S,BS2_S,keep,True,,False,8673.0,False,7815.0,2012-01-09,60452.0,7735.380678182981,1895.9505061867267,False,-104.00523241,32.32459485,off_band,,898.0,,BS2_S,none
3001539295,THOMPSON 8 FEDERAL #002H,Mewbourne,30,Eddy,BS2_S,BS2_S,keep,True,,False,7946.0,False,4008.0,2012-06-17,81693.0,20382.485029940122,3176.8939811244536,False,-104.09805087,32.59365811,agree,,42.0,42.0,BS2_S,none
3001539328,CORAL PWU 28 #004H,Devon,30,Eddy,BS2_S,BS2_S,keep,True,,False,7959.0,False,3820.0,2012-04-04,15182.0,3974.3455497382197,4966.671057831642,False,-104.0743272,32.63169465,agree,,28.0,28.0,BS2_S,none
3001539350,PHOENIX 21 NC FEDERAL COM #001H,Mewbourne,30,Eddy,BS2_S,BS2_S,keep,True,,False,8154.0,False,4724.0,2011-10-24,29537.0,6252.540220152413,2163.9638419609305,False,-103.98336004,32.73219653,agree,,98.0,98.0,BS2_S,none
3001539366,JAMESON 26 FEDERAL #004H,Permian Resources,30,Eddy,BS2_S,BS2_S,keep,True,,False,8409.0,False,3833.0,2012-03-18,41119.0,10727.628489433864,1408.9107225370267,False,-104.05977541,32.36327327,no_evidence,,,,BS2_S,none
3001539372,DIAMOND PWU 22 #003H,Devon,30,Eddy,BS2_S,BS2_S,keep,True,,False,7998.0,False,4342.0,2012-06-01,98631.0,22715.56886227545,3757.9260070363275,False,-104.06245989,32.6448292,off_band,,907.0,,BS2_S,none
3001539373,ONYX PWU 29 #003H,Devon,30,Eddy,BS2_S,BS2_S,keep,False,,True,7930.0,False,4052.0,2012-05-01,32318.0,7975.814412635735,2846.7726963302184,False,-104.09603418,32.63044194,off_band,,950.0,,BS2_S,none
3001539374,AGATE PWU 21 #003H,Devon,30,Eddy,BS2_S,BS2_S,keep,True,,False,7906.0,False,3772.0,2012-04-01,62285.0,16512.460233297985,2554.1462631452196,False,-104.07865992,32.64489567,agree,,37.0,37.0,BS2_S,none
3001539376,COTTON DRAW UNIT #164H,Devon,30,Eddy,BS2_S,BS2_S,keep,True,,False,10443.0,False,3542.0,2013-06-01,103279.0,29158.3850931677,687.9520522080965,False,-103.74655426,32.14490923,agree,,31.0,31.0,BS2_S,none
3001539386,ONYX PWU 29 #001H,Devon,30,Eddy,BS2_S,BS2_S,keep,True,,False,7882.0,False,4261.0,2012-05-01,70176.0,16469.373386528983,2890.888622891017,False,-104.09768407,32.6377239,agree,,4.5,4.5,BS2_S,none
3001539387,BIRDSEYE 32 STATE #004H,ConocoPhillips,30,Eddy,BS2_S,BS2_S,keep,True,,False,8968.0,False,4266.0,2011-12-09,81530.0,19111.579934364745,1994.4192321844719,False,-103.89839645,32.61728023,agree,,4.5,4.5,BS2_S,none
3001539393,RIGEL 20 FEDERAL COM #001H,Devon,30,Eddy,BS2_S,BS2_S,keep,True,,False,8902.0,False,3782.0,2012-04-01,65019.0,17191.69751454257,1169.8734216152202,False,-103.89068529,32.65205781,agree,,42.0,42.0,BS2_S,none
3001539394,RIGEL 20 FEDERAL COM #002H,Devon,30,Eddy,BS2_S,BS2_S,keep,False,,True,8900.0,True,3945.0,2012-04-01,80103.0,20304.942965779468,1615.4825661960226,False,-103.89134141,32.6480844,agree,,45.0,45.0,BS2_S,none
3001539404,MYOX 29 STATE COM #003H,ConocoPhillips,30,Eddy,BS2_S,BS2_S,keep,True,,False,7933.0,False,4090.0,2012-11-12,57546.0,14069.926650366748,4195.686928717895,False,-104.11199014,32.10055744,agree,,32.5,32.5,BS2_S,none
3001539407,DEVON 8 FEE #001H,Occidental,30,Eddy,BS2_S,BS2_S,keep,True,,False,7970.0,False,4417.0,2012-07-01,9529.0,2157.3466153497848,1552.733760100745,False,-104.10969063,32.14950679,agree,,72.0,72.0,BS2_S,none
3001539413,CAPELLA 14 FEDERAL COM #002H,Devon,30,Eddy,BS2_S,BS2_S,keep,True,,False,9150.0,False,4458.0,2013-04-01,21598.0,4844.773441004935,1050.3287341420503,False,-103.83815164,32.66054123,agree,,8.0,8.0,BS2_S,none
3001539416,CAPELLA 14 FEDERAL COM #001H,Devon,30,Eddy,BS2_S,BS2_S,keep,True,,False,9157.0,False,4522.0,2012-08-01,23994.0,5306.059265811588,1308.4104359423188,False,-103.83348844,32.66092963,agree,,22.0,22.0,BS2_S,none
3001539417,CAPELLA 14 FEDERAL COM #003H,Devon,30,Eddy,BS2_S,BS2_S,keep,True,,False,9114.0,False,4442.0,2013-11-05,47716.0,10742.00810445745,1379.872579428284,False,-103.84304488,32.66050492,agree,,32.0,32.0,BS2_S,none
3001539418,CAPELLA 14 FEDERAL COM #004H,Devon,30,Eddy,BS2_S,BS2_S,keep,True,,False,9116.0,False,4131.0,2012-12-05,55655.0,13472.524812394093,1350.1751864163148,False,-103.84731741,32.65990083,agree,,30.0,30.0,BS2_S,none
3001539420,FOUR PEAKS 35 FEDERAL COM #002H,Mewbourne,30,Eddy,BS2_S,BS2_S,keep,True,,False,8226.0,False,3920.0,2012-06-01,52729.0,13451.275510204083,1622.5416753589107,False,-104.04476525,32.61829374,agree,,18.0,18.0,BS2_S,none
3001539421,FOCUS BDB FEDERAL #001H,EOG,30,Eddy,BS2_S,BS2_S,keep,True,,False,8403.0,False,4137.0,2014-08-14,58023.0,14025.3807106599,3150.354169898144,False,-104.01311226,32.62219251,agree,,8.0,8.0,BS2_S,none
3001539423,DELAWARE RANCH 11 NC FEE #001H,Mewbourne,30,Eddy,BS2_S,BS2_S,keep,True,,False,8221.0,False,4240.0,2013-04-17,27966.0,6595.754716981131,4197.561324465422,False,-104.05938937,32.05747614,off_band,,1244.0,,BS2_S,none
3001539425,DELAWARE RANCH 14 B2BO FEE #001H,Mewbourne,30,Eddy,BS2_S,BS2_S,keep,True,,False,8244.0,False,4210.0,2014-10-01,59071.0,14031.116389548693,3535.0679690541892,False,-104.05476305,32.04283428,off_band,,1267.0,,BS2_S,none
3001539427,COOKSEY 36 PA STATE COM #001H,Mewbourne,30,Eddy,BS2_S,BS2_S,keep,True,,False,7866.0,False,4086.0,2013-10-02,75060.0,18370.044052863435,7697.14894750866,False,-104.13662424,32.08685846,agree,,45.0,45.0,BS2_S,none
3001539430,CYPRESS 34 FEDERAL #008H,Occidental,30,Eddy,BS2_S,BS2_S,keep,True,,False,8910.0,False,4163.0,2013-07-19,21140.0,5078.0687004564015,3319.631031220435,False,-103.97040288,32.26725018,agree,,17.0,17.0,BS2_S,none
3001539432,ARIES 20 FEDERAL COM #003H,Mewbourne,30,Eddy,BS2_S,BS2_S,keep,True,,False,8237.0,False,4121.0,2012-03-01,74445.0,18064.790099490416,1827.3893478406878,False,-103.99437569,32.73086621,agree,,27.5,27.5,BS2_S,none
3001539455,REPOSADO 2 STATE COM #002H,ConocoPhillips,30,Eddy,BS2_S,BS2_S,keep,True,,False,8931.0,False,4220.0,2012-09-24,37531.0,8893.601895734599,3062.3751032479818,False,-103.94893879,32.07077388,off_band,,614.0,,BS2_S,none
3001539458,BRADLEY 28 FEDERAL COM #002H,Mewbourne,30,Eddy,BS2_S,BS2_S,keep,True,,False,8242.0,False,4218.0,2012-03-01,53115.0,12592.460881934565,2014.2332674385766,False,-103.97661775,32.72438128,agree,,32.5,32.5,BS2_S,none
3001539503,AIRBUS 12 FEDERAL #002H,ConocoPhillips,30,Eddy,BS2_S,BS2_S,keep,True,,False,9054.0,False,4217.0,2012-05-05,29295.0,6946.881669433246,1163.2360471070149,False,-103.83020029,32.67451622,agree,,82.0,82.0,BS2_S,none
3001539506,PARKWAY 23 STATE COM #006H,EOG,30,Eddy,BS2_S,BS2_S,keep,True,,False,8083.0,False,4305.0,2012-08-21,131549.0,30557.25900116144,2065.7701692905307,False,-104.04530432,32.64747002,off_band,,932.0,,BS2_S,none
3001539511,HANAGAN APL FEDERAL COM #002H,EOG,30,Eddy,BS2_S,BS2_S,keep,True,,False,8435.0,False,3907.0,2012-06-01,57012.0,14592.27028410545,900.389391707009,False,-104.01140134,32.61452016,agree,,24.0,24.0,BS2_S,none
3001539544,DOMINO AOJ FEDERAL COM #013H,EOG,30,Eddy,BS2_S,BS2_S,keep,True,,False,13305.0,False,4587.0,2012-05-05,42391.0,9241.552212775234,1305.9375810903257,False,-103.87432713,32.66906227,off_band,,5283.0,,BS2_S,none
3001539581,URSA 27 FEDERAL COM #001,Mewbourne,30,Eddy,BS2_S,BS2_S,keep,True,,False,8386.0,False,4199.0,2014-03-18,131300.0,31269.349845201235,1082.117288651942,False,-103.9602066,32.71232511,no_evidence,,,,BS2_S,none
3001539582,URSA 27 FEDERAL COM #004H,Mewbourne,30,Eddy,BS2_S,BS2_S,keep,True,,False,8336.0,False,3993.0,2013-12-01,133313.0,33386.676684197344,1883.237193672035,False,-103.96058708,32.72359114,no_evidence,,,,BS2_S,none
3001539585,MOODY 18 STATE COM #001H,ConocoPhillips,30,Eddy,BS2_S,BS2_S,keep,True,,False,7916.0,False,4017.0,2013-03-03,53690.0,13365.69579288026,4016.166883963494,False,-104.1341452,32.129643,agree,,7.0,7.0,BS2_S,none
3001539612,PHANTOM 18 STATE #001H,Permian Resources,30,Eddy,BS2_S,BS2_S,keep,True,,False,7802.0,False,4107.0,2012-09-25,19315.0,4702.946189432676,2606.5234273880405,False,-104.1069167,32.66150101,agree,,45.0,45.0,BS2_S,none
3001539671,SAND TANK 17 FEDERAL COM #005H,EOG,30,Eddy,BS2_S,BS2_S,keep,True,,False,8252.0,False,4093.0,2012-03-01,51861.0,12670.657219643294,2224.503962515185,False,-103.98490889,32.74205307,agree,,2.0,2.0,BS2_S,none
3001539685,TAMANO 10 FEDERAL COM #007H,Mewbourne,30,Eddy,BS2_S,BS2_S,keep,True,,False,8452.0,False,3971.0,2012-03-03,55094.0,13874.08713170486,807.0207282099684,False,-103.85721797,32.7637542,agree,,39.0,39.0,BS2_C,none
3001539725,RIGEL 20 FEDERAL COM #003H,Devon,30,Eddy,BS2_S,BS2_S,keep,False,,False,8900.0,True,4184.0,2012-05-01,81250.0,19419.21606118547,1300.7138461538461,False,-103.89094891,32.64342164,agree,,60.0,60.0,BS2_S,none
3001539726,RIGEL 20 FEDERAL COM #004H,Devon,30,Eddy,BS2_S,BS2_S,keep,True,,False,8954.0,False,3725.0,2012-05-02,77069.0,20689.6644295302,1209.189168148023,False,-103.89145485,32.64165576,agree,,12.0,12.0,BS2_S,none
3001539735,CANYON BJK STATE COM #002H,ConocoPhillips,30,Eddy,BS2_S,BS2_S,keep,True,,False,9277.0,False,4620.0,2012-07-05,30581.0,6619.26406926407,2648.114842549295,False,-103.92817859,32.15325755,agree,,97.0,97.0,BS2_S,none
3001539749,SOUTHLAND ROYALTY APM STATE #002H,EOG,30,Eddy,BS2_S,BS2_S,keep,True,,False,8287.0,False,4128.0,2014-09-01,31282.0,7578.003875968992,2394.987532766447,False,-104.02175068,32.64577049,agree,,85.0,85.0,BS2_S,none
3001539758,DERRINGER 18 FEDERAL COM #002H,Mewbourne,30,Eddy,BS2_S,BS2_S,keep,True,,False,7706.0,False,3871.0,2013-01-13,57229.0,14784.035133040557,2197.242656695032,False,-104.1133926,32.57489587,agree,,102.0,102.0,BS2_S,none
3001539784,COTTONMOUTH 23 FEDERAL COM #001H,ConocoPhillips,30,Eddy,BS2_S,BS2_S,keep,True,,False,8148.0,False,4433.0,2012-07-13,45870.0,10347.394540942927,3931.109657728363,False,-104.05933721,32.02784186,agree,,56.0,56.0,BS2_S,none
3001539785,OSAGE 34 FEDERAL #003H,Permian Resources,30,Eddy,BS2_S,BS2_S,keep,True,,False,8089.0,False,3865.0,2012-11-01,41923.0,10846.830530401036,2962.884335567588,False,-104.06235062,32.61466147,off_band,,899.0,,BS2_S,none
3001539786,OSAGE 34 FEDERAL #004H,Permian Resources,30,Eddy,BS2_S,BS2_S,keep,True,,False,8130.0,False,3913.0,2012-08-01,70573.0,18035.522616917966,2308.885834525952,False,-104.06294332,32.61151224,off_band,,931.0,,BS2_S,none
3001539788,SCOTER 6 FED COM #002,Devon,30,Eddy,BS2_S,BS2_S,keep,True,,False,7457.0,False,4602.0,2014-06-01,25213.0,5478.7049109083,6188.751834371158,False,-104.22238026,32.15978334,agree,,173.5,173.5,BS2_S,none
3001539790,BERYL 33 FEDERAL #001H,Devon,30,Eddy,BS2_S,BS2_S,keep,True,,False,7987.0,False,4116.0,2012-05-01,38531.0,9361.273080660834,1443.7465936518647,False,-104.08716985,32.61792252,agree,,15.0,15.0,BS2_S,none
3001539791,COPPERHEAD 31 FEDERAL COM #002H,ConocoPhillips,30,Eddy,BS2_S,BS2_S,keep,True,,False,8302.0,False,4932.0,2012-05-24,66014.0,13384.833738848338,3692.0350228739358,False,-104.02243949,32.00957399,off_band,,1247.5,,BS2_S,none
3001539801,HANAGAN APL FEDERAL COM #003H,EOG,30,Eddy,BS2_S,BS2_S,keep,True,,False,8431.0,False,4522.0,2014-04-10,50757.0,11224.458204334365,2903.343381208503,False,-104.0113545,32.61149383,agree,,20.0,20.0,BS2_S,none
3001539806,BERYL 33 FEDERAL COM #002H,Devon,30,Eddy,BS2_S,BS2_S,keep,True,,False,7972.0,False,3742.0,2012-10-01,42525.0,11364.243719935865,1336.601998824221,False,-104.08289426,32.61724484,agree,,18.0,18.0,BS2_S,none
3001539820,SILVER STREAK 13 FEDERAL COM #002H,Occidental,30,Eddy,BS2_S,BS2_S,keep,True,,False,9899.0,False,4081.0,2013-04-12,62481.0,15310.21808380299,2166.5306253100944,False,-103.84015207,32.21798863,off_band,,1664.0,,BS2_S,none
3001539822,SHARPS 3 FEDERAL COM #002H,Mewbourne,30,Eddy,BS2_S,BS2_S,keep,True,,False,8142.0,False,4278.0,2012-05-08,42590.0,9955.586722767648,1563.0664475228928,False,-104.06328816,32.59646277,off_band,,1130.5,,BS2_S,none
3001539824,CRESCENT HALE 10 FEDERAL #001,Devon,30,Eddy,BS2_S,BS2_S,keep,False,,True,8550.0,False,5845.0,2014-08-27,126054.0,21566.124893071003,1971.908864454916,False,-103.95671485,32.68003015,off_band,,1063.0,,BS2_S,none
3001539825,CRESCENT HALE 10 FEDERAL #002,Devon,30,Eddy,BS2_S,BS2_S,keep,True,,False,8558.0,False,5925.0,2013-11-26,118352.0,19975.021097046414,1846.8466946059214,False,-103.95763408,32.6766722,agree,,29.5,29.5,BS2_S,none
3001539831,STERLING SILVER 33 FEDERAL #001H,Occidental,30,Eddy,BS2_S,BS2_S,keep,True,,False,9992.0,False,3041.0,2012-09-01,48159.0,15836.566918776718,878.7973172200419,False,-103.77609343,32.26094688,off_band,,1578.0,,BS2_S,none
3001539833,ZIRCON 1 STATE #002H,Mewbourne,30,Eddy,BS2_S,BS2_S,keep,True,,False,8127.0,False,3952.0,2012-04-09,98772.0,24992.914979757086,2400.903089944519,False,-104.02915644,32.69472337,agree,,37.5,37.5,BS2_S,none
3001539839,PARKWAY 35 FEDERAL COM #004H,Permian Resources,30,Eddy,BS2_S,BS2_S,keep,True,,False,8253.0,False,3919.0,2013-04-24,92633.0,23636.89716764481,3149.644295229562,False,-104.04466449,32.61124202,agree,,55.0,55.0,BS2_S,none
3001539844,FOREHAND RANCH 27 STATE COM #001H,Caza Operating,30,Eddy,BS2_S,BS2_S,keep,True,,False,7408.0,False,4048.0,2013-01-01,12141.0,2999.2588932806325,2929.0832715591796,False,-104.17540447,32.27531092,off_band,,1772.0,,WCXY,none
3001539858,SOUTHLAND ROYALTY APM STATE #003H,EOG,30,Eddy,BS2_S,BS2_S,keep,True,,False,8253.0,False,4204.0,2014-07-18,38590.0,9179.352997145577,2168.7224669603524,False,-104.02607833,32.6459171,no_evidence,,,,BS2_S,none
3001539859,SOUTHLAND ROYALTY APM STATE #04-H,EOG,30,Eddy,BS2_S,BS2_S,keep,True,,False,8202.0,False,4061.0,2014-06-18,57080.0,14055.651317409505,2307.778556412053,False,-104.03017698,32.64643066,agree,,6.0,6.0,BS2_S,none
3001539863,VEGA 29 FEDERAL #001H,Devon,30,Eddy,BS2_S,BS2_S,keep,True,,False,9084.0,False,4047.0,2012-06-02,85300.0,21077.34124042501,1728.5345838218054,False,-103.8857205,32.63165944,agree,,114.0,114.0,BS2_S,none
3001539864,VEGA 29 FEDERAL #002H,Devon,30,Eddy,BS2_S,BS2_S,keep,True,,False,9036.0,False,4287.0,2012-05-02,73270.0,17091.205971541873,1159.1374368773031,False,-103.8897668,32.63165193,agree,,68.0,68.0,BS2_S,none
3001539866,SNAPPING 10 FEDERAL #003H,Devon,30,Eddy,BS2_S,BS2_S,keep,True,,False,10077.0,False,3992.0,2013-06-01,55063.0,13793.336673346694,2098.105806076676,False,-103.76763702,32.05751242,agree,,50.0,50.0,BS2_S,none
3001539891,IRWIN 23 14 FEDERAL #001,Devon,30,Eddy,BS2_S,BS2_S,keep,True,,False,8507.0,False,5895.0,2012-05-17,88714.0,15049.024597116198,1843.1476429875781,False,-103.93639454,32.65853097,no_evidence,,,,BS2_S,none
3001539892,IRWIN 23 14 FEDERAL #002,Devon,30,Eddy,BS2_S,BS2_S,keep,True,,False,8498.0,False,6006.0,2012-09-01,71281.0,11868.298368298369,1862.7825086628975,False,-103.94098897,32.65998374,no_evidence,,,,BS2_S,none
3001539893,IRWIN 23 14 FEDERAL #003H,Devon,30,Eddy,BS2_S,BS2_S,keep,True,,False,8582.0,False,5352.0,2013-02-01,53850.0,10061.659192825113,1862.5255338904365,False,-103.94409417,32.65696174,agree,,34.5,34.5,BS2_S,none
3001539894,IRWIN 23 14 FEDERAL #004H,Devon,30,Eddy,BS2_S,BS2_S,keep,True,,False,8548.0,False,3553.0,2013-05-09,7510.0,2113.7067267098228,1647.5366178428762,False,-103.94398206,32.6530906,agree,,10.0,10.0,BS2_S,none
3001539917,LEE FEDERAL #020H,BXP Operating,30,Eddy,BS2_S,BS2_S,keep,True,,False,7793.0,False,4485.0,2014-08-13,35237.0,7856.633221850613,2540.142463887391,False,-104.13231119,32.53926842,agree,,25.0,25.0,BS2_S,none
3001539929,ZIRCON 2 LI STATE #001H,Mewbourne,30,Eddy,BS2_S,BS2_S,keep,True,,False,8092.0,False,4197.0,2012-05-01,63135.0,15042.88777698356,1019.0860853726142,False,-104.04517507,32.68806385,agree,,14.0,14.0,BS2_S,none
3001539955,CHAPARRAL STATE #021H,Devon,30,Eddy,BS2_S,BS2_S,keep,True,,False,7826.0,False,4249.0,2012-08-01,45350.0,10673.09955283596,2563.395810363837,False,-104.10299154,32.61685782,off_band,,850.0,,BS2_S,none
3001539968,MORGAN FEE COM #001H,Occidental,30,Eddy,BS2_S,BS2_S,keep,False,,True,8720.0,False,3450.0,2012-08-01,101482.0,29415.072463768116,2677.5487278532155,False,-103.98857231,32.19789535,agree,,26.0,26.0,BS2_S,none
3001539975,SUPERFORTRESS 29 FEDERAL #004H,ConocoPhillips,30,Eddy,BS2_S,BS2_S,keep,True,,False,8968.0,False,4181.0,2013-07-25,43694.0,10450.609901937336,1004.3255366869593,False,-103.89878437,32.63104912,agree,,8.0,8.0,BS2_S,none
3001539999,SRO STATE COM #018H,ConocoPhillips,30,Eddy,BS2_S,BS2_S,keep,True,,False,8151.0,False,9125.0,2012-09-12,93079.0,10200.438356164383,5438.025763061485,False,-104.10298887,32.03512843,agree,,152.0,152.0,BS2_S,none
3001540007,GOODNIGHT 26 FEDERAL #001H,Devon,30,Eddy,BS2_S,BS2_S,keep,True,,False,8897.0,False,4693.0,2012-08-01,50633.0,10789.047517579373,1734.2247151067486,False,-103.95432077,32.27783356,agree,,88.0,88.0,BS2_S,none
3001540035,JASPER 32 STATE COM #003H,Devon,30,Eddy,BS2_S,BS2_S,keep,True,,False,7860.0,False,4279.0,2013-12-01,47824.0,11176.443094180882,2516.5189026430244,False,-104.09404875,32.616763,agree,,66.0,66.0,BS2_S,none
3001540036,DIAMOND PWU 22 #004H,Devon,30,Eddy,BS2_S,BS2_S,keep,True,,False,8038.0,False,4032.0,2012-07-01,36096.0,8952.380952380952,3248.2823581560283,False,-104.06470878,32.64045378,agree,,16.5,16.5,BS2_S,none
3001540037,EMERALD PWU 20 #004H,Devon,30,Eddy,BS2_S,BS2_S,keep,True,,False,7872.0,False,3752.0,2012-07-01,61003.0,16258.795309168445,3201.4818943330656,False,-104.09567208,32.64159974,agree,,9.5,9.5,BS2_S,none
3001540041,REGULUS 26 FEDERAL #004H,Devon,30,Eddy,BS2_S,BS2_S,keep,True,,False,9282.0,False,3901.0,2012-07-01,80128.0,20540.374263009486,820.8616214057508,False,-103.84069391,32.62551393,agree,,21.0,21.0,BS2_S,none
3001540050,SAMANTHA 31 6 FEDERAL COM #001H,Permian Resources,30,Eddy,BS2_S,BS2_S,keep,True,,False,8788.0,False,5257.0,2012-12-04,63942.0,12163.210956819477,1929.498608113603,False,-103.91575224,32.69041995,agree,,11.5,11.5,BS2_S,none
3001540054,CRESCENT HALE 12 FEDERAL #002,Devon,30,Eddy,BS2_S,BS2_S,keep,True,,False,8686.0,False,4596.0,2012-06-06,95693.0,20820.93124456049,1729.823498061509,False,-103.92838316,32.67460866,agree,,59.0,59.0,BS2_S,none
3001540069,BRADLEY 36 PM STATE COM #001H,Mewbourne,30,Eddy,BS2_S,BS2_S,keep,True,,False,8185.0,False,3809.0,2013-10-01,78755.0,20676.03045418745,2760.8024887308743,False,-104.02946318,32.69795291,agree,,43.0,43.0,BS2_S,none
3001540070,SMOKEY BITS STATE COM #005H,Permian Resources,30,Eddy,BS2_S,BS2_S,keep,True,,False,8748.0,False,3774.0,2012-08-11,92550.0,24523.052464228935,1417.4068071312804,False,-103.92441903,32.69818499,no_evidence,,,,BS2_S,none
3001540071,SWEARINGEN A FEE COM #003H,Occidental,30,Eddy,BS2_S,BS2_S,keep,True,,False,7917.0,False,3404.0,2013-01-11,3568.0,1048.1786133960047,0.0,False,-104.10930798,32.32862726,off_band,,1577.0,,BS3_S,none
3001540098,REGULUS 26 FEDERAL #001H,Devon,30,Eddy,BS2_S,BS2_S,keep,True,,False,9156.0,False,4334.0,2012-08-02,21434.0,4945.546838947855,829.4765326117383,False,-103.83993525,32.63761824,agree,,93.5,93.5,BS2_S,none
3001540099,SPICA 25 FEDERAL #001H,Devon,30,Eddy,BS2_S,BS2_S,keep,True,,False,9305.0,False,4547.0,2012-08-01,23815.0,5237.519243457225,870.4597942473231,False,-103.82303109,32.63765178,agree,,33.0,33.0,BS2_S,none
3001540105,SPICA 25 FEDERAL #004H,Devon,30,Eddy,BS2_S,BS2_S,keep,True,,False,9305.0,False,4284.0,2013-04-11,30982.0,7232.026143790849,1098.928410044542,False,-103.82345293,32.62536466,agree,,3.0,3.0,BS2_S,none
3001540109,TAMANO 10 FEDERAL COM #008H,Mewbourne,30,Eddy,BS2_S,BS2_S,keep,True,,False,8491.0,False,3676.0,2012-08-01,36166.0,9838.41131664853,872.6151634131505,False,-103.85751108,32.75972466,agree,,39.0,39.0,BS2_C,none
3001540134,AGATE PWU 21 #004H,Devon,30,Eddy,BS2_S,BS2_S,keep,True,,False,7927.0,False,3620.0,2012-08-01,75546.0,20869.06077348066,3149.816006141953,False,-104.0798875,32.64149594,agree,,15.5,15.5,BS2_S,none
3001540148,SMOKEY BITS STATE COM #006H,Permian Resources,30,Eddy,BS2_S,BS2_S,keep,True,,False,8617.0,False,3574.0,2012-09-25,87227.0,24405.987688864017,1178.8322423102939,False,-103.92430724,32.70966492,agree,,125.0,125.0,BS2_S,none
3001540162,BULLSEYE 22 STATE COM #001H,EOG,30,Eddy,BS2_S,BS2_S,keep,True,,False,7611.0,False,4292.0,2012-09-24,32270.0,7518.639328984156,3612.3334366284475,False,-104.18492559,32.20207657,off_band,,1505.0,,BS2_S,none
3001540166,HERITAGE 2 15 #001H,Chevron,30,Eddy,BS2_S,BS2_S,keep,True,,False,8194.0,False,3698.0,2013-01-01,46445.0,12559.49161709032,2985.036064161912,False,-104.07651402,32.30565001,agree,,8.5,8.5,BS2_S,none
3001540167,BRADLEY 30 FEDERAL #002H,Mewbourne,30,Eddy,BS2_S,BS2_S,keep,True,,False,8156.0,False,3885.0,2012-07-01,48108.0,12383.011583011583,2124.8025276461294,False,-104.01106266,32.71235894,agree,,29.5,29.5,BS2_S,none
3001540168,BRADLEY 30 FEDERAL #003H,Mewbourne,30,Eddy,BS2_S,BS2_S,keep,True,,False,8116.0,False,4214.0,2012-12-01,45287.0,10746.796392975795,2833.550467021441,False,-104.01087682,32.72084742,agree,,82.0,82.0,BS2_S,none
3001540186,SOUTHLAND ROYALTY APM STATE #005H,EOG,30,Eddy,BS2_S,BS2_S,keep,True,,False,8077.0,False,4128.0,2013-07-17,120070.0,29086.724806201553,2201.374198384276,False,-104.03534812,32.64584067,agree,,125.0,125.0,BS2_S,none
3001540196,SMOKEY BITS STATE COM #002H,Permian Resources,30,Eddy,BS2_S,BS2_S,keep,True,,False,8625.0,False,4215.0,2012-10-29,60490.0,14351.126927639383,2134.4685071912713,False,-103.92489806,32.7059966,agree,,117.0,117.0,BS2_S,none
3001540203,DA VINCI 7 FEDERAL COM #003H,Devon,30,Eddy,BS2_S,BS2_S,keep,True,,False,7296.0,False,4353.0,2012-12-04,78260.0,17978.405697220307,4641.438793764375,False,-104.22602372,32.1448709,agree,,12.5,12.5,BS2_S,none
3001540204,BURTON 4 FEDERAL COM #004H,Mewbourne,30,Eddy,BS2_S,BS2_S,keep,True,,False,7959.0,False,4000.0,2012-07-01,77609.0,19402.25,3669.8449922045124,False,-104.08084289,32.60411015,off_band,,1277.0,,BS2_S,none
3001540206,CORAL PWU 28 #001H,Devon,30,Eddy,BS2_S,BS2_S,keep,True,,False,7983.0,False,3798.0,2012-08-01,22973.0,6048.709847288046,1522.7440908893047,False,-104.08713934,32.63173609,agree,,40.0,40.0,BS2_S,none
3001540207,CORAL PWU 28 #003H,Devon,30,Eddy,BS2_S,BS2_S,keep,True,,False,7987.0,False,3762.0,2012-10-01,22889.0,6084.263689526847,2351.9594565074926,False,-104.07682057,32.63281578,agree,,4.0,4.0,BS2_S,none
3001540216,TURQUOISE PWU 27 #004H,Devon,30,Eddy,BS2_S,BS2_S,keep,True,,False,8107.0,False,3917.0,2012-12-01,37610.0,9601.736022466173,3151.1831959585215,False,-104.06202436,32.62628789,off_band,,943.0,,BS2_S,none
3001540217,CORAL PWU 28 #002H,Devon,30,Eddy,BS2_S,BS2_S,keep,True,,False,8020.0,False,3242.0,2013-04-01,19968.0,6159.16101172116,3952.5741185897436,False,-104.08388751,32.63224231,off_band,,1004.5,,BS2_S,none
3001540219,REGULUS 26 FEDERAL #002H,Devon,30,Eddy,BS2_S,BS2_S,keep,True,,False,9258.0,False,4116.0,2013-01-05,33294.0,8088.921282798834,1294.3773652910434,False,-103.84041472,32.63394292,agree,,18.0,18.0,BS2_S,none
3001540220,SPICA 25 FEDERAL #003H,Devon,30,Eddy,BS2_S,BS2_S,keep,True,,False,9354.0,False,4039.0,2013-01-03,58814.0,14561.52512998267,840.2761247322067,False,-103.82279813,32.62894093,agree,,75.5,75.5,BS2_S,none
3001540221,REGULUS 26 FEDERAL #003H,Devon,30,Eddy,BS2_S,BS2_S,keep,True,,False,9267.0,False,3848.0,2013-06-01,51893.0,13485.706860706861,2219.4901046383907,False,-103.84066112,32.62908661,agree,,17.5,17.5,BS2_S,none
3001540222,SPICA 25 FEDERAL #002H,Devon,30,Eddy,BS2_S,BS2_S,keep,True,,False,9264.0,False,4003.0,2013-06-08,28555.0,7133.399950037472,1228.7865522675538,False,-103.82277972,32.63331555,agree,,15.0,15.0,BS2_S,none
3001540241,REALLY SCARY FEDERAL #005H,ConocoPhillips,30,Eddy,BS2_S,BS2_S,keep,True,,False,8117.0,False,4276.0,2012-07-26,95360.0,22301.216089803554,3263.548657718121,False,-104.08671849,32.1743695,agree,,33.0,33.0,BS2_S,none
3001540246,BRADLEY 28 FED #003H,Mewbourne,30,Eddy,BS2_S,BS2_S,keep,True,,False,8323.0,False,3741.0,2012-07-11,54415.0,14545.57604918471,1652.5590370302307,False,-103.97574658,32.71249224,agree,,2.0,2.0,BS2_S,none
3001540253,SALADA VISTA 36 STATE #002H,ConocoPhillips,30,Eddy,BS2_S,BS2_S,keep,True,,False,8775.0,False,4560.0,2012-10-30,166316.0,36472.807017543855,2403.2263883210276,False,-103.92562033,32.62262782,no_evidence,,,,BS2_S,none
3001540256,SRO STATE COM #031H,ConocoPhillips,30,Eddy,BS2_S,BS2_S,keep,False,,False,8100.0,True,8111.0,2013-02-09,138249.0,17044.630748366417,4221.824389326505,False,-104.09058277,32.06211865,agree,,50.0,50.0,BS2_S,none
3001540331,BELLATRIX 28 FEDERAL #001H,Devon,30,Eddy,BS2_S,BS2_S,keep,True,,False,9068.0,False,4526.0,2012-11-01,74974.0,16565.178965974374,1011.8974577853656,False,-103.8752472,32.6375911,agree,,14.0,14.0,BS2_S,none
3001540332,BELLATRIX 28 FEDERAL COM #002H,Devon,30,Eddy,BS2_S,BS2_S,keep,True,,False,9037.0,False,4526.0,2012-11-01,85996.0,19000.44189129474,1350.911670310247,False,-103.8761515,32.63426318,agree,,24.0,24.0,BS2_S,none
3001540333,BELLATRIX 28 FEDERAL COM #003H,Devon,30,Eddy,BS2_S,BS2_S,keep,True,,False,9052.0,False,5192.0,2013-09-05,69075.0,13304.121725731895,1543.4382917119074,False,-103.87512498,32.62942145,agree,,16.0,16.0,BS2_S,none
3001540334,BELLATRIX 28 FEDERAL COM #004H,Devon,30,Eddy,BS2_S,BS2_S,keep,True,,False,9087.0,False,4541.0,2013-09-03,84139.0,18528.738163400132,1457.8851662130521,False,-103.87513474,32.62749979,agree,,33.0,33.0,BS2_S,none
3001540336,WAY SOUTH STATE COM #002H,ConocoPhillips,30,Eddy,BS2_S,BS2_S,keep,True,,False,7802.0,False,5646.0,2012-07-26,65613.0,11621.1477151966,7000.2438541142765,False,-104.133747,32.00861456,agree,,35.5,35.5,BS2_S,none
3001540347,DEVON 8 FEE #002H,Occidental,30,Eddy,BS2_S,BS2_S,keep,True,,False,7978.0,False,3680.0,2012-11-11,2809.0,763.3152173913044,708.0811676753293,False,-104.11035045,32.14221277,agree,,58.0,58.0,BS2_S,none
3001540369,WAY SOUTH STATE COM #003H,ConocoPhillips,30,Eddy,BS2_S,BS2_S,keep,True,,False,7782.0,False,5681.0,2013-08-01,41164.0,7245.907410667136,7776.698085705957,False,-104.12932689,32.00860436,agree,,1.0,1.0,BS2_S,none
3001540370,WAY SOUTH STATE COM #004H,ConocoPhillips,30,Eddy,BS2_S,BS2_S,keep,True,,False,7744.0,False,5749.0,2012-09-15,50797.0,8835.797530005219,7881.843415949761,False,-104.12416275,32.00930885,agree,,61.0,61.0,BS2_S,none
3001540374,CLUSTER STATE COM #003H,ConocoPhillips,30,Eddy,BS2_S,BS2_S,keep,True,,False,7645.0,False,4351.0,2012-09-03,87446.0,20097.908526775456,4728.083617318116,False,-104.19467026,32.04441546,agree,,34.5,34.5,BS2_S,none
3001540398,SAN LORENZO 22 27 LE FEE #001H,Mewbourne,30,Eddy,BS2_S,BS2_S,keep,True,,False,8181.0,False,3912.0,2012-08-01,61018.0,15597.64826175869,2676.4397390933823,False,-104.08244895,32.10747647,agree,,18.0,18.0,BS2_S,none
3001540400,CLUSTER STATE COM #002H,ConocoPhillips,30,Eddy,BS2_S,BS2_S,keep,True,,False,7637.0,False,4344.0,2013-05-25,91611.0,21089.088397790052,3875.9210138520484,False,-104.19489323,32.04854391,agree,,34.5,34.5,BS2_S,none
3001540401,SAN LORENZO 9 PA FEE #001H,Mewbourne,30,Eddy,BS2_S,BS2_S,keep,True,,False,8159.0,False,4103.0,2012-09-11,52368.0,12763.343894711188,3395.4705163458602,False,-104.08589819,32.14502086,off_band,,489.0,,BS2_S,none
3001540404,ZIA AHZ FEDERAL COM #002H,Devon,30,Eddy,BS2_S,BS2_S,keep,True,,False,8385.0,False,4165.0,2012-08-04,50735.0,12181.272509003602,3025.7021779836405,False,-104.03747839,32.57831286,no_evidence,,,,BS2_S,none
3001540407,BOOTES 15 FEDERAL COM #001H,Devon,30,Eddy,BS2_S,BS2_S,keep,True,,False,9179.0,False,4532.0,2013-05-01,55454.0,12236.098852603707,1548.5808057128431,False,-103.84982042,32.66052039,agree,,56.5,56.5,BS2_S,none
3001540408,BOOTES 15 FEDERAL COM #002H,Devon,30,Eddy,BS2_S,BS2_S,keep,True,,False,9185.0,False,4496.0,2013-05-01,34796.0,7739.32384341637,825.7558340039085,False,-103.85452083,32.66061648,agree,,62.5,62.5,BS2_S,none
3001540423,ONYX PWU 29 #002H,Devon,30,Eddy,BS2_S,BS2_S,keep,True,,False,7870.0,False,4052.0,2012-10-03,38887.0,9596.989141164857,2459.4080283899502,False,-104.09636819,32.63283421,agree,,12.0,12.0,BS2_S,none
3001540424,ONYX PWU 29 #004H,Devon,30,Eddy,BS2_S,BS2_S,keep,True,,False,7926.0,False,3782.0,2013-04-01,21733.0,5746.430460074035,3823.8623291768276,False,-104.09639777,32.62553826,off_band,,954.5,,BS2_S,none
3001540426,ANTWEIL ANU FEDERAL #004H,EOG,30,Eddy,BS2_S,BS2_S,keep,True,,False,8496.0,False,6110.0,2013-11-07,118599.0,19410.638297872338,1946.5256874003996,False,-103.98819396,32.62612366,agree,,80.0,80.0,BS2_S,none
3001540427,ARIES 20 FEDERAL COM #004H,Mewbourne,30,Eddy,BS2_S,BS2_S,keep,True,,False,8250.0,False,4228.0,2013-02-01,23903.0,5653.500473036897,2582.939379994143,False,-103.9935565,32.72751235,agree,,32.0,32.0,BS2_S,none
3001540481,CLUSTER STATE COM #004H,ConocoPhillips,30,Eddy,BS2_S,BS2_S,keep,True,,False,7689.0,False,4136.0,2013-02-09,67250.0,16259.671179883944,6331.315985130112,False,-104.19431782,32.0401224,ambiguous,,78.0,105.0,BS2_S,none
3001540497,ARIES 19 IL FEDERAL COM #001H,Mewbourne,30,Eddy,BS2_S,BS2_S,keep,True,,False,8087.0,False,4308.0,2013-02-01,43133.0,10012.302692664809,2509.4475227783832,False,-104.0104418,32.73127936,agree,,82.0,82.0,BS2_S,none
3001540498,BIG EDDY UNIT #250H,Exxon Mobil,30,Eddy,BS2_S,BS2_S,keep,True,,False,9239.0,False,5868.0,2013-11-03,178912.0,30489.434219495568,1071.2473171167949,False,-103.84182123,32.61511145,agree,,40.5,40.5,BS2_S,none
3001540499,BIG EDDY UNIT #251H,Exxon Mobil,30,Eddy,BS2_S,BS2_S,keep,True,,False,9316.0,False,5721.0,2013-01-24,116491.0,20361.999650410766,1357.0404580611378,False,-103.84238846,32.61146967,agree,,43.5,43.5,BS2_S,none
3001540500,BIG EDDY UNIT #252H,Exxon Mobil,30,Eddy,BS3_C,BS2_S,reassign,True,class BS3_C->BS2_S (precision 0.90) + sql/23 concurs + GOR none,False,9358.0,False,5144.0,2013-02-01,48285.0,9386.664074650078,1416.4440302371336,False,-103.83363868,32.60235639,flag,BS2_S,42.0,,BS2_S,none
3001540501,TURQUOISE PWU 27 #003H,Devon,30,Eddy,BS2_S,BS2_S,keep,True,,False,8101.0,False,4690.0,2013-10-02,50172.0,10697.654584221747,3159.1525153472057,False,-104.06273841,32.63058006,off_band,,951.0,,BS2_S,none
3001540503,BURTON FLAT DEEP UNIT #054H,Devon,30,Eddy,BS2_S,BS2_S,keep,True,,False,7499.0,False,4721.0,2014-01-01,89212.0,18896.843889006566,1659.5749450746537,False,-104.16035397,32.50391556,off_band,,848.0,,BS2_S,none
3001540506,TURQUOISE PWU 27 #002H,Devon,30,Eddy,BS2_S,BS2_S,keep,True,,False,8047.0,False,4262.0,2013-06-02,20881.0,4899.343031440639,1839.1360567022653,False,-104.0542902,32.63342499,off_band,,883.0,,BS2_S,none
3001540523,ANTWEIL ANU FEDERAL #003H,EOG,30,Eddy,BS2_S,BS2_S,keep,True,,False,8325.0,False,4017.0,2015-02-01,35204.0,8763.754045307443,2354.36314055221,False,-104.00905274,32.64644789,agree,,38.0,38.0,BS2_S,none
3001540562,BRADLEY 31 B2DA FEDERAL COM #001H,Mewbourne,30,Eddy,BS2_S,BS2_S,keep,True,,False,8252.0,False,3893.0,2014-09-01,49274.0,12657.076804520935,2063.278808296465,False,-104.01030441,32.70891684,agree,,71.0,71.0,BS2_S,none
3001540572,ZIRCON 2 EH STATE #001H,Mewbourne,30,Eddy,BS2_S,BS2_S,keep,True,,False,8079.0,False,4153.0,2012-12-01,38612.0,9297.375391283409,2304.4908318657413,False,-104.04502054,32.69159981,agree,,13.0,13.0,BS2_S,none
3001540586,SHOELESS JOE 32 STATE COM #001H,Permian Resources,30,Eddy,BS2_S,BS2_S,keep,True,,False,8440.0,False,4230.0,2012-11-25,80332.0,18991.016548463358,1631.8528108350347,False,-103.99428819,32.62228997,agree,,24.0,24.0,BS2_S,none
3001540615,FORTY NINER RIDGE 23 FEDERAL #001H,Devon,30,Eddy,BS3_C,BS2_S,reassign,True,class BS3_C->BS2_S (precision 0.90) + sql/23 concurs + GOR none,False,9924.0,False,4523.0,2012-11-24,62679.0,13857.837718328543,1808.3887745496897,False,-103.84506865,32.29045652,flag,BS2_S,111.0,,BS2_S,none
3001540622,MUNNYNTHABANK STATE #002H,EOG,30,Eddy,BS2_S,BS2_S,keep,True,,False,7734.0,False,4220.0,2013-04-24,31582.0,7483.886255924171,3804.9521879551644,False,-104.17703065,32.17353218,off_band,,1706.0,,BS2_S,none
3001540626,MIMOSA 24 FEDERAL COM #001H,Devon,30,Eddy,BS2_S,BS2_S,keep,True,,False,9309.0,False,4105.0,2013-04-01,47150.0,11485.99269183922,1281.2089077412513,False,-103.82227622,32.65213069,agree,,56.0,56.0,BS2_S,none
3001540627,AQUILA 22 FEDERAL COM #001H,Devon,30,Eddy,BS2_S,BS2_S,keep,True,,False,9159.0,False,4090.0,2013-05-01,60727.0,14847.677261613691,1315.5598004182652,False,-103.85743748,32.65072993,agree,,11.0,11.0,BS2_S,none
3001540649,FORTY NINER RIDGE 23 FEDERAL #002H,Devon,30,Eddy,BS2_S,BS2_S,keep,True,,False,9810.0,False,4359.0,2013-04-01,72482.0,16628.125716907547,2672.042714053144,False,-103.84926542,32.29054179,agree,,1.0,1.0,BS2_S,none
3001540651,LONGVIEW FEDERAL 1 #021H,Devon,30,Eddy,BS2_S,BS2_S,keep,True,,False,8433.0,False,4787.0,2013-11-23,40645.0,8490.703989972842,1566.416533398942,False,-104.04779011,32.33102491,agree,,22.0,22.0,BS2_S,none
3001540652,REPOSADO FEDERAL #003H,ConocoPhillips,30,Eddy,BS2_S,BS2_S,keep,True,,False,8822.0,False,4307.0,2013-03-08,78346.0,18190.38774088693,7561.164577642764,False,-103.9576999,32.08482625,agree,,186.0,186.0,BS2_S,none
3001540666,SHARPS 3 IL FEDERAL #001H,Mewbourne,30,Eddy,BS2_S,BS2_S,keep,True,,False,7996.0,False,4119.0,2013-05-01,45413.0,11025.248846807477,2398.0578248519146,False,-104.06255783,32.60030116,no_evidence,,,,BS2_S,none
3001540714,BIG EDDY UNIT #248H,Exxon Mobil,30,Eddy,BS2_S,BS2_S,keep,True,,False,9302.0,False,5902.0,2013-05-16,124425.0,21081.836665537106,992.5336548121359,False,-103.84228902,32.62309702,agree,,53.5,53.5,BS2_S,none
3001540715,BIG EDDY UNIT #249H,Exxon Mobil,30,Eddy,BS2_S,BS2_S,keep,True,,False,9220.0,False,5686.0,2013-05-16,248760.0,43749.56032360183,874.4894677600901,False,-103.84177707,32.62009058,agree,,45.5,45.5,BS2_S,none
3001540731,ANTHILL AAK STATE COM #004H,EOG,30,Eddy,BS3_C,BS2_S,reassign,True,class BS3_C->BS2_S (precision 0.90) + sql/23 concurs + GOR none,False,8275.0,False,3926.0,2013-06-27,57211.0,14572.338257768723,3153.449511457587,False,-104.04667682,32.59640147,flag,BS2_S,94.0,,BS2_S,none
3001540734,PARKWAY 35 FEDERAL COM #003H,Permian Resources,30,Eddy,BS2_S,BS2_S,keep,True,,False,8238.0,False,4032.0,2012-12-08,34563.0,8572.172619047618,2812.31374591326,False,-104.0450635,32.61543202,agree,,57.0,57.0,BS2_S,none
3001540735,BABY BUDDAH 13 FEDERAL #001H,ConocoPhillips,30,Eddy,BS2_S,BS2_S,keep,True,,False,8334.0,False,4307.0,2012-12-16,55783.0,12951.706524262829,3898.7505153899933,False,-104.04097382,32.0415764,agree,,17.0,17.0,BS2_S,none
3001540740,CLUSTER STATE COM #005H,ConocoPhillips,30,Eddy,BS2_S,BS2_S,keep,True,,False,7561.0,False,4211.0,2013-05-20,96806.0,22988.83875563999,4072.526496291552,False,-104.19456518,32.03616491,agree,,23.0,23.0,BS2_S,none
3001540742,BOLIVAR BRD FEDERAL COM #001H,EOG,30,Eddy,BS2_S,BS2_S,keep,True,,False,7637.0,False,4032.0,2013-06-12,41396.0,10266.86507936508,3577.6403517248045,False,-104.19648155,32.17189334,no_evidence,,,,BS2_S,none
3001540748,COTTON DRAW 15 FED COM #002H,Devon,30,Eddy,BS2_S,BS2_S,keep,True,,False,10397.0,False,4132.0,2013-08-01,79636.0,19272.9912875121,2676.8672459691597,False,-103.76642834,32.13037935,agree,,21.0,21.0,BS2_S,none
3001540749,SAN LORENZO 9 NC FEE #001H,Mewbourne,30,Eddy,BS2_S,BS2_S,keep,True,,False,8126.0,False,4572.0,2013-03-02,47833.0,10462.160979877515,3179.3740722931866,False,-104.09505347,32.14449763,agree,,23.0,23.0,BS2_S,none
3001540750,SAN LORENZO 22 27 KF FEE #001H,Mewbourne,30,Eddy,BS2_S,BS2_S,keep,True,,False,8215.0,False,4156.0,2013-03-01,43217.0,10398.700673724734,3326.144804128005,False,-104.07741108,32.10766943,agree,,41.0,41.0,BS2_S,none
3001540753,MIRAGE 30 PM STATE COM #001H,Mewbourne,30,Eddy,BS2_S,BS2_S,keep,True,,False,7658.0,False,3983.0,2013-04-01,112579.0,28264.875721817723,1981.4707894012204,False,-104.1134667,32.62595978,agree,,101.0,101.0,BS2_S,none
3001540754,JUNIPER BIP FEDERAL COM #012H,EOG,30,Eddy,BS2_S,BS2_S,keep,True,,False,8782.0,False,4240.0,2013-03-18,72432.0,17083.01886792453,2769.107576761652,False,-103.98933184,32.23481796,agree,,83.0,83.0,BS2_S,none
3001540755,AQUILA 22 FEDERAL #002H,Devon,30,Eddy,BS2_S,BS2_S,keep,True,,False,9148.0,False,4647.0,2013-04-12,44521.0,9580.589627716807,1351.9687338559331,False,-103.85700043,32.64768876,agree,,4.0,4.0,BS2_S,none
3001540768,CYPRESS 33 FEDERAL COM #005H,Occidental,30,Eddy,BS2_S,BS2_S,keep,True,,False,8749.0,False,3956.0,2013-04-28,36421.0,9206.521739130436,1514.2912056231296,False,-103.98328633,32.25997065,agree,,2.5,2.5,BS2_S,none
3001540777,PERIDOT 13 STATE #002H,Devon,30,Eddy,BS2_S,BS2_S,keep,False,,True,8139.0,False,4575.0,2013-11-02,29693.0,6490.273224043716,1773.1115077627724,False,-104.03119865,32.66351327,agree,,33.5,33.5,BS2_S,none
3001540778,PERIDOT 13 STATE #003H,Devon,30,Eddy,BS2_S,BS2_S,keep,True,,False,8201.0,False,4559.0,2013-09-01,23015.0,5048.2561965343275,2100.2824245057573,False,-104.02562672,32.66551788,agree,,1.5,1.5,BS2_S,none
3001540780,PERIDOT 13 STATE #006H,Devon,30,Eddy,BS2_S,BS2_S,keep,True,,False,8202.0,False,4613.0,2013-11-02,8009.0,1736.1803598525905,4885.503808215757,False,-104.03150433,32.66285186,agree,,54.0,54.0,BS2_S,none
3001540782,PERIDOT 13 STATE #001H,Devon,30,Eddy,BS2_S,BS2_S,keep,True,,False,8133.0,False,4616.0,2013-05-01,68528.0,14845.753899480069,1599.0689936960075,False,-104.03442221,32.66372022,agree,,64.0,64.0,BS2_S,none
3001540784,CRESCENT HALE 10 FEDERAL #003H,Devon,30,Eddy,BS2_S,BS2_S,keep,True,,False,8579.0,False,5850.0,2013-06-12,131515.0,22481.196581196582,1713.2038170550888,False,-103.95679997,32.67338532,agree,,51.0,51.0,BS2_S,none
3001540789,BUENA VISTA 2 STATE #001H,ConocoPhillips,30,Eddy,BS2_S,BS2_S,keep,True,,False,8572.0,False,4068.0,2013-03-04,108915.0,26773.598820058996,2512.8035624110544,False,-103.93541405,32.60338904,no_evidence,,,,BS2_S,none
3001540816,DIAMONDBACK 22 STATE COM #004H,ConocoPhillips,30,Eddy,BS2_S,BS2_S,keep,True,,False,8082.0,False,4546.0,2013-01-30,37868.0,8329.960404751431,6072.779127495511,False,-104.0767212,32.02786811,agree,,2.5,2.5,BS2_S,none
3001540818,HERITAGE 2 15 #002H,Chevron,30,Eddy,BS2_S,BS2_S,keep,True,,False,8198.0,False,3911.0,2013-06-01,56936.0,14557.913577090258,2919.2602220036533,False,-104.08255182,32.30615039,agree,,2.5,2.5,BS2_S,none
3001540819,PEACEKEEPER STATE 25 #003H,CHI Operating,30,Eddy,BS2_S,BS2_S,keep,False,,True,8251.0,False,4135.0,2017-04-01,6204.0,1500.3627569528414,452.9335912314636,False,-104.03579539,32.63223718,agree,,24.0,24.0,BS2_S,none
3001540821,FEDERAL 12 #014H,Occidental,30,Eddy,BS2_S,BS2_S,keep,True,,False,10484.0,False,3660.0,2013-08-01,42102.0,11503.27868852459,0.0,False,-103.73273089,32.40019209,agree,,49.0,49.0,BS2_S,none
3001540823,BRUTUS 12 FEDERAL COM #002H,ConocoPhillips,30,Eddy,BS2_S,BS2_S,keep,True,,False,8351.0,False,4023.0,2013-04-21,48572.0,12073.576932637336,3315.4904059952237,False,-104.0392712,32.0577416,agree,,28.0,28.0,BS2_S,none
3001540834,BRADLEY 28 FEDERAL COM #004H,Mewbourne,30,Eddy,BS2_S,BS2_S,keep,True,,False,8279.0,False,4419.0,2013-01-06,34865.0,7889.7940710568,2094.5360676896603,False,-103.97673999,32.71665516,agree,,34.0,34.0,BS2_S,none
3001540837,CRESENT HALE 12 FED COM #003,Devon,30,Eddy,BS2_S,BS2_S,keep,True,,False,8672.0,False,4691.0,2013-02-11,79615.0,16971.861010445533,2075.149155309929,False,-103.92391147,32.67390183,agree,,73.0,73.0,BS2_S,none
3001540842,WEST SHUGART 2 19 30 STATE #003H,Nsp Resources,30,Eddy,BS2_S,BS2_S,keep,True,,False,8582.0,False,4208.0,2013-08-15,49697.0,11810.123574144487,1134.1127231019982,False,-103.94307773,32.6934229,no_evidence,,,,BS2_S,none
3001540843,WEST SHUGART 2 19 30 STATE #004H,Nsp Resources,30,Eddy,BS2_S,BS2_S,keep,True,,False,8635.0,False,3881.0,2013-08-15,52589.0,13550.373615047669,1390.9943144003498,False,-103.94204796,32.69552129,no_evidence,,,,BS2_S,none
3001540862,COLT STATE COM #002H,ConocoPhillips,30,Eddy,BS2_S,BS2_S,keep,True,,False,7984.0,False,4283.0,2013-11-01,47674.0,11130.982955872052,3026.890967823132,False,-104.11695499,32.1589492,agree,,10.0,10.0,BS2_S,none
3001540863,SKEEN 21 DM STATE #001,Mewbourne,30,Eddy,BS2_S,BS2_S,keep,True,,False,7957.0,False,4149.0,2013-06-01,30312.0,7305.8568329718,6310.306149379783,False,-104.09933986,32.02821773,off_band,,1208.0,,BS2_S,none
3001540864,SAN LORENZO 15 PA STATE COM #001,Mewbourne,30,Eddy,BS2_S,BS2_S,keep,True,,False,8310.0,False,4528.0,2013-05-09,30965.0,6838.5600706713785,3260.8105926045537,False,-104.06830018,32.13022678,agree,,23.0,23.0,BS2_S,none
3001540865,HIGH BRASS #002H,ConocoPhillips,30,Eddy,BS2_S,BS2_S,keep,True,,False,7912.0,False,4108.0,2013-04-01,45673.0,11118.062317429405,2327.5458148140037,False,-104.11095091,32.20327156,off_band,,1453.0,,BS2_S,none
3001540867,STATE GQ COM #003H,ConocoPhillips,30,Eddy,BS2_S,BS2_S,keep,True,,False,7941.0,False,3842.0,2013-02-01,59656.0,15527.329515877147,2961.5294354297976,False,-104.11950067,32.14463222,agree,,42.0,42.0,BS2_S,none
3001540868,TAMANO 15 AD FEDERAL COM #001H,Mewbourne,30,Eddy,BS2_S,BS2_S,keep,True,,False,8525.0,False,4263.0,2013-03-01,37984.0,8910.157166314802,761.9260741364785,False,-103.84963753,32.75253728,agree,,53.5,53.5,BS2_C,none
3001540880,GOVERNMENT AC 13 FEDERAL #005H,Permian Resources,30,Eddy,BS2_S,BS2_S,keep,True,,False,7690.0,False,3866.0,2014-12-02,70913.0,18342.73150543197,1639.4173141737058,False,-104.12980058,32.57512332,agree,,33.0,33.0,BS2_S,none
3001540891,BIRDSEYE 32 STATE #003H,ConocoPhillips,30,Eddy,BS2_S,BS2_S,keep,True,,False,8889.0,False,3914.0,2013-05-14,72872.0,18618.293306080737,1854.5257437698979,False,-103.89444118,32.61694895,agree,,79.0,79.0,BS2_S,none
3001540906,FULL CHOKE COM #002H,ConocoPhillips,30,Eddy,BS2_S,BS2_S,keep,True,,False,7972.0,False,4473.0,2013-05-01,46347.0,10361.50234741784,3577.318920318467,False,-104.11694007,32.1739298,agree,,76.0,76.0,BS2_S,none
3001540907,FULL CHOKE COM #003H,ConocoPhillips,30,Eddy,BS2_S,BS2_S,keep,True,,False,8083.0,False,4345.0,2013-10-01,46314.0,10659.148446490219,2621.6262901066634,False,-104.10228034,32.17421414,agree,,35.0,35.0,BS2_S,none
3001540921,BLACK LAKE 5 OB STATE COM #001H,Mewbourne,30,Eddy,BS2_S,BS2_S,keep,True,,False,8036.0,False,3888.0,2014-07-01,48027.0,12352.623456790123,2603.9103004559934,False,-104.10737315,32.15948323,agree,,12.0,12.0,BS2_S,none
3001540933,SALADA VISTA 36 STATE #004H,ConocoPhillips,30,Eddy,BS2_S,BS2_S,keep,True,,False,8655.0,False,4482.0,2013-03-01,170577.0,38058.2329317269,1642.0443553351272,False,-103.9247887,32.61499138,no_evidence,,,,BS2_S,none
3001540934,BRADLEY 30 FEDERAL COM #004H,Mewbourne,30,Eddy,BS2_S,BS2_S,keep,True,,False,8156.0,False,4263.0,2013-03-01,51758.0,12141.215106732348,2301.2674369179645,False,-104.01070412,32.72455471,agree,,16.0,16.0,BS2_S,none
3001540946,MOMBA 24 FEDERAL COM #003H,ConocoPhillips,30,Eddy,BS2_S,BS2_S,keep,True,,False,8208.0,False,4377.0,2013-04-19,45189.0,10324.194653872515,3347.518201332183,False,-104.03892968,32.0281018,agree,,74.5,74.5,BS2_S,none
3001540947,MIMOSA 24 FEDERAL COM #002H,Devon,30,Eddy,BS2_S,BS2_S,keep,True,,False,9312.0,False,5065.0,2013-09-14,37907.0,7484.106614017769,1228.5066082781543,False,-103.82313086,32.64704617,agree,,51.0,51.0,BS2_S,none
3001540950,BONGO FEE #001H,ConocoPhillips,30,Eddy,BS2_S,BS2_S,keep,True,,False,7737.0,False,4204.0,2013-06-17,32222.0,7664.605137963844,2937.309912482155,False,-104.14208697,32.21835269,off_band,,1579.5,,BS2_S,none
3001540953,WEST SHUGART 2 19 30 STATE #002H,Nsp Resources,30,Eddy,BS2_S,BS2_S,keep,True,,False,8699.0,False,3574.0,2013-08-24,40905.0,11445.159485170678,683.4127857230168,False,-103.94387226,32.6874481,agree,,64.0,64.0,BS2_S,none
3001540954,BIRDSEYE 32 STATE #002H,ConocoPhillips,30,Eddy,BS2_S,BS2_S,keep,True,,False,9054.0,False,4282.0,2013-05-01,103189.0,24098.31854273704,2049.6370737190978,False,-103.88404816,32.61719917,agree,,5.0,5.0,BS2_S,none
3001540962,CHECKER BIC FEDERAL COM #004H,EOG,30,Eddy,BS2_S,BS2_S,keep,True,,False,9044.0,False,3834.0,2013-12-12,67417.0,17583.98539384455,1267.6921251316433,False,-103.87515376,32.6798258,no_evidence,,,,BS2_S,none
3001540963,HARACZ AMO FEDERAL #010H,EOG,30,Eddy,BS2_S,BS2_S,keep,True,,False,10679.0,False,4102.0,2014-07-10,95172.0,23201.365187713312,1815.544487874585,False,-103.72522344,32.20221226,off_band,,1230.5,,BS2_S,none
3001540968,LAYLA 35 OB #001H,Mewbourne,30,Eddy,BS2_S,BS2_S,keep,True,,False,8368.0,False,4228.0,2013-05-13,49019.0,11593.897824030275,1292.131622432118,False,-104.05579103,32.26198015,off_band,,509.0,,BS2_S,none
3001540974,MALAGA 13 CN FEDERAL COM #001H,Mewbourne,30,Eddy,BS2_S,BS2_S,keep,True,,False,8314.0,False,4199.0,2013-04-10,52540.0,12512.50297689926,1848.3631518842788,False,-104.04302543,32.13023768,agree,,40.0,40.0,BS2_S,none
3001540984,BLACK LAKE 7 NC STATE COM #001H,Mewbourne,30,Eddy,BS2_S,BS2_S,keep,True,,False,7962.0,False,4264.0,2013-11-13,36800.0,8630.393996247654,2274.429347826087,False,-104.12843446,32.14502328,agree,,12.0,12.0,BS2_S,none
3001540994,SNAPPING 10 FEDERAL #005H,Devon,30,Eddy,BS2_S,BS2_S,keep,True,,False,10095.0,False,4357.0,2014-02-01,90837.0,20848.519623594217,3259.673921419686,False,-103.75842131,32.05724646,off_band,,1349.5,,BS2_S,none
3001540999,AGASTI 27 FEDERAL #001H,Devon,30,Eddy,BS2_S,BS2_S,keep,True,,False,9177.0,False,4589.0,2013-06-01,68391.0,14903.24689474831,922.5629103244579,False,-103.85731939,32.63516675,off_band,,839.5,,BS2_S,none
3001541000,AGASTI 27 FEDERAL #002H,Devon,30,Eddy,BS2_S,BS2_S,keep,True,,False,9214.0,False,4530.0,2013-06-01,83443.0,18420.088300220752,1251.8965042004722,False,-103.85773784,32.6361725,off_band,,876.5,,BS2_S,none
3001541024,CEDAR CANYON 16 STATE #002H,Occidental,30,Eddy,BS2_S,BS2_S,keep,True,,False,8694.0,False,4140.0,2013-06-01,64189.0,15504.589371980677,2236.6604869993303,False,-103.98937656,32.21132117,agree,,1.0,1.0,BS2_S,none
3001541025,ILLUSTRATED MAN FEE COM #001H,ConocoPhillips,30,Eddy,BS2_S,BS2_S,keep,True,,False,8296.0,False,4284.0,2013-06-10,46178.0,10779.178338001868,2738.295292130452,False,-104.04681556,32.14500604,agree,,17.5,17.5,BS2_S,none
3001541028,SHOELESS JOE 32 STATE COM #003H,Permian Resources,30,Eddy,BS2_S,BS2_S,keep,True,,False,8416.0,False,4296.0,2013-04-02,97614.0,22722.067039106147,1877.5995246583482,False,-103.99398915,32.61493248,agree,,21.5,21.5,BS2_S,none
3001541032,CEDAR CANYON 15 #002H,Occidental,30,Eddy,BS2_S,BS2_S,keep,True,class BS2_S->BS3_C rejected (precision 0.33),False,8795.0,False,3900.0,2013-08-23,75955.0,19475.641025641024,776.1701007175301,False,-103.97179506,32.21138529,flag,BS3_C,27.5,,BS2_S,none
3001541038,BULTACO STATE #001H,ConocoPhillips,30,Eddy,BS2_S,BS2_S,keep,True,,False,10296.0,False,4142.0,2014-10-22,153302.0,37011.58860453887,1649.802350915187,False,-103.72424944,32.34799995,off_band,,1513.0,,BS2_S,none
3001541040,THOMPSON 8 FEDERAL #003H,Mewbourne,30,Eddy,BS2_S,BS2_S,keep,True,,False,7852.0,False,4282.0,2013-04-01,38705.0,9039.000467071462,3963.5964345691773,False,-104.09691906,32.58942443,agree,,52.0,52.0,BS2_S,none
3001541046,SKEEN 2 26 27 STATE #001H,Chevron,30,Eddy,BS2_S,BS2_S,keep,False,,True,7779.0,False,4300.0,2014-10-29,72395.0,16836.046511627905,4692.713585192348,False,-104.16845076,32.07044634,agree,,58.5,58.5,BS2_S,none
3001541047,SKEEN 2 26 27 STATE #002H,Chevron,30,Eddy,BS2_S,BS2_S,keep,True,,False,7829.0,False,4394.0,2014-03-17,91986.0,20934.45607646791,5650.957754440893,False,-104.16264148,32.07081303,agree,,48.0,48.0,BS2_S,none
3001541084,COTTONWOOD HILLS 32 STATE COM #002H,Devon,30,Eddy,BS2_S,BS2_S,keep,True,,False,7527.0,False,4639.0,2013-07-19,92371.0,19911.834447079113,4972.188240898117,False,-104.21944199,32.08621643,agree,,34.5,34.5,BS2_S,none
3001541090,JOSEY WALES 16 STATE COM #003H,EOG,30,Eddy,BS2_S,BS2_S,keep,True,,False,7432.0,False,4555.0,2013-08-09,23011.0,5051.811196487376,3664.3344487419063,False,-104.1935857,32.21707487,off_band,,1756.0,,BS2_S,none
3001541094,BUCKSHOT STATE COM #003H,ConocoPhillips,30,Eddy,BS2_S,BS2_S,keep,True,,False,7891.0,False,4207.0,2013-10-01,34222.0,8134.537675303067,3107.6208287066797,False,-104.13411879,32.17429788,off_band,,1454.0,,BS2_S,none
3001541105,ANTARES 23 FEDERAL COM #001H,Devon,30,Eddy,BS2_S,BS2_S,keep,True,,False,9218.0,False,3805.0,2013-12-01,67325.0,17693.82391590013,1119.9108800594133,False,-103.84766183,32.65129803,agree,,50.0,50.0,BS2_S,none
3001541106,ANTARES 23 FEDERAL #002H,Devon,30,Eddy,BS2_S,BS2_S,keep,True,,False,9241.0,False,4554.0,2013-12-01,73579.0,16157.004830917875,1045.4477500373748,False,-103.84000052,32.64772964,agree,,56.0,56.0,BS2_S,none
3001541108,ANTARES 23 FEDERAL #004H,Devon,30,Eddy,BS2_S,BS2_S,keep,True,,False,9305.0,False,4017.0,2013-06-01,43742.0,10889.220811550907,578.7115358236935,False,-103.84034241,32.64295481,agree,,91.0,91.0,BS2_S,none
3001541115,HACKBERRY 23 FEDERAL COM #001H,Devon,30,Eddy,BS2_S,BS2_S,keep,True,,False,8548.0,False,4579.0,2013-05-09,65091.0,14215.11246997161,2356.5777142769352,False,-103.94188853,32.64784858,agree,,1.0,1.0,BS2_S,none
3001541117,SKEEN 2 26 27 STATE #003H,Chevron,30,Eddy,BS2_S,BS2_S,keep,True,,False,7768.0,False,4026.0,2014-03-19,99011.0,24592.89617486339,3976.103665249316,False,-104.15885751,32.07173669,agree,,118.0,118.0,BS2_S,none
3001541118,SKEEN 2 26 27 STATE #004H,Chevron,30,Eddy,BS2_S,BS2_S,keep,True,,False,7789.0,False,4250.0,2014-09-22,85570.0,20134.11764705882,5844.711931751782,False,-104.15375401,32.07173099,agree,,97.0,97.0,BS2_S,none
3001541120,HAYHURST 16 25 27 STATE #001H,Chevron,30,Eddy,BS2_S,BS2_S,keep,True,,False,7615.0,False,3655.0,2014-11-07,146413.0,40058.27633378933,3885.153640728624,False,-104.19661167,32.12892942,agree,,137.0,137.0,BS2_S,none
3001541141,SRO STATE COM #043H,ConocoPhillips,30,Eddy,BS2_S,BS2_S,keep,False,,False,8000.0,True,9421.0,2015-02-26,166843.0,17709.691115592825,6247.538104685243,False,-104.1151611,32.03519559,off_band,,1345.0,,BS2_S,none
3001541142,SRO STATE COM #044H,ConocoPhillips,30,Eddy,BS2_S,BS2_S,keep,True,,False,7999.0,False,9376.0,2015-02-26,168860.0,18009.81228668942,5792.934975719531,False,-104.11100517,32.03486799,off_band,,1166.0,,BS2_S,none
3001541143,SRO STATE COM #045H,ConocoPhillips,30,Eddy,BS2_S,BS2_S,keep,True,,False,8003.0,False,9513.0,2015-01-12,159641.0,16781.351834331967,4707.318295425361,False,-104.10764988,32.0350846,off_band,,1162.0,,BS2_S,none
3001541156,BURTON 4 IL FEDERAL COM #001H,Mewbourne,30,Eddy,BS2_S,BS2_S,keep,True,,False,7993.0,False,4068.0,2013-06-18,82259.0,20220.993117010818,3260.0566503361333,False,-104.08059935,32.60029194,no_evidence,,,,BS2_S,none
3001541157,SALADA VISTA 36 STATE #003H,ConocoPhillips,30,Eddy,BS2_S,BS2_S,keep,True,,False,8695.0,False,4538.0,2013-08-07,115765.0,25510.136624063463,2022.787543730834,False,-103.92479946,32.61856728,agree,,109.0,109.0,BS2_S,none
3001541159,AQUILA 22 FEDERAL COM #004H,Devon,30,Eddy,BS2_S,BS2_S,keep,True,,False,9094.0,False,4517.0,2013-09-01,75907.0,16804.737657737438,678.4618019418499,False,-103.85689745,32.64249201,agree,,52.0,52.0,BS2_S,none
3001541163,SALT DRAW 2 CN FEE #001H,Mewbourne,30,Eddy,BS2_S,BS2_S,keep,True,,False,8313.0,False,4005.0,2013-09-21,37453.0,9351.560549313359,1965.2097295276747,False,-104.05943623,32.15844557,agree,,47.0,47.0,BS2_S,none
3001541194,CEDAR CANYON 23 #002H,Occidental,30,Eddy,BS2_S,BS2_S,keep,True,class BS2_S->BS3_C rejected (precision 0.33),False,8902.0,False,4025.0,2015-02-01,142188.0,35326.21118012423,1897.2487129715587,False,-103.95438953,32.1975846,flag,BS3_C,76.0,,BS3_C,own
3001541199,SRO STATE COM #039H,ConocoPhillips,30,Eddy,BS2_S,BS2_S,keep,True,,False,8222.0,False,4509.0,2015-05-22,66362.0,14717.675759591926,3993.5354570386667,False,-104.07707248,32.0858914,agree,,60.5,60.5,BS2_S,none
3001541221,STENT 21 FEDERAL COM #002H,Occidental,30,Eddy,BS2_S,BS2_S,keep,True,,False,8080.0,False,4180.0,2014-03-01,9745.0,2331.3397129186606,2470.0872242175474,False,-104.09522495,32.20355439,off_band,,1428.0,,BS2_S,none
3001541227,WAR HORSE FEDERAL COM #003H,SM Energy,30,Eddy,BS2_S,BS2_S,keep,True,,False,7797.0,False,4320.0,2014-04-10,95405.0,22084.49074074074,1495.7287353912268,False,-104.08032959,32.73182461,agree,,18.0,18.0,BS2_S,none
3001541234,HONEY GRAHAM STATE COM #002H,ConocoPhillips,30,Eddy,BS2_S,BS2_S,keep,True,,False,7828.0,False,6547.0,2014-10-20,80839.0,12347.487398808615,5818.664258588058,False,-104.11188385,32.00974845,agree,,8.5,8.5,BS2_S,none
3001541237,BISON WALLOW 34 FEDERAL #002H,Mewbourne,30,Eddy,BS2_S,BS2_S,keep,True,,False,9.0,False,4070.0,2013-06-24,33940.0,8339.066339066338,3139.510901591043,False,-103.96511075,32.08593161,agree,,8922.0,8922.0,BS2_S,none
3001541238,SHOELESS JOE 32 STATE COM #002H,Permian Resources,30,Eddy,BS2_S,BS2_S,keep,True,,False,8442.0,False,4212.0,2014-06-14,88988.0,21127.255460588796,2459.7810940801005,False,-103.99401868,32.61840187,agree,,11.0,11.0,BS2_S,none
3001541239,NERMAL 4 STATE #001H,Raybaw Operating,30,Eddy,BS2_S,BS2_S,keep,True,,False,8105.0,False,4352.0,2013-09-01,72609.0,16684.053308823528,4830.530650470328,False,-104.09461296,32.15940259,agree,,4.0,4.0,BS2_S,none
3001541240,LONE RANGER 33 STATE #002H,Devon,30,Eddy,BS2_S,BS2_S,keep,True,,False,7345.0,False,4535.0,2014-02-01,17349.0,3825.5788313120174,2672.545968067324,False,-104.19485476,32.25926855,off_band,,1840.0,,WCA_2,none
3001541241,POOKY 4 STATE #001H,Raybaw Operating,30,Eddy,BS2_S,BS2_S,keep,True,,False,9.0,False,4217.0,2013-07-01,54503.0,12924.590941427556,2367.2458396785496,False,-104.08591393,32.15940746,off_band,,6631.0,8097.0,OTHER,none
3001541242,SHOELESS JOE 32 STATE COM #004H,Permian Resources,30,Eddy,BS2_S,BS2_S,keep,True,,False,8378.0,False,4249.0,2013-10-29,76175.0,17927.747705342434,1745.7302264522482,False,-103.99448288,32.61135045,agree,,57.0,57.0,BS2_S,none
3001541247,BENSON DEEP AAS FEDERAL COM #002H,EOG,30,Eddy,BS2_S,BS2_S,keep,True,,False,8350.0,False,4180.0,2014-03-13,56394.0,13491.387559808612,910.6287902968401,False,-103.9763727,32.70896454,agree,,14.0,14.0,BS2_S,none
3001541248,HACKBERRY 6 FEDERAL COM #004H,Permian Resources,30,Eddy,BS2_S,BS2_S,keep,True,,False,8795.0,False,3900.0,2015-03-09,66032.0,16931.28205128205,1083.8835716016476,False,-103.91171449,32.6885339,agree,,1.0,1.0,BS2_S,none
3001541251,CEDAR CANYON 16 STATE #007H,Occidental,30,Eddy,BS2_S,BS2_S,keep,True,,False,8699.0,False,4360.0,2013-08-31,57317.0,13146.100917431193,466.1618716960064,False,-103.9891689,32.21902495,agree,,6.0,6.0,BS2_S,none
3001541252,MERIDIAN FEDERAL COM #002H,Permian Resources,30,Eddy,BS2_S,BS2_S,keep,True,,False,8181.0,False,3598.0,2013-06-09,55995.0,15562.812673707615,2107.2952942226984,False,-104.06153596,32.60790055,off_band,,982.0,,BS2_S,none
3001541259,DA VINCI 7 FEDERAL COM #002H,Devon,30,Eddy,BS2_S,BS2_S,keep,True,,False,7287.0,False,4322.0,2013-06-10,77077.0,17833.641832484962,4587.7888345420815,False,-104.22255631,32.14463594,no_evidence,,,,BS2_S,none
3001541270,TAOS FEDERAL #004H,Devon,30,Eddy,BS2_S,BS2_S,keep,False,,True,7526.0,False,4682.0,2013-08-25,25951.0,5542.716787697565,5557.319563793303,False,-104.22327355,32.17364365,no_evidence,,,,BS2_S,none
3001541271,DELAWARE RANCH 13 EH FED COM #001H,Mewbourne,30,Eddy,BS2_S,BS2_S,keep,True,,False,8323.0,False,3960.0,2013-07-06,35554.0,8978.282828282829,4127.749339033583,False,-104.04061953,32.04407196,agree,,6.0,6.0,BS2_S,none
3001541274,SRO STATE COM #020H,ConocoPhillips,30,Eddy,BS2_S,BS2_S,keep,True,,False,8149.0,False,6923.0,2013-09-13,54230.0,7833.309258991767,3723.8797713442746,False,-104.069006,32.06765716,agree,,31.5,31.5,BS2_S,none
3001541283,BARN OWL FEDERAL #003H,ConocoPhillips,30,Eddy,BS2_S,BS2_S,keep,True,,False,7520.0,False,4144.0,2013-07-22,34111.0,8231.41891891892,5282.079094720179,False,-104.23176756,32.04312771,ambiguous,,3.0,64.0,BS3_C,none
3001541284,BRUSHY DRAW 1 DM FEDERAL #001H,Mewbourne,30,Eddy,BS2_S,BS2_S,keep,True,,False,9026.0,False,4161.0,2014-07-01,40164.0,9652.487382840663,2726.247385718554,False,-103.94449889,32.0717681,off_band,,1430.0,,BS2_S,none
3001541286,WINDMILL 32 FEDERAL COM #004H,Permian Resources,30,Eddy,BS2_S,BS2_S,keep,True,,False,9.0,False,4169.0,2013-08-01,6254.0,1500.1199328376108,4438.439398784778,False,-104.30089035,32.69821097,no_evidence,,,,OTHER,none
3001541290,BUENA VISTA 2 STATE COM #002H,ConocoPhillips,30,Eddy,BS2_S,BS2_S,keep,True,,False,8552.0,False,3905.0,2013-07-15,67544.0,17296.798975672213,1694.406609025228,False,-103.9403813,32.60338217,agree,,40.0,40.0,BS2_S,none
3001541291,CEDAR CANYON 15 #004H,Occidental,30,Eddy,BS2_S,BS2_S,keep,True,,False,8788.0,False,3900.0,2013-08-01,70803.0,18154.615384615387,1004.293603378388,False,-103.97184354,32.21855237,agree,,1.5,1.5,BS2_S,none
3001541292,KAYRO 4 STATE COM #001H,Raybaw Operating,30,Eddy,BS2_S,BS2_S,keep,True,,False,8118.0,False,4361.0,2014-10-01,67526.0,15484.063288236643,4822.157391227083,False,-104.09007862,32.15890264,agree,,15.0,15.0,BS2_S,none
3001541294,TRANQUIL 13 STATE COM #002H,EOG,30,Eddy,BS2_S,BS2_S,keep,True,,False,7870.0,False,4065.0,2015-10-01,60062.0,14775.39975399754,4836.46898205188,False,-104.14151024,32.13000424,agree,,46.0,46.0,BS2_S,none
3001541296,TRANQUIL 13 STATE #004H,EOG,30,Eddy,BS3_C,BS2_S,reassign,True,class BS3_C->BS2_S (precision 0.90) + sql/23 concurs + GOR none,False,7871.0,False,4025.0,2015-06-01,70843.0,17600.745341614907,3890.024420196773,False,-104.15033474,32.13001191,flag,BS2_S,11.0,,BS2_S,none
3001541298,BULTACO STATE #002H,ConocoPhillips,30,Eddy,BS2_S,BS2_S,keep,True,,False,10243.0,False,4094.0,2013-12-16,175294.0,42817.29360039082,1673.2574988305362,False,-103.73026344,32.3483467,agree,,51.0,51.0,BS2_S,none
3001541305,SAN LORENZO 9 MD FEE #001H,Mewbourne,30,Eddy,BS2_S,BS2_S,keep,True,,False,8101.0,False,4189.0,2013-09-13,45294.0,10812.604440200525,3340.2658188722567,False,-104.09968794,32.14506642,agree,,25.5,25.5,BS2_S,none
3001541306,MIRAGE 30 IL STATE COM #001H,Mewbourne,30,Eddy,BS2_S,BS2_S,keep,True,,False,7759.0,False,3837.0,2014-07-01,85677.0,22329.163408913213,2897.3586843610306,False,-104.11442131,32.63049113,no_evidence,,,,BS2_S,none
3001541307,ZIRCON 1 LI STATE #001H,Mewbourne,30,Eddy,BS2_S,BS2_S,keep,True,,False,8063.0,False,4468.0,2013-08-01,60780.0,13603.401969561326,1717.7196446199407,False,-104.02807804,32.68834364,agree,,98.0,98.0,BS2_S,none
3001541311,ODIE 4 STATE #001H,Raybaw Operating,30,Eddy,BS2_S,BS2_S,keep,True,,False,8048.0,False,4280.0,2014-04-01,58162.0,13589.252336448599,1825.0404043877445,False,-104.09890815,32.15904924,agree,,54.0,54.0,BS2_S,none
3001541327,CEDAR CANYON 22 #002H,Occidental,30,Eddy,BS2_S,BS2_S,keep,True,card verdict REJECT (BS2_S->BS3_C),False,8813.0,False,3600.0,2013-10-01,52748.0,14652.222222222223,0.0,False,-103.97112754,32.20781127,flag,BS3_C,6.0,,BS2_S,none
3001541343,PATTON 18 FEDERAL #008H,Occidental,30,Eddy,BS2_S,BS2_S,keep,True,,False,10035.0,False,3856.0,2014-01-01,61242.0,15882.261410788382,1001.7145096502401,False,-103.81387364,32.21792961,agree,,23.0,23.0,BS2_S,none
3001541349,TAMANO 11 MD FEDERAL COM #001H,Mewbourne,30,Eddy,BS2_S,BS2_S,keep,True,,False,8433.0,False,3870.0,2014-08-01,59171.0,15289.664082687337,1040.29000692907,False,-103.84595679,32.76186864,agree,,58.0,58.0,BS2_C,none
3001541350,TAMANO 11 NC FEDERAL #001H,Mewbourne,30,Eddy,BS2_S,BS2_S,keep,True,,False,8596.0,False,4113.0,2014-02-05,37049.0,9007.78020909312,944.6678722772544,False,-103.84148324,32.76247724,agree,,153.5,153.5,BS2_C,none
3001541354,WINCHESTER 36 AD STATE #001H,Mewbourne,30,Eddy,BS2_S,BS2_S,keep,True,,False,7693.0,False,4135.0,2013-08-25,54597.0,13203.627569528417,2298.477938348261,False,-104.13125626,32.62365109,agree,,28.0,28.0,BS2_S,none
3001541356,HAYHURST 23 PA STATE #001H,Mewbourne,30,Eddy,BS2_S,BS2_S,keep,True,,False,7804.0,False,4076.0,2013-09-01,42653.0,10464.425907752699,4454.481513609828,False,-104.15407605,32.11603941,agree,,33.0,33.0,BS2_S,none
3001541359,IRRITABLE 22 STATE COM #002H,EOG,30,Eddy,BS3_S,BS2_S,reassign,True,card verdict AGREE (BS3_S->BS2_S),False,7755.0,False,4175.0,2015-10-01,162881.0,39013.41317365269,5127.5593838446475,False,-104.1758479,32.11536427,flag,BS2_S,13.0,,BS2_S,none
3001541363,COTTON DRAW UNIT #219H,Devon,30,Eddy,BS2_S,BS2_S,keep,True,,False,10330.0,False,4527.0,2014-01-01,147649.0,32615.197702672853,1830.7946548909915,False,-103.7451628,32.15910766,agree,,81.5,81.5,BS2_S,none
3001541364,COTTON DRAW UNIT #220H,Devon,30,Eddy,BS2_S,BS2_S,keep,True,,False,10337.0,False,4138.0,2014-01-01,83094.0,20080.715321411313,1334.8496883048115,False,-103.74161754,32.16002495,agree,,75.0,75.0,BS2_S,none
3001541379,HONEY GRAHAM STATE COM #004H,ConocoPhillips,30,Eddy,BS2_S,BS2_S,keep,True,,False,7854.0,False,6337.0,2013-09-24,58314.0,9202.146125927095,5071.852385362005,False,-104.10721325,32.01021861,agree,,26.5,26.5,BS2_S,none
3001541388,FORTY NINER RIDGE 25 FEDERAL #001H,Devon,30,Eddy,BS2_S,BS2_S,keep,True,,False,9816.0,False,4550.0,2013-08-30,51094.0,11229.450549450548,1709.5157944181312,False,-103.84169982,32.27675834,no_evidence,,,,BS2_S,none
3001541394,DORADO 34 DA FEDERAL COM #001H,Mewbourne,30,Eddy,BS2_S,BS2_S,keep,True,,False,8463.0,False,4371.0,2013-08-14,67077.0,15345.916266300617,1202.4538962684676,False,-103.95985907,32.70929082,no_evidence,,,,BS2_S,none
3001541400,DOWN SOUTH STATE COM #005H,ConocoPhillips,30,Eddy,BS2_S,BS2_S,keep,True,,False,7759.0,False,4224.0,2014-03-17,29030.0,6872.632575757576,7579.710644161212,False,-104.12716257,32.02175069,agree,,46.0,46.0,BS2_S,none
3001541409,IVORE 35 FEDERAL COM #002H,Permian Resources,30,Eddy,BS2_S,BS2_S,keep,True,,False,8495.0,False,4143.0,2015-12-05,156608.0,37800.62756456674,1993.2953616673478,False,-103.94250585,32.70660491,no_evidence,,,,BS2_S,none
3001541410,IVORE 35 FEDERAL COM #003H,Permian Resources,30,Eddy,BS2_S,BS2_S,keep,True,,False,8468.0,False,4048.0,2015-04-01,117436.0,29010.869565217392,719.6600701658775,False,-103.94296053,32.70967945,no_evidence,,,,BS2_S,none
3001541411,REALLY SCARY FEDERAL COM #002H,ConocoPhillips,30,Eddy,BS2_S,BS2_S,keep,True,,False,8048.0,False,4613.0,2013-09-02,51632.0,11192.716236722306,2376.5106910443137,False,-104.09469786,32.17369623,agree,,35.5,35.5,BS2_S,none
3001541413,MISTY 35 FEDERAL COM #004H,Permian Resources,30,Eddy,BS2_S,BS2_S,keep,True,,False,8635.0,False,4135.0,2015-04-04,239581.0,57939.7823458283,1246.6430977414736,False,-103.94359834,32.7017844,no_evidence,,,,BS2_S,none
3001541416,MISTY 35 FEDERAL COM #003H,Permian Resources,30,Eddy,BS2_S,BS2_S,keep,False,,True,8641.0,False,4036.0,2016-01-14,111327.0,27583.498513379585,1911.845284611999,False,-103.94417444,32.69821548,no_evidence,,,,BS2_S,none
3001541417,GLOCK 17 MP FEDERAL #001H,Mewbourne,30,Eddy,BS2_S,BS2_S,keep,True,,False,7804.0,False,4327.0,2013-11-07,89776.0,20747.862260226484,2504.71172696489,False,-104.09746669,32.56737623,off_band,,1241.5,,BS2_S,none
3001541418,DA VINCI 7 FEDERAL COM #004H,Devon,30,Eddy,BS2_S,BS2_S,keep,True,,False,7280.0,False,4569.0,2013-09-02,80773.0,17678.485445392867,4553.724635707476,False,-104.23066727,32.14441847,agree,,7.0,7.0,BS2_S,none
3001541420,TWO MESAS 7 MP FEDERAL #001H,Mewbourne,30,Eddy,BS2_S,BS2_S,keep,True,class BS2_S->BS3_C rejected (precision 0.33),False,8433.0,False,3875.0,2014-01-01,34720.0,8960.0,2480.7603686635944,False,-104.01162408,32.58174248,flag,BS3_C,44.0,,BS2_S,none
3001541423,FIREFOX 4 FEDERAL COM #005H,ConocoPhillips,30,Eddy,BS2_S,BS2_S,keep,False,,True,8900.0,True,4357.0,2013-08-01,27695.0,6356.437915997246,1294.0602996930854,False,-103.87384071,32.68365887,no_evidence,,,,BS2_S,none
3001541424,JAMES RANCH UNIT #144H,Exxon Mobil,30,Eddy,BS2_S,BS2_S,keep,True,,False,7167.0,False,5876.0,2013-10-17,68481.0,11654.35670524166,3269.3885895357835,False,-103.81365184,32.344643,no_evidence,,,,OTHER,none
3001541426,SANDY FEDERAL #020H,Devon,30,Eddy,BS2_S,BS2_S,keep,True,,False,9892.0,False,4613.0,2013-08-30,52807.0,11447.4311727726,2429.374893480031,False,-103.84175679,32.29039684,agree,,79.0,79.0,BS2_S,none
3001541428,STATE GQ #005H,ConocoPhillips,30,Eddy,BS2_S,BS2_S,keep,True,,False,7982.0,False,3939.0,2013-09-01,42781.0,10860.878395531861,3948.271428905355,False,-104.12257157,32.14449934,agree,,8.0,8.0,BS2_S,none
3001541429,STATE GQ #004H,ConocoPhillips,30,Eddy,BS2_S,BS2_S,keep,True,,False,7994.0,False,3939.0,2013-09-01,39955.0,10143.437420665145,3982.1799524465023,False,-104.12562746,32.14452623,agree,,24.0,24.0,BS2_S,none
3001541430,OWL DRAW 22 27 B2AP FEDERAL COM #001H,Mewbourne,30,Eddy,BS2_S,BS2_S,keep,True,,False,7610.0,False,9587.0,2014-10-01,184367.0,19230.93772817357,5636.849327699642,False,-104.17135074,32.02051949,agree,,11.0,11.0,BS2_S,none
3001541431,DERRINGER 18 DA FEDERAL #001H,Mewbourne,30,Eddy,BS2_S,BS2_S,keep,True,,False,7714.0,False,4001.0,2013-08-18,47103.0,11772.806798300424,4837.271511368703,False,-104.11379557,32.57933536,agree,,99.5,99.5,BS2_S,none
3001541437,COTTON DRAW UNIT #202H,Devon,30,Eddy,BS2_S,BS2_S,keep,True,,False,10360.0,False,4309.0,2014-07-01,175861.0,40812.48549547459,1920.2836330965933,False,-103.75213563,32.15928005,agree,,50.0,50.0,BS2_S,none
3001541442,DOWN SOUTH STATE COM #001H,ConocoPhillips,30,Eddy,BS2_S,BS2_S,keep,True,,False,7862.0,False,4047.0,2014-02-09,37665.0,9306.893995552262,7217.735298022037,False,-104.12741206,32.0331555,off_band,,458.0,,BS2_S,none
3001541447,BANK 18 FEDERAL COM #001H,Occidental,30,Eddy,BS2_S,BS2_S,keep,True,,False,8541.0,False,3790.0,2013-12-13,47786.0,12608.44327176781,898.380278742728,False,-104.02358806,32.31131659,agree,,16.5,16.5,BS2_S,none
3001541457,BIG EDDY UNIT #256H,Exxon Mobil,30,Eddy,BS3_C,BS2_S,reassign,True,card verdict AGREE (BS3_C->BS2_S),False,9220.0,False,5876.0,2013-10-02,129373.0,22017.188563648742,1247.8724308781584,False,-103.86387952,32.61474414,flag,BS2_S,80.0,,BS3_C,none
3001541459,NEFF 25 FEDERAL #009H,Occidental,30,Eddy,BS2_S,BS2_S,keep,True,,False,10214.0,False,4040.0,2013-11-11,13314.0,3295.5445544554455,4778.879375093886,False,-103.73179896,32.36401305,off_band,,339.0,,BS2_S,none
3001541461,MALAGA 30 MP FEDERAL COM #001H,Mewbourne,30,Eddy,BS2_S,BS2_S,keep,True,,False,8504.0,False,3909.0,2013-10-01,69448.0,17766.18060885137,2058.748992051607,False,-104.02253629,32.18279999,off_band,,850.0,,BS2_S,none
3001541488,HARROUN 9 #003H,Occidental,30,Eddy,BS2_S,BS2_S,keep,True,,False,8685.0,False,3751.0,2014-02-01,76901.0,20501.466275659823,1733.6055447913552,False,-103.9902753,32.22599281,agree,,11.5,11.5,BS2_S,none
3001541499,COTTON DRAW UNIT #218H,Devon,30,Eddy,BS2_S,BS2_S,keep,True,,False,10336.0,False,4412.0,2014-07-01,124426.0,28201.72257479601,1662.819667915066,False,-103.75427688,32.15938696,agree,,74.0,74.0,BS2_S,none
3001541508,OSAGE 34 FEDERAL #001H,Permian Resources,30,Eddy,BS2_S,BS2_S,keep,True,,False,8056.0,False,3776.0,2013-12-20,61672.0,16332.62711864407,3602.591127253859,False,-104.06384114,32.62340193,off_band,,884.0,,BS2_S,none
3001541521,MYOX 32 FEE #002H,ConocoPhillips,30,Eddy,BS2_S,BS2_S,keep,True,,False,7948.0,False,4321.0,2013-09-24,47059.0,10890.766026382782,3059.3085275930216,False,-104.11153865,32.0858432,agree,,1.0,1.0,BS2_S,none
3001541525,SHAULA 30 FEDERAL COM #004H,Devon,30,Eddy,BS2_S,BS2_S,keep,True,,False,8834.0,False,4363.0,2014-02-01,83544.0,19148.292459316985,1720.8297424111845,False,-103.90847526,32.71237456,agree,,78.5,78.5,BS2_S,none
3001541532,SRO STATE #053H,ConocoPhillips,30,Eddy,BS2_S,BS2_S,keep,True,,False,8155.0,False,4352.0,2013-12-01,91766.0,21085.9375,4686.343525924634,False,-104.08548524,32.04199006,agree,,101.0,101.0,BS2_S,none
3001541533,GRAHAM CRACKER 16 STATE #002H,ConocoPhillips,30,Eddy,BS2_S,BS2_S,keep,True,,False,8050.0,False,4285.0,2013-11-01,78886.0,18409.8016336056,4730.307025327688,False,-104.09431027,32.04209298,agree,,24.0,24.0,BS2_S,none
3001541537,COTTON DRAW UNIT #214H,Devon,30,Eddy,BS2_S,BS2_S,keep,True,,False,10468.0,False,4427.0,2014-02-01,217638.0,49161.508922520894,1539.611648701054,False,-103.73750945,32.17378635,agree,,53.0,53.0,BS2_S,none
3001541538,RUNNING BUFFALO 1 FEDERAL COM #001H,Permian Resources,30,Eddy,BS2_S,BS2_S,keep,True,,False,8658.0,False,4708.0,2014-09-08,28561.0,6066.4825828377225,2916.774622737299,False,-104.03364474,32.5150105,off_band,,1267.0,,BS2_S,none
3001541548,BIG SINKS DRAW 25 FEDERAL COM #001H,Devon,30,Eddy,BS2_S,BS2_S,keep,True,,False,10364.0,False,7080.0,2014-04-01,136900.0,19336.158192090395,2800.715850986121,False,-103.73848445,32.11201451,agree,,102.5,102.5,BS2_S,none
3001541553,SHAULA 30 FEDERAL COM #003H,Devon,30,Eddy,BS2_S,BS2_S,keep,True,,False,8840.0,False,4316.0,2014-02-19,66473.0,15401.529193697868,1764.0395348487357,False,-103.90816032,32.71584377,agree,,77.0,77.0,BS2_S,none
3001541556,MALAGA 13 DM FEDERAL COM #001H,Mewbourne,30,Eddy,BS2_S,BS2_S,keep,True,,False,8308.0,False,4201.0,2013-12-22,45637.0,10863.365865270174,2218.3316168898045,False,-104.04749781,32.13082152,agree,,48.0,48.0,BS2_S,none
3001541557,CYPRESS 33 FEDERAL COM #006H,Occidental,30,Eddy,BS2_S,BS2_S,keep,True,,False,8764.0,False,4239.0,2014-01-01,55789.0,13160.887001651332,763.8064851494022,False,-103.98649772,32.26052557,agree,,28.0,28.0,BS2_S,none
3001541560,SARGAS 28 FEDERAL COM #004H,Devon,30,Eddy,BS2_S,BS2_S,keep,True,,False,8885.0,False,4490.0,2014-04-01,48136.0,10720.712694877506,1072.8352999833803,False,-103.8744405,32.71305861,agree,,112.0,112.0,BS2_S,none
3001541563,SEABISCUIT FEDERAL COM #004H,ConocoPhillips,30,Eddy,BS2_S,BS2_S,keep,False,,True,10550.0,False,4119.0,2014-04-10,107357.0,26063.85044913814,2440.781690993601,False,-103.73282247,32.23255502,off_band,,1379.0,,BS2_S,none
3001541569,MARAUDER 31 FEDERAL #003H,ConocoPhillips,30,Eddy,BS2_S,BS2_S,keep,True,,False,8909.0,False,4087.0,2014-07-03,66667.0,16311.964766332274,2171.8391408042958,False,-103.90599431,32.61639623,no_evidence,,,,BS2_S,none
3001541571,FIREFOX FEDERAL COM #004H,ConocoPhillips,30,Eddy,BS2_S,BS2_S,keep,True,,False,8904.0,False,4323.0,2015-07-14,39570.0,9153.365718251214,1554.0561031084155,False,-103.87454742,32.68742745,no_evidence,,,,BS2_S,none
3001541587,PINNACLE STATE 36 #032H,Devon,30,Eddy,BS2_S,BS2_S,keep,True,,False,8411.0,False,3879.0,2013-11-14,38751.0,9989.945862335655,1872.0807204975356,False,-104.04410991,32.3495516,agree,,10.0,10.0,BS2_S,none
3001541594,CEDAR CANYON 15 #003H,Occidental,30,Eddy,BS2_S,BS2_S,tvd_suspect,False,"A-prime: planned survey flagged -> BS3_C; tag kept, TVD not evidence",True,8815.0,False,3800.0,2014-09-03,98485.0,25917.105263157893,360.5320607199066,False,-103.97103021,32.21546386,flag,BS3_C,11.0,,BS2_S,none
3001541595,CEDAR CANYON 16 STATE #006H,Occidental,30,Eddy,BS2_S,BS2_S,keep,True,,False,8724.0,False,4510.0,2014-10-01,118998.0,26385.36585365854,226.818938133414,False,-103.98959102,32.21503212,agree,,31.0,31.0,BS2_S,none
3001541596,CEDAR CANYON 16 STATE #008H,Occidental,30,Eddy,BS2_S,BS2_S,keep,True,,False,8684.0,False,4390.0,2014-10-08,101840.0,23198.177676537587,360.1924587588374,False,-103.98974674,32.22269464,agree,,15.0,15.0,BS2_S,none
3001541601,BIG EDDY UNIT #259H,Exxon Mobil,30,Eddy,BS2_S,BS2_S,keep,True,,False,9083.0,False,4535.0,2014-03-02,236128.0,52067.916207276736,1272.1998238243664,False,-103.85656652,32.62596089,agree,,94.0,94.0,BS2_S,none
3001541602,COTTONWOOD HILLS 32 STATE COM #004H,Devon,30,Eddy,BS2_S,BS2_S,keep,True,,False,7544.0,False,4381.0,2014-03-19,46055.0,10512.44008217302,5486.114428400825,False,-104.20995112,32.08668873,agree,,40.0,40.0,BS2_S,none
3001541603,COTTONWOOD HILLS 32 STATE COM #003,Devon,30,Eddy,BS2_S,BS2_S,keep,True,,False,7504.0,False,4426.0,2014-03-19,46530.0,10512.878445549028,4665.226735439502,False,-104.21443677,32.08601504,agree,,5.0,5.0,BS2_S,none
3001541606,MYOX 28 STATE COM #004H,ConocoPhillips,30,Eddy,BS2_S,BS2_S,keep,True,,False,8174.0,False,4182.0,2015-05-02,64015.0,15307.269249163079,3822.4947277981723,False,-104.09018238,32.10019793,no_evidence,,,,BS2_S,none
3001541607,MYOX 28 STATE COM #005H,ConocoPhillips,30,Eddy,BS2_S,BS2_S,keep,True,,False,8212.0,False,4220.0,2015-03-11,77421.0,18346.208530805685,3103.266555585694,False,-104.0849516,32.10020824,agree,,87.5,87.5,BS2_S,none
3001541608,HONEY GRAHAM STATE COM #005H,ConocoPhillips,30,Eddy,BS2_S,BS2_S,keep,True,,False,7868.0,False,6472.0,2014-03-09,120064.0,18551.297898640296,5704.799107142857,False,-104.1034411,32.00968021,agree,,28.0,28.0,BS2_S,none
3001541609,WHITE CITY 8 FEDERAL #002H,Devon,30,Eddy,BS2_S,BS2_S,keep,True,,False,7391.0,False,4239.0,2014-01-30,87524.0,20647.322481717387,3469.0713404323387,False,-104.21905905,32.14566552,agree,,99.0,99.0,BS2_S,none
3001541610,WHITE CITY 8 FEDERAL #005H,Devon,30,Eddy,BS2_S,BS2_S,keep,False,,True,7355.0,False,4497.0,2015-11-06,176258.0,39194.57416055148,4482.752555912356,False,-104.20591366,32.1452198,off_band,,696.0,,BS2_S,none
3001541614,BLUE THUNDER 5 FEDERAL COM #006H,ConocoPhillips,30,Eddy,BS2_S,BS2_S,keep,True,,False,8830.0,False,4212.0,2014-06-06,95953.0,22780.864197530864,1918.9499025564598,False,-103.89202795,32.6915941,agree,,12.0,12.0,BS2_S,none
3001541621,DA VINCI 7 FEDERAL COM #005H,Devon,30,Eddy,BS2_S,BS2_S,keep,True,,False,7194.0,False,4681.0,2014-01-11,123627.0,26410.382396923735,5505.892725699078,False,-104.23590463,32.14440106,agree,,79.0,79.0,BS2_S,none
3001541628,COTTONWOOD HILLS 32 STATE COM #005H,Devon,30,Eddy,BS2_S,BS2_S,keep,True,,False,7494.0,False,4570.0,2014-08-01,58676.0,12839.387308533916,4354.062989978867,False,-104.20531511,32.08730517,agree,,27.5,27.5,BS2_S,none
3001541629,OWL DRAW 23 DM FEDERAL COM #002H,Mewbourne,30,Eddy,BS2_S,BS2_S,keep,True,,False,7588.0,False,4418.0,2014-03-06,61653.0,13954.956994114984,6472.450651225407,False,-104.16688044,32.02741059,agree,,116.5,116.5,BS2_S,none
3001541633,GRAHAM CRACKER 16 STATE #003H,ConocoPhillips,30,Eddy,BS2_S,BS2_S,keep,True,,False,8054.0,False,4187.0,2013-12-01,104600.0,24982.087413422498,6191.080305927342,False,-104.0891171,32.04166562,agree,,16.0,16.0,BS2_S,none
3001541639,POKER LAKE CVX JV BS FEDERAL COM #025H,Exxon Mobil,30,Eddy,BS2_S,BS2_S,keep,True,,False,9880.0,False,6834.0,2014-06-04,34967.0,5116.6227685103895,2800.18302971373,False,-103.85823335,32.11230315,off_band,,605.0,,BS2_S,none
3001541641,MYOX 32 STATE #001H,ConocoPhillips,30,Eddy,BS2_S,BS2_S,keep,True,,False,8029.0,False,4260.0,2014-02-01,59796.0,14036.61971830986,3262.8938390527796,False,-104.10706837,32.08590022,agree,,75.0,75.0,BS2_S,none
3001541642,MYOX 32 STATE #003H,ConocoPhillips,30,Eddy,BS2_S,BS2_S,keep,True,,False,7901.0,False,4101.0,2014-01-07,44943.0,10959.034381858084,4652.381905969784,False,-104.11578392,32.08568682,agree,,47.0,47.0,BS2_S,none
3001541650,LONE TREE DRAW 13 STATE #007H,Devon,30,Eddy,BS2_S,BS2_S,keep,True,,False,7760.0,False,4456.0,2014-01-01,59747.0,13408.213644524236,3703.01437729091,False,-104.14629572,32.48028071,agree,,31.0,31.0,BS2_S,none
3001541660,SRO STATE COM #012H,ConocoPhillips,30,Eddy,BS2_S,BS2_S,keep,True,,False,8049.0,False,4155.0,2014-01-20,69497.0,16726.113116726836,3784.0626214081185,False,-104.10297666,32.08656895,agree,,36.0,36.0,BS2_S,none
3001541670,REALLY SCARY FEDERAL #004H,ConocoPhillips,30,Eddy,BS2_S,BS2_S,keep,True,,False,8106.0,False,4337.0,2014-05-06,51261.0,11819.460456536775,2250.8339673435944,False,-104.09078691,32.173809,agree,,22.5,22.5,BS2_S,none
3001541694,JAMES RANCH UNIT DI 1 #163H,Exxon Mobil,30,Eddy,BS2_S,BS2_S,keep,True,,False,9417.0,False,7765.0,2014-01-29,91293.0,11756.986477784933,2154.0862935822024,False,-103.86573734,32.37561595,off_band,,734.0,,BS2_S,none
3001541717,ZIRCON 12 7 BC FEDERAL COM #001H,Mewbourne,30,Eddy,BS2_S,BS2_S,keep,True,,False,8197.0,False,4459.0,2013-11-03,74837.0,16783.35949764521,2264.0137899702017,False,-104.0195341,32.68042527,agree,,29.0,29.0,BS2_S,none
3001541719,DELAWARE RANCH 12 NC FEDERAL COM #001H,Mewbourne,30,Eddy,BS2_S,BS2_S,keep,True,,False,8317.0,False,4080.0,2014-01-02,48726.0,11942.64705882353,3610.6801297048805,False,-104.04264552,32.05683514,agree,,6.0,6.0,BS2_S,none
3001541720,TAOS FEDERAL #005H,Devon,30,Eddy,BS2_S,BS2_S,keep,False,,True,7362.0,False,4595.0,2015-01-13,89154.0,19402.393906420024,5352.165915158042,False,-104.23633494,32.17362875,agree,,164.5,164.5,BS2_S,none
3001541727,RATTLESNAKE 13 PM STATE #001H,Mewbourne,30,Eddy,BS2_S,BS2_S,keep,True,,False,7554.0,False,3968.0,2014-09-10,40443.0,10192.288306451612,744.8507776376629,False,-104.13015505,32.65545774,off_band,,1210.5,,BS3_C,none
3001541731,ZIRCON 1 HE STATE #002H,Mewbourne,30,Eddy,BS2_S,BS2_S,keep,True,,False,8168.0,False,4007.0,2014-01-09,47119.0,11759.171449962565,2025.2339820454595,False,-104.02897099,32.69130117,agree,,13.5,13.5,BS2_S,none
3001541738,LONE TREE DRAW 13 STATE COM #008H,Devon,30,Eddy,BS2_S,BS2_S,keep,True,,False,7822.0,False,4355.0,2015-04-01,69007.0,15845.464982778414,3513.6145608416537,False,-104.14089706,32.48007606,off_band,,1029.0,,BS2_S,none
3001541739,SRO STATE COM #041H,ConocoPhillips,30,Eddy,BS2_S,BS2_S,keep,True,,False,8140.0,False,9507.0,2017-11-01,186285.0,19594.509308930265,3315.1407789140294,True,-104.0737974,32.06410521,no_evidence,,,,BS2_S,none
3001541740,SRO STATE COM #029H,ConocoPhillips,30,Eddy,BS2_S,BS2_S,keep,True,,False,8117.0,False,9403.0,2015-05-22,109982.0,11696.479846857386,4254.405266316307,False,-104.07809502,32.06437833,off_band,,1261.0,,BS2_S,none
3001541743,MYOX 21 STATE COM #004H,ConocoPhillips,30,Eddy,BS2_S,BS2_S,keep,True,,False,8163.0,False,9577.0,2018-03-08,327116.0,34156.41641432599,3091.539392753641,True,-104.08498979,32.12259975,agree,,52.0,52.0,BS2_S,none
3001541745,MYOX 21 STATE COM #001H,ConocoPhillips,30,Eddy,BS2_S,BS2_S,keep,True,,False,8082.0,False,9768.0,2018-03-03,275854.0,28240.58149058149,3244.7127828488983,True,-104.0992293,32.12272927,agree,,71.0,71.0,BS2_S,none
3001541747,WINCHESTER 36 HE STATE #001H,Mewbourne,30,Eddy,BS2_S,BS2_S,keep,True,,False,7681.0,False,4016.0,2014-04-01,54963.0,13686.00597609562,2559.8493532012444,False,-104.13131591,32.61884542,agree,,40.0,40.0,BS2_S,none
3001541749,SHARPS 3 HE FEDERAL #001H,Mewbourne,30,Eddy,BS2_S,BS2_S,keep,True,,False,8132.0,False,4178.0,2014-03-01,49876.0,11937.769267592148,2679.2445264255352,False,-104.06419247,32.60442502,no_evidence,,,,BS2_S,none
3001541776,BLACK LAKE 7 MD STATE COM #001H,Mewbourne,30,Eddy,BS2_S,BS2_S,keep,True,,False,7923.0,False,4321.0,2014-04-01,46496.0,10760.47211293682,3020.3028217481074,False,-104.13412067,32.1444153,agree,,47.0,47.0,BS2_S,none
3001541777,BRADLEY 36 LI STATE COM #001H,Mewbourne,30,Eddy,BS2_S,BS2_S,keep,True,,False,8186.0,False,4165.0,2014-02-01,71102.0,17071.308523409363,2102.6131473094993,False,-104.02848761,32.70239129,agree,,44.0,44.0,BS2_S,none
3001541779,SRO STATE COM #048H,ConocoPhillips,30,Eddy,BS2_S,BS2_S,keep,True,,False,7913.0,False,9468.0,2014-04-18,125806.0,13287.494719053655,5750.7114128102,False,-104.12468135,32.04937626,agree,,19.5,19.5,BS2_S,none
3001541781,HENRY 8 IL FEDERAL #001H,Mewbourne,30,Eddy,BS2_S,BS2_S,keep,True,,False,7877.0,False,4136.0,2014-02-01,34102.0,8245.164410058027,4077.5907571403436,False,-104.09692916,32.58589921,off_band,,1123.5,,BS2_S,none
3001541788,MYOX 6 STATE COM #003H,ConocoPhillips,30,Eddy,BS2_S,BS2_S,keep,True,,False,7923.0,False,9482.0,2014-06-13,162051.0,17090.381775996626,5671.529333358017,False,-104.12898971,32.06409051,agree,,5.5,5.5,BS2_S,none
3001541791,SANDY FEDERAL #021H,Devon,30,Eddy,BS2_S,BS2_S,keep,True,,False,9906.0,False,5215.0,2014-10-01,33654.0,6453.307766059444,1431.033458132763,False,-103.8342941,32.29336398,agree,,82.5,82.5,BS2_S,none
3001541793,FORTY NINER RIDGE 25 FEDERAL #222H,Devon,30,Eddy,BS2_S,BS2_S,keep,False,,True,9870.0,False,5732.0,2014-10-02,71452.0,12465.457083042567,1166.1954878799754,False,-103.83380555,32.27685657,agree,,13.5,13.5,BS2_S,none
3001541795,SARGAS 28 FEDERAL COM #003H,Devon,30,Eddy,BS2_S,BS2_S,keep,True,,False,8838.0,False,4532.0,2014-04-01,58236.0,12849.955869373345,1132.5125352015934,False,-103.87559459,32.71557865,no_evidence,,,,BS2_S,none
3001541797,CASSIOPEIA BQD STATE COM #002H,Chevron,30,Eddy,BS2_S,BS2_S,keep,True,,False,7764.0,False,4362.0,2014-11-01,108305.0,24829.20678587804,6434.726005262915,False,-104.13762162,32.02812438,agree,,15.0,15.0,BS2_S,none
3001541798,BIG EDDY UNIT DI28 #254H,Exxon Mobil,30,Eddy,BS2_S,BS2_S,keep,True,,False,9155.0,False,12493.0,2014-04-23,94740.0,7583.446730168895,2065.3894870170993,False,-103.95305334,32.48139612,no_evidence,,,,BS2_S,none
3001541808,MARQUARDT FEDERAL #014H,Devon,30,Eddy,BS2_S,BS2_S,keep,True,,False,7201.0,False,4613.0,2014-06-10,143434.0,31093.431606329937,4707.970216266715,False,-104.23975372,32.15897706,agree,,30.5,30.5,BS2_S,none
3001541810,MARAUDER 31 FEDERAL #002H,ConocoPhillips,30,Eddy,BS2_S,BS2_S,keep,True,,False,8814.0,False,4160.0,2014-07-22,86857.0,20879.08653846154,1962.5476357691377,False,-103.91121668,32.61659474,no_evidence,,,,BS2_S,none
3001541811,MARAUDER 31 FEDERAL #004H,ConocoPhillips,30,Eddy,BS2_S,BS2_S,keep,True,,False,8961.0,False,4175.0,2014-07-04,101124.0,24221.31736526946,1408.2611447331988,False,-103.90163899,32.61611883,off_band,,752.0,,BS2_S,none
3001541818,COTTON DRAW UNIT #204H,Devon,30,Eddy,BS2_S,BS2_S,keep,True,,False,10413.0,False,4412.0,2014-05-01,135429.0,30695.6029011786,2274.8082020837487,False,-103.75091204,32.18837293,off_band,,537.0,,BS2_S,none
3001541819,SCOTER 6 FEDERAL #003H,Devon,30,Eddy,BS2_S,BS2_S,keep,True,,False,7319.0,False,4463.0,2014-04-11,79201.0,17746.134886847412,4849.143318897489,False,-104.22792426,32.1590756,agree,,39.0,39.0,BS2_S,none
3001541820,BIG EDDY UNIT DI2 #001H,Exxon Mobil,30,Eddy,BS2_S,BS2_S,keep,True,,False,9095.0,False,5511.0,2014-05-01,150160.0,27247.323534748684,1248.0221097496005,False,-103.86282964,32.62275533,agree,,63.0,63.0,BS2_S,none
3001541829,BUENA VISTA 2 STATE #004H,ConocoPhillips,30,Eddy,BS2_S,BS2_S,keep,True,,False,8550.0,False,4248.0,2014-06-09,137101.0,32274.246704331454,2448.9682788601103,False,-103.94947754,32.60266827,agree,,19.5,19.5,BS2_S,none
3001541830,SALADA VISTA 36 STATE #005H,ConocoPhillips,30,Eddy,BS2_S,BS2_S,keep,True,,False,8796.0,False,4390.0,2014-08-20,151976.0,34618.67881548975,2514.364110122651,False,-103.9244041,32.6127803,no_evidence,,,,BS2_S,none
3001541831,OXY BOO 9 STATE #002H,Permian Resources,30,Eddy,BS2_S,BS2_S,keep,True,,False,6559.0,False,4055.0,2014-09-01,27072.0,6676.20221948212,2497.7098108747045,False,-104.29931736,32.32171845,no_evidence,,,,BS2_S,none
3001541836,YARDBIRD 34 PA FEE #001H,Mewbourne,30,Eddy,BS2_S,BS2_S,keep,True,,False,8265.0,False,4384.0,2016-01-01,71529.0,16315.921532846716,1669.8961260467781,False,-104.06839474,32.26132225,agree,,57.5,57.5,BS2_S,none
3001541837,BOSS HOGG 15 STATE COM #003H,Permian Resources,30,Eddy,BS2_S,BS2_S,keep,True,,False,6775.0,False,4548.0,2015-01-01,27245.0,5990.545294635004,6385.612038906222,False,-104.27821362,32.30442044,off_band,,2096.0,,BS3_S,none
3001541845,HAYHURST 17 FEDERAL #001H,Chevron,30,Eddy,BS2_S,BS2_S,keep,True,,False,7421.0,False,4086.0,2014-05-19,105904.0,25918.74694077337,3657.8032935488745,False,-104.21928136,32.13029787,no_evidence,,,,BS2_S,none
3001541847,COTTON DRAW UNIT #203H,Devon,30,Eddy,BS2_S,BS2_S,keep,True,,False,10452.0,False,4132.0,2014-05-02,126242.0,30552.274927395934,2426.2844378257632,False,-103.75506162,32.18871436,off_band,,492.5,,BS2_S,none
3001541848,HAYHURST 18 FEDERAL #001H,Chevron,30,Eddy,BS2_S,BS2_S,keep,True,,False,7319.0,False,3849.0,2014-07-09,84392.0,21925.694985710576,3911.1171675040287,False,-104.22394712,32.12989352,no_evidence,,,,BS2_S,none
3001541849,MARQUARDT FEDERAL #011H,Devon,30,Eddy,BS2_S,BS2_S,keep,True,,False,7175.0,False,4536.0,2014-12-01,114124.0,25159.611992945327,4660.386947530756,False,-104.24886996,32.14357516,agree,,26.0,26.0,BS2_S,none
3001541850,MARQUARDT FEDERAL #012H,Devon,30,Eddy,BS3_C,BS2_S,reassign,True,class BS3_C->BS2_S (precision 0.90) + sql/23 concurs + GOR none,False,7318.0,False,4348.0,2014-05-18,114787.0,26399.954001839928,1679.0490212306272,False,-104.23925908,32.14445481,flag,BS2_S,62.0,,BS2_S,none
3001541857,STATE CV COM #002H,Permian Resources,30,Eddy,BS2_S,BS2_S,keep,True,,False,7462.0,False,4065.0,2014-09-12,27097.0,6665.928659286593,1818.8360335092445,False,-104.18371545,32.57621547,off_band,,1304.0,,BS2_S,none
3001541861,BIG EDDY UNIT DI2 #002H,Exxon Mobil,30,Eddy,BS2_S,BS2_S,keep,True,,False,9190.0,False,5951.0,2014-05-01,116635.0,19599.227020668797,1389.1027564624683,False,-103.86326457,32.61837209,agree,,51.0,51.0,BS2_S,none
3001541864,MYOX 19 STATE #003H,ConocoPhillips,30,Eddy,BS2_S,BS2_S,keep,True,,False,7877.0,False,3989.0,2014-09-25,93317.0,23393.582351466535,3991.052005529539,False,-104.12484231,32.1155164,agree,,9.0,9.0,BS2_S,none
3001541869,COTTON DRAW UNIT #213H,Devon,30,Eddy,BS2_S,BS2_S,keep,True,,False,10412.0,False,4058.0,2014-10-01,110565.0,27246.18038442583,3055.9761226427895,False,-103.74188202,32.17330647,agree,,2.0,2.0,BS2_S,none
3001541886,DEVON 8 FEE #003H,Occidental,30,Eddy,BS2_S,BS2_S,keep,True,,False,8143.0,False,3920.0,2014-09-01,31072.0,7926.530612244898,2810.858650875386,False,-104.10849167,32.13895167,agree,,128.0,128.0,BS2_S,none
3001541887,PREACHER 19 FEDERAL #003H,Devon,30,Eddy,BS2_S,BS2_S,keep,True,,False,7315.0,False,4501.0,2014-07-04,16052.0,3566.318595867585,5643.222028407675,False,-104.22753597,32.2022998,no_evidence,,,,BS2_S,none
3001541896,DORADO 34 EH FEDERAL COM #001H,Mewbourne,30,Eddy,BS2_S,BS2_S,keep,True,,False,8492.0,False,4176.0,2014-02-01,34549.0,8273.227969348658,1165.880343859446,False,-103.96020687,32.70538864,no_evidence,,,,BS2_S,none
3001541900,BETELGEUSE 19 FEDERAL #008H,Devon,30,Eddy,BS2_S,BS2_S,keep,True,,False,8903.0,False,4260.0,2015-07-01,100282.0,23540.375586854458,3623.082906204503,False,-103.89095289,32.64527829,agree,,50.0,50.0,BS2_S,none
3001541914,AQUILA 22 FEDERAL COM #013H,Devon,30,Eddy,BS2_S,BS2_S,keep,True,,False,9144.0,False,4607.0,2014-10-02,41286.0,8961.580204037335,685.922588771012,False,-103.85684041,32.64437388,agree,,8.0,8.0,BS2_S,none
3001541919,MYOX 6 STATE #002H,ConocoPhillips,30,Eddy,BS2_S,BS2_S,keep,True,,False,7944.0,False,4254.0,2017-05-16,54563.0,12826.28114715562,6851.456114949691,False,-104.12443158,32.07097887,agree,,20.0,20.0,BS2_S,none
3001541923,MYOX 8 STATE #003H,ConocoPhillips,30,Eddy,BS2_S,BS2_S,keep,True,,False,8014.0,False,4518.0,2015-01-20,71685.0,15866.533864541832,5569.603124782033,False,-104.11088814,32.05669784,agree,,48.0,48.0,BS2_S,none
3001541924,MYOX 8 STATE #004H,ConocoPhillips,30,Eddy,BS2_S,BS2_S,keep,True,,False,8016.0,False,4436.0,2014-10-20,84261.0,18994.815148782687,4783.233049690842,False,-104.11530805,32.05678066,agree,,50.0,50.0,BS2_S,none
3001541930,SRO STATE #058H,ConocoPhillips,30,Eddy,BS2_S,BS2_S,keep,True,,False,8294.0,False,4275.0,2014-07-25,66248.0,15496.608187134503,3502.83782151914,False,-104.05978942,32.07140324,off_band,,1606.0,,BS2_S,none
3001541931,SRO STATE #059H,ConocoPhillips,30,Eddy,BS2_S,BS2_S,keep,True,,False,8260.0,False,3055.0,2014-07-23,45466.0,14882.487725040917,2880.438129591343,False,-104.06353564,32.07143817,agree,,81.5,81.5,BS2_S,none
3001541935,GRAHAM CRACKER 16 STATE #001H,ConocoPhillips,30,Eddy,BS2_S,BS2_S,keep,True,,False,8026.0,False,4089.0,2014-07-13,77888.0,19048.178038640257,4526.422555464256,False,-104.09856265,32.04225282,agree,,10.0,10.0,BS2_S,none
3001541940,BIG SINKS DRAW 25 FEDERAL COM #003H,Devon,30,Eddy,BS2_S,BS2_S,keep,False,,True,10343.0,False,6949.0,2015-05-01,230789.0,33211.829040149656,2780.279822695189,False,-103.72944396,32.11255885,agree,,123.5,123.5,BS2_S,none
3001541941,COTTON DRAW UNIT #211H,Devon,30,Eddy,BS2_S,BS2_S,keep,True,,False,10314.0,False,4251.0,2014-09-01,196204.0,46154.78710891555,2375.8842837047155,False,-103.75980259,32.17368558,agree,,77.5,77.5,BS2_S,none
3001541949,HADAR 10 FEDERAL COM #001H,Devon,30,Eddy,BS2_S,BS2_S,keep,True,,False,9040.0,False,4544.0,2014-12-01,69496.0,15294.014084507042,1180.0966962127316,False,-103.85707977,32.6813398,agree,,29.0,29.0,BS2_S,none
3001541951,DERRINGER 18 LI FEDERAL #001H,Mewbourne,30,Eddy,BS2_S,BS2_S,keep,True,,False,7691.0,False,4104.0,2014-07-01,78421.0,19108.430799220274,3011.157725609212,False,-104.11433154,32.57118268,agree,,117.0,117.0,BS2_S,none
3001541952,RUGER 31 DA FEDERAL COM #001H,Mewbourne,30,Eddy,BS2_S,BS2_S,keep,True,,False,7721.0,False,3905.0,2014-04-01,103232.0,26435.851472471193,2409.998837569746,False,-104.11361319,32.6224553,agree,,29.5,29.5,BS2_S,none
3001541955,HENRY 8 PM FEDERAL COM #001H,Mewbourne,30,Eddy,BS2_S,BS2_S,keep,True,,False,7819.0,False,3977.0,2014-05-01,59311.0,14913.502640181041,3254.151843671494,False,-104.09792251,32.58250745,agree,,58.0,58.0,BS2_S,none
3001541964,MIZAR 11 FED COM #001H,Devon,30,Eddy,BS2_S,BS2_S,keep,True,,False,9045.0,False,4385.0,2014-12-01,103042.0,23498.745724059292,822.2181246482018,False,-103.83982882,32.68124635,agree,,32.0,32.0,BS2_S,none
3001541971,CRAIG STATE #003H,ConocoPhillips,30,Eddy,BS2_S,BS2_S,keep,True,,False,7351.0,False,3972.0,2014-05-27,129000.0,32477.341389728095,4889.581395348837,False,-104.24931691,32.08629114,agree,,104.5,104.5,BS2_S,none
3001541981,CRAIG STATE #004H,ConocoPhillips,30,Eddy,BS2_S,BS2_S,keep,True,,False,7378.0,False,4084.0,2015-04-24,156060.0,38212.536728697356,4329.354094579008,False,-104.24418557,32.0865028,agree,,113.0,113.0,BS2_S,none
3001542006,BIG EDDY UNIT #257H,Exxon Mobil,30,Eddy,BS2_S,BS2_S,keep,True,,False,9223.0,False,5770.0,2014-05-01,75172.0,13028.076256499133,1027.1244612355665,False,-103.86182897,32.61157502,agree,,87.0,87.0,BS3_C,none
3001542007,BIG EDDY UNIT DI9 #035H,Exxon Mobil,30,Eddy,BS2_S,BS2_S,keep,True,,False,8999.0,False,11102.0,2014-07-16,74820.0,6739.3262475229685,1362.4699278267842,False,-103.8992054,32.4586259,no_evidence,,,,BS2_S,none
3001542008,BIG EDDY UNIT DI9 #034H,Exxon Mobil,30,Eddy,BS2_S,BS2_S,keep,True,,False,9241.0,False,10704.0,2014-10-22,85108.0,7951.046337817638,1550.9352822296376,False,-103.90077558,32.45570723,no_evidence,,,,BS2_S,none
3001542016,BLUE THUNDER 5 FEDERAL COM #005H,ConocoPhillips,30,Eddy,BS2_S,BS2_S,keep,True,,False,8887.0,False,4438.0,2014-05-06,97612.0,21994.592158630014,1718.6309060361432,False,-103.89143041,32.68715002,agree,,64.0,64.0,BS2_S,none
3001542057,SRO STATE #061H,ConocoPhillips,30,Eddy,BS2_S,BS2_S,keep,True,,False,8812.0,False,4181.0,2014-05-18,107978.0,25825.878976321455,4980.2922817611,False,-104.07329375,32.0428271,off_band,,452.0,681.0,BS2_S,none
3001542058,CEDAR CANYON 17 #001H,Occidental,30,Eddy,BS2_S,BS2_S,keep,True,,False,8619.0,False,4025.0,2014-08-07,69026.0,17149.316770186335,271.2890794772984,False,-104.00725849,32.21934153,agree,,27.5,27.5,BS2_S,none
3001542059,CHAMAELEON BIN STATE COM #002H,Chevron,30,Eddy,BS2_S,BS2_S,keep,True,,False,7805.0,False,6492.0,2015-04-04,107716.0,16592.113370301908,8044.5337739982915,False,-104.1378991,32.00970353,agree,,43.5,43.5,BS2_S,none
3001542070,LONE TREE DRAW 14 STATE COM #001H,Devon,30,Eddy,BS2_S,BS2_S,keep,True,,False,7691.0,False,4612.0,2016-06-30,45334.0,9829.575021682567,3991.37512683637,False,-104.1549852,32.48073135,agree,,72.5,72.5,BS2_S,none
3001542071,COTTON DRAW UNIT #205H,Devon,30,Eddy,BS2_S,BS2_S,keep,True,,False,10474.0,False,4418.0,2015-03-01,162652.0,36815.7537347216,2126.7921697858005,False,-103.74557177,32.18806633,agree,,57.5,57.5,BS2_S,none
3001542072,COTTON DRAW UNIT #206H,Devon,30,Eddy,BS2_S,BS2_S,keep,True,,False,10496.0,False,4417.0,2015-03-01,189592.0,42923.25107539054,2093.052449470442,False,-103.7434623,32.1880773,agree,,65.0,65.0,BS2_S,none
3001542073,COTTON DRAW UNIT #207H,Devon,30,Eddy,BS2_S,BS2_S,keep,True,,False,10497.0,False,4349.0,2015-04-01,195200.0,44883.88135203495,1887.1670081967213,False,-103.73689726,32.1880792,agree,,29.0,29.0,BS2_S,none
3001542076,ANTARES 23 FEDERAL #013H,Devon,30,Eddy,BS2_S,BS2_S,keep,True,,False,9268.0,False,4457.0,2014-10-02,71702.0,16087.50280457707,1293.9527488772976,False,-103.83993583,32.64459352,agree,,52.0,52.0,BS2_S,none
3001542078,HACKBERRY 23 FEDERAL COM #003H,Devon,30,Eddy,BS2_S,BS2_S,keep,True,,False,8547.0,False,9820.0,2015-05-01,152825.0,15562.627291242363,2532.7008015704237,False,-103.95111072,32.64034766,agree,,1.0,1.0,BS2_S,none
3001542082,ARK 36 STATE #001H,Devon,30,Eddy,BS2_S,BS2_S,keep,True,,False,10432.0,False,4386.0,2014-11-01,172842.0,39407.66073871409,1258.270559239074,False,-103.73775393,32.34765959,off_band,,1353.0,,BS2_S,none
3001542085,DARTHROW STATE #002H,ConocoPhillips,30,Eddy,BS2_S,BS2_S,keep,True,,False,8440.0,False,4034.0,2014-09-08,62171.0,15411.750123946455,2870.2288848498497,False,-104.0190696,32.55872991,no_evidence,,,,BS2_S,none
3001542088,CYPRESS 34 FEDERAL #009H,Occidental,30,Eddy,BS2_S,BS2_S,keep,True,,False,8999.0,False,3900.0,2014-06-04,32497.0,8332.564102564103,3975.997784410869,False,-103.96686219,32.26126844,agree,,184.0,184.0,BS2_S,none
3001542089,MAVERICK 13 DM FED COM #001H,Mewbourne,30,Eddy,BS2_S,BS2_S,keep,True,,False,7060.0,False,4010.0,2014-06-05,1350.0,336.65835411471323,3276.296296296296,False,-104.2529169,32.21753003,no_evidence,,,,BS2_S,none
3001542091,COTTON DRAW 14 FED COM #001H,Devon,30,Eddy,BS2_S,BS2_S,keep,True,,False,10406.0,False,4113.0,2015-01-01,130987.0,31847.07026501337,1912.8768503744645,False,-103.75440266,32.13038402,agree,,37.0,37.0,BS2_S,none
3001542092,COTTON DRAW 14 FED COM #002H,Devon,30,Eddy,BS2_S,BS2_S,keep,True,,False,10434.0,False,4163.0,2015-03-08,118090.0,28366.56257506606,2654.7887204674403,False,-103.74867306,32.12899881,agree,,17.5,17.5,BS2_S,none
3001542093,HACKBERRY 23 FEDERAL COM #002H,Devon,30,Eddy,BS2_S,BS2_S,keep,True,,False,8550.0,False,9795.0,2014-06-22,158033.0,16134.047983665134,1997.3170160662646,False,-103.95118429,32.64422561,agree,,12.0,12.0,BS2_S,none
3001542099,SRO STATE #062H,ConocoPhillips,30,Eddy,BS2_S,BS2_S,keep,True,,False,8122.0,False,4158.0,2014-06-12,81871.0,19689.995189995192,5008.24467760257,False,-104.07669667,32.04172369,agree,,7.5,7.5,BS2_S,none
3001542111,POKER LAKE UNIT CVX JV BS #027H,Exxon Mobil,30,Eddy,BS2_S,BS2_S,keep,True,,False,1030.0,False,7200.0,2014-11-04,70812.0,9835.0,1767.1298649946336,False,-103.76789832,32.17697999,off_band,,7904.0,9361.5,OTHER,none
3001542115,GLOCK 17 LI FED #001H,Mewbourne,30,Eddy,BS2_S,BS2_S,keep,True,,False,7815.0,False,4243.0,2014-05-01,50351.0,11866.839500353522,2809.0206748624655,False,-104.09658329,32.57112678,off_band,,1200.5,,BS2_S,none
3001542126,COTTON DRAW 10 FEDERAL COM #003H,Devon,30,Eddy,BS2_S,BS2_S,keep,True,,False,10410.0,False,4223.0,2014-10-01,132411.0,31354.724129765567,3645.87534268301,False,-103.76395731,32.14462591,agree,,4.0,4.0,BS2_S,none
3001542127,COTTON DRAW 10 FEDERAL COM #004H,Devon,30,Eddy,BS2_S,BS2_S,keep,True,,False,10412.0,False,4097.0,2014-09-01,100669.0,24571.3937027093,3517.3787362544576,False,-103.7601974,32.14509324,agree,,6.0,6.0,BS2_S,none
3001542131,MIRAGE 30 B2HE STATE COM #001H,Mewbourne,30,Eddy,BS2_S,BS2_S,keep,True,,False,7742.0,False,3778.0,2015-03-20,43862.0,11609.846479618845,3296.589302813369,False,-104.11350662,32.63439933,no_evidence,,,,BS2_S,none
3001542132,JACK FEDERAL #002H,ConocoPhillips,30,Eddy,BS2_S,BS2_S,keep,True,,False,7420.0,False,4014.0,2014-07-28,133438.0,33243.14897857499,3893.8458310226474,False,-104.23678538,32.08643883,agree,,75.0,75.0,BS2_S,none
3001542133,JACK FEDERAL #003H,ConocoPhillips,30,Eddy,BS2_S,BS2_S,keep,True,,False,7491.0,False,4384.0,2014-11-06,149297.0,34054.97262773723,4292.470712740376,False,-104.23132776,32.08612123,agree,,31.5,31.5,BS2_S,none
3001542134,JACK FEDERAL #004H,ConocoPhillips,30,Eddy,BS2_S,BS2_S,keep,True,,False,7499.0,False,4021.0,2014-05-12,192453.0,47861.97463317583,3669.207546777655,False,-104.22764375,32.08568764,agree,,21.0,21.0,BS2_S,none
3001542135,JACK FEDERAL #005H,ConocoPhillips,30,Eddy,BS2_S,BS2_S,keep,True,,False,7516.0,False,4149.0,2014-11-01,137186.0,33064.8348999759,4729.207061945096,False,-104.22245623,32.08571957,agree,,25.0,25.0,BS2_S,none
3001542146,BLAST BLA FEDERAL #002H,Chevron,30,Eddy,BS2_S,BS2_S,keep,True,,False,7584.0,False,4452.0,2014-12-01,66880.0,15022.461814914646,5257.670454545455,False,-104.21247189,32.03314747,agree,,43.5,43.5,BS2_S,none
3001542147,BLAST BLA FEDERAL #003H,Chevron,30,Eddy,BS2_S,BS2_S,keep,True,,False,7675.0,False,4223.0,2014-12-01,110782.0,26233.009708737864,5199.57213265693,False,-104.19478477,32.03315858,ambiguous,,64.0,91.0,BS2_S,none
3001542150,MEDWICK 32 FEDERAL COM #012H,Devon,30,Eddy,BS2_S,BS2_S,keep,False,,True,7424.0,False,6417.0,2015-05-05,130402.0,20321.333956677572,9938.49787579945,False,-104.20573314,32.01074634,agree,,35.5,35.5,BS2_S,none
3001542161,WHITE CITY 8 FEDERAL #004H,Devon,30,Eddy,BS2_S,BS2_S,keep,True,,False,7494.0,False,4545.0,2015-11-05,180137.0,39634.103410341035,4564.942238407434,False,-104.21030023,32.14470738,agree,,139.0,139.0,BS2_S,none
3001542165,HORNSBY 35 FEDERAL COM #002H,Devon,30,Eddy,BS2_S,BS2_S,keep,True,,False,7699.0,False,6769.0,2015-05-03,67936.0,10036.342148027774,8901.789919924635,False,-104.1660642,32.00953669,agree,,52.5,52.5,BS2_S,none
3001542168,HORNSBY 35 FEDERAL COM #007H,Devon,30,Eddy,BS2_S,BS2_S,keep,True,,False,7710.0,False,6521.0,2017-10-31,196510.0,30134.94862751112,5036.374739199023,True,-104.15989982,32.01010177,agree,,52.0,52.0,BS2_S,none
3001542169,HORNSBY 35 FEDERAL COM #008H,Devon,30,Eddy,BS2_S,BS2_S,keep,False,,True,7780.0,False,6505.0,2017-10-30,231546.0,35595.08070714835,5035.008162524941,True,-104.15730142,32.01031332,agree,,107.0,107.0,BS2_S,none
3001542172,MEDWICK 32 FEDERAL COM #007H,Devon,30,Eddy,BS2_S,BS2_S,keep,True,,False,7460.0,False,6510.0,2017-09-01,287818.0,44211.674347158216,5325.1464467128535,True,-104.21214789,32.01058293,agree,,16.0,16.0,BS2_S,none
3001542173,MEDWICK 32 FEDERAL COM #008H,Devon,30,Eddy,BS2_S,BS2_S,keep,True,,False,7459.0,False,6480.0,2017-09-01,296726.0,45791.049382716046,5506.858178926012,True,-104.20891855,32.01048951,agree,,18.0,18.0,BS2_S,none
3001542180,KLEIN 33 FEDERAL COM #007H,Devon,30,Eddy,BS2_S,BS2_S,keep,True,,False,7492.0,False,6727.0,2017-01-29,254579.0,37844.358555076564,5783.89026588996,True,-104.19489636,32.01016619,agree,,1.0,1.0,BS2_S,none
3001542181,KLEIN 33 FEDERAL COM #008H,Devon,30,Eddy,BS2_S,BS2_S,keep,True,,False,7464.0,False,6722.0,2017-01-29,232406.0,34573.93632847367,5321.7515898901065,True,-104.19310446,32.01001253,agree,,54.0,54.0,BS2_S,none
3001542182,KLEIN 33 FEDERAL COM #010H,Devon,30,Eddy,BS2_S,BS2_S,keep,True,,False,7503.0,False,6435.0,2017-11-17,200605.0,31174.048174048174,7901.587697215922,True,-104.18851124,32.01013193,agree,,57.0,57.0,BS2_S,none
3001542185,LEO 15 DA FEDERAL COM #001H,Mewbourne,30,Eddy,BS2_S,BS2_S,keep,True,,False,8303.0,False,3775.0,2014-08-18,119435.0,31638.41059602649,1876.2841713065684,False,-103.95976319,32.75366366,agree,,23.5,23.5,BS2_S,none
3001542193,MALAGA 30 LI FED COM #001H,Mewbourne,30,Eddy,BS2_S,BS2_S,keep,True,,False,8493.0,False,3982.0,2014-07-04,45244.0,11362.129583124059,1142.5161347360977,False,-104.02370439,32.18684917,off_band,,839.0,,BS2_S,none
3001542203,GRAHAM NASH STATE COM #008H,ConocoPhillips,30,Eddy,BS2_S,BS2_S,keep,True,,False,7893.0,False,6351.0,2014-08-28,110472.0,17394.426074633917,5764.872546889709,False,-104.0987242,32.010021,agree,,9.5,9.5,BS2_S,none
3001542207,ZIRCON 12 7 GF FEDERAL COM #001H,Mewbourne,30,Eddy,BS2_S,BS2_S,keep,True,,False,8211.0,False,4351.0,2014-05-07,82401.0,18938.404964376005,2551.9593208820284,False,-104.02054089,32.6770931,agree,,63.0,63.0,BS2_S,none
3001542218,BIG EDDY UNIT #258H,Exxon Mobil,30,Eddy,BS2_S,BS2_S,keep,True,,False,9081.0,False,4958.0,2014-09-01,147555.0,29760.9923356192,1282.6607027887906,False,-103.85647051,32.62785823,off_band,,743.5,,BS2_S,none
3001542220,NORTH BRUSHY DRAW FEDERAL 35 #009H,Devon,30,Eddy,BS2_S,BS2_S,keep,True,,False,8990.0,False,3872.0,2014-05-01,29331.0,7575.154958677686,1963.2811700930756,False,-103.94743779,32.08614824,off_band,,604.0,,BS2_S,none
3001542224,DAISY DUKE 31 STATE COM #003H,Permian Resources,30,Eddy,BS2_S,BS2_S,keep,True,,False,6376.0,False,3525.0,2015-06-01,2330.0,660.9929078014184,7439.055793991416,False,-104.33394337,32.34638938,no_evidence,,,,BS2_S,none
3001542236,LONGVIEW FEDERAL 12 #002H,Devon,30,Eddy,BS2_S,BS2_S,keep,True,,False,8332.0,False,4886.0,2016-01-15,83781.0,17147.155137126483,1658.335422112412,False,-104.03774953,32.33322907,agree,,101.0,101.0,BS2_S,none
3001542238,LONGVIEW FEDERAL 12 #004H,Devon,30,Eddy,BS2_S,BS2_S,keep,True,,False,8440.0,False,4652.0,2016-01-15,92560.0,19896.81857265692,1424.2977528089887,False,-104.03321908,32.33353237,agree,,29.0,29.0,BS2_S,none
3001542262,LIBERTY 24 FEDERAL COM #004H,Devon,30,Eddy,BS2_S,BS2_S,keep,True,,False,7289.0,False,4583.0,2014-10-10,92083.0,20092.29762164521,4926.186158139939,False,-104.2526812,32.11518846,agree,,29.5,29.5,BS2_S,none
3001542270,EAST PECOS FEDERAL 22 #005H,Devon,30,Eddy,BS2_S,BS2_S,keep,True,,False,8648.0,False,3872.0,2015-08-01,42131.0,10880.940082644627,2982.29332320619,False,-103.97354567,32.02829764,agree,,36.0,36.0,BS2_S,none
3001542273,SCOTER 6 FEDERAL #005H,Devon,30,Eddy,BS2_S,BS2_S,keep,True,,False,7194.0,False,4744.0,2015-11-01,189776.0,40003.37268128162,4700.794621026895,False,-104.23587878,32.1590262,agree,,55.0,55.0,BS2_S,none
3001542281,EAST PECOS FEDERAL COM 22 #006H,Devon,30,Eddy,BS2_S,BS2_S,keep,True,,False,8676.0,False,4114.0,2016-03-01,50687.0,12320.612542537676,4399.964487935763,False,-103.96905974,32.02748709,off_band,,700.0,,BS2_S,none
3001542285,EAST PECOS FEDERAL 22 #003H,Devon,30,Eddy,BS2_S,BS2_S,keep,True,,False,8604.0,False,4120.0,2015-01-13,43829.0,10638.106796116504,3138.606858472701,False,-103.97919812,32.02774375,agree,,8.0,8.0,BS2_S,none
3001542287,EAST PECOS FEDERAL COM 22 #007H,Devon,30,Eddy,BS2_S,BS2_S,keep,True,,False,8588.0,False,4120.0,2014-06-01,67339.0,16344.417475728154,4484.652281738666,False,-103.96629018,32.02735358,off_band,,788.0,,BS2_S,none
3001542318,COTTON DRAW UNIT #217H,Devon,30,Eddy,BS2_S,BS2_S,keep,True,,False,10393.0,False,4417.0,2015-01-01,131720.0,29821.14557391895,2290.441846340723,False,-103.75961538,32.15955677,agree,,5.0,5.0,BS2_S,none
3001542321,COTTONTAIL 16 STATE COM #001H,Raybaw Operating,30,Eddy,BS2_S,BS2_S,keep,True,,False,8713.0,False,4222.0,2015-04-01,132504.0,31384.178114637612,2286.6253094246213,False,-103.9872523,32.13043747,off_band,,1320.0,,BS2_S,none
3001542327,COPPERHEAD FEE A #003H,ConocoPhillips,30,Eddy,BS2_S,BS2_S,keep,True,,False,8303.0,False,5180.0,2015-01-21,85241.0,16455.791505791505,3720.5218146197253,False,-104.03019135,32.00911748,agree,,83.0,83.0,BS2_S,none
3001542345,MIZAR 11 FED COM #002H,Devon,30,Eddy,BS2_S,BS2_S,keep,True,,False,9046.0,False,4479.0,2016-01-03,68085.0,15200.937709310114,1021.9137842402879,False,-103.84041575,32.67640455,agree,,44.0,44.0,BS2_S,none
3001542346,HADAR 10 FEDERAL COM #002H,Devon,30,Eddy,BS2_S,BS2_S,keep,True,,False,9081.0,False,4425.0,2016-01-21,36947.0,8349.604519774011,666.3057893739681,False,-103.85750639,32.67607371,agree,,8.0,8.0,BS2_S,none
3001542353,LAYLA 35 B2NC FEE #002H,Mewbourne,30,Eddy,BS2_S,BS2_S,keep,True,,False,8331.0,False,4338.0,2014-09-02,53389.0,12307.284462886124,1777.7070182996497,False,-104.06070715,32.26137733,off_band,,546.0,,BS2_S,none
3001542357,HADAR 10 FEDERAL COM #003H,Devon,30,Eddy,BS2_S,BS2_S,keep,True,,False,9090.0,False,4456.0,2016-11-28,38169.0,8565.754039497308,864.6545626031597,False,-103.85793827,32.67384884,agree,,13.0,13.0,BS2_S,none
3001542375,POKER LAKE CVX JV BS #026H,Exxon Mobil,30,Eddy,BS2_S,BS2_S,keep,True,,False,9853.0,False,6330.0,2014-09-01,24815.0,3920.2211690363347,3618.375982268789,False,-103.84492642,32.22036064,off_band,,1394.0,,BS2_S,none
3001542393,POKER LAKE CVX JV BS COM #028H,Exxon Mobil,30,Eddy,BS2_S,BS2_S,keep,True,,False,9885.0,False,6340.0,2014-09-01,32992.0,5203.785488958991,2274.854510184287,False,-103.84568543,32.19849977,off_band,,710.0,,BS2_S,none
3001542403,BRADLEY 36 B2EH STATE COM #001H,Mewbourne,30,Eddy,BS2_S,BS2_S,keep,True,,False,8181.0,False,4041.0,2014-09-01,72164.0,17857.955951497155,2122.720470040463,False,-104.02856364,32.70595515,agree,,25.0,25.0,BS2_S,none
3001542412,AIRBUS 12 FEDERAL #003H,ConocoPhillips,30,Eddy,BS2_S,BS2_S,keep,True,,False,9136.0,False,4248.0,2015-08-29,28217.0,6642.419962335216,1312.967360102066,False,-103.82491731,32.67531315,no_evidence,,,,BS2_S,none
3001542414,COTTON DRAW UNIT #225H,Devon,30,Eddy,BS2_S,BS2_S,keep,True,,False,10424.0,False,4093.0,2015-01-01,155053.0,37882.482286831175,2878.0997465382807,False,-103.75485394,32.14444121,agree,,16.0,16.0,BS2_S,none
3001542415,COTTON DRAW UNIT #226H,Devon,30,Eddy,BS2_S,BS2_S,keep,True,,False,10460.0,False,4201.0,2015-01-01,149746.0,35645.322542251844,2659.0426455464585,False,-103.75219834,32.14512264,agree,,52.0,52.0,BS2_S,none
3001542418,MARQUARDT FEDERAL #018H,Devon,30,Eddy,BS2_S,BS2_S,keep,False,,True,7220.0,False,4285.0,2015-05-01,102360.0,23887.9813302217,5453.21414615084,False,-104.25323385,32.14509666,agree,,26.0,26.0,BS2_S,none
3001542421,CEDAR CANYON 15 FEDERAL COM #005H,Occidental,30,Eddy,BS3_C,BS2_S,reassign,True,class BS3_C->BS2_S (precision 0.90) + sql/23 concurs + GOR none,False,8809.0,False,3783.0,2014-12-06,100137.0,26470.26169706582,1877.5277869319034,False,-103.97210435,32.22246978,flag,BS2_S,25.0,,BS2_S,none
3001542427,POKER LAKE UNIT CVX JV BS #035H,Exxon Mobil,30,Eddy,BS2_S,BS2_S,keep,True,,False,10245.0,False,6662.0,2016-02-01,167099.0,25082.407685379767,1829.9870136864972,True,-103.81920331,32.19812413,agree,,180.0,180.0,BS2_S,none
3001542432,DIAMONDBACK 22 STATE COM #005H,ConocoPhillips,30,Eddy,BS2_S,BS2_S,keep,True,,False,8111.0,False,4040.0,2015-03-05,63476.0,15711.88118811881,4711.528766777995,False,-104.06898701,32.02760748,agree,,37.0,37.0,BS2_S,none
3001542433,DUMP YARD 2 STATE #001H,Permian Resources,30,Eddy,BS2_S,BS2_S,keep,True,,False,8493.0,False,6351.0,2014-11-25,60402.0,9510.628247520077,2803.5329955961724,False,-104.06468277,32.51265368,off_band,,1427.0,,BS2_S,none
3001542439,COOKIE TOSSER STATE COM #001H,Diversified Energy,30,Eddy,BS2_S,BS2_S,keep,True,,False,8297.0,False,4208.0,2016-03-15,79452.0,18881.178707224335,2072.3203947037205,False,-103.97032901,32.74827269,agree,,15.0,15.0,BS2_S,none
3001542440,COOKIE TOSSER STATE COM #002H,Diversified Energy,30,Eddy,BS2_S,BS2_S,keep,True,,False,8282.0,False,4323.0,2016-03-07,65505.0,15152.67175572519,1831.356385008778,False,-103.97458657,32.74734209,agree,,25.0,25.0,BS2_S,none
3001542453,GRAHAM NASH STATE COM #005H,ConocoPhillips,30,Eddy,BS2_S,BS2_S,keep,True,,False,8058.0,False,6508.0,2019-10-11,189185.0,29069.60663798402,4827.1797446943465,True,-104.0848631,32.01058872,off_band,,1243.0,,BS2_S,none
3001542455,LIZARD POT FEDERAL #005H,ConocoPhillips,30,Eddy,BS2_S,BS2_S,keep,False,,True,9398.0,False,4431.0,2015-02-04,192050.0,43342.360640938845,1660.338453527727,False,-103.82079625,32.60465327,agree,,57.0,57.0,BS2_S,none
3001542457,BIG SINKS 2 24 30 STATE #003H,Exxon Mobil,30,Eddy,BS2_S,BS2_S,keep,True,,False,9858.0,False,4324.0,2015-01-04,14483.0,3349.444958371878,1414.0716702340676,False,-103.84989475,32.2487381,off_band,,1389.0,,BS2_S,none
3001542464,GRAHAM NASH STATE COM #006H,ConocoPhillips,30,Eddy,BS2_S,BS2_S,keep,True,,False,7977.0,False,6003.0,2014-12-12,106943.0,17814.925870398136,5135.436634468829,False,-104.09008312,32.01060581,agree,,20.0,20.0,BS2_S,none
3001542471,MARQUARDT FEDERAL #015H,Devon,30,Eddy,BS2_S,BS2_S,keep,False,,True,7105.0,False,4630.0,2015-10-26,134925.0,29141.4686825054,4855.504910135261,False,-104.24888025,32.15902181,agree,,89.0,89.0,BS2_S,none
3001542474,RUGER 31 B2EH FEDERAL #001H,Mewbourne,30,Eddy,BS2_S,BS2_S,keep,True,,False,7735.0,False,4160.0,2014-12-01,50956.0,12249.038461538461,2482.7890729256615,False,-104.11388173,32.6187292,off_band,,741.5,,BS2_S,none
3001542479,BIG EDDY UNIT DI4 #270H,Exxon Mobil,30,Eddy,BS2_S,BS2_S,keep,True,class BS2_S->BS3_C rejected (precision 0.33),False,9049.0,False,4500.0,2014-11-01,37513.0,8336.222222222223,1327.3265268040414,False,-103.90050834,32.60418121,flag,BS3_C,36.0,,BS3_C,none
3001542484,HORNED OWL FEDERAL #001H,ConocoPhillips,30,Eddy,BS2_S,BS2_S,keep,True,,False,7346.0,False,4245.0,2015-03-12,70843.0,16688.57479387515,7716.513981621331,False,-104.25337473,32.01300098,ambiguous,,44.0,133.5,BS2_S,none
3001542485,HORNED OWL FEDERAL #002H,ConocoPhillips,30,Eddy,BS2_S,BS2_S,keep,True,,False,7402.0,False,4306.0,2016-02-29,61941.0,14384.811890385508,8258.181172405999,False,-104.24860053,32.01260603,no_evidence,,,,BS2_S,none
3001542486,HORNED OWL FEDERAL #004H,ConocoPhillips,30,Eddy,BS2_S,BS2_S,keep,True,,False,7463.0,False,4593.0,2016-02-28,94308.0,20532.984977139127,5942.539339186495,False,-104.23916291,32.01414516,no_evidence,,,,BS3_C,none
3001542487,MARQUARDT FEDERAL #016H,Devon,30,Eddy,BS2_S,BS2_S,keep,True,,False,7162.0,False,4716.0,2016-02-16,179890.0,38144.614079728584,5532.052921229641,False,-104.25364548,32.15888053,agree,,32.0,32.0,BS2_S,none
3001542491,HAYHURST 16 25 27 STATE #003H,Chevron,30,Eddy,BS2_S,BS2_S,keep,True,,False,7485.0,False,4302.0,2014-12-09,103661.0,24096.001859600186,5358.24466289154,False,-104.20176368,32.13039343,agree,,34.0,34.0,BS2_S,none
3001542494,CTA STATE COM #003H,Permian Resources,30,Eddy,BS2_S,BS2_S,keep,True,,False,8270.0,False,4102.0,2014-10-23,137576.0,33538.76157971721,2248.473570971681,False,-103.99389616,32.71015542,agree,,20.0,20.0,BS2_S,none
3001542495,CTA STATE COM #004H,Permian Resources,30,Eddy,BS2_S,BS2_S,keep,True,,False,8295.0,False,4196.0,2014-11-10,121534.0,28964.25166825548,2262.4286207974724,False,-103.9941749,32.70529537,no_evidence,,,,BS2_S,none
3001542496,POKER LAKE UNIT CVX JV BS #030H,Exxon Mobil,30,Eddy,BS2_S,BS2_S,keep,True,,False,10386.0,False,9301.0,2014-11-06,110109.0,11838.40447263735,2312.054418803186,False,-103.76807251,32.15192034,agree,,0.5,0.5,BS2_S,none
3001542497,CRAIG STATE #005H,ConocoPhillips,30,Eddy,BS2_S,BS2_S,keep,True,,False,7417.0,False,4211.0,2015-01-24,114216.0,27123.248634528616,4522.492470406948,False,-104.24006559,32.08545606,agree,,78.0,78.0,BS2_S,none
3001542504,COTTON DRAW 14 FEDERAL #003H,Devon,30,Eddy,BS2_S,BS2_S,keep,True,,False,10507.0,False,4077.0,2015-04-01,163369.0,40070.88545499141,2584.0030850406138,False,-103.74526827,32.13030051,agree,,64.0,64.0,BS2_S,none
3001542505,COTTON DRAW 14 FEDERAL #004H,Devon,30,Eddy,BS2_S,BS2_S,keep,False,,True,10398.0,False,4251.0,2015-04-01,150509.0,35405.55163490944,2247.187875808091,False,-103.7417671,32.1298957,agree,,62.0,62.0,BS2_S,none
3001542513,COTTON DRAW UNIT #222H,Devon,30,Eddy,BS2_S,BS2_S,keep,True,,False,10386.0,False,4348.0,2015-04-01,209974.0,48292.08831646734,1976.6542524312533,False,-103.7345111,32.15907836,agree,,39.5,39.5,BS2_S,none
3001542514,COTTON DRAW UNIT #221H,Devon,30,Eddy,BS2_S,BS2_S,keep,True,,False,10415.0,False,4348.0,2015-04-01,177751.0,40881.09475620975,2364.408639051257,False,-103.7367083,32.15910608,agree,,9.0,9.0,BS2_S,none
3001542518,DUMP YARD 2 STATE #002H,Permian Resources,30,Eddy,BS2_S,BS2_S,keep,True,,False,8333.0,False,6198.0,2014-12-17,63916.0,10312.358825427556,3492.5996620564492,False,-104.06018114,32.5126023,off_band,,1587.0,,BS2_S,none
3001542520,BIG SINKS DRAW 25 FEDERAL COM #002H,Devon,30,Eddy,BS2_S,BS2_S,keep,True,,False,10504.0,False,6903.0,2015-06-01,218106.0,31595.827900912645,3165.7634361273876,False,-103.73381401,32.1119772,agree,,50.5,50.5,BS2_S,none
3001542526,URSA 27 B2IL FEDERAL COM #001H,Mewbourne,30,Eddy,BS2_S,BS2_S,keep,True,,False,8321.0,False,4423.0,2014-10-06,99836.0,22572.009947999097,1780.1995272246484,False,-103.9578282,32.71598918,no_evidence,,,,BS2_S,none
3001542533,HASTA LA VISTA 1 DI FEDERAL COM #001H,Exxon Mobil,30,Eddy,BS2_S,BS2_S,keep,False,,True,8765.0,False,7060.0,2014-12-30,138610.0,19633.14447592068,2238.0131303657745,False,-103.92295491,32.60809986,no_evidence,,,,BS2_S,none
3001542543,PALMILLO 14 STATE #004H,Permian Resources,30,Eddy,BS2_S,BS2_S,keep,True,,False,7505.0,False,3974.0,2015-02-28,30053.0,7562.405636638147,1943.1670715070043,False,-104.14687638,32.66628271,no_evidence,,,,BS2_S,none
3001542545,PARKWAY 19 18 FEDERAL COM #001H,Permian Resources,30,Eddy,BS2_S,BS2_S,keep,True,,False,8298.0,False,5486.0,2014-12-18,40723.0,7423.076923076924,1574.2455123640204,False,-104.01877346,32.64761489,agree,,96.0,96.0,BS2_S,none
3001542552,APACHE 24 23 FEDERAL COM #013H,Exxon Mobil,30,Eddy,BS2_S,BS2_S,keep,True,,False,9798.0,False,6773.0,2015-06-01,100140.0,14785.176435848221,1562.2828040742959,False,-103.83855285,32.37257885,off_band,,1143.0,,BS2_S,none
3001542553,HAYHURST 16 25 27 STATE #004H,Chevron,30,Eddy,BS2_S,BS2_S,keep,True,,False,7627.0,False,3901.0,2014-12-02,113074.0,28985.901051012563,4977.740240904187,False,-104.18985337,32.12957115,agree,,130.5,130.5,BS2_S,none
3001542569,FREEWAY FEDERAL COM #002H,CHI Operating,30,Eddy,BS2_S,BS2_S,keep,True,,False,8331.0,False,3673.0,2016-08-01,32766.0,8920.773209910156,1872.7339315143747,False,-104.01153756,32.6377722,agree,,33.0,33.0,BS2_S,none
3001542572,HADAR 10 FEDERAL COM #004H,Devon,30,Eddy,BS2_S,BS2_S,keep,True,,False,9129.0,False,4380.0,2016-11-28,40421.0,9228.538812785388,389.4015486999332,False,-103.85690535,32.66877301,agree,,27.0,27.0,BS2_S,none
3001542578,CTA STATE COM #005H,Permian Resources,30,Eddy,BS2_S,BS2_S,keep,True,,False,8346.0,False,4092.0,2015-05-01,70748.0,17289.34506353861,2335.811613049132,False,-103.99392272,32.70245567,agree,,67.0,67.0,BS2_S,none
3001542593,RUSTLER BLUFF 19 24 29 FEDERAL #003H,Smc Oil & Gas,30,Eddy,BS2_S,BS2_S,keep,True,,False,8445.0,False,4043.0,2015-02-26,61616.0,15240.16819193668,2157.4915606336017,False,-104.02579768,32.20306795,agree,,60.0,60.0,BS2_S,none
3001542596,URSA 27 B2EH FEDERAL COM #001H,Mewbourne,30,Eddy,BS2_S,BS2_S,keep,True,,False,8407.0,False,3744.0,2014-10-01,112988.0,30178.418803418805,2804.032286614508,False,-103.95889011,32.72036696,no_evidence,,,,BS2_S,none
3001542606,WINCHESTER 36 B2LI STATE #001H,Mewbourne,30,Eddy,BS2_S,BS2_S,keep,True,,False,7692.0,False,4115.0,2015-03-01,33861.0,8228.675577156742,2622.5155783940227,False,-104.1300455,32.61568135,agree,,30.0,30.0,BS2_S,none
3001542607,JAMES RANCH UNIT DI 1 #157H,Exxon Mobil,30,Eddy,BS2_S,BS2_S,keep,False,,True,9236.0,False,12711.0,2018-03-26,289514.0,22776.65014554323,1967.9670067768743,True,-103.90728538,32.37953019,no_evidence,,,,BS2_S,none
3001542608,FLYING SQUIRREL FEDERAL #001H,ConocoPhillips,30,Eddy,BS2_S,BS2_S,keep,True,,False,8839.0,False,4460.0,2014-11-11,132074.0,29613.004484304933,1188.5685297636173,False,-103.89296238,32.71694328,agree,,37.0,37.0,BS2_S,none
3001542609,BRUTUS 12 FEDERAL #001H,ConocoPhillips,30,Eddy,BS2_S,BS2_S,keep,True,,False,8423.0,False,3979.0,2014-12-23,62882.0,15803.468208092487,3235.3614706911358,False,-104.03392557,32.05744098,agree,,80.5,80.5,BS2_S,none
3001542615,JAMES RANCH UNIT DI 1 #162H,Exxon Mobil,30,Eddy,BS2_S,BS2_S,keep,True,,False,9358.0,False,8332.0,2016-12-01,117975.0,14159.265482477196,1400.830684467048,True,-103.8661602,32.38295709,off_band,,803.0,,BS2_S,none
3001542616,CYPRESS 33 FEDERAL COM #007H,Occidental,30,Eddy,BS2_S,BS2_S,keep,True,,False,8746.0,False,4488.0,2015-02-01,109698.0,24442.513368983957,622.7096209593611,False,-103.99134312,32.26110331,agree,,24.0,24.0,BS2_S,none
3001542625,CLETUS 28 STATE COM #004H,Permian Resources,30,Eddy,BS2_S,BS2_S,keep,True,,False,6609.0,False,4384.0,2015-03-16,,,,False,-104.29177535,32.27497214,off_band,,2120.5,,WCA_1,none
3001542628,JAMES RANCH UNIT DI 1 #169H,Exxon Mobil,30,Eddy,BS2_S,BS2_S,keep,True,,False,9574.0,False,8239.0,2018-05-01,207473.0,25181.818181818184,2134.176495254804,True,-103.86583609,32.38476025,off_band,,587.0,,BS2_S,none
3001542630,POKER LAKE UNIT CVX JV PB #008H,Exxon Mobil,30,Eddy,BS2_S,BS2_S,keep,True,,False,10175.0,False,6302.0,2015-01-23,21415.0,3398.127578546493,2109.1758113471865,False,-103.79405288,32.07574694,agree,,11.0,11.0,BS2_S,none
3001542638,BIG EDDY UNIT DI4 #269H,Exxon Mobil,30,Eddy,BS2_S,BS2_S,keep,True,,False,9139.0,False,6077.0,2016-12-01,85732.0,14107.618890900116,1355.958101992255,True,-103.87635827,32.6077646,off_band,,839.5,,BS3_C,none
3001542639,POKER LAKE UNIT CVX JV PB #007H,Exxon Mobil,30,Eddy,BS2_S,BS2_S,keep,True,,False,10194.0,False,6673.0,2015-12-16,151433.0,22693.391278285628,2489.4904016957994,False,-103.80678506,32.11143382,agree,,33.0,33.0,BS2_S,none
3001542642,DEVON 8 FEE #004H,Occidental,30,Eddy,BS2_S,BS2_S,keep,True,,False,8103.0,False,4099.0,2015-02-19,40233.0,9815.320809953648,1064.1761737876868,False,-104.11033665,32.14648278,agree,,88.0,88.0,BS2_S,none
3001542646,MARQUARDT FEDERAL #017H,Devon,30,Eddy,BS2_S,BS2_S,keep,True,,False,7138.0,False,4517.0,2016-02-06,155359.0,34394.28824441,4953.333891181071,False,-104.24352781,32.14447064,agree,,104.0,104.0,BS2_S,none
3001542648,COTTON DRAW UNIT #216Y,Devon,30,Eddy,BS2_S,BS2_S,keep,True,,False,10378.0,False,4210.0,2015-01-01,147591.0,35057.24465558195,2715.8295560027373,False,-103.76298488,32.15928487,agree,,10.0,10.0,BS2_S,none
3001542652,BIG EDDY UNIT DI4 #271H,Exxon Mobil,30,Eddy,BS2_S,BS2_S,keep,True,,False,9141.0,False,5552.0,2016-12-01,69804.0,12572.766570605188,1327.4024411208527,False,-103.87672897,32.60388981,no_evidence,,,,BS3_C,none
3001542655,TOMB RAIDER 1 FEDERAL #001H,Devon,30,Eddy,BS2_S,BS2_S,keep,True,,False,10240.0,False,4205.0,2015-03-01,170552.0,40559.33412604043,1861.655096392889,False,-103.72944006,32.3329932,off_band,,357.0,,BS2_S,none
3001542663,REALLY SCARY FEDERAL #006H,ConocoPhillips,30,Eddy,BS2_S,BS2_S,keep,True,,False,8084.0,False,4121.0,2015-01-21,57414.0,13932.055326377093,2704.235900651409,False,-104.09934617,32.17335255,agree,,36.0,36.0,BS2_S,none
3001542664,GLOCK 17 B2EH FEDERAL #001H,Mewbourne,30,Eddy,BS2_S,BS2_S,keep,True,,False,7812.0,False,3996.0,2014-11-01,59793.0,14963.213213213214,1797.2337899085178,False,-104.09648496,32.57468592,agree,,40.0,40.0,BS2_S,none
3001542665,FEDERAL 13 COM #010H,Devon,30,Eddy,BS3_C,BS2_S,reassign,True,class BS3_C->BS2_S (precision 0.90) + sql/23 concurs + GOR none,False,7272.0,False,4356.0,2015-10-29,57985.0,13311.524334251606,5992.825730792446,False,-104.25308915,32.130330665,flag,BS2_S,64.5,520.0,BS2_S,none
3001542667,POKER LAKE UNIT CVX JV BS #034H,Exxon Mobil,30,Eddy,BS2_S,BS2_S,keep,True,,False,10033.0,False,7340.0,2015-12-15,146415.0,19947.547683923705,2258.320527268381,False,-103.80674717,32.13347466,agree,,148.0,148.0,BS2_S,none
3001542669,POKER LAKE UNIT CVX JV PC #019H,Exxon Mobil,30,Eddy,BS2_S,BS2_S,keep,True,,False,9681.0,False,6700.0,2015-10-01,80059.0,11949.10447761194,2365.5928752544996,False,-103.87233064,32.21235006,off_band,,1457.0,,BS2_S,none
3001542671,RUSTLER BLUFF 34 24 29 FEDERAL #002H,Chevron,30,Eddy,BS2_S,BS2_S,keep,True,,False,8813.0,False,4414.0,2015-10-19,165213.0,37429.31581332126,1805.3785113762235,False,-103.97110394,32.17322605,agree,,10.0,10.0,BS3_C,none
3001542683,CEDAR CANYON 16 STATE #012H,Occidental,30,Eddy,BS2_S,BS2_S,keep,True,,False,8693.0,False,4510.0,2015-03-01,13476.0,2988.0266075388026,757.4948055802909,False,-103.98884709,32.21289165,agree,,1.0,1.0,BS2_S,none
3001542696,BRADLEY 36 B2DA STATE COM #001H,Mewbourne,30,Eddy,BS2_S,BS2_S,keep,True,,False,8161.0,False,4147.0,2015-03-01,45138.0,10884.494815529297,2108.888298108024,False,-104.02752823,32.70957297,agree,,5.0,5.0,BS2_S,none
3001542705,HASTA LA VISTA 1 DI FEDERAL COM #002Y,Exxon Mobil,30,Eddy,BS2_S,BS2_S,keep,True,,False,8805.0,False,7540.0,2015-02-06,190219.0,25227.984084880634,2161.981715811775,False,-103.92154819,32.60407201,no_evidence,,,,BS2_S,none
3001542708,FORTY NINER RIDGE UNIT #103H,Mewbourne,30,Eddy,BS2_S,BS2_S,keep,True,,False,9785.0,False,8259.0,2015-06-11,160200.0,19397.021431166,1048.227215980025,False,-103.86622548,32.29758148,agree,,17.0,17.0,BS2_S,none
3001542710,CERF 10 STATE #009H,Devon,30,Eddy,BS2_S,BS2_S,keep,True,,False,7540.0,False,4528.0,2015-12-19,72105.0,15924.249116607774,3004.04964981624,False,-104.1780756,32.49355464,off_band,,977.5,,BS2_S,none
3001542713,ZIRCON 12 7 B2JK FEDERAL COM #001H,Mewbourne,30,Eddy,BS2_S,BS2_S,keep,True,,False,8232.0,False,4456.0,2015-01-08,57053.0,12803.635547576303,1828.2123639422994,False,-104.02140326,32.67367443,agree,,64.0,64.0,BS2_S,none
3001542719,DARTHROW STATE #004H,ConocoPhillips,30,Eddy,BS2_S,BS2_S,keep,True,,False,8447.0,False,3996.0,2015-01-01,49348.0,12349.34934934935,3579.8005998216745,False,-104.01315333,32.55835885,ambiguous,,36.0,127.0,BS3_C,none
3001542720,WILD CAP STATE #008H,ConocoPhillips,30,Eddy,BS2_S,BS2_S,keep,True,,False,9328.0,False,4071.0,2015-04-10,77379.0,19007.369196757554,2271.2622287700797,False,-103.82713697,32.61739839,agree,,24.5,24.5,BS2_S,none
3001542734,CEDAR 11 STATE #001H,Devon,30,Eddy,BS2_S,BS2_S,keep,True,,False,7689.0,False,4421.0,2015-12-18,47407.0,10723.139561185253,4624.31708397494,False,-104.16036117,32.49361741,off_band,,1033.0,,BS2_S,none
3001542736,MOSSY FEDERAL #002H,Permian Resources,30,Eddy,BS2_S,BS2_S,keep,True,,False,8481.0,False,4402.0,2015-03-01,52957.0,12030.213539300317,2568.480087618256,False,-104.06379938,32.589618845,agree,,421.5,421.5,BS3_S,none
3001542737,CEDAR 11 STATE #002H,Devon,30,Eddy,BS2_S,BS2_S,keep,True,,False,7473.0,False,4178.0,2015-12-20,50120.0,11996.170416467208,4397.226656025538,False,-104.15962753,32.49377031,off_band,,817.0,,BS2_S,none
3001542777,FEDERAL 13 COM #008H,Devon,30,Eddy,BS2_S,BS2_S,keep,False,,True,7276.0,False,4307.0,2016-06-01,100769.0,23396.563733457166,5602.695273347954,False,-104.24433726,32.12942956,agree,,10.0,10.0,BS2_S,none
3001542778,FEDERAL 13 COM #009H,Devon,30,Eddy,BS2_S,BS2_S,keep,True,,False,7135.0,False,4262.0,2016-06-01,84483.0,19822.383857343968,4849.768592497899,False,-104.248662455,32.129978275,agree,,131.0,131.0,BS2_S,none
3001542816,DELAWARE RANCH 14 B2CN FEE #002H,Mewbourne,30,Eddy,BS2_S,BS2_S,keep,True,,False,8204.0,False,4644.0,2015-11-01,83967.0,18080.74935400517,3550.5496206843163,False,-104.06001223,32.04343437,off_band,,1227.0,,BS2_S,none
3001542821,GRANDI 22 #002H,Devon,30,Eddy,BS2_S,BS2_S,keep,True,,False,7415.0,False,4203.0,2015-04-01,56465.0,13434.451582203188,3483.7332861064374,False,-104.17700538,32.3805469,no_evidence,,,,BS2_S,none
3001542825,SCREECH OWL FEDERAL #001H,ConocoPhillips,30,Eddy,BS2_S,BS2_S,keep,True,,False,7496.0,False,9790.0,2016-05-27,146228.0,14936.465781409603,4841.063271056159,True,-104.23545479,32.02039166,agree,,76.0,76.0,BS3_C,none
3001542826,SCREECH OWL FEDERAL #002H,ConocoPhillips,30,Eddy,BS2_S,BS2_S,keep,True,,False,7513.0,False,9665.0,2015-06-03,220512.0,22815.519917227106,5536.764439123494,False,-104.23183299,32.02046607,agree,,61.0,61.0,BS3_C,none
3001542827,SCREECH OWL FEDERAL #003H,ConocoPhillips,30,Eddy,BS2_S,BS2_S,keep,True,,False,7461.0,False,9868.0,2016-08-14,223823.0,22681.698419132546,5244.8988709828745,True,-104.22677581,32.0203226,agree,,1.5,1.5,BS2_S,none
3001542828,SCREECH OWL FEDERAL #004H,ConocoPhillips,30,Eddy,BS2_S,BS2_S,keep,True,,False,7497.0,False,9521.0,2015-05-01,269760.0,28333.158281693097,5065.083778173191,False,-104.22141167,32.02003142,ambiguous,,34.0,36.5,BS2_S,none
3001542829,OWL DRAW 22 27 B2BO FEDERAL COM #002H,Mewbourne,30,Eddy,BS2_S,BS2_S,keep,True,,False,7605.0,False,9332.0,2016-11-01,355769.0,38123.5533647664,4569.526855909312,True,-104.1753683,32.01956984,off_band,,2486.0,,BS2_S,none
3001542851,GOBBLER 5 B2PM STATE COM #001H,Mewbourne,30,Eddy,BS2_S,BS2_S,keep,True,,False,7874.0,False,3986.0,2015-04-01,186358.0,46753.135975915706,2848.7481084793785,False,-104.09724544,32.68346604,no_evidence,,,,BS2_S,none
3001542892,COTTON DRAW UNIT #212H,Devon,30,Eddy,BS2_S,BS2_S,keep,True,,False,10390.0,False,3684.0,2016-03-24,68815.0,18679.42453854506,2471.786674416915,False,-103.7546533,32.17415173,agree,,21.5,21.5,BS2_S,none
3001542896,BELLOQ 2 STATE #005H,Devon,30,Eddy,BS2_S,BS2_S,keep,True,,False,10159.0,False,3960.0,2015-09-01,68509.0,17300.252525252523,1419.7696652994498,False,-103.75131625,32.33359943,off_band,,276.0,,BS3_C,none
3001542898,LEO 15 B2DH FEDERAL COM #001H,Mewbourne,30,Eddy,BS2_S,BS2_S,keep,True,,False,8356.0,False,2950.0,2015-03-01,162558.0,55104.40677966102,1009.8303374795457,False,-103.95975903,32.75057239,agree,,56.0,56.0,BS2_S,none
3001542913,FLYING SQUIRREL FEDERAL #002H,ConocoPhillips,30,Eddy,BS2_S,BS2_S,keep,True,,False,8789.0,False,4238.0,2015-04-01,121432.0,28653.138272770175,1506.2586468146783,False,-103.891894475,32.713180045,agree,,43.0,43.0,BS2_S,none
3001542914,SCREWDRIVER 24 FEDERAL COM #002H,ConocoPhillips,30,Eddy,BS2_S,BS2_S,keep,True,,False,9220.0,False,4366.0,2015-04-02,84088.0,19259.734310581767,1694.7126819522405,False,-103.83052522,32.64053266,agree,,48.0,48.0,BS2_S,none
3001542919,ROBINSON 36 STATE #001H,Devon,30,Eddy,BS3_C,BS2_S,reassign,True,class BS3_C->BS2_S (precision 0.90) + sql/23 concurs + GOR none,False,7387.0,False,4523.0,2015-05-01,42650.0,9429.582135750608,10023.188745603751,False,-104.25347223,32.00143176,flag,BS2_S,70.0,,BS2_S,none
3001542920,CYPRESS 34 FEDERAL #011H,Occidental,30,Eddy,BS2_S,BS2_S,keep,True,,False,8877.0,False,4302.0,2015-04-28,71549.0,16631.566713156673,1242.5051363401305,False,-103.97452294,32.26136424,agree,,120.5,120.5,BS2_S,none
3001542921,CORRAL CANYON FEDERAL COM #002H,Exxon Mobil,30,Eddy,BS2_S,BS2_S,keep,True,,False,8544.0,False,6638.0,2016-12-19,285882.0,43067.49020789395,1799.11292071554,True,-104.00889498,32.16374069,agree,,72.0,72.0,BS2_S,none
3001542922,CORRAL CANYON FEDERAL COM #003H,Exxon Mobil,30,Eddy,BS2_S,BS2_S,keep,True,,False,8628.0,False,6536.0,2015-07-01,310350.0,47483.17013463892,1114.654422426293,False,-104.004794,32.16282076,agree,,12.0,12.0,BS2_S,none
3001542923,CORRAL CANYON FEDERAL COM #004H,Exxon Mobil,30,Eddy,BS2_S,BS2_S,keep,True,,False,8618.0,False,6992.0,2015-05-12,194030.0,27750.28604118993,1303.293305158996,False,-104.0006092,32.16324547,agree,,7.5,7.5,BS2_S,none
3001542925,CORRAL CANYON FEDERAL COM #006H,Exxon Mobil,30,Eddy,BS2_S,BS2_S,keep,True,,False,8626.0,False,9458.0,2019-09-01,290013.0,30663.24804398393,2241.7339912348757,True,-103.991842,32.1370905,off_band,,472.5,,BS2_S,none
3001542927,CORRAL CANYON FEDERAL COM #015H,Exxon Mobil,30,Eddy,BS2_S,BS2_S,keep,False,,True,8624.0,False,9733.0,2018-07-22,399487.0,41044.59056817014,2562.7041680955826,True,-104.00500759,32.13689311,agree,,7.0,7.0,BS2_S,none
3001542928,CORRAL CANYON FEDERAL COM #016H,Exxon Mobil,30,Eddy,BS2_S,BS2_S,keep,True,,False,8608.0,False,9365.0,2018-07-24,358790.0,38311.79925253604,2234.716686641211,True,-104.00139306,32.1364917,agree,,105.0,105.0,BS2_S,none
3001542931,DEVON 6 FEE #002H,Occidental,30,Eddy,BS3_C,BS2_S,reassign,True,class BS3_C->BS2_S (precision 0.90) + sql/23 concurs + GOR none,False,8017.0,False,4059.0,2015-04-13,42178.0,10391.229366839123,1166.39006116933,False,-104.12745474,32.16107528,flag,BS2_S,46.0,,BS2_S,none
3001542932,COTTON DRAW UNIT #227H,Devon,30,Eddy,BS2_S,BS2_S,keep,True,,False,10489.0,False,4257.0,2016-03-29,125726.0,29533.944092083628,1900.855829343175,False,-103.74228556,32.1444042,agree,,65.0,65.0,BS2_S,none
3001542934,SKEEN 21 B2CN STATE #001H,Mewbourne,30,Eddy,BS2_S,BS2_S,keep,True,,False,7959.0,False,4165.0,2015-12-07,91351.0,21933.013205282114,5900.438966185373,False,-104.09443709,32.02812355,agree,,55.5,55.5,BS2_S,none
3001542937,MAN STATE #002H,Permian Resources,30,Eddy,BS2_S,BS2_S,keep,True,,False,6969.0,False,4291.0,2015-05-10,152047.0,35433.93148450244,3198.155833393622,False,-104.19761891,32.70286023,no_evidence,,,,BS2_S,none
3001542954,GOBBLER 5 B2IL STATE COM #001H,Mewbourne,30,Eddy,BS2_S,BS2_S,keep,True,,False,7733.0,False,4343.0,2016-10-01,129468.0,29810.729910200324,2726.279852936633,False,-104.09692399,32.68739684,off_band,,1009.0,,BS3_C,none
3001542970,PERAZZI 9 B2EH FEDERAL #001H,Mewbourne,30,Eddy,BS2_S,BS2_S,keep,True,,False,8023.0,False,4280.0,2015-08-01,105229.0,24586.21495327103,2733.3814822910035,False,-104.07950431,32.58919894,off_band,,1266.0,,BS2_S,none
3001542975,WHITE CITY 21 25 27 FEDERAL COM #005H,Chevron,30,Eddy,BS2_S,BS2_S,keep,True,,False,7451.0,False,4132.0,2015-09-28,111557.0,26998.30590513069,4032.62905958389,False,-104.20149991,32.1157729,agree,,20.0,20.0,BS2_S,none
3001542976,WHITE CITY 21 25 27 FEDERAL COM #006H,Chevron,30,Eddy,BS2_S,BS2_S,keep,False,,False,7500.0,True,4132.0,2015-07-28,98940.0,23944.820909970957,4574.802910855064,False,-104.19693158,32.11583607,agree,,25.5,25.5,BS2_S,none
3001542991,GLOCK 16 B2AD FEDERAL #001H,Mewbourne,30,Eddy,BS2_S,BS2_S,keep,True,,False,7954.0,False,4430.0,2015-07-01,96915.0,21876.975169300225,1923.8095238095239,False,-104.08044678,32.57826616,off_band,,1339.0,,BS2_S,none
3001542992,CEDAR CANYON 29 FEDERAL COM #002H,Occidental,30,Eddy,BS2_S,BS2_S,keep,False,,True,8630.0,False,4519.0,2017-01-03,235558.0,52126.134100464704,2162.911045262738,False,-104.0064004,32.19441896,agree,,36.0,36.0,BS2_S,none
3001542993,CEDAR CANYON 29 FEDERAL COM #003H,Occidental,30,Eddy,BS2_S,BS2_S,keep,True,,False,8594.0,False,4553.0,2017-04-01,147417.0,32377.99253239622,3093.530596878243,False,-104.00626039,32.18951457,agree,,12.0,12.0,BS2_S,none
3001543009,FULLER 13 24 B2LM FEDERAL #001H,Mewbourne,30,Eddy,BS2_S,BS2_S,keep,True,,False,8918.0,False,7031.0,2016-06-01,172279.0,24502.773431944246,3050.0583356067773,True,-103.94442002,32.03043221,off_band,,556.0,,BS2_S,none
3001543011,PAUL 25 24S 28E RB #121H,Matador,30,Eddy,BS2_S,BS2_S,keep,True,,False,8365.0,False,4656.0,2017-02-01,104261.0,22392.8264604811,1635.4821074035353,False,-104.04068685,32.19479081,agree,,77.0,77.0,BS2_S,none
3001543012,TIGER 14 24S 28E RB #124H,Matador,30,Eddy,BS2_S,BS2_S,keep,True,,False,8185.0,False,4364.0,2015-06-23,60730.0,13916.131989000916,2176.6836818705747,False,-104.05793565,32.21177829,agree,,196.5,196.5,BS2_S,none
3001543015,COTTONMOUTH 23 FEDERAL COM #002H,ConocoPhillips,30,Eddy,BS2_S,BS2_S,keep,True,,False,8159.0,False,4448.0,2016-04-05,59379.0,13349.595323741007,4758.685730645514,False,-104.064069,32.02824946,agree,,17.0,17.0,BS2_S,none
3001543023,SNAPPING 2 STATE #009H,Devon,30,Eddy,BS2_S,BS2_S,keep,True,,False,10231.0,False,4155.0,2015-11-01,50947.0,12261.61251504212,3112.9801558482345,False,-103.75576884,32.07159166,agree,,50.0,50.0,BS2_S,none
3001543024,SNAPPING 2 STATE #010H,Devon,30,Eddy,BS2_S,BS2_S,keep,True,,False,10205.0,False,4215.0,2015-11-01,59831.0,14194.780545670224,3958.5499155955945,False,-103.7552749,32.07235623,agree,,26.0,26.0,BS2_S,none
3001543026,CTA STATE COM #006H,Permian Resources,30,Eddy,BS2_S,BS2_S,keep,True,,False,8359.0,False,4140.0,2015-07-02,138347.0,33417.14975845411,1839.230341098831,False,-103.99455319,32.69784447,agree,,36.0,36.0,BS2_S,none
3001543039,JANIE CONNER 13 24S 28E RB #124H,Matador,30,Eddy,BS3_C,BS2_S,reassign,True,class BS3_C->BS2_S (precision 0.90) + sql/23 concurs + GOR none,False,8449.0,False,4431.0,2015-11-01,56554.0,12763.258858045587,3034.798599568554,False,-104.0415538,32.21162794,flag,BS2_S,40.0,471.5,BS2_S,none
3001543041,SNAPPING 2 STATE #011H,Devon,30,Eddy,BS2_S,BS2_S,keep,True,,False,10243.0,False,4115.0,2015-11-01,57089.0,13873.390036452005,2979.4706510886513,False,-103.74935571,32.07231989,off_band,,1201.5,,BS2_S,none
3001543042,SNAPPING 2 STATE #012H,Devon,30,Eddy,BS2_S,BS2_S,keep,True,,False,10240.0,False,4305.0,2015-11-01,74774.0,17369.10569105691,3819.8170487067696,False,-103.74780827,32.07232831,agree,,22.0,22.0,BS2_S,none
3001543055,RUSTLER BLUFF 25 26 28 FEDERAL #001H,Smc Oil & Gas,30,Eddy,BS2_S,BS2_S,keep,True,,False,8262.0,False,4132.0,2016-03-20,55350.0,13395.450145208131,3323.8482384823847,False,-104.04802515,32.01368616,agree,,54.0,54.0,BS2_S,none
3001543073,MARSH OWL FEDERAL COM #001H,ConocoPhillips,30,Eddy,BS3_C,BS2_S,reassign,True,class BS3_C->BS2_S (precision 0.90) + sql/23 concurs + GOR none,False,7523.0,False,4502.0,2015-07-02,67840.0,15068.858285206576,6011.423938679245,False,-104.233566365,32.05251463,flag,BS2_S,22.0,,BS2_S,none
3001543075,CYPRESS 33 FEDERAL COM #008H,Occidental,30,Eddy,BS2_S,BS2_S,keep,True,,False,8736.0,False,4231.0,2016-03-05,77535.0,18325.45497518317,1461.8559360288903,False,-103.99534717,32.26062916,agree,,34.0,34.0,BS3_C,none
3001543076,CYPRESS 34 FEDERAL #010H,Occidental,30,Eddy,BS2_S,BS2_S,keep,True,,False,8749.0,False,4143.0,2015-09-21,52265.0,12615.254646391504,2462.967569118913,False,-103.97962841,32.26122705,agree,,3.0,3.0,BS2_S,none
3001543122,ZIRCON 12 7 B2ON FEDERAL COM #001H,Mewbourne,30,Eddy,BS2_S,BS2_S,keep,True,,False,8242.0,False,4558.0,2016-02-01,66177.0,14518.867924528302,1722.6226634631366,False,-104.01950447,32.66949901,agree,,69.5,69.5,BS2_S,none
3001543123,CHARLIE CHOCOLATE 14 15 FEDERAL COM #031H,Permian Resources,30,Eddy,BS2_S,BS2_S,keep,False,,True,7699.0,False,4603.0,2019-10-01,60507.0,13145.122746035195,2394.499809939346,False,-104.13043713,32.57972792,agree,,11.0,11.0,BS2_S,none
3001543133,ROAD RUNNER FEDERAL COM #001H,ConocoPhillips,30,Eddy,BS2_S,BS2_S,keep,True,,False,7305.0,False,9641.0,2017-06-20,286677.0,29735.193444663415,3482.4384237312374,True,-104.23910579,32.10826905,agree,,25.0,25.0,BS2_S,none
3001543136,BURTON FLAT DEEP UNIT #061H,Devon,30,Eddy,BS2_S,BS2_S,keep,True,,False,7549.0,False,4615.0,2015-10-20,34253.0,7422.101841820152,2035.2961784369252,False,-104.17739117,32.50757989,off_band,,934.0,,BS2_S,none
3001543140,CAL MON 35 FEDERAL #041H,Occidental,30,Eddy,BS2_S,BS2_S,keep,True,,False,10389.0,False,4255.0,2017-10-05,227501.0,53466.74500587544,1676.8585632590625,False,-103.75419355,32.26055227,off_band,,1232.0,,BS2_S,none
3001543148,BAROQUE BTQ FEDERAL COM #001H,EOG,30,Eddy,BS2_S,BS2_S,keep,True,,False,8352.0,False,6600.0,2016-03-19,355668.0,53889.09090909091,1857.5778535038294,True,-103.99731703,32.68765993,agree,,7.0,7.0,BS2_S,none
3001543150,FOXX 31 FEDERAL COM #004H,Devon,30,Eddy,BS2_S,BS2_S,keep,True,,False,7234.0,False,4590.0,2017-02-23,110515.0,24077.342047930284,8802.80504908836,False,-104.22899994,32.00284797,agree,,198.0,198.0,BS2_S,none
3001543158,CRAPSHOOT 13 FEDERAL COM #002H,Permian Resources,30,Eddy,BS3_C,BS2_S,reassign,True,class BS3_C->BS2_S (precision 0.90) + sql/23 concurs + GOR none,False,8417.0,False,4555.0,2015-10-01,61357.0,13470.252469813393,3357.8727773522173,False,-104.02504681,32.5725894,flag,BS2_S,19.5,,BS2_S,none
3001543169,NEW POTATO 11 FEDERAL COM #001H,Devon,30,Eddy,BS2_S,BS2_S,keep,True,,False,8937.0,False,7155.0,2015-11-11,204140.0,28531.09713487072,2270.3389830508477,False,-103.96144169,32.22126592,off_band,,1040.0,,BS2_S,none
3001543173,CABRERA 34 FEDERAL #004H,Devon,30,Eddy,BS2_S,BS2_S,keep,True,,False,7656.0,False,4812.0,2019-06-14,168940.0,35108.06317539485,9227.483130105364,False,-104.17885236,32.00468717,agree,,48.5,48.5,BS2_S,none
3001543182,COTTON DRAW UNIT #224H,Devon,30,Eddy,BS2_S,BS2_S,keep,True,,False,10583.0,False,6770.0,2016-05-03,253710.0,37475.627769571634,1817.7407276023807,True,-103.7252481,32.13332009,agree,,108.0,108.0,BS2_S,none
3001543185,DELAWARE RANCH 13 B2DA FEDERAL COM #001H,Mewbourne,30,Eddy,BS2_S,BS2_S,keep,True,,False,8387.0,False,4640.0,2016-02-01,76149.0,16411.422413793105,3079.1868573454676,False,-104.0404627,32.04797979,agree,,70.0,70.0,BS2_S,none
3001543187,BELGIAN 15 FEDERAL COM #001H,Devon,30,Eddy,BS2_S,BS2_S,keep,True,,False,10376.0,False,4251.0,2016-06-23,96456.0,22690.190543401553,2656.827983743883,False,-103.76364887,32.1305959,agree,,48.0,48.0,BS2_S,none
3001543195,DIAMONDBACK 22 STATE COM #006H,ConocoPhillips,30,Eddy,BS2_S,BS2_S,keep,True,,False,7995.0,False,4503.0,2015-08-27,67187.0,14920.497446147014,6074.984744072514,False,-104.08139421,32.02767952,agree,,75.0,75.0,BS2_S,none
3001543201,STEBBINS 20 FEDERAL #123H,Matador,30,Eddy,BS2_S,BS2_S,keep,False,,True,8010.0,False,4263.0,2017-04-21,174268.0,40879.19305653295,1597.407441412078,False,-104.09616092,32.55706425,agree,,137.0,137.0,BS2_S,none
3001543215,COTTON DRAW UNIT #240H,Devon,30,Eddy,BS2_S,BS2_S,keep,True,,False,10536.0,False,4326.0,2016-07-08,120366.0,27823.85575589459,2042.0135254141535,False,-103.73370332,32.13034464,agree,,67.0,67.0,BS2_S,none
3001543220,COTTON DRAW UNIT #241H,Devon,30,Eddy,BS2_S,BS2_S,keep,False,,True,10405.0,False,4478.0,2016-07-08,98379.0,21969.40598481465,1980.76825338741,False,-103.7337192,32.14452162,agree,,38.0,38.0,BS2_S,none
3001543222,SHIRE 22 FEDERAL #001H,Devon,30,Eddy,BS2_S,BS2_S,keep,False,,True,10389.0,False,3982.0,2016-06-23,96269.0,24176.042189854346,3333.326408293428,False,-103.76304996,32.11645971,agree,,23.0,23.0,BS2_S,none
3001543227,SOLUTION FEDERAL COM #003H,Permian Resources,30,Eddy,BS3_C,BS2_S,reassign,True,card verdict AGREE (BS3_C->BS2_S),False,8477.0,False,6906.0,2015-09-09,63165.0,9146.394439617725,2708.0186812316947,False,-103.99593413,32.59896096,flag,BS2_S,44.0,,BS3_C,none
3001543230,POKER LAKE UNIT #359H,Exxon Mobil,30,Eddy,BS2_S,BS2_S,keep,True,,False,9462.0,False,11657.0,2018-05-31,434764.0,37296.388436132795,1525.2688815081285,True,-103.91059949,32.2511636,no_evidence,,,,BS2_S,none
3001543231,JAMES RANCH UNIT DI 1 #127H,Exxon Mobil,30,Eddy,BS2_S,BS2_S,keep,True,,False,9567.0,False,8203.0,2018-04-18,159725.0,19471.534804339874,2507.0402253873845,True,-103.86606061,32.38126068,off_band,,594.0,,BS2_S,none
3001543238,CEDAR CANYON 28 FEDERAL #007H,Occidental,30,Eddy,BS2_S,BS2_S,keep,True,,False,8594.0,False,4284.0,2016-01-12,223449.0,52158.96358543417,2287.4839448822772,False,-103.98954487,32.18469898,agree,,36.0,36.0,BS2_S,none
3001543239,FNR FEDERAL UNIT #001H,Mewbourne,30,Eddy,BS2_S,BS2_S,keep,True,,False,9327.0,False,7005.0,2015-10-01,178547.0,25488.508208422554,1364.3802472178195,False,-103.90088769,32.29376261,off_band,,736.0,,BS2_S,none
3001543241,LEO 15 B2DP FEDERAL COM #001H,Mewbourne,30,Eddy,BS2_S,BS2_S,keep,True,,False,8388.0,False,4690.0,2016-01-10,128595.0,27418.976545842215,1340.44091916482,False,-103.96006104,32.74746043,agree,,98.5,98.5,BS2_S,none
3001543251,GOLDEN CORRAL 6 STATE #001H,Exxon Mobil,30,Eddy,BS2_S,BS2_S,keep,False,,True,8460.0,False,6735.0,2017-01-08,239426.0,35549.51744617669,1958.797290185694,True,-104.01691344,32.16377413,agree,,84.0,84.0,BS2_S,none
3001543256,POPULUS FEDERAL #003H,ConocoPhillips,30,Eddy,BS2_S,BS2_S,keep,True,,False,7419.0,False,4351.0,2016-04-14,115959.0,26651.114686279016,4473.460447227038,False,-104.21433979,32.10089805,agree,,77.5,77.5,BS2_S,none
3001543261,COTTON DRAW UNIT #292H,Devon,30,Eddy,BS2_S,BS2_S,keep,True,,False,10228.0,False,4296.0,2016-02-19,127753.0,29737.662942271883,1932.9957026449476,False,-103.7230436,32.17313524,agree,,240.0,240.0,BS2_S,none
3001543265,COTTON DRAW UNIT #290H,Devon,30,Eddy,BS2_S,BS2_S,keep,True,,False,10570.0,False,4340.0,2016-02-19,139528.0,32149.308755760365,2027.4640215583968,False,-103.72505964,32.17392727,agree,,102.5,102.5,BS2_S,none
3001543269,COTTON DRAW UNIT #238H,Devon,30,Eddy,BS3_C,BS2_S,reassign,True,class BS3_C->BS2_S (precision 0.90) + sql/23 concurs + GOR none,False,10531.0,False,4327.0,2016-06-06,80688.0,18647.56182112318,2178.700674201864,False,-103.73903189,32.12345811,flag,BS2_S,56.0,483.0,BS2_S,none
3001543270,COTTON DRAW UNIT #239H,Devon,30,Eddy,BS2_S,BS2_S,keep,True,,False,10427.0,False,4515.0,2016-06-07,118887.0,26331.56146179402,1815.0428558210738,False,-103.73770939,32.14481938,agree,,10.5,10.5,BS2_S,none
3001543272,LONE TREE DRAW 13 STATE #015H,Devon,30,Eddy,BS2_S,BS2_S,keep,True,,False,7435.0,False,4293.0,2015-12-04,46080.0,10733.752620545074,3016.6666666666665,False,-104.14873452,32.48061453,agree,,328.5,328.5,BS2_S,none
3001543273,MIZAR 11 FEDERAL COM #021H,Devon,30,Eddy,BS2_S,BS2_S,keep,True,,False,9073.0,False,4468.0,2015-12-22,67834.0,15182.18442256043,1268.3462570392428,False,-103.840305,32.67847998,agree,,17.0,17.0,BS2_S,none
3001543274,COTTON DRAW UNIT #242H,Devon,30,Eddy,BS2_S,BS2_S,keep,True,,False,10410.0,False,4387.0,2016-05-18,107648.0,24537.95304308183,1795.6394916765755,False,-103.72958108,32.15623893,agree,,25.0,25.0,BS2_S,none
3001543275,COTTON DRAW UNIT #223H,Devon,30,Eddy,BS2_S,BS2_S,keep,True,,False,10562.0,False,6610.0,2016-05-18,204290.0,30906.202723146747,1849.8311224240051,True,-103.72938794,32.13287506,agree,,87.0,87.0,BS3_C,none
3001543276,HADAR 10 FEDERAL COM #021H,Devon,30,Eddy,BS2_S,BS2_S,keep,True,,False,9065.0,False,4426.0,2016-01-26,42860.0,9683.687302304565,1493.0237984134392,False,-103.85734043,32.67846188,agree,,16.0,16.0,BS2_S,none
3001543282,CEDAR CANYON 23 FEDERAL #005H,Occidental,30,Eddy,BS2_S,BS2_S,keep,True,,False,9013.0,False,7097.0,2016-01-16,205241.0,28919.402564463857,1825.9899337851598,True,-103.95045718,32.20876049,off_band,,163.0,,BS2_S,none
3001543283,BIG EDDY UNIT DI4 #268H,Exxon Mobil,30,Eddy,BS2_S,BS2_S,keep,True,,False,9133.0,False,6801.0,2019-09-24,198437.0,29177.620938097338,1716.0055836361162,True,-103.87702734,32.60046053,agree,,36.5,36.5,BS2_S,none
3001543285,BIG EDDY UNIT DI4 #266H,Exxon Mobil,30,Eddy,BS2_S,BS2_S,keep,True,,False,8932.0,False,4403.0,2019-09-01,109843.0,24947.308653191005,2078.8671103301986,False,-103.8983085,32.607389,off_band,,153.0,,BS2_S,none
3001543290,CEDAR CANYON 23 FEDERAL #003H,Occidental,30,Eddy,BS2_S,BS2_S,keep,True,,False,9010.0,False,7266.0,2017-02-01,223013.0,30692.678227360306,1859.124804383601,True,-103.95254324,32.20415431,off_band,,184.0,,BS2_S,none
3001543312,LEO 15 B2DN FEDERAL COM #001H,Mewbourne,30,Eddy,BS2_S,BS2_S,keep,True,,False,8380.0,False,5895.0,2016-01-09,175406.0,29755.04664970314,1419.5466517678985,False,-103.96256397,32.74598081,agree,,90.5,90.5,BS2_S,none
3001543315,MAN STATE #003H,Permian Resources,30,Eddy,BS2_S,BS2_S,keep,True,,False,6985.0,False,3768.0,2016-07-06,60251.0,15990.180467091295,4001.145209208146,False,-104.19818629,32.69766452,no_evidence,,,,BS2_S,none
3001543319,WILD TURKEY 36 35 B2AB STATE COM #001H,Mewbourne,30,Eddy,BS2_S,BS2_S,keep,True,,False,7516.0,False,6760.0,2017-03-06,104497.0,15458.136094674555,1455.180531498512,True,-104.13502249,32.71056291,off_band,,137.0,151.0,BS2_S,none
3001543331,OWL DRAW 27 22 B2MD FEDERAL COM #001H,Mewbourne,30,Eddy,BS2_S,BS2_S,keep,True,,False,7515.0,False,9751.0,2017-02-01,249273.0,25563.839606194237,5261.857481556366,True,-104.18512985,32.02012887,agree,,92.5,92.5,BS2_S,none
3001543419,JOURNEY 12 B2MP FEE #001H,Mewbourne,30,Eddy,BS2_S,BS2_S,keep,True,,False,8409.0,False,4221.0,2016-06-01,99459.0,23562.899786780385,1496.6368051156758,False,-104.04097661,32.22627678,agree,,14.0,14.0,BS2_S,none
3001543428,CORRAL CANYON FEDERAL COM #001H,Exxon Mobil,30,Eddy,BS2_S,BS2_S,keep,True,,False,8495.0,False,6840.0,2017-01-08,183049.0,26761.54970760234,2076.2473436074492,True,-104.01305561,32.16309355,agree,,121.0,121.0,BS2_S,none
3001543444,BIG EDDY UNIT DI 5 #024H,Exxon Mobil,30,Eddy,BS2_S,BS2_S,keep,True,,False,9585.0,False,11402.0,2017-09-14,185983.0,16311.436590071917,1982.5629224176403,True,-103.83356356,32.54597802,off_band,,127.5,,BS3_C,none
3001543454,COTTONBERRY 20 FEDERAL COM #003H,Devon,30,Eddy,BS2_S,BS2_S,keep,True,,False,7471.0,False,4610.0,2016-02-01,142776.0,30970.932754880694,4104.68846304701,False,-104.21044197,32.11613108,agree,,50.0,50.0,BS2_S,none
3001543455,COTTONBERRY 20 FEDERAL COM #002H,Devon,30,Eddy,BS2_S,BS2_S,keep,True,,False,7388.0,False,4617.0,2017-02-19,204191.0,44225.90426683994,4277.495090381065,False,-104.21417052,32.11537547,agree,,48.0,48.0,BS2_S,none
3001543474,CORRAL CANYON FEDERAL COM #014H,Exxon Mobil,30,Eddy,BS2_S,BS2_S,keep,False,,True,8545.0,False,9853.0,2017-11-28,404024.0,41005.176088500964,1779.228461675544,True,-104.00966515,32.13691927,agree,,63.0,63.0,BS2_S,none
3001543487,GADWALL 18 FEDERAL COM #004H,Devon,30,Eddy,BS2_S,BS2_S,keep,True,,False,7266.0,False,4316.0,2016-06-07,99927.0,23152.687673772012,4517.878050977213,False,-104.23593819,32.13018896,agree,,22.0,22.0,BS2_S,none
3001543488,GADWALL 18 FEDERAL COM #005H,Devon,30,Eddy,BS2_S,BS2_S,keep,True,,False,7288.0,False,4798.0,2016-07-21,170339.0,35502.084201750724,4114.7300383353195,False,-104.23160075,32.12996781,off_band,,520.5,,BS2_S,none
3001543493,CORRAL CANYON FEDERAL COM #013H,Exxon Mobil,30,Eddy,BS2_S,BS2_S,keep,True,,False,8510.0,False,9603.0,2017-12-03,483480.0,50346.76663542643,1712.4245056672457,True,-104.0134459,32.13691176,agree,,98.0,98.0,BS2_S,none
3001543551,BIG SINKS DRAW 25 FEDERAL COM #004H,Devon,30,Eddy,BS3_C,BS2_S,reassign,True,class BS3_C->BS2_S (precision 0.90) + sql/23 concurs + GOR none,False,10476.0,False,6971.0,2016-12-24,136053.0,19516.99899583991,2662.9989783393235,True,-103.72518383,32.11239383,flag,BS2_S,12.0,,BS2_S,none
3001543579,ROSS DRAW 25 COM #031H,Exxon Mobil,30,Eddy,BS2_S,BS2_S,keep,True,,False,8794.0,False,6047.0,2017-06-01,100762.0,16663.13874648586,3014.5689843393343,True,-103.94507837,32.00902805,off_band,,1360.0,,BS2_S,none
3001543599,COTTON DRAW UNIT #243H,Devon,30,Eddy,BS2_S,BS2_S,keep,True,,False,10429.0,False,7203.0,2016-05-03,256064.0,35549.632097737056,1734.4179580104974,True,-103.72518152,32.1557414,agree,,26.0,26.0,BS2_S,none
3001543601,CEDAR CANYON 29 FEDERAL #021H,Occidental,30,Eddy,BS2_S,BS2_S,keep,True,,False,8606.0,False,4555.0,2017-04-01,174344.0,38275.30186608123,2917.0433166613134,False,-104.00610598,32.1917874,agree,,3.0,3.0,BS2_S,none
3001543607,JAMES RANCH UNIT DI 1 #161H,Exxon Mobil,30,Eddy,BS2_S,BS2_S,keep,True,,False,9269.0,False,8373.0,2018-06-01,312493.0,37321.50961423623,1890.1415391704775,True,-103.86718891,32.38386973,off_band,,892.0,,BS2_S,none
3001543619,BONNIE 35 FEDERAL COM #004H,Devon,30,Eddy,BS3_C,BS2_S,reassign,True,class BS3_C->BS2_S (precision 0.90) + sql/23 concurs + GOR none,False,7432.0,False,4249.0,2017-09-01,129599.0,30501.059072722994,3274.0607566416406,False,-104.26137976,32.08630067,flag,BS2_S,54.0,403.0,BS2_S,none
3001543642,CEDAR CANYON 22 FEDERAL #021H,Occidental,30,Eddy,BS2_S,BS2_S,keep,True,class BS2_S->BS3_C rejected (precision 0.33),False,8817.0,False,4584.0,2017-02-01,150255.0,32778.141361256545,2443.8654287710892,False,-103.97232296,32.20515253,flag,BS3_C,3.0,,BS2_S,none
3001543645,CEDAR CANYON 28 27 FEDERAL COM #005H,Occidental,30,Eddy,BS2_S,BS2_S,keep,True,class BS2_S->BS3_C rejected (precision 0.33),False,8732.0,False,9856.0,2017-04-01,264536.0,26840.0974025974,2439.357970181752,True,-103.98123694,32.18811694,flag,BS3_C,87.0,,BS3_C,none
3001543647,BIG EDDY UNIT DI4B #274H,Exxon Mobil,30,Eddy,BS3_C,BS2_S,reassign,True,class BS3_C->BS2_S (precision 0.90) + sql/23 concurs + GOR none,False,9194.0,False,6769.0,2019-12-01,197992.0,29249.81533461368,1843.3522566568347,True,-103.87784,32.597105,flag,BS2_S,61.0,,BS2_S,none
3001543658,COTTONBERRY 20 FEDERAL COM #004H,Devon,30,Eddy,BS2_S,BS2_S,keep,True,,False,7508.0,False,4511.0,2017-06-19,166824.0,36981.600532032804,4874.856135807798,False,-104.20523002,32.11533516,agree,,72.0,72.0,BS2_S,none
3001543665,SALT FORK 3 4 FEDERAL COM #001H,Permian Resources,30,Eddy,BS2_S,BS2_S,keep,True,,False,8470.0,False,5713.0,2017-11-22,223812.0,39175.91458078068,2204.4930566725643,False,-103.97365308,32.68758383,agree,,4.0,4.0,BS2_S,none
3001543666,SALT FORK 3 4 FEDERAL COM #002H,Permian Resources,30,Eddy,BS2_S,BS2_S,keep,True,,False,8474.0,False,7130.0,2017-11-25,378242.0,53049.36886395512,2136.893840451351,True,-103.9728022,32.68382897,agree,,35.0,35.0,BS2_S,none
3001543670,BULTACO STATE #003H,ConocoPhillips,30,Eddy,BS2_S,BS2_S,keep,True,,False,10465.0,False,4519.0,2017-06-06,150393.0,33280.150475768976,1762.9942882979926,False,-103.7267622,32.34809025,agree,,192.0,192.0,BS2_S,none
3001543708,CEDAR CANYON 22 FEDERAL COM #004H,Occidental,30,Eddy,BS2_S,BS2_S,keep,True,card verdict REJECT (BS2_S->BS3_C),False,8820.0,False,4438.0,2017-02-01,191670.0,43188.37314105453,2254.5990504512965,False,-103.97216486,32.20281031,flag,BS3_C,6.0,,BS2_S,none
3001543711,CORRAL CANYON FEDERAL #020H,Exxon Mobil,30,Eddy,BS2_S,BS2_S,keep,True,,False,8761.0,False,9777.0,2020-09-01,248287.0,25395.008693873377,2321.4143309959845,True,-103.98296899,32.1367714,off_band,,584.0,,BS2_S,none
3001543712,CORRAL CANYON 3 FEDERAL #009H,Exxon Mobil,30,Eddy,BS2_S,BS2_S,keep,True,,False,8748.0,False,4266.0,2020-08-01,255572.0,59909.04828879513,2742.823940024729,False,-103.97877714,32.15898439,off_band,,2176.5,,BS2_S,none
3001543715,GRYNBERG 11 FEDERAL COM #005H,Devon,30,Eddy,BS2_S,BS2_S,keep,True,,False,7221.0,False,4298.0,2017-02-09,83863.0,19512.098650535132,8747.063663355711,False,-104.25728862,32.14497518,agree,,59.0,59.0,BS2_S,none
3001543717,CORRAL CANYON FEDERAL #018H,Exxon Mobil,30,Eddy,BS2_S,BS2_S,keep,True,,False,8632.0,False,4875.0,2019-09-01,192344.0,39455.179487179485,3002.750280746995,False,-103.99232526,32.15933337,agree,,4.0,4.0,BS2_S,none
3001543718,CORRAL CANYON 10 15 FEDERAL COM #021H,Exxon Mobil,30,Eddy,BS2_S,BS2_S,keep,True,,False,8731.0,False,9778.0,2020-08-01,220259.0,22525.97668234813,1942.2134850335287,True,-103.97860514,32.13717532,agree,,85.0,85.0,BS2_S,none
3001543724,COTTON DRAW UNIT #272H,Devon,30,Eddy,BS2_S,BS2_S,keep,True,,False,10095.0,False,4002.0,2017-10-01,48073.0,12012.24387806097,6104.154098974476,False,-103.76174545,32.15965862,agree,,296.5,296.5,BS2_S,none
3001543749,CEDAR CANYON 21 FEDERAL COM #005H,Occidental,30,Eddy,BS2_S,BS2_S,keep,True,,False,8706.0,False,4395.0,2016-11-23,226705.0,51582.48009101251,2169.775699697845,False,-103.98998919,32.20070656,agree,,13.0,13.0,BS2_S,none
3001543779,BIG PAPI FEDERAL COM #012H,ConocoPhillips,30,Eddy,BS2_S,BS2_S,keep,True,,False,8726.0,False,9590.0,2018-12-05,205780.0,21457.7685088634,3080.654096608028,True,-103.98713058,32.06390333,off_band,,1262.0,,BS2_S,none
3001543784,PAVO MACHO 31 32 B2EH FEDERAL COM #001H,Mewbourne,30,Eddy,BS2_S,BS2_S,keep,False,,False,7700.0,True,9385.0,2018-01-16,250030.0,26641.449120937665,1469.5636523617165,True,-104.10471966,32.70524173,ambiguous,,9.0,38.5,BS2_S,none
3001543786,PAVO MACHO 31 B2MP FEDERAL #001H,Mewbourne,30,Eddy,BS2_S,BS2_S,keep,True,,False,7671.0,False,4278.0,2016-08-01,124041.0,28995.09116409537,2080.0622374859927,False,-104.11367893,32.698546,ambiguous,,19.0,62.0,BS3_C,none
3001543787,PAVO MACHO 31 32 B2DA FEDERAL COM #001H,Mewbourne,30,Eddy,BS2_S,BS2_S,tvd_suspect,False,"A-prime: planned survey flagged -> BS3_C; tag kept, TVD not evidence",True,7692.0,False,9450.0,2018-09-01,147950.0,15656.084656084657,1313.9776951672864,True,-104.1045593,32.70888426,flag,BS3_C,17.0,124.0,BS3_C,none
3001543804,GLOCK 16 B2HE FEDERAL #001H,Mewbourne,30,Eddy,BS2_S,BS2_S,keep,True,,False,8096.0,False,4767.0,2018-11-17,98229.0,20606.041535556953,2901.352960938216,False,-104.08031239,32.57459298,off_band,,1359.5,,BS2_S,none
3001543811,GRAHAM NASH FEDERAL COM #007H,ConocoPhillips,30,Eddy,BS2_S,BS2_S,keep,True,,False,7899.0,False,6827.0,2017-05-19,98389.0,14411.747473267907,7608.807895191536,True,-104.09473369,32.01037125,agree,,26.0,26.0,BS2_S,none
3001543819,CEDAR CANYON 28 FEDERAL COM #008H,Occidental,30,Eddy,BS3_C,BS2_S,reassign,True,card verdict AGREE (BS3_C->BS2_S),False,8712.0,False,4536.0,2017-01-03,235631.0,51946.86948853616,2423.7048605658847,False,-103.9900107,32.19475222,flag,BS2_S,34.5,107.0,BS2_S,none
3001543820,DR SCRIVNER FEDERAL 01 24S 28E RB #124H,Matador,30,Eddy,BS2_S,BS2_S,keep,True,,False,8380.0,False,4378.0,2017-09-01,93420.0,21338.51073549566,2096.9920787839865,False,-104.0418584,32.24154774,agree,,65.5,65.5,BS2_S,none
3001543847,CRESCENT HALE 10 FEDERAL COM #004H,Devon,30,Eddy,BS2_S,BS2_S,keep,True,,False,8528.0,False,8658.0,2017-05-01,112955.0,13046.315546315545,2500.677260856093,True,-103.95410866,32.66909651,agree,,10.5,10.5,BS2_S,none
3001543856,HACKBERRY 26 FEDERAL COM #001H,Devon,30,Eddy,BS2_S,BS2_S,keep,True,,False,8561.0,False,11445.0,2017-07-20,202364.0,17681.432940148537,2235.4667826293216,True,-103.95431707,32.63679857,agree,,13.0,13.0,BS2_S,none
3001543857,HACKBERRY 26 FEDERAL COM #002H,Devon,30,Eddy,BS2_S,BS2_S,keep,True,,False,8564.0,False,11061.0,2017-07-20,245647.0,22208.389838170147,2173.1549744145054,True,-103.95488721,32.6331578,agree,,8.5,8.5,BS2_S,none
3001543858,FULLER 14 23 B2LM FEDERAL COM #001H,Mewbourne,30,Eddy,BS2_S,BS2_S,keep,True,,False,8752.0,False,7259.0,2017-05-01,243028.0,33479.54263672682,3268.39294237701,True,-103.96185092,32.03080983,no_evidence,,,,BS2_S,none
3001543878,SPRUCE GOOSE FEDERAL COM #002H,ConocoPhillips,30,Eddy,BS2_S,BS2_S,keep,True,,False,9265.0,False,5085.0,2016-11-14,71484.0,14057.817109144542,1402.5516199429244,False,-103.80557153,32.68133139,agree,,5.0,5.0,BS2_S,none
3001543889,TOMB RAIDER 1 12 FEDERAL #062H,Devon,30,Eddy,BS2_S,BS2_S,keep,True,,False,10447.0,False,9588.0,2017-10-04,189950.0,19811.22236128494,1220.8160042116347,True,-103.73442228,32.32627749,off_band,,1257.0,,BS2_S,none
3001543902,DERRINGER 18 B2MP FEDERAL #001H,Mewbourne,30,Eddy,BS3_C,BS2_S,reassign,True,class BS3_C->BS2_S (precision 0.90) + sql/23 concurs + GOR none,False,7898.0,False,4186.0,2018-09-01,144338.0,34481.12756808409,2449.6875389710262,False,-104.11379632,32.56742557,flag,BS2_S,94.0,,BS2_S,none
3001543909,THRILLER BWL FEDERAL #001H,Exxon Mobil,30,Eddy,BS2_S,BS2_S,keep,False,,True,8440.0,False,4464.0,2018-03-01,241938.0,54197.58064516129,2902.8470103910918,False,-104.01615286,32.1012433,no_evidence,,,,BS2_S,none
3001543984,JAWBONE STATE #002H,Flat Creek Resources,30,Eddy,BS2_S,BS2_S,keep,True,,False,7242.0,False,4495.0,2017-04-12,60665.0,13496.106785317019,7469.990933816863,False,-104.26132993,32.15931669,agree,,73.5,73.5,BS3_C,none
3001543985,JAWBONE STATE COM #003H,Flat Creek Resources,30,Eddy,BS2_S,BS2_S,keep,True,,False,7142.0,False,4590.0,2017-05-24,51240.0,11163.398692810457,9178.298204527713,False,-104.26629019,32.15880481,agree,,33.0,33.0,BS2_S,none
3001543986,JAWBONE STATE COM #004H,Flat Creek Resources,30,Eddy,BS2_S,BS2_S,keep,True,,False,7154.0,False,4590.0,2017-05-24,44264.0,9643.572984749457,9131.980842219411,False,-104.27125214,32.15886077,agree,,67.0,67.0,BS2_S,none
3001543987,JAWBONE STATE #001H,Flat Creek Resources,30,Eddy,BS2_S,BS2_S,keep,True,,False,7256.0,False,4512.0,2017-04-12,64227.0,14234.70744680851,6662.33826895231,False,-104.25699208,32.15888377,agree,,87.5,87.5,BS3_C,none
3001544043,PALMILLO 14 15 STATE #002H,Permian Resources,30,Eddy,BS2_S,BS2_S,keep,True,,False,7579.0,False,4685.0,2017-09-05,169735.0,36229.455709711845,3557.2451173888708,False,-104.14725131,32.65469943,off_band,,1077.5,,BS2_S,none
3001544052,TERLINGUA 23 STATE #501H,EOG,30,Eddy,BS2_S,BS2_S,keep,True,,False,7906.0,False,4474.0,2017-05-01,52962.0,11837.72910147519,2885.29511725388,False,-104.03765371,32.73286083,agree,,44.0,44.0,BS3_C,none
3001544053,SAPPHIRE 11 12 B2NN STATE COM #001H,Mewbourne,30,Eddy,BS2_S,BS2_S,keep,True,,False,8125.0,False,6193.0,2019-01-01,133221.0,21511.545293072824,1548.4120371412916,True,-104.03355622,32.66870105,agree,,7.0,7.0,BS2_S,none
3001544071,DELAWARE RANCH 11 14 W1AP FEDERAL COM #001H,Mewbourne,30,Eddy,BS2_S,BS2_S,keep,False,,True,8313.0,False,9512.0,2019-07-14,290947.0,30587.363330529857,3582.7281257411146,True,-104.05019926,32.04951273,agree,,15.5,15.5,BS2_S,none
3001544083,HEYCO STATE #121H,Matador,30,Eddy,BS2_S,BS2_S,keep,True,,False,8657.0,False,4300.0,2017-09-01,26220.0,6097.674418604651,4855.377574370709,False,-104.00173587,32.52953746,no_evidence,,,,BS2_S,none
3001544091,EL TORO INVICTA 14 #221H,Chevron,30,Eddy,BS2_S,BS2_S,keep,True,,False,8237.0,False,4414.0,2017-10-27,142566.0,32298.595378341637,2948.402844998106,False,-104.06531881,32.30530042,agree,,39.0,39.0,BS2_S,none
3001544095,CEDAR CANYON 23 FEDERAL COM #006H,Occidental,30,Eddy,BS2_S,BS2_S,keep,True,,False,8973.0,False,7241.0,2017-08-01,314614.0,43448.97113658334,2469.235316928045,True,-103.95209402,32.20146745,off_band,,135.0,,BS3_C,none
3001544102,POPULUS FEDERAL #002H,ConocoPhillips,30,Eddy,BS2_S,BS2_S,keep,True,,False,7478.0,False,4390.0,2017-08-11,171145.0,38985.19362186788,4226.077302871834,False,-104.20994517,32.10069029,agree,,21.0,21.0,BS2_S,none
3001544103,POPULUS FEDERAL #004H,ConocoPhillips,30,Eddy,BS2_S,BS2_S,keep,True,,False,7416.0,False,4385.0,2017-08-18,146487.0,33406.385404789056,4443.5410650774475,False,-104.21846047,32.1005772,agree,,68.5,68.5,BS2_S,none
3001544105,COTTON DRAW UNIT #294H,Devon,30,Eddy,BS2_S,BS2_S,keep,False,,True,10500.0,True,4494.0,2018-02-01,139200.0,30974.632843791722,2778.0172413793102,False,-103.73137559,32.18886998,agree,,4.0,4.0,BS2_S,none
3001544106,COTTON DRAW UNIT #291H,Devon,30,Eddy,BS2_S,BS2_S,keep,False,,True,10500.0,True,4636.0,2018-01-19,153360.0,33080.241587575496,1934.2396974439228,False,-103.72664986,32.18859312,agree,,3.0,3.0,BS2_S,none
3001544108,COTTON DRAW UNIT #293H,Devon,30,Eddy,BS2_S,BS2_S,keep,True,,False,10556.0,False,7225.0,2018-02-02,187602.0,25965.67474048443,2349.77772091982,True,-103.72970997,32.1703617,agree,,129.5,129.5,BS2_S,none
3001544117,TURKEY TRACK 9 10 STATE #021H,Occidental,30,Eddy,BS2_S,BS2_S,keep,True,,False,7976.0,False,9819.0,2017-11-02,338726.0,34496.99562073531,2117.4813861351063,True,-104.07215172,32.67828103,agree,,17.5,17.5,BS2_S,none
3001544122,TURKEY TRACK 9 10 STATE #022H,Occidental,30,Eddy,BS2_S,BS2_S,keep,True,,False,7989.0,False,9819.0,2017-11-02,254221.0,25890.722069457177,1909.7045484047344,True,-104.06067306,32.6762639,agree,,11.5,11.5,BS2_S,none
3001544142,TURKEY TRACK 8 7 STATE #022H,Occidental,30,Eddy,BS2_S,BS2_S,keep,True,,False,7667.0,False,9625.0,2018-01-08,302941.0,31474.38961038961,2928.1675309713773,True,-104.104773,32.67867884,agree,,145.0,145.0,BS3_C,none
3001544143,TURKEY TRACK 8 7 STATE #023H,Occidental,30,Eddy,BS2_S,BS2_S,keep,True,,False,7874.0,False,9496.0,2017-12-08,315098.0,33182.18197135636,2629.7183733314714,True,-104.10528763,32.67352884,agree,,61.5,61.5,BS2_S,none
3001544145,TURKEY TRACK 8 7 STATE #024H,Occidental,30,Eddy,BS2_S,BS2_S,keep,True,,False,7893.0,False,9499.0,2017-12-08,222257.0,23397.936624907885,2902.5362530763937,True,-104.10762898,32.66951416,agree,,85.0,85.0,BS2_S,none
3001544147,ROAD RUNNER FEDERAL COM #002H,ConocoPhillips,30,Eddy,BS2_S,BS2_S,keep,True,,False,7253.0,False,9627.0,2017-12-18,394548.0,40983.48395138673,3047.3630584871803,True,-104.24480052,32.10808934,agree,,64.5,64.5,BS2_S,none
3001544152,HOSS 2 11 B2BO FEDERAL COM #002H,Mewbourne,30,Eddy,BS2_S,BS2_S,keep,True,,False,8347.0,False,9834.0,2017-11-01,233370.0,23730.93349603417,2791.836997043322,True,-104.05493219,32.15202584,agree,,66.0,66.0,BS2_S,none
3001544154,TURKEY TRACK 9 10 STATE #023H,Occidental,30,Eddy,BS2_S,BS2_S,keep,True,,False,7962.0,False,9820.0,2018-01-02,245612.0,25011.405295315682,2362.3112877220983,True,-104.07194015,32.67196642,agree,,0.5,0.5,BS2_S,none
3001544156,TURKEY TRACK 9 10 STATE #024H,Occidental,30,Eddy,BS2_S,BS2_S,keep,True,,False,7953.0,False,9820.0,2018-01-02,244301.0,24877.902240325868,1932.3498471148296,True,-104.0718887,32.6701522,agree,,17.0,17.0,BS2_S,none
3001544170,STEBBINS 19 FEDERAL COM #123H,Matador,30,Eddy,BS2_S,BS2_S,keep,True,,False,7897.0,False,4163.0,2017-12-01,113853.0,27348.786932500603,2916.427322951525,False,-104.11441343,32.55686041,agree,,112.5,112.5,BS2_S,none
3001544172,STEBBINS 19 FEDERAL #124H,Matador,30,Eddy,BS2_S,BS2_S,keep,True,,False,7896.0,False,4071.0,2018-03-01,88233.0,21673.54458364038,2825.5301304500586,False,-104.1147043,32.55265907,agree,,97.5,97.5,BS2_S,none
3001544174,STEBBINS 19 FEDERAL COM #127H,Matador,30,Eddy,BS2_S,BS2_S,keep,True,,False,7678.0,False,4676.0,2019-09-01,50664.0,10834.901625320788,6234.880783199116,False,-104.11409376,32.55549352,agree,,137.0,137.0,BS2_S,none
3001544181,CEDAR CANYON 21 FEDERAL COM #021H,Occidental,30,Eddy,BS2_S,BS2_S,keep,True,,False,8550.0,False,4551.0,2017-11-01,142220.0,31250.27466490881,2172.212065813528,False,-103.9896879,32.20911326,agree,,144.0,144.0,BS2_S,none
3001544185,STEBBINS 20 FEDERAL #124H,Matador,30,Eddy,BS2_S,BS2_S,keep,True,,False,8006.0,False,3160.0,2017-10-27,119462.0,37804.43037974683,2100.7517034705597,False,-104.09643642,32.55233002,agree,,121.5,121.5,BS2_S,none
3001544190,CEDAR CANYON 21 FEDERAL COM #022H,Occidental,30,Eddy,BS2_S,BS2_S,keep,True,,False,8713.0,False,4596.0,2017-11-06,206143.0,44852.69799825936,1990.4968880825447,False,-103.98947635,32.20598102,agree,,19.5,19.5,BS2_S,none
3001544191,CEDAR CANYON 21 FEDERAL COM #023H,Occidental,30,Eddy,BS2_S,BS2_S,keep,True,,False,8708.0,False,4631.0,2017-11-06,179816.0,38828.762686244874,2465.48694220759,False,-103.98824583,32.20425507,agree,,14.0,14.0,BS2_S,none
3001544196,SRO STATE COM #030H,ConocoPhillips,30,Eddy,BS2_S,BS2_S,keep,True,,False,8131.0,False,9541.0,2017-11-01,211314.0,22147.992872864477,4094.1868499010952,True,-104.08454394,32.06466482,agree,,81.0,81.0,BS2_S,none
3001544199,COTTON DRAW UNIT #513H,Devon,30,Eddy,BS2_S,BS2_S,keep,True,,False,10268.0,False,4558.0,2018-01-17,118817.0,26067.79289161913,2216.4589242280144,False,-103.72510996,32.18829491,agree,,239.0,239.0,BS2_C,none
3001544204,FORTY NINER RIDGE UNIT #106H,Mewbourne,30,Eddy,BS2_S,BS2_S,keep,True,,False,9546.0,False,9623.0,2018-03-01,145806.0,15151.823755585576,1466.6748967806539,True,-103.86266043,32.29825966,agree,,260.0,260.0,BS2_S,none
3001544209,CRAIG FEDERAL COM #002H,ConocoPhillips,30,Eddy,BS2_S,BS2_S,keep,True,,False,7544.0,False,9868.0,2017-11-03,293332.0,29725.577624645317,3454.573657152987,True,-104.25393235,32.09291433,agree,,193.0,193.0,BS2_S,none
3001544219,FORTY NINER RIDGE UNIT #105H,Mewbourne,30,Eddy,BS2_S,BS2_S,keep,True,,False,9802.0,False,9586.0,2018-03-01,188542.0,19668.474859169623,1372.1398945593025,True,-103.86161957,32.29861767,agree,,4.5,4.5,BS2_S,none
3001544244,ZACH MCCORMICK FEDERAL COM #121H,Matador,30,Eddy,BS2_S,BS2_S,keep,True,,False,8527.0,False,4438.0,2018-04-01,80487.0,18135.87201442091,1952.1040664952104,False,-104.02369781,32.22318834,off_band,,437.0,,BS2_S,none
3001544255,ZACH MCCORMICK FEDERAL COM #122H,Matador,30,Eddy,BS2_S,BS2_S,keep,False,,True,8340.0,False,4410.0,2018-08-01,109899.0,24920.408163265307,2641.743782927961,False,-104.02279494,32.21955343,agree,,198.0,198.0,BS2_S,none
3001544272,PATTON MDP1 18 FEDERAL #005H,Occidental,30,Eddy,BS2_S,BS2_S,keep,True,,False,10016.0,False,4580.0,2017-12-01,187311.0,40897.59825327511,2893.1296079781755,False,-103.81177468,32.21743884,agree,,44.0,44.0,BS2_S,none
3001544273,PATTON MDP1 18 FEDERAL #007H,Occidental,30,Eddy,BS2_S,BS2_S,keep,True,,False,10018.0,False,4581.0,2017-12-01,213045.0,46506.22134905043,2261.728742753878,False,-103.80941887,32.21719211,agree,,46.0,46.0,BS2_S,none
3001544277,GOLDEN CORRAL FEDERAL COM #002H,Exxon Mobil,30,Eddy,BS2_S,BS2_S,keep,True,,False,8477.0,False,6603.0,2018-09-14,285188.0,43190.67090716341,1798.3926392414828,True,-104.02160628,32.16373821,off_band,,1131.0,,BS2_S,none
3001544291,SECRETARIAT 3 FEDERAL COM #501H,EOG,30,Eddy,BS2_S,BS2_S,keep,True,,False,6546.0,False,7147.0,2018-04-01,19824.0,2773.751224289912,2379.9435028248586,True,-104.25887835,32.67884573,no_evidence,,,,BS2_S,none
3001544293,PALLADIUM MDP1 7 6 FEDERAL COM #006H,Occidental,30,Eddy,BS2_S,BS2_S,keep,True,,False,10058.0,False,9852.0,2017-11-06,332845.0,33784.510759236706,1492.211089245745,True,-103.80989646,32.2391386,agree,,23.5,23.5,BS2_S,none
3001544294,PALLADIUM MDP1 7 6 FEDERAL COM #005H,Occidental,30,Eddy,BS2_S,BS2_S,keep,True,,False,10054.0,False,9885.0,2017-11-11,280544.0,28380.7789580172,1835.5872875556063,True,-103.81239461,32.24523043,agree,,20.0,20.0,BS2_S,none
3001544295,PALLADIUM MDP1 7 6 FEDERAL COM #004H,Occidental,30,Eddy,BS2_S,BS2_S,keep,True,,False,10034.0,False,9712.0,2017-12-12,261342.0,26909.184514003296,1883.5587085122177,True,-103.81681077,32.23863904,agree,,22.0,22.0,BS2_S,none
3001544296,MYOX 20 FEDERAL COM #005H,ConocoPhillips,30,Eddy,BS2_S,BS2_S,keep,True,,False,8013.0,False,9550.0,2017-12-10,266269.0,27881.570680628272,3002.636431578592,True,-104.10753124,32.10734165,off_band,,1399.0,,BS2_S,none
3001544298,PALLADIUM MDP1 7 6 FEDERAL COM #001H,Occidental,30,Eddy,BS2_S,BS2_S,keep,False,,True,10012.0,False,9964.0,2018-02-01,310110.0,31123.04295463669,1735.0778755925317,True,-103.82421953,32.23975737,agree,,44.0,44.0,BS2_S,none
3001544299,PALLADIUM MDP1 7 6 FEDERAL COM #002H,Occidental,30,Eddy,BS2_S,BS2_S,keep,True,,False,10033.0,False,9716.0,2018-02-01,308646.0,31766.77645121449,1968.497890787504,True,-103.82240623,32.23968388,agree,,25.0,25.0,BS2_S,none
3001544316,PATTON MDP1 18 FEDERAL #023H,Occidental,30,Eddy,BS2_S,BS2_S,keep,True,,False,10286.0,False,4108.0,2017-12-01,122793.0,29891.187925998052,2241.4714193805835,False,-103.81536977,32.21713011,agree,,251.5,251.5,BS2_S,none
3001544317,PATTON MDP1 18 FEDERAL #001H,Occidental,30,Eddy,BS2_S,BS2_S,keep,True,,False,10065.0,False,4451.0,2018-02-01,116969.0,26279.263086946754,2122.8188665372877,False,-103.82439831,32.21727028,agree,,48.0,48.0,BS2_S,none
3001544324,SST 6 STATE #124H,Matador,30,Eddy,BS2_S,BS2_S,keep,True,,False,7601.0,False,4211.0,2018-05-01,146470.0,34782.711944906194,2506.260667713525,False,-104.11365741,32.68386338,ambiguous,,102.0,179.0,BS3_C,none
3001544325,SST 6 STATE #123H,Matador,30,Eddy,BS2_S,BS2_S,keep,True,class BS2_S->BS3_C rejected (precision 0.33),False,7744.0,False,4211.0,2018-05-01,190694.0,45284.73046782237,2652.5008652605748,False,-104.11344906,32.68764491,flag,BS3_C,70.0,,BS2_S,none
3001544333,PATTON MDP1 18 FEDERAL #003H,Occidental,30,Eddy,BS2_S,BS2_S,keep,True,,False,10011.0,False,4506.0,2017-12-06,98748.0,21914.780292942745,2559.4543686960747,False,-103.81762112,32.2173057,agree,,36.5,36.5,BS2_S,none
3001544334,TURKEY TRACK 4 3 STATE #031H,Occidental,30,Eddy,BS2_S,BS2_S,keep,False,,True,7927.0,False,10090.0,2018-10-22,199640.0,19785.926660059467,1386.8363053496294,True,-104.07030936,32.69599461,agree,,50.5,50.5,BS2_S,none
3001544337,PATTON MDP1 18 FEDERAL #002H,Occidental,30,Eddy,BS2_S,BS2_S,keep,True,,False,10084.0,False,4504.0,2017-12-06,142407.0,31617.895204262877,2329.822269972684,False,-103.82091984,32.21741709,agree,,58.0,58.0,BS2_S,none
3001544369,SUNRISE MDP1 8 5 FEDERAL COM #001H,Occidental,30,Eddy,BS2_S,BS2_S,keep,False,,True,10052.0,False,9880.0,2018-03-01,359870.0,36424.08906882592,2191.1468030121987,True,-103.80695284,32.23974701,agree,,2.0,2.0,BS2_S,none
3001544395,SUNRISE MDP1 8 5 FEDERAL COM #002H,Occidental,30,Eddy,BS2_S,BS2_S,keep,False,,True,10067.0,False,9857.0,2018-03-01,416501.0,42254.33701937709,2379.6797606728437,True,-103.8042919,32.23942388,agree,,8.5,8.5,BS2_S,none
3001544396,TURKEY TRACK 4 3 STATE #021H,Occidental,30,Eddy,BS2_S,BS2_S,keep,True,,False,7955.0,False,10270.0,2019-08-01,171991.0,16746.93281402142,2258.8856393648507,True,-104.06996383,32.69589858,agree,,29.0,29.0,BS2_S,none
3001544424,LUSITANO 27 34 FEDERAL COM #235H,Devon,30,Eddy,BS2_S,BS2_S,keep,True,,False,10418.0,False,6861.0,2018-10-26,154723.0,22551.08584754409,3337.848930023332,True,-103.75863103,32.0977985,agree,,92.5,92.5,BS2_S,none
3001544434,TANKLESS FEDERAL COM #002H,ConocoPhillips,30,Eddy,BS2_S,BS2_S,keep,True,,False,10254.0,False,7073.0,2018-02-14,379791.0,53695.8857627598,1884.5048987469424,True,-103.74157121,32.3515862,agree,,11.0,11.0,BS2_S,none
3001544444,PATTON MDP1 17 FEDERAL #005H,Occidental,30,Eddy,BS2_S,BS2_S,keep,True,,False,10137.0,False,4536.0,2018-03-01,106268.0,23427.68959435626,2333.2705988632515,False,-103.79537271,32.21834406,off_band,,669.0,,BS2_S,none
3001544445,PATTON MDP1 17 FEDERAL #006H,Occidental,30,Eddy,BS2_S,BS2_S,keep,True,,False,10077.0,False,4549.0,2018-03-01,198578.0,43653.11057375247,1130.5079112489802,False,-103.79228713,32.21817965,off_band,,729.0,,BS2_S,none
3001544448,FULLER 14 23 B2KN FEDERAL COM #001H,Mewbourne,30,Eddy,BS2_S,BS2_S,keep,True,,False,8789.0,False,7985.0,2022-01-08,157810.0,19763.306199123355,3452.670933400925,True,-103.9569588,32.03111432,off_band,,685.0,,BS2_S,none
3001544457,PALLADIUM MDP1 7 6 FEDERAL COM #003Y,Occidental,30,Eddy,BS2_S,BS2_S,keep,True,,False,10011.0,False,9837.0,2017-12-12,190896.0,19405.916437938395,2238.6692230324365,True,-103.81846603,32.23934262,agree,,45.0,45.0,BS2_S,none
3001544459,PATTON MDP1 17 FEDERAL #001H,Occidental,30,Eddy,BS2_S,BS2_S,keep,True,,False,9996.0,False,4551.0,2018-04-01,154462.0,33940.23291584267,2937.848791288472,False,-103.80620322,32.21783059,agree,,65.5,65.5,BS2_S,none
3001544460,PATTON MDP1 17 FEDERAL #002H,Occidental,30,Eddy,BS2_S,BS2_S,keep,True,,False,9985.0,False,4576.0,2018-04-01,146275.0,31965.69055944056,2549.0206802256025,False,-103.80483463,32.2175978,agree,,78.0,78.0,BS2_S,none
3001544473,SUNRISE MDP1 8 5 FEDERAL COM #006H,Occidental,30,Eddy,BS2_S,BS2_S,keep,False,,True,10121.0,False,9852.0,2018-03-01,237427.0,24099.370686155093,2070.6280246138813,True,-103.79272103,32.23954293,agree,,62.0,62.0,BS2_S,none
3001544474,SUNRISE MDP1 8 5 FEDERAL COM #003H,Occidental,30,Eddy,BS2_S,BS2_S,keep,False,,True,10096.0,False,9894.0,2018-04-01,423733.0,42827.26905195068,2335.5768845003813,True,-103.80125025,32.23989865,agree,,37.5,37.5,BS2_S,none
3001544475,SUNRISE MDP1 8 5 FEDERAL COM #004H,Occidental,30,Eddy,BS2_S,BS2_S,keep,True,,False,10059.0,False,9844.0,2018-04-01,337846.0,34319.991873222265,2396.156828851015,True,-103.79978011,32.23944977,agree,,1.0,1.0,BS2_S,none
3001544496,PATTON MDP1 17 FEDERAL #003H,Occidental,30,Eddy,BS2_S,BS2_S,keep,True,,False,10060.0,False,4570.0,2018-04-01,177403.0,38819.03719912473,2184.5008258033968,False,-103.80117409,32.21818952,agree,,1.0,1.0,BS2_S,none
3001544497,PATTON MDP1 17 FEDERAL #004H,Occidental,30,Eddy,BS2_S,BS2_S,keep,True,,False,10063.0,False,4570.0,2018-04-01,156746.0,34298.90590809628,2540.0137802559557,False,-103.79960269,32.21822199,agree,,3.5,3.5,BS2_S,none
3001544498,NIMITZ MDP1 13 FEDERAL COM #002H,Occidental,30,Eddy,BS2_S,BS2_S,keep,False,,True,9967.0,False,4773.0,2018-08-02,128566.0,26936.09888958726,2786.9343372275716,False,-103.82977592,32.21758692,agree,,49.0,49.0,BS2_S,none
3001544508,CORRAL FLY 02 01 STATE #022H,Occidental,30,Eddy,BS2_S,BS2_S,keep,False,,True,9029.0,False,9947.0,2018-05-01,166712.0,16760.028149190708,2189.242526032919,True,-103.94679589,32.16308428,off_band,,1273.0,,BS2_S,none
3001544509,CORRAL FLY 02 01 STATE #023H,Occidental,30,Eddy,BS2_S,BS2_S,keep,False,,True,9028.0,False,9927.0,2018-05-01,188269.0,18965.347033343405,1926.0579277523118,True,-103.94579129,32.16062779,off_band,,1337.0,,BS2_S,none
3001544510,CORRAL FLY 02 01 STATE #024H,Occidental,30,Eddy,BS2_S,BS2_S,keep,False,,True,9059.0,False,9951.0,2018-05-01,193189.0,19414.028740830065,2544.943035058932,True,-103.94590227,32.15822378,off_band,,1313.0,,BS2_S,none
3001544512,CORRAL FLY 02 01 STATE #025H,Occidental,30,Eddy,BS2_S,BS2_S,keep,False,,True,9059.0,False,9897.0,2018-05-01,180219.0,18209.457411336767,2167.9456661062372,True,-103.94667065,32.15579767,off_band,,1283.0,,BS2_S,none
3001544517,TURKEY TRACK 4 3 STATE #023H,Occidental,30,Eddy,BS2_S,BS2_S,keep,True,,False,7955.0,False,10226.0,2019-08-15,196318.0,19197.9268531195,2741.949286361923,True,-104.05906854,32.6875856,agree,,34.0,34.0,BS2_S,none
3001544518,TURKEY TRACK 4 3 STATE #024H,Occidental,30,Eddy,BS2_S,BS2_S,keep,True,,False,7979.0,False,10225.0,2019-08-15,213493.0,20879.51100244499,3082.592871897439,True,-104.07102315,32.68358178,agree,,10.0,10.0,BS2_S,none
3001544519,CEDAR CANYON 20 FEDERAL COM #025H,Occidental,30,Eddy,BS2_S,BS2_S,keep,False,,True,8614.0,False,4504.0,2018-09-18,262741.0,58335.03552397868,2587.8679003276993,False,-104.00250392,32.20297914,agree,,5.0,5.0,BS2_S,none
3001544520,CEDAR CANYON 20 FEDERAL COM #026H,Occidental,30,Eddy,BS2_S,BS2_S,keep,True,,False,8662.0,False,7551.0,2018-09-18,248710.0,32937.359290160246,2371.8507498693257,True,-104.00090596,32.21004103,agree,,35.5,35.5,BS2_S,none
3001544521,CEDAR CANYON 29 FEDERAL COM #024H,Occidental,30,Eddy,BS2_S,BS2_S,keep,False,,False,8600.0,True,4598.0,2018-02-01,139961.0,30439.538929969553,3223.7123198605327,False,-104.00625058,32.18635879,agree,,6.0,6.0,BS2_S,none
3001544522,CEDAR CANYON 29 FEDERAL COM #025H,Occidental,30,Eddy,BS2_S,BS2_S,keep,True,,False,8612.0,False,4595.0,2018-02-01,133115.0,28969.532100108816,3558.7950268564773,False,-104.00624714,32.18525403,agree,,18.0,18.0,BS2_S,none
3001544523,CEDAR CANYON 29 FEDERAL #026H,Occidental,30,Eddy,BS2_S,BS2_S,keep,True,,False,8630.0,False,4598.0,2018-02-01,186981.0,40665.72422792518,2556.9282440461866,False,-104.00622098,32.18389292,agree,,36.0,36.0,BS2_S,none
3001544525,NIMITZ MDP1 13 FEDERAL COM #003H,Occidental,30,Eddy,BS2_S,BS2_S,keep,False,,True,9969.0,False,4998.0,2018-08-02,144953.0,29002.200880352142,2379.9852365939305,False,-103.82725096,32.2173493,agree,,47.0,47.0,BS2_S,none
3001544526,NIMITZ MDP1 12 FEDERAL COM #001H,Occidental,30,Eddy,BS2_S,BS2_S,keep,True,,False,9875.0,False,9800.0,2018-06-20,307108.0,31337.551020408162,1559.6337444807689,True,-103.84212214,32.23978002,off_band,,1372.0,,BS2_S,none
3001544528,NIMITZ MDP1 12 FEDERAL COM #006H,Occidental,30,Eddy,BS2_S,BS2_S,keep,False,,True,9973.0,False,7633.0,2018-08-03,168006.0,22010.48080702214,2604.770067735676,True,-103.82724884,32.23844353,agree,,85.0,85.0,BS2_S,none
3001544529,NIMITZ MDP1 12 FEDERAL COM #007H,Occidental,30,Eddy,BS2_S,BS2_S,keep,True,,False,10005.0,False,10194.0,2018-08-02,280351.0,27501.56955071611,2652.6782497654726,True,-103.8291341,32.23265345,agree,,30.0,30.0,BS2_S,none
3001544537,TURKEY TRACK 4 3 STATE #022H,Occidental,30,Eddy,BS3_C,BS2_S,reassign,True,class BS3_C->BS2_S (precision 0.90) + sql/23 concurs + GOR none,False,7957.0,False,10476.0,2019-08-01,174391.0,16646.716303932797,2173.90805718185,True,-104.07127955,32.69291325,flag,BS2_S,12.0,,BS2_S,none
3001544545,CEDAR CANYON 20 FEDERAL COM #024H,Occidental,30,Eddy,BS2_S,BS2_S,keep,True,,False,8631.0,False,7751.0,2018-09-18,257668.0,33243.19442652561,2324.7318254498036,True,-104.00386411,32.21002787,agree,,10.5,10.5,BS2_S,none
3001544546,MESA VERDE BONE SPRING UNIT #021H,Occidental,30,Eddy,BS2_S,BS2_S,keep,True,,False,10402.0,False,5073.0,2018-12-01,204465.0,40304.55351862803,1976.1621793460984,False,-103.73864329,32.21724125,off_band,,1271.0,,BS2_S,none
3001544547,MESA VERDE BONE SPRING UNIT #020H,Occidental,30,Eddy,BS2_S,BS2_S,keep,True,,False,10615.0,False,5256.0,2018-12-01,218383.0,41549.27701674277,2005.2751358851192,False,-103.73659969,32.21755876,off_band,,1058.0,,BS2_S,none
3001544548,MESA VERDE BONE SPRING UNIT #019H,Occidental,30,Eddy,BS2_S,BS2_S,keep,True,,False,10391.0,False,4729.0,2018-09-01,181899.0,38464.58024952421,1922.0776364905798,False,-103.7330387,32.21756667,off_band,,1499.0,,BS2_S,none
3001544549,MESA VERDE BONE SPRING UNIT #018H,Occidental,30,Eddy,BS2_S,BS2_S,keep,False,,True,10443.0,False,4473.0,2018-09-01,172217.0,38501.453163424994,1774.0002438783627,False,-103.73011634,32.21813834,off_band,,1289.0,,BS2_S,none
3001544550,MESA VERDE BONE SPRING UNIT #017H,Occidental,30,Eddy,BS2_S,BS2_S,keep,True,,False,10444.0,False,4751.0,2018-09-04,172839.0,36379.49905283098,1912.6933157447104,False,-103.72643675,32.2173321,off_band,,1465.5,,BS2_S,none
3001544551,MESA VERDE BONE SPRING UNIT #016H,Occidental,30,Eddy,BS2_S,BS2_S,keep,True,,False,10660.0,False,4517.0,2018-09-04,165298.0,36594.64246181094,1915.3468281527907,False,-103.72434689,32.2173321,off_band,,1249.5,,BS2_S,none
3001544554,MEDWICK 32 FEDERAL COM #001H,Devon,30,Eddy,BS2_S,BS2_S,keep,True,,False,7432.0,False,6668.0,2019-03-01,0.0,0.0,,False,-104.2200607,32.0091808,agree,,5.5,5.5,BS2_S,none
3001544574,TED PAUP 3231 FEDERAL COM #126H,Matador,30,Eddy,BS2_S,BS2_S,keep,True,,False,8125.0,False,10196.0,2021-06-25,62471.0,6127.0105923891715,3676.7620175761554,True,-104.10586146,32.53094965,agree,,193.0,193.0,BS2_S,none
3001544576,FNR 17 20 B2IP FEDERAL COM #001H,Mewbourne,30,Eddy,BS2_S,BS2_S,keep,True,,False,9340.0,False,7044.0,2018-08-06,231875.0,32918.08631459398,1289.9493261455525,True,-103.89602515,32.29368783,agree,,13.0,13.0,BS2_S,none
3001544579,VIRGO 24 23 B2AD FEDERAL COM #001H,Mewbourne,30,Eddy,BS2_S,BS2_S,keep,True,,False,8685.0,False,10060.0,2018-10-01,321099.0,31918.389662027836,1139.0287730575305,True,-103.93436944,32.7387906,agree,,43.0,43.0,BS2_S,none
3001544580,NIMITZ MDP1 12 FEDERAL COM #002H,Occidental,30,Eddy,BS2_S,BS2_S,keep,True,,False,10115.0,False,9752.0,2018-07-01,313221.0,32118.64232977851,2047.9597472710961,True,-103.83810378,32.23876952,off_band,,1132.0,,BS2_S,none
3001544581,NIMITZ MDP1 12 FEDERAL COM #009H,Occidental,30,Eddy,BS2_S,BS2_S,keep,False,,True,9901.0,False,9845.0,2018-07-01,357004.0,36262.46825799898,1903.2615881054553,True,-103.83582661,32.24025976,off_band,,1346.0,,BS2_S,none
3001544591,MEDWICK 32 FEDERAL COM #004H,Devon,30,Eddy,BS2_S,BS2_S,keep,True,,False,7408.0,False,6641.0,2019-03-01,76562.0,11528.685438939918,21222.0161437789,True,-104.21490811,32.01017257,agree,,45.0,45.0,BS2_S,none
3001544593,TOMB RAIDER 1 12 FEDERAL #234H,Devon,30,Eddy,BS3_C,BS2_S,reassign,True,class BS3_C->BS2_S (precision 0.90) + sql/23 concurs + GOR none,False,10532.0,False,9544.0,2018-12-27,250913.0,26290.129924559933,1307.9274489564111,True,-103.72428934,32.32585431,flag,BS2_S,94.0,,BS2_S,none
3001544631,CORRAL CANYON 36 25 FEDERAL COM #021H,Occidental,30,Eddy,BS2_S,BS2_S,keep,False,,True,9098.0,False,11194.0,2018-07-01,362786.0,32408.969090584244,2235.667859288947,True,-103.94493066,32.18338808,no_evidence,,,,BS3_C,none
3001544632,CORRAL CANYON 36 25 FEDERAL COM #022H,Occidental,30,Eddy,BS2_S,BS2_S,keep,True,,False,9117.0,False,11191.0,2018-06-01,318191.0,28432.758466624968,1914.5136097501186,True,-103.94183652,32.1821644,off_band,,1416.0,,BS2_S,none
3001544633,CORRAL CANYON 36 25 FEDERAL COM #023H,Occidental,30,Eddy,BS2_S,BS2_S,keep,False,,True,9125.0,False,11193.0,2018-06-01,305154.0,27262.932189761457,1919.8699672952018,True,-103.93929291,32.18311174,off_band,,1450.5,,BS2_S,none
3001544634,CORRAL CANYON 36 25 FEDERAL COM #024H,Occidental,30,Eddy,BS2_S,BS2_S,keep,False,,True,9155.0,False,9852.0,2018-06-01,208352.0,21148.193260251726,1958.6229073874981,True,-103.93638402,32.18202252,agree,,25.0,25.0,BS2_S,none
3001544635,CORRAL CANYON 36 25 FEDERAL COM #025H,Occidental,30,Eddy,BS2_S,BS2_S,keep,True,,False,9197.0,False,9852.0,2018-06-01,185607.0,18839.52496954933,2048.3925714008633,True,-103.93355555,32.17950949,agree,,73.5,73.5,BS2_S,none
3001544636,CORRAL CANYON 36 25 FEDERAL COM #026H,Occidental,30,Eddy,BS2_S,BS2_S,keep,False,,True,9184.0,False,9852.0,2018-06-01,170787.0,17335.261875761265,1807.9069250001464,True,-103.93069447,32.18169668,agree,,54.0,54.0,BS2_S,none
3001544641,CORRAL CANYON FEDERAL COM #029H,Exxon Mobil,30,Eddy,BS2_S,BS2_S,keep,True,,False,8605.0,False,9802.0,2018-07-23,347050.0,35406.039583758415,2332.753205589973,True,-103.99710607,32.1378358,agree,,126.0,126.0,BS2_S,none
3001544652,FORTY NINER RIDGE UNIT #107H,Mewbourne,30,Eddy,BS2_S,BS2_S,keep,False,,True,9542.0,False,7045.0,2022-01-01,163031.0,23141.376863023423,1841.7846912550374,True,-103.88311409,32.29346091,off_band,,528.0,,BS2_S,none
3001544655,VIRGO 24 23 B2HE FEDERAL COM #001H,Mewbourne,30,Eddy,BS2_S,BS2_S,keep,True,,False,8733.0,False,10081.0,2019-03-13,303151.0,30071.52068247198,1354.3547604988933,True,-103.93438141,32.73424745,agree,,9.0,9.0,BS2_S,none
3001544664,GOBBLER 5 B2AD STATE #001H,Mewbourne,30,Eddy,BS2_S,BS2_S,keep,True,,False,7816.0,False,4536.0,2018-07-01,138465.0,30525.793650793654,1686.3467302206334,False,-104.09682993,32.69590595,agree,,94.0,94.0,BS2_S,none
3001544665,GOBBLER 5 B2HE STATE #001H,Mewbourne,30,Eddy,BS2_S,BS2_S,keep,True,,False,7828.0,False,4547.0,2018-07-01,181501.0,39916.64833956455,2803.0809747604694,False,-104.09674815,32.69171792,agree,,95.0,95.0,BS2_S,none
3001544667,PALMILLO 14 15 STATE #205H,Permian Resources,30,Eddy,BS2_S,BS2_S,keep,True,,False,7328.0,False,4607.0,2018-10-06,222419.0,48278.489255480796,2672.330151650713,False,-104.16418788,32.65469439,off_band,,1286.5,,BS3_C,none
3001544668,PALMILLO 14 15 STATE #207H,Permian Resources,30,Eddy,BS2_S,BS2_S,keep,True,,False,7320.0,False,4916.0,2018-10-05,243548.0,49541.903986981284,3542.4064250168344,False,-104.16396292,32.66274938,agree,,85.0,85.0,BS3_C,none
3001544669,PALMILLO 14 15 STATE COM #208H,Permian Resources,30,Eddy,BS2_S,BS2_S,keep,True,,False,7301.0,False,4950.0,2018-10-09,254953.0,51505.656565656565,2748.34577353473,False,-104.16395439,32.66679496,agree,,104.0,104.0,BS3_C,none
3001544675,PALMILLO 14 15 STATE #206H,Permian Resources,30,Eddy,BS2_S,BS2_S,keep,True,,False,7415.0,False,5563.0,2018-10-03,261871.0,47073.70124033795,3250.7455961141172,False,-104.16322562,32.65844979,agree,,20.0,20.0,BS2_S,none
3001544683,CORRAL FLY 35 26 FEDERAL COM #025H,Occidental,30,Eddy,BS2_S,BS2_S,keep,False,,True,9032.0,False,9876.0,2018-08-01,371017.0,37567.53746456055,2153.5266578081328,True,-103.95068522,32.18168717,off_band,,1413.0,,BS2_S,none
3001544684,CORRAL FLY 35 26 FEDERAL COM #026H,Occidental,30,Eddy,BS2_S,BS2_S,keep,False,,True,9044.0,False,9926.0,2018-08-01,352287.0,35491.33588555309,2010.607828276377,True,-103.94784182,32.18136391,no_evidence,,,,BS2_S,none
3001544687,MARBOB 19 STATE COM #123H,Matador,30,Eddy,BS2_S,BS2_S,keep,True,,False,7885.0,False,4330.0,2018-07-01,43904.0,10139.491916859122,5471.779336734694,False,-104.11377106,32.64458445,agree,,103.0,103.0,BS2_S,none
3001544702,CORRAL FLY 35 26 FEDERAL COM #021H,Occidental,30,Eddy,BS2_S,BS2_S,keep,True,class BS2_S->BS3_C rejected (precision 0.33),False,8914.0,False,9880.0,2018-08-05,497800.0,50384.61538461539,2654.9698674166334,True,-103.96211883,32.18114721,flag,BS3_C,91.5,,BS2_S,none
3001544705,CORRAL FLY 35 26 FEDERAL COM #024H,Occidental,30,Eddy,BS2_S,BS2_S,keep,False,,True,9018.0,False,9876.0,2018-08-01,345374.0,34971.0409072499,2049.9284833253228,True,-103.95354103,32.18201412,off_band,,192.0,,BS2_S,none
3001544751,GARRETT STATE COM #121H,Matador,30,Eddy,BS2_S,BS2_S,keep,True,,False,8614.0,False,4488.0,2018-07-01,205251.0,45733.28877005348,2839.898465780922,False,-104.00670842,32.17928337,agree,,45.0,45.0,BS2_S,none
3001544771,CAL MON MDP1 35 FEDERAL #001H,Occidental,30,Eddy,BS2_S,BS2_S,keep,False,,False,10100.0,True,4503.0,2018-06-08,149455.0,33190.09549189429,2452.858720016058,False,-103.75549141,32.26057357,off_band,,1521.0,,BS2_S,none
3001544772,CAL MON MDP1 35 FEDERAL #002H,Occidental,30,Eddy,BS2_S,BS2_S,keep,True,,False,10101.0,False,4598.0,2018-06-08,166999.0,36319.921705089175,2735.38164899191,False,-103.75594369,32.26109802,off_band,,1510.0,,BS2_S,none
3001544773,CAL MON MDP1 35 FEDERAL #003H,Occidental,30,Eddy,BS2_S,BS2_S,keep,True,,False,10131.0,False,4595.0,2018-06-08,197207.0,42917.7366702938,2628.7150050454597,False,-103.75004638,32.26083969,off_band,,1500.0,,BS2_S,none
3001544774,CAL MON MDP1 35 FEDERAL #004H,Occidental,30,Eddy,BS2_S,BS2_S,keep,True,,False,10366.0,False,4608.0,2018-06-08,173049.0,37554.036458333336,1826.1186138030268,False,-103.74785432,32.26100967,off_band,,1265.0,,BS3_C,none
3001544775,CAL MON MDP1 35 FEDERAL #005H,Occidental,30,Eddy,BS2_S,BS2_S,keep,False,,True,10184.0,False,4546.0,2018-06-04,227734.0,50095.46854377475,1563.438046141551,False,-103.74368725,32.26130406,off_band,,1458.0,,BS2_S,none
3001544776,CAL MON MDP1 35 FEDERAL #006H,Occidental,30,Eddy,BS2_S,BS2_S,keep,True,,False,10149.0,False,4550.0,2018-05-18,160370.0,35246.153846153844,1897.3374072457443,False,-103.74216587,32.26104581,off_band,,1180.0,,BS2_S,none
3001544845,MUY WAYNO 18 7 FEDERAL COM #163H,Exxon Mobil,30,Eddy,BS2_S,BS2_S,keep,False,,True,9229.0,False,7545.0,2022-05-01,123379.0,16352.418820410869,9850.793084722683,True,-103.92155506,32.14106413,agree,,13.0,13.0,BS2_S,none
3001544854,TOMB RAIDER 12 FEDERAL #213H,Devon,30,Eddy,BS2_S,BS2_S,keep,True,,False,10299.0,False,4746.0,2019-08-07,123014.0,25919.51116729878,1829.5478563415545,False,-103.72834694,32.31934482,agree,,128.5,128.5,BS2_S,none
3001544862,ROAD RUNNER FEDERAL COM #003H,ConocoPhillips,30,Eddy,BS3_C,BS2_S,reassign,True,class BS3_C->BS2_S (precision 0.90) + sql/23 concurs + GOR none,False,7390.0,False,9529.0,2018-09-21,291394.0,30579.704061286597,4097.915537039198,True,-104.24872439,32.108129,flag,BS2_S,93.0,425.5,BS2_S,none
3001544924,TED PAUP 3231 FEDERAL COM #125H,Matador,30,Eddy,BS2_S,BS2_S,keep,True,,False,7932.0,False,10150.0,2021-06-25,64488.0,6353.497536945813,3855.926684034239,True,-104.1055286,32.53473263,off_band,,1176.0,,BS2_S,none
3001544945,SALT RIDGE CC 20 17 FEDERAL COM #021H,Occidental,30,Eddy,BS2_S,BS2_S,keep,True,,False,8534.0,False,7672.0,2018-09-13,253627.0,33058.78519290929,2396.2235881826464,True,-104.01238748,32.2071294,agree,,79.0,79.0,BS2_S,none
3001544947,SALT RIDGE CC 20 17 FEDERAL COM #023H,Occidental,30,Eddy,BS2_S,BS2_S,keep,True,,False,8538.0,False,7631.0,2018-09-03,297347.0,38965.66636089634,2312.9811297911197,True,-104.00942285,32.2072713,off_band,,479.0,,BS2_S,none
3001545020,SAPPHIRE 11 12 B2KK STATE COM #001H,Mewbourne,30,Eddy,BS2_S,BS2_S,keep,True,,False,8148.0,False,6283.0,2019-01-01,131313.0,20899.729428616905,1796.5471811625657,True,-104.03896972,32.67229805,agree,,23.0,23.0,BS2_S,none
3001545032,SWEET TEA STATE 24 29 31 SB #004H,ConocoPhillips,30,Eddy,BS2_S,BS2_S,keep,True,,False,8457.0,False,7179.0,2019-04-12,132345.0,18435.018804847474,3514.01261853489,True,-104.03013626,32.16284111,agree,,29.0,29.0,BS2_S,none
3001545039,FOXX 31 FEDERAL COM #001H,Devon,30,Eddy,BS2_S,BS2_S,keep,True,,False,7270.0,False,4782.0,2018-09-29,135502.0,28335.842743621914,8395.787516051423,False,-104.22912928,32.00453661,agree,,163.0,163.0,BS2_S,none
3001545040,PALMILLO 26 STATE COM #213H,Permian Resources,30,Eddy,BS2_S,BS2_S,keep,True,,False,7523.0,False,4550.0,2019-04-28,83356.0,18320.0,3038.0536494073613,False,-104.14765389,32.63423147,agree,,126.0,126.0,BS3_C,none
3001545041,PALMILLO 26 STATE COM #214H,Permian Resources,30,Eddy,BS2_S,BS2_S,tvd_suspect,False,"A-prime: planned survey flagged -> BS3_C; tag kept, TVD not evidence",True,7574.0,False,4400.0,2019-04-27,161127.0,36619.77272727273,2480.3478001824647,False,-104.1484389,32.63771044,flag,BS3_C,47.0,,BS2_S,none
3001545045,PUDGE FEDERAL #021H,ConocoPhillips,30,Eddy,BS2_S,BS2_S,keep,True,,False,8493.0,False,4601.0,2018-09-21,179677.0,39051.72788524233,3356.573184102584,False,-104.01615067,32.0715128,agree,,85.5,85.5,BS2_S,none
3001545132,GLOCK 16 B2IL FEDERAL #001H,Mewbourne,30,Eddy,BS2_S,BS2_S,keep,True,,False,8118.0,False,4940.0,2018-11-01,101524.0,20551.417004048584,2725.2570820692645,False,-104.08034029,32.57089121,off_band,,1290.0,,BS2_S,none
3001545133,BUTTERCUP 27 34 FEDERAL #001H,Exxon Mobil,30,Eddy,BS2_S,BS2_S,keep,True,,False,8541.0,False,7291.0,2019-10-01,137708.0,18887.39541900974,1717.1478781189182,True,-103.96709199,32.61964025,agree,,25.5,25.5,BS2_S,none
3001545134,BUTTERCUP 27 34 FEDERAL #002H,Exxon Mobil,30,Eddy,BS2_S,BS2_S,keep,True,,False,8567.0,False,6887.0,2019-10-01,232777.0,33799.4772760273,941.3301142294986,True,-103.96249832,32.620098,agree,,2.0,2.0,BS2_S,none
3001545135,BUTTERCUP 27 34 FEDERAL #003H,Exxon Mobil,30,Eddy,BS2_S,BS2_S,keep,True,,False,8566.0,False,6725.0,2019-10-01,211164.0,31399.851301115243,2041.759011952795,True,-103.95710906,32.61963514,agree,,5.0,5.0,BS2_S,none
3001545136,BUTTERCUP 27 34 FEDERAL #004H,Exxon Mobil,30,Eddy,BS2_S,BS2_S,keep,True,,False,8592.0,False,6923.0,2019-10-01,157413.0,22737.6859742886,1919.6699129042709,True,-103.95254116,32.61960463,agree,,31.0,31.0,BS2_S,none
3001545147,COTTONBERRY 20 FEDERAL #001H,Devon,30,Eddy,BS2_S,BS2_S,keep,True,,False,7377.0,False,4579.0,2019-03-18,179197.0,39134.52718934265,5338.24785013142,False,-104.2186154,32.1142999,no_evidence,,,,BS2_S,none
3001545171,PLATINUM MDP1 34 3 FEDERAL COM #005H,Occidental,30,Eddy,BS2_S,BS2_S,keep,False,,True,10108.0,False,9914.0,2019-02-08,428159.0,43187.3108735122,1641.0328873152264,True,-103.76121861,32.25317291,off_band,,1091.0,,BS2_S,none
3001545172,PLATINUM MDP1 34 3 FEDERAL COM #006H,Occidental,30,Eddy,BS2_S,BS2_S,keep,True,,False,10067.0,False,10196.0,2019-02-08,358183.0,35129.75676735975,1507.6511168871777,True,-103.75853346,32.25348041,off_band,,1050.0,,BS2_S,none
3001545179,GARRETT FEDERAL COM #122H,Matador,30,Eddy,BS2_S,BS2_S,keep,True,,False,8623.0,False,4762.0,2018-11-01,203717.0,42779.714405711886,3125.5565318554663,False,-104.00602619,32.17519562,agree,,29.0,29.0,BS2_S,none
3001545201,BRUSHY DRAW 31 FEDERAL COM #707H,Exxon Mobil,30,Eddy,BS2_S,BS2_S,keep,False,,True,9289.0,False,10191.0,2022-02-01,189117.0,18557.256402708274,3800.435709111291,True,-103.91523228,32.07171552,no_evidence,,,,BS2_S,none
3001545226,PLATINUM MDP1 34 3 FEDERAL COM #001H,Occidental,30,Eddy,BS2_S,BS2_S,keep,True,,False,10024.0,False,10556.0,2019-03-12,299534.0,28375.710496400152,1606.114831705249,True,-103.77275884,32.25283429,no_evidence,,,,BS2_S,none
3001545227,PLATINUM MDP1 34 3 FEDERAL COM #002H,Occidental,30,Eddy,BS2_S,BS2_S,keep,True,,False,10302.0,False,10348.0,2019-03-12,344077.0,33250.57982218786,1683.6347677990682,True,-103.77134737,32.25267929,off_band,,1329.0,,BS2_S,none
3001545228,PLATINUM MDP1 34 3 FEDERAL COM #003H,Occidental,30,Eddy,BS2_S,BS2_S,keep,True,,False,10036.0,False,10165.0,2019-03-10,294499.0,28971.86424003935,1673.1771584962937,True,-103.76852275,32.24691851,off_band,,1075.0,,BS2_S,none
3001545229,PLATINUM MDP1 34 3 FEDERAL COM #004H,Occidental,30,Eddy,BS2_S,BS2_S,keep,True,,False,10008.0,False,10348.0,2019-02-08,356302.0,34431.96752995748,1685.2277000971087,True,-103.76487945,32.25314126,off_band,,1047.0,,BS2_S,none
3001545242,IRIDIUM MDP1 28 21 FEDERAL COM #001H,Occidental,30,Eddy,BS2_S,BS2_S,keep,True,,False,10178.0,False,10198.0,2019-05-01,366299.0,35918.70955089233,1404.8850802213492,True,-103.78840514,32.28297166,off_band,,1228.5,,BS2_S,none
3001545243,IRIDIUM MDP1 28 21 FEDERAL COM #002H,Occidental,30,Eddy,BS2_S,BS2_S,keep,True,,False,9929.0,False,10299.0,2019-05-01,273137.0,26520.730167977472,1613.8018649981511,True,-103.7867593,32.28878033,off_band,,1498.0,,BS2_S,none
3001545244,IRIDIUM MDP1 28 21 FEDERAL COM #003H,Occidental,30,Eddy,BS2_S,BS2_S,keep,True,,False,9814.0,False,10097.0,2019-05-10,316873.0,31382.88600574428,1631.6126650109034,True,-103.7840153,32.28233095,off_band,,1613.0,,BS2_S,none
3001545245,IRIDIUM MDP1 28 21 FEDERAL COM #004H,Occidental,30,Eddy,BS2_S,BS2_S,keep,False,,True,10159.0,False,10099.0,2019-05-10,392802.0,38895.13813248836,1460.5297325370034,True,-103.78267651,32.28387253,off_band,,1268.0,,BS2_S,none
3001545246,IRIDIUM MDP1 28 21 FEDERAL COM #005H,Occidental,30,Eddy,BS2_S,BS2_S,keep,True,,False,9966.0,False,10099.0,2019-05-16,375375.0,37169.52173482523,1285.7409257409258,True,-103.78104369,32.28313055,off_band,,1461.0,,BS2_S,none
3001545247,IRIDIUM MDP1 28 21 FEDERAL COM #006H,Occidental,30,Eddy,BS2_S,BS2_S,keep,True,,False,10003.0,False,10298.0,2019-06-01,635475.0,61708.58419110507,1119.8898461780557,True,-103.7756033,32.2822951,off_band,,1663.0,,BS2_S,none
3001545253,BUBBLES 22 15 FEDERAL #001H,Exxon Mobil,30,Eddy,BS2_S,BS2_S,keep,True,,False,8503.0,False,7177.0,2019-11-03,199458.0,27791.27769262923,2654.3833789569735,True,-103.96600015,32.6566624,agree,,44.0,44.0,BS2_S,none
3001545254,BUBBLES 22 15 FEDERAL #002H,Exxon Mobil,30,Eddy,BS2_S,BS2_S,keep,True,,False,8506.0,False,7203.0,2019-11-03,197806.0,27461.613216715257,3025.0548517234056,True,-103.96161859,32.65680948,agree,,41.5,41.5,BS2_S,none
3001545255,BUBBLES 22 15 FEDERAL #003H,Exxon Mobil,30,Eddy,BS2_S,BS2_S,keep,True,,False,8528.0,False,7198.0,2019-11-01,169864.0,23598.777438177272,2850.886591626242,True,-103.95780607,32.65674945,agree,,19.5,19.5,BS2_S,none
3001545256,BUBBLES 22 15 FEDERAL #004H,Exxon Mobil,30,Eddy,BS2_S,BS2_S,keep,True,,False,8529.0,False,7203.0,2019-11-01,107043.0,14860.891295293628,3147.5855497323505,True,-103.95322811,32.65677766,agree,,18.5,18.5,BS2_S,none
3001545273,RATTLESNAKE 13 18 B3LK STATE COM #001H,Mewbourne,30,Eddy,BS2_S,BS2_S,keep,True,,False,7798.0,False,6366.0,2021-10-23,127797.0,20074.929311969838,3142.8280789063906,True,-104.12635254,32.65935556,no_evidence,,,,BS2_S,none
3001545275,BELLOQ 11 FEDERAL #222H,Devon,30,Eddy,BS2_S,BS2_S,keep,True,,False,10148.0,False,4510.0,2019-08-13,81761.0,18128.82483370288,1803.1824463986497,False,-103.75068216,32.31955106,off_band,,208.0,,BS2_S,none
3001545276,BELLOQ 11 2 FEDERAL STATE COM #223H,Devon,30,Eddy,BS2_S,BS2_S,keep,True,,False,10480.0,False,9662.0,2019-08-07,190989.0,19767.02546056717,1399.6774683358728,True,-103.74557521,32.32790562,off_band,,121.0,,BS3_C,none
3001545277,BELLOQ 11 2 FEDERAL STATE COM #231H,Devon,30,Eddy,BS2_S,BS2_S,keep,True,class BS2_S->BS3_C rejected (precision 0.33),False,10366.0,False,9686.0,2019-08-12,245888.0,25385.917819533348,1385.130628578865,True,-103.7557333,32.32690489,flag,BS3_C,10.0,,BS3_C,none
3001545278,BELLOQ 11 2 FEDERAL STATE COM #234H,Devon,30,Eddy,BS2_S,BS2_S,keep,True,,False,10438.0,False,9711.0,2019-08-08,235014.0,24200.803212851406,1312.6324389185324,True,-103.7422649,32.32685245,off_band,,1248.0,,BS3_C,none
3001545312,LOS MEDANOS 36 23 30 STATE #701H,Exxon Mobil,30,Eddy,BS2_S,BS2_S,keep,True,,False,10039.0,False,4403.0,2019-07-01,157613.0,35796.72950261185,1672.8823130071758,False,-103.84199723,32.26231911,off_band,,769.0,,BS2_S,none
3001545313,LOS MEDANOS 36 23 30 STATE #702H,Exxon Mobil,30,Eddy,BS2_S,BS2_S,keep,True,,False,9853.0,False,4644.0,2019-07-01,131368.0,28287.68303186908,1929.8002557700506,False,-103.83914657,32.26192268,off_band,,583.0,,BS2_S,none
3001545314,LOS MEDANOS 36 23 30 STATE #703H,Exxon Mobil,30,Eddy,BS2_S,BS2_S,keep,True,,False,10034.0,False,4803.0,2019-07-01,158963.0,33096.60628773683,1817.812950183376,False,-103.8363455,32.2619175,off_band,,772.5,,BS3_C,none
3001545326,JAMES RANCH UNIT DI 2 #708H,Exxon Mobil,30,Eddy,BS2_S,BS2_S,keep,True,,False,9626.0,False,13318.0,2022-07-05,245015.0,18397.28187415528,1758.1454196681836,False,-103.86420395,32.35765006,off_band,,1297.5,,BS2_S,none
3001545335,STERLING SILVER MDP1 33 4 FEDERAL COM #001H,Occidental,30,Eddy,BS2_S,BS2_S,keep,True,,False,9943.0,False,10279.0,2019-04-02,347331.0,33790.34925576418,2433.0998384826003,True,-103.78983487,32.25368981,agree,,102.0,102.0,BS2_S,none
3001545351,JAMES RANCH UNIT DI 1 #700H,Exxon Mobil,30,Eddy,BS2_S,BS2_S,keep,True,,False,9604.0,False,9732.0,2022-05-03,127237.0,13074.085491163172,2773.5878714524865,True,-103.86737067,32.37772634,off_band,,547.0,,BS2_S,none
3001545368,SST 6 STATE COM #121H,Matador,30,Eddy,BS2_S,BS2_S,keep,True,,False,7711.0,False,4672.0,2019-03-01,68252.0,14608.732876712329,3659.3066869835316,False,-104.11386932,32.69626628,agree,,22.0,22.0,BS3_C,none
3001545385,MALDIVES 15 27 FEDERAL COM #231H,Devon,30,Eddy,BS2_S,BS2_S,keep,True,,False,10231.0,False,15216.0,2020-03-07,655977.0,43111.00157728707,1589.3788959064113,False,-103.77180542,32.28953236,off_band,,1435.0,,BS3_C,none
3001545389,STERLING SILVER MDP1 33 4 FEDERAL COM #007H,Occidental,30,Eddy,BS2_S,BS2_S,keep,True,,False,10228.0,False,10200.0,2019-03-25,333639.0,32709.70588235294,1721.318550888835,True,-103.7756637,32.25355115,agree,,198.0,198.0,BS2_S,none
3001545390,STERLING SILVER MDP1 33 4 FEDERAL COM #002H,Occidental,30,Eddy,BS2_S,BS2_S,keep,False,,False,10200.0,True,9932.0,2019-04-04,337282.0,33959.12202980266,2195.0830462343083,True,-103.78800265,32.25370973,agree,,170.0,170.0,BS2_S,none
3001545391,STERLING SILVER MDP1 33 4 FEDERAL COM #003H,Occidental,30,Eddy,BS2_S,BS2_S,keep,False,,True,9989.0,False,10298.0,2019-03-19,449622.0,43661.09924257138,1534.962702003016,True,-103.78571623,32.25272318,agree,,41.0,41.0,BS2_S,none
3001545393,STERLING SILVER MDP1 33 4 FEDERAL COM #005H,Occidental,30,Eddy,BS2_S,BS2_S,keep,True,,False,9940.0,False,9849.0,2019-03-25,338381.0,34356.88902426642,1827.0618031154231,True,-103.7768604,32.25355035,no_evidence,,,,BS2_S,none
3001545396,JAMES RANCH UNIT DI 1 BS2A 7W #212H,Exxon Mobil,30,Eddy,BS2_S,BS2_S,keep,True,,False,9292.0,False,12737.0,2020-06-01,283014.0,22219.831985553898,1632.84148487354,True,-103.90844347,32.37229402,agree,,162.0,162.0,BS2_S,none
3001545397,JAMES RANCH UNIT DI 1 BS1 3E #213H,Exxon Mobil,30,Eddy,BS2_S,BS2_S,keep,True,,False,9483.0,False,13138.0,2020-06-01,262943.0,20013.929060739836,1906.9950521595936,False,-103.9064335,32.379245,agree,,186.5,186.5,BS2_S,none
3001545398,JAMES RANCH UNIT DI 1 BS2A 5W #210H,Exxon Mobil,30,Eddy,BS2_S,BS2_S,keep,True,,False,9301.0,False,14235.0,2020-06-01,299590.0,21046.01334738321,2340.1815814947095,False,-103.90625783,32.37593348,agree,,153.0,153.0,BS2_S,none
3001545399,JAMES RANCH UNIT DI 1 BS2A 7E #211H,Exxon Mobil,30,Eddy,BS2_S,BS2_S,keep,True,,False,9454.0,False,12804.0,2020-06-01,287074.0,22420.649796938455,2139.204525662373,True,-103.90850667,32.37411747,agree,,153.0,153.0,BS2_S,none
3001545400,JAMES RANCH UNIT DI 2 #706H,Exxon Mobil,30,Eddy,BS2_S,BS2_S,keep,True,,False,9642.0,False,13190.0,2022-07-05,192364.0,14584.078847611827,2148.5776964504794,False,-103.86424933,32.36123118,off_band,,1281.0,,BS2_S,none
3001545401,JAMES RANCH UNIT DI 2 #707H,Exxon Mobil,30,Eddy,BS2_S,BS2_S,keep,True,,False,9828.0,False,13109.0,2022-07-05,184780.0,14095.659470592724,1675.863188656781,False,-103.86449805,32.35964063,off_band,,1095.0,,BS2_S,none
3001545402,JAMES RANCH UNIT DI 2 #705H,Exxon Mobil,30,Eddy,BS2_S,BS2_S,keep,True,,False,9831.0,False,13338.0,2022-07-05,200250.0,15013.495276653171,1729.3732833957554,False,-103.86415723,32.36300703,off_band,,1318.5,,BS2_S,none
3001545404,PAVO FRIO 29 28 B2GH FEDERAL COM #001H,Mewbourne,30,Eddy,BS2_S,BS2_S,keep,True,,False,7861.0,False,7427.0,2019-02-01,95035.0,12795.87989767066,1597.4535697374652,True,-104.08364194,32.71994421,off_band,,830.5,,BS2_S,none
3001545427,CORRAL CANYON FEDERAL #212H,Exxon Mobil,30,Eddy,BS2_S,BS2_S,keep,True,,False,8734.0,False,9967.0,2019-08-01,484322.0,48592.55543292866,1766.3372714846735,True,-103.98645529,32.15224278,off_band,,1350.0,,BS3_C,none
3001545428,CORRAL CANYON 3 34 FEDERAL #128H,Exxon Mobil,30,Eddy,BS2_S,BS2_S,keep,True,,False,8895.0,False,4562.0,2020-07-01,115539.0,25326.39193336256,3098.685292412086,False,-103.96588581,32.1375179,agree,,34.5,34.5,BS2_S,none
3001545431,CORRAL CANYON FEDERAL #024H,Exxon Mobil,30,Eddy,BS2_S,BS2_S,keep,True,,False,8895.0,False,4707.0,2019-12-01,188906.0,40132.993414064156,2121.044328925497,False,-103.96587989,32.15960206,agree,,82.0,82.0,BS2_S,none
3001545436,CABRERA 34 FEDERAL #001H,Devon,30,Eddy,BS2_S,BS2_S,keep,True,,False,7657.0,False,4870.0,2019-06-14,169616.0,34828.747433264885,7430.218847278558,False,-104.17903038,32.00107675,agree,,52.0,52.0,BS2_S,none
3001545461,JAMES RANCH UNIT DI 1 #702H,Exxon Mobil,30,Eddy,BS2_S,BS2_S,keep,False,,True,9476.0,False,8771.0,2022-05-03,154153.0,17575.30498232813,2063.326694907008,True,-103.86562687,32.37433209,off_band,,1673.5,,BS2_S,none
3001545462,JAMES RANCH UNIT DI 1 #701H,Exxon Mobil,30,Eddy,BS2_S,BS2_S,keep,True,,False,9428.0,False,9075.0,2022-05-05,149593.0,16484.077134986226,2039.574044240038,True,-103.86699034,32.37203111,off_band,,1721.5,,BS2_S,none
3001545495,NASH UNIT #202H,Exxon Mobil,30,Eddy,BS2_S,BS2_S,keep,False,,True,9312.0,False,11411.0,2020-01-01,382597.0,33528.78801156778,1674.307430533956,True,-103.91551289,32.31440355,off_band,,1031.0,,BS2_S,none
3001545496,NASH UNIT #203H,Exxon Mobil,30,Eddy,BS2_S,BS2_S,keep,True,,False,9023.0,False,15603.0,2020-02-01,539246.0,34560.405050310845,1548.8515445640764,False,-103.91803452,32.31869099,agree,,265.0,265.0,BS2_S,none
3001545497,NASH UNIT #204H,Exxon Mobil,30,Eddy,BS2_S,BS2_S,keep,True,,False,9250.0,False,15603.0,2020-02-01,344110.0,22054.09216176376,1495.2922030745983,False,-103.91976835,32.31934168,off_band,,1093.0,,BS2_S,none
3001545498,NASH UNIT #206H,Exxon Mobil,30,Eddy,BS2_S,BS2_S,keep,True,,False,9193.0,False,15571.0,2021-05-01,399994.0,25688.395093442938,1852.4302864542967,False,-103.92415145,32.31958374,off_band,,1150.0,,BS2_S,none
3001545531,SRO 5 STATE COM #504H,ConocoPhillips,30,Eddy,BS2_S,BS2_S,keep,True,,False,7925.0,False,9857.0,2019-10-09,207269.0,21027.59460282033,6039.948086785771,True,-104.1029195,32.0640265,agree,,91.0,91.0,BS2_S,none
3001545532,SRO 5 STATE COM #505H,ConocoPhillips,30,Eddy,BS2_S,BS2_S,keep,True,,False,8007.0,False,9795.0,2019-10-09,193773.0,19782.848392036754,5699.442130740609,True,-104.104033,32.0640215,agree,,7.0,7.0,BS2_S,none
3001545533,SRO 5 STATE COM #506H,ConocoPhillips,30,Eddy,BS2_S,BS2_S,keep,True,,False,7942.0,False,9710.0,2019-10-09,217867.0,22437.384140061793,5522.309482390633,True,-104.10642576,32.06394593,agree,,68.5,68.5,BS2_S,none
3001545534,SRO 5 STATE COM #507H,ConocoPhillips,30,Eddy,BS3_C,BS2_S,reassign,True,class BS3_C->BS2_S (precision 0.90) + sql/23 concurs + GOR none,False,8040.0,False,9913.0,2019-10-09,206749.0,20856.350247150207,4727.573047511717,True,-104.1084485,32.06389811,flag,BS2_S,53.5,,BS2_S,none
3001545547,SRO 4 STATE COM #501H,ConocoPhillips,30,Eddy,BS2_S,BS2_S,keep,True,,False,8050.0,False,9770.0,2019-10-21,214564.0,21961.514841351076,5217.552804757554,True,-104.096311,32.06415,agree,,34.0,34.0,BS2_S,none
3001545548,SRO 4 STATE COM #502H,ConocoPhillips,30,Eddy,BS2_S,BS2_S,keep,True,,False,7966.0,False,9789.0,2019-10-21,221688.0,22646.644192460924,6142.547183428963,True,-104.09769582,32.06412175,agree,,81.0,81.0,BS2_S,none
3001545549,SRO 4 STATE COM #503H,ConocoPhillips,30,Eddy,BS2_S,BS2_S,keep,True,,False,8047.0,False,9939.0,2019-10-21,217703.0,21903.913874635276,5501.0817489883,True,-104.100006,32.0641515,agree,,32.0,32.0,BS2_S,none
3001545551,LENGTH CC 6 7 FEDERAL COM #023H,Occidental,30,Eddy,BS2_S,BS2_S,keep,False,,True,8347.0,False,10126.0,2019-08-26,149661.0,14779.873592731581,4141.165701151269,True,-104.02538566,32.23960128,off_band,,582.5,,BS2_S,none
3001545552,LENGTH CC 6 7 FEDERAL COM #024H,Occidental,30,Eddy,BS2_S,BS2_S,keep,True,,False,8514.0,False,10418.0,2019-08-26,190869.0,18321.078901900557,3839.5286819755956,True,-104.02251891,32.23968351,off_band,,435.0,,BS2_S,none
3001545565,LENGTH CC 6 7 FEDERAL COM #022H,Occidental,30,Eddy,BS2_S,BS2_S,keep,True,,False,8441.0,False,10372.0,2019-07-01,164110.0,15822.406478981873,3392.2247273170433,True,-104.02906455,32.23892895,agree,,50.5,50.5,BS2_S,none
3001545566,LENGTH CC 6 7 FEDERAL COM #025H,Occidental,30,Eddy,BS2_S,BS2_S,keep,False,,True,8521.0,False,10376.0,2019-09-09,212660.0,20495.373939861216,3517.624376939716,True,-104.01967349,32.23958949,agree,,91.0,91.0,BS2_S,none
3001545567,LENGTH CC 6 7 FEDERAL COM #026H,Occidental,30,Eddy,BS2_S,BS2_S,keep,True,,False,8533.0,False,10278.0,2019-09-09,316996.0,30842.18719595252,2900.4530025615463,True,-104.01738795,32.2395271,agree,,79.0,79.0,BS2_S,none
3001545586,ROSS DRAW 25 36 FEDERAL COM #072H,Exxon Mobil,30,Eddy,BS2_S,BS2_S,keep,True,,False,8947.0,False,6435.0,2020-07-30,170344.0,26471.484071484072,2404.534354013056,True,-103.94017093,32.00925296,off_band,,527.5,,BS2_S,none
3001545592,CORRAL CANYON FEDERAL #220H,Exxon Mobil,30,Eddy,BS2_S,BS2_S,keep,True,,False,8863.0,False,7256.0,2020-09-02,106072.0,14618.522601984563,2572.3942227920656,True,-103.97013053,32.13265255,off_band,,1122.0,,BS2_S,none
3001545593,CORRAL CANYON FEDERAL #221H,Exxon Mobil,30,Eddy,BS2_S,BS2_S,keep,True,,False,8858.0,False,7602.0,2020-08-01,252028.0,33152.85451197053,2265.157046042503,True,-103.9701153,32.15570582,agree,,43.5,43.5,BS2_S,none
3001545606,SWEET TEA 31 SB FEDERAL COM #007H,ConocoPhillips,30,Eddy,BS3_C,BS2_S,reassign,True,card verdict AGREE (BS3_C->BS2_S),False,8466.0,False,7194.0,2019-07-01,194925.0,27095.496246872393,3112.125176349878,True,-104.0256388,32.16295241,flag,BS2_S,33.5,,BS2_S,none
3001545645,PURE GOLD MDP1 29 17 FEDERAL COM #001H,Occidental,30,Eddy,BS2_S,BS2_S,keep,True,,False,10038.0,False,12699.0,2019-07-01,518146.0,40802.11040239389,2169.701203907779,True,-103.8061725,32.28724475,off_band,,1365.0,,BS2_S,none
3001545646,PURE GOLD MDP1 29 17 FEDERAL COM #002H,Occidental,30,Eddy,BS2_S,BS2_S,keep,False,,True,9872.0,False,13007.0,2019-07-01,364426.0,28017.68278619205,1675.4786980072772,False,-103.80430384,32.28650831,off_band,,1531.0,,BS2_S,none
3001545647,PURE GOLD MDP1 29 17 FEDERAL COM #003H,Occidental,30,Eddy,BS2_S,BS2_S,keep,True,,False,10065.0,False,12883.0,2019-07-11,372065.0,28880.307381821007,1741.391961082069,True,-103.80076775,32.28688925,off_band,,1338.0,,BS2_S,none
3001545648,PURE GOLD MDP1 29 17 FEDERAL COM #004H,Occidental,30,Eddy,BS2_S,BS2_S,keep,True,,False,9871.0,False,12934.0,2019-07-11,317860.0,24575.537343435903,1743.7425281570502,True,-103.79845215,32.28626555,off_band,,1532.0,,BS2_S,none
3001545649,PURE GOLD MDP1 29 17 FEDERAL COM #005H,Occidental,30,Eddy,BS2_S,BS2_S,keep,True,,False,10112.0,False,12686.0,2019-07-15,432006.0,34053.76005044931,2425.202427744059,True,-103.79536992,32.28588038,agree,,164.5,164.5,BS2_S,none
3001545650,PURE GOLD MDP1 29 17 FEDERAL COM #006H,Occidental,30,Eddy,BS2_S,BS2_S,keep,False,,True,9921.0,False,12892.0,2019-07-15,406457.0,31527.846726652187,2221.086117350667,True,-103.79274828,32.2863596,off_band,,1494.0,,BS2_S,none
3001545653,MAZER RACKHAM 20 SB FEDERAL COM #005H,ConocoPhillips,30,Eddy,BS2_S,BS2_S,keep,True,,False,8476.0,False,4752.0,2022-07-20,212426.0,44702.44107744108,2370.331315375707,False,-104.00179447,32.02781886,agree,,18.0,18.0,BS2_S,none
3001545681,TURKEY TRACK 8 7 STATE #201H,Occidental,30,Eddy,BS2_S,BS2_S,keep,False,,False,7900.0,True,10097.0,2019-10-13,109676.0,10862.236307814203,4454.4932346183305,True,-104.10619505,32.68161644,off_band,,867.0,,BS2_S,none
3001545695,ROSS RANCH 22 #014H,Spur Energy,30,Eddy,BS2_S,BS2_S,keep,True,,False,3664.0,False,3444.0,2019-08-22,70990.0,20612.659698025553,2451.37343287787,False,-104.47983105,32.6464219,agree,,42.0,42.0,BS2_S,none
3001545722,PHOENIX 21 22 B2NP FEDERAL COM #001H,Mewbourne,30,Eddy,BS2_S,BS2_S,keep,False,,True,8344.0,False,9786.0,2021-08-01,270360.0,27627.222562844883,1537.6756916703655,True,-103.96818062,32.72750346,agree,,31.0,31.0,BS2_S,none
3001545730,ROCK RIDGE FEDERAL BSS #004H,3r Operating,30,Eddy,BS2_S,BS2_S,keep,True,,False,8406.0,False,4504.0,2019-07-16,128398.0,28507.548845470694,1731.2574962226827,False,-104.0235878,32.19478855,off_band,,574.0,,BS2_S,none
3001545731,ROCK RIDGE FEDERAL BSS #007H,3r Operating,30,Eddy,BS2_S,BS2_S,keep,True,,False,8505.0,False,4525.0,2019-11-16,140770.0,31109.39226519337,2042.4380194643745,False,-104.02354764,32.19209883,off_band,,851.0,,BS2_S,none
3001545745,DAISY 24 STATE COM #501H,ConocoPhillips,30,Eddy,BS2_S,BS2_S,keep,True,,False,7793.0,False,9851.0,2019-10-27,229568.0,23304.03004771089,5326.456649010315,True,-104.15110629,32.10751264,agree,,44.0,44.0,BS2_S,none
3001545746,DAISY 24 STATE COM #502H,ConocoPhillips,30,Eddy,BS2_S,BS2_S,keep,True,,False,7780.0,False,9998.0,2019-10-27,170309.0,17034.306861372275,6269.005161206983,True,-104.1499545,32.1077765,agree,,57.0,57.0,BS2_S,none
3001545747,DAISY 24 STATE COM #503H,ConocoPhillips,30,Eddy,BS2_S,BS2_S,keep,True,,False,7769.0,False,9774.0,2019-10-27,199426.0,20403.724166155105,5098.532789104731,True,-104.14690955,32.10752623,agree,,68.0,68.0,BS2_S,none
3001545748,DAISY 24 STATE COM #504H,ConocoPhillips,30,Eddy,BS2_S,BS2_S,keep,True,,False,7837.0,False,9734.0,2019-10-27,192811.0,19807.992603246355,4484.873788321206,True,-104.14428541,32.10759567,agree,,14.5,14.5,BS2_S,none
3001545785,PALMILLO 10 STATE #232H,Permian Resources,30,Eddy,BS2_S,BS2_S,keep,True,,False,7383.0,False,4492.0,2021-04-30,92631.0,20621.3268032057,3921.7864429834503,False,-104.16478216,32.67341136,agree,,33.5,33.5,BS2_S,none
3001545790,PALMILLO 10 STATE COM #231H,Permian Resources,30,Eddy,BS2_S,BS2_S,keep,True,,False,7371.0,False,4394.0,2021-04-30,55558.0,12644.060081929903,5203.067065049137,False,-104.16491679,32.6697702,agree,,12.0,12.0,BS2_S,none
3001545791,PALMILLO 10 STATE #233H,Permian Resources,30,Eddy,BS2_S,BS2_S,keep,True,,False,7407.0,False,4538.0,2021-04-30,92778.0,20444.689290436316,3621.7206665373255,False,-104.1645237,32.67705008,agree,,30.0,30.0,BS3_C,none
3001545792,PALMILLO 10 STATE COM #234H,Permian Resources,30,Eddy,BS2_S,BS2_S,keep,True,,False,7405.0,False,4633.0,2021-04-19,108677.0,23457.15519102094,4283.555858185265,False,-104.16439993,32.68068728,agree,,28.0,28.0,BS2_S,none
3001545799,PALMILLO 3 STATE COM #241H,Permian Resources,30,Eddy,BS2_S,BS2_S,keep,True,,False,7186.0,False,4599.0,2021-04-20,91938.0,19990.867579908678,4256.314037721073,False,-104.16434585,32.6843432,agree,,197.0,197.0,BS2_S,none
3001545800,PALMILLO 3 STATE #242H,Permian Resources,30,Eddy,BS3_C,BS2_S,reassign,True,class BS3_C->BS2_S (precision 0.90) + sql/23 concurs + GOR none,False,7441.0,False,4599.0,2021-04-20,156443.0,34016.742770167424,4079.3004480865234,False,-104.16455359,32.68804593,flag,BS2_S,58.0,,BS2_S,none
3001545801,PALMILLO 3 STATE COM #243H,Permian Resources,30,Eddy,BS3_C,BS2_S,reassign,True,class BS3_C->BS2_S (precision 0.90) + sql/23 concurs + GOR none,False,7414.0,False,4503.0,2021-04-20,136123.0,30229.402620475237,4081.668784848997,False,-104.16450352,32.69207041,flag,BS2_S,9.0,,BS2_S,none
3001545802,PALMILLO 3 STATE COM #244H,Permian Resources,30,Eddy,BS3_C,BS2_S,reassign,True,class BS3_C->BS2_S (precision 0.90) + sql/23 concurs + GOR none,False,7449.0,False,4884.0,2021-04-21,171333.0,35080.46683046683,3975.673104422382,False,-104.16421585,32.69595056,flag,BS2_S,43.0,,BS2_S,none
3001545836,BODACIOUS 5 32 FEDERAL COM 2BS #005H,Permian Resources,30,Eddy,BS2_S,BS2_S,keep,True,,False,6502.0,False,10408.0,2020-07-29,95816.0,9205.995388162952,5983.687484344995,True,-104.31047835,32.3413567,no_evidence,,,,BS2_S,none
3001545874,ROCK RIDGE FEDERAL BSS #008H,3r Operating,30,Eddy,BS2_S,BS2_S,keep,True,,False,8498.0,False,4495.0,2019-11-16,138113.0,30725.91768631813,2290.7908741392916,False,-104.02357899,32.1895812,off_band,,841.0,,BS2_S,none
3001545906,TODD 36 25 STATE FEDERAL COM #232H,Devon,30,Eddy,BS2_S,BS2_S,keep,True,,False,10306.0,False,10090.0,2020-04-07,260673.0,25834.786917740337,1512.2394724424855,True,-103.73307091,32.26839263,off_band,,1347.0,,BS2_S,none
3001545907,TODD 36 25 STATE FEDERAL COM #234H,Devon,30,Eddy,BS2_S,BS2_S,keep,True,,False,10359.0,False,9917.0,2020-04-14,244096.0,24613.895331249372,1524.7730401153644,True,-103.727739,32.26860285,off_band,,1294.0,,BS2_S,none
3001545910,TODD 36 25 STATE FEDERAL COM #235H,Devon,30,Eddy,BS2_S,BS2_S,keep,True,,False,10276.0,False,9760.0,2020-04-15,195032.0,19982.7868852459,1478.0600106649165,True,-103.7262667,32.26860245,off_band,,1377.0,,BS2_S,none
3001545922,POKER LAKE UNIT 17 TWR #705H,Exxon Mobil,30,Eddy,BS2_S,BS2_S,keep,False,,True,10324.0,False,12713.0,2021-10-08,245225.0,19289.31015495949,2462.9585074931188,True,-103.79864122,32.19148579,agree,,73.0,73.0,BS2_S,none
3001545966,MYOX 6 STATE COM #501H,ConocoPhillips,30,Eddy,BS2_S,BS2_S,keep,True,,False,7890.0,False,9470.0,2020-02-03,228831.0,24163.78035902851,6207.065476268513,True,-104.13403242,32.06318428,agree,,25.0,25.0,BS2_S,none
3001546002,LEATHERNECK 3029 FEDERAL COM #126H,Matador,30,Eddy,BS2_S,BS2_S,keep,False,,True,7815.0,False,10288.0,2020-01-01,24938.0,2423.9891135303264,2616.849787472933,True,-104.10501851,32.54536482,agree,,99.5,99.5,BS2_S,none
3001546017,PAVO FRIO 29 28 B3BA FEDERAL COM #001H,Mewbourne,30,Eddy,BS2_S,BS2_S,keep,False,,True,7874.0,False,7422.0,2020-10-24,159353.0,21470.358393963892,1727.1278231348012,True,-104.08388495,32.72462528,agree,,77.0,77.0,BS2_S,none
3001546020,LOCO HILLS 2 3 B2CD FEDERAL COM #001H,Mewbourne,30,Eddy,BS2_S,BS2_S,keep,True,,False,7848.0,False,7657.0,2021-06-01,184655.0,24115.841713464804,975.9551596219978,True,-103.95545099,32.78260514,no_evidence,,,,BS3_C,none
3001546061,PARKCHESTER 24 23 B2AD STATE COM #001H,Mewbourne,30,Eddy,BS2_S,BS2_S,keep,True,,False,7738.0,False,9915.0,2019-10-01,193985.0,19564.800806858293,2186.1484135371293,True,-104.13906272,32.65251093,no_evidence,,,,BS3_C,none
3001546116,LOCO HILLS 2 1 B2GH FEDERAL COM #002H,Mewbourne,30,Eddy,BS2_S,BS2_S,keep,True,,False,8039.0,False,7657.0,2021-06-01,178807.0,23352.09612119629,1114.0671226517977,True,-103.92950999,32.77778905,no_evidence,,,,BS2_C,none
3001546117,BORA BORA 13 24 FEDERAL COM #215H,Devon,30,Eddy,BS2_S,BS2_S,keep,True,,False,10556.0,False,9718.0,2020-09-26,236148.0,24300.061741098994,1520.4236326371597,True,-103.72696232,32.29638772,agree,,168.5,168.5,BS3_C,none
3001546118,BORA BORA 13 24 FEDERAL COM #216H,Devon,30,Eddy,BS2_S,BS2_S,keep,True,,False,10326.0,False,9596.0,2020-09-26,179303.0,18685.181325552316,1598.6960619733077,True,-103.72406086,32.29624764,agree,,101.0,101.0,BS2_S,none
3001546135,HADES 22102 2 STATE COM #003H,BTA Oil,30,Eddy,BS2_S,BS2_S,keep,False,,True,8430.0,False,4412.0,2021-03-03,162809.0,36901.40525838622,2633.3249390389965,False,-104.05256158,32.33442352,agree,,8.0,8.0,BS2_S,none
3001546194,BIG EDDY UNIT 30E SKYWALKER #100H,Exxon Mobil,30,Eddy,BS2_S,BS2_S,keep,True,,False,9503.0,False,10320.0,2023-09-06,313911.0,30417.732558139534,1406.2743898748372,True,-103.83125367,32.57943101,no_evidence,,,,BS2_S,none
3001546200,SOUTHERN COMFORT 36 SB STATE #004H,ConocoPhillips,30,Eddy,BS2_S,BS2_S,keep,True,,False,8433.0,False,7470.0,2020-05-01,99441.0,13312.048192771084,2895.2444162870447,True,-104.03873458,32.17805831,agree,,15.0,15.0,BS2_S,none
3001546201,SOUTHERN COMFORT 36 SB STATE #007H,ConocoPhillips,30,Eddy,BS2_S,BS2_S,keep,True,,False,8439.0,False,7386.0,2020-05-01,97430.0,13191.17248849174,3052.447911320948,True,-104.03430112,32.17817602,agree,,6.0,6.0,BS2_S,none
3001546208,WISHBONE 35 34 B2PM FEDERAL COM #001H,Mewbourne,30,Eddy,BS2_S,BS2_S,keep,True,,False,8070.0,False,10050.0,2020-03-15,164186.0,16336.915422885571,1853.105624109242,True,-104.05414844,32.69947812,agree,,13.0,13.0,BS2_S,none
3001546284,JAMES RANCH UNIT DI 11 WHITLASH A #715H,Exxon Mobil,30,Eddy,BS2_S,BS2_S,keep,True,,False,9056.0,False,11885.0,2020-11-01,249798.0,21017.921750105175,1643.9523134692831,True,-103.92697317,32.38960054,no_evidence,,,,BS2_S,none
3001546298,LADY FRANKLIN 25 STATE #121H,Permian Resources,30,Eddy,BS2_S,BS2_S,keep,True,,False,7727.0,False,4375.0,2020-06-25,271944.0,62158.62857142857,2790.3906686670784,False,-104.13002885,32.6367803,agree,,35.0,35.0,BS2_S,none
3001546320,ARKENSTONE 31 FEDERAL COM #006H,Occidental,30,Eddy,BS2_S,BS2_S,keep,True,,False,10112.0,False,10061.0,2021-04-19,274361.0,27269.754497564852,2374.0181731368525,True,-103.81057858,32.25350574,agree,,58.0,58.0,BS2_S,none
3001546322,ARKENSTONE 31 FEDERAL #009H,Occidental,30,Eddy,BS2_S,BS2_S,keep,True,,False,10096.0,False,10300.0,2022-04-15,229554.0,22286.79611650485,2201.9002064873625,True,-103.82298633,32.2537526,agree,,62.0,62.0,BS3_C,none
3001546323,ARKENSTONE 31 FEDERAL COM #010H,Occidental,30,Eddy,BS2_S,BS2_S,keep,False,,True,9940.0,False,17051.0,2022-11-01,27362.0,1604.7152659668054,28196.47686572619,False,-103.80940404,32.24359753,agree,,114.0,114.0,BS2_S,none
3001546325,CORRAL CANYON 10 15 FEDERAL COM #010H,Exxon Mobil,30,Eddy,BS2_S,BS2_S,keep,True,,False,8835.0,False,9857.0,2020-09-01,199651.0,20254.742822359745,2181.1310737236477,True,-103.97451154,32.13648806,off_band,,565.0,,BS2_S,none
3001546333,LOS MEDANOS 36 23 30 STATE #707H,Exxon Mobil,30,Eddy,BS2_S,BS2_S,keep,True,,False,10077.0,False,4478.0,2020-07-01,164909.0,36826.48503796338,1824.454699258379,False,-103.82958089,32.26201293,off_band,,815.5,,BS2_S,none
3001546334,LOS MEDANOS 36 23 30 STATE #708H,Exxon Mobil,30,Eddy,BS2_S,BS2_S,keep,True,,False,9875.0,False,4348.0,2020-07-01,169702.0,39029.898804047836,1724.3049581030277,False,-103.82666954,32.26230291,agree,,171.5,171.5,BS2_S,none
3001546354,LADY FRANKLIN 25 STATE #123H,Permian Resources,30,Eddy,BS2_S,BS2_S,keep,True,,False,7759.0,False,4175.0,2021-04-20,141609.0,33918.32335329341,3780.833139136637,False,-104.12937708,32.63092428,agree,,66.5,66.5,BS2_S,none
3001546355,LADY FRANKLIN 25 STATE #124H,Permian Resources,30,Eddy,BS3_C,BS2_S,reassign,True,class BS3_C->BS2_S (precision 0.90) + sql/23 concurs + GOR none,False,7766.0,False,4320.0,2021-04-21,75767.0,17538.657407407405,3606.095001781778,False,-104.12994946,32.62736924,flag,BS2_S,71.5,,BS2_S,none
3001546372,PRECIOUS 30 18 FEDERAL COM #007H,Occidental,30,Eddy,BS2_S,BS2_S,keep,True,,False,9831.0,False,12976.0,2021-06-02,214960.0,16565.96794081381,2983.0619650167473,True,-103.82153244,32.28727865,agree,,74.0,74.0,BS2_S,none
3001546378,JAMES RANCH UNIT DI 12 ELKHORN #702H,Exxon Mobil,30,Eddy,BS2_S,BS2_S,keep,True,,False,9232.0,False,7795.0,2020-12-01,136120.0,17462.47594611931,3087.995885982956,True,-103.87250466,32.42930182,no_evidence,,,,BS2_S,none
3001546387,BORA BORA 13 24 FEDERAL COM #214H,Devon,30,Eddy,BS2_S,BS2_S,keep,True,,False,10368.0,False,9760.0,2020-09-27,190419.0,19510.14344262295,1314.0127823378969,True,-103.73002942,32.29628812,agree,,19.5,19.5,BS2_S,none
3001546463,PRECIOUS 30 18 FEDERAL COM #010H,Occidental,30,Eddy,BS2_S,BS2_S,keep,True,,False,9905.0,False,12725.0,2021-04-16,177551.0,13952.927308447936,2763.9157199903125,True,-103.80983508,32.28678148,off_band,,1498.0,,BS2_S,none
3001546464,PRECIOUS 30 18 FEDERAL COM #004H,Occidental,30,Eddy,BS2_S,BS2_S,keep,True,,False,9924.0,False,12925.0,2021-04-12,414760.0,32089.74854932302,2059.390973092873,True,-103.815813,32.285515,off_band,,1491.0,,BS2_S,none
3001546465,PRECIOUS 30 18 FEDERAL COM #006H,Occidental,30,Eddy,BS2_S,BS2_S,keep,True,,False,9739.0,False,12974.0,2021-04-19,190403.0,14675.736087559735,2716.6956402997853,True,-103.81088296,32.28643287,off_band,,1676.0,,BS2_S,none
3001546479,BOROS FEDERAL #124H,Matador,30,Eddy,BS2_S,BS2_S,keep,True,,False,12262.0,False,9640.0,2021-10-17,225461.0,23388.070539419085,3260.0937634446755,True,-103.76026891,32.03476227,off_band,,321.0,2141.0,WCB_2,none
3001546495,BOROS FEDERAL #123H,Matador,30,Eddy,BS2_S,BS2_S,keep,True,,False,10121.0,False,10185.0,2021-10-01,200352.0,19671.281296023564,3383.440145344194,True,-103.7636965,32.03447367,off_band,,1570.0,,BS2_S,none
3001546498,MYOX 31 STATE COM #502H,ConocoPhillips,30,Eddy,BS2_S,BS2_S,keep,True,,False,7954.0,False,9960.0,2020-10-05,282747.0,28388.253012048193,4781.787251500458,True,-104.12378867,32.09404789,agree,,25.0,25.0,BS2_S,none
3001546499,MYOX 31 STATE COM #503H,ConocoPhillips,30,Eddy,BS2_S,BS2_S,keep,True,,False,7929.0,False,10145.0,2020-10-05,284685.0,28061.606702809266,3606.1190438554895,True,-104.1293783,32.09382165,agree,,23.0,23.0,BS2_S,none
3001546500,MYOX 31 STATE COM #501H,ConocoPhillips,30,Eddy,BS2_S,BS2_S,keep,True,,False,7977.0,False,9838.0,2020-10-04,333388.0,33887.78206952632,3466.5314888358307,True,-104.11985991,32.09365709,agree,,36.5,36.5,BS2_S,none
3001546501,MYOX 31 STATE COM #504H,ConocoPhillips,30,Eddy,BS2_S,BS2_S,keep,True,,False,7911.0,False,10060.0,2020-10-04,283757.0,28206.46123260437,3797.897496801841,True,-104.13207601,32.09362929,agree,,26.5,26.5,BS2_S,none
3001546584,NASH UNIT #205H,Exxon Mobil,30,Eddy,BS2_S,BS2_S,keep,True,,False,8964.0,False,15513.0,2021-04-26,284833.0,18360.92309675756,2419.768776792015,False,-103.9224135,32.319111,agree,,257.5,257.5,BS2_S,none
3001546597,DAISY 24 STATE COM #505H,ConocoPhillips,30,Eddy,BS2_S,BS2_S,keep,True,,False,7886.0,False,9885.0,2020-09-01,235808.0,23855.134041476987,4907.869962002986,True,-104.14058955,32.10782336,agree,,34.5,34.5,BS2_S,none
3001546598,DAISY 24 STATE COM #506H,ConocoPhillips,30,Eddy,BS2_S,BS2_S,keep,True,,False,7837.0,False,10120.0,2020-09-15,268060.0,26488.142292490116,4184.484816832052,True,-104.1370211,32.10789698,agree,,40.0,40.0,BS2_S,none
3001546618,ARKENSTONE 31 FEDERAL #003H,Occidental,30,Eddy,BS3_C,BS2_S,reassign,True,class BS3_C->BS2_S (precision 0.90) + sql/23 concurs + GOR none,False,10108.0,False,10223.0,2022-04-15,211791.0,20717.108480876454,2333.2483438861896,True,-103.8192845,32.25381766,flag,BS2_S,69.0,,BS2_S,none
3001546619,ARKENSTONE 31 FEDERAL #004H,Occidental,30,Eddy,BS2_S,BS2_S,keep,True,,False,10125.0,False,10280.0,2022-04-15,184804.0,17977.042801556418,2142.009913205342,True,-103.81503056,32.24153346,agree,,69.0,69.0,BS2_S,none
3001546658,POKER LAKE UNIT 17 TWR #701H,Exxon Mobil,30,Eddy,BS2_S,BS2_S,keep,False,,True,10276.0,False,9416.0,2021-08-05,245758.0,26100.042480883603,3063.481148121323,True,-103.80742492,32.19160805,agree,,31.0,31.0,BS2_S,none
3001546660,OXBOW 26 25 B2DA FEDERAL COM #001H,Mewbourne,30,Eddy,BS2_S,BS2_S,keep,True,,False,8418.0,False,9983.0,2020-11-06,238081.0,23848.64269257738,2656.339649111017,True,-104.04844245,32.10629836,agree,,15.0,15.0,BS2_S,none
3001546667,RAY STATE COM #123H,Matador,30,Eddy,BS2_S,BS2_S,keep,True,,False,8430.0,False,10088.0,2020-10-14,194937.0,19323.651863600317,2079.0563105003157,True,-104.039666,32.26916375,agree,,39.0,39.0,BS2_S,none
3001546681,MOSAIC FEDERAL 2419 2BS #001H,Kaiser Francis,30,Eddy,BS2_S,BS2_S,keep,True,,False,8496.0,False,10009.0,2023-10-01,293282.0,29301.828354480967,3027.993535232302,True,-104.0316622,32.2951877,agree,,50.0,50.0,BS2_S,none
3001546682,MOSAIC FEDERAL 2419 2BS #002H,Kaiser Francis,30,Eddy,BS2_S,BS2_S,keep,True,,False,8488.0,False,9827.0,2023-10-01,351943.0,35813.880126182965,2939.8908345953746,True,-104.03174995,32.293356,agree,,58.0,58.0,BS2_S,none
3001546734,BOROS FEDERAL COM #121H,Matador,30,Eddy,BS2_S,BS2_S,keep,True,,False,10102.0,False,9929.0,2021-10-01,258234.0,26008.05720616376,2690.393209259819,True,-103.77248093,32.0350489,off_band,,1332.0,,BS3_S,none
3001546736,BOROS FEDERAL #122H,Matador,30,Eddy,BS2_S,BS2_S,keep,True,,False,10128.0,False,9844.0,2021-10-01,225725.0,22930.21129622105,2741.437589987817,True,-103.76820606,32.03469276,off_band,,1265.0,,BS2_S,none
3001546751,OXBOW 23 24 B2MP FEDERAL COM #001Y,Mewbourne,30,Eddy,BS2_S,BS2_S,keep,False,,True,8429.0,False,10283.0,2020-11-05,222419.0,21629.77730234367,3556.7015407856343,True,-104.04917343,32.10998373,agree,,6.5,6.5,BS2_S,none
3001546754,PHANTOM BANK 31 FEDERAL #508H,Flat Creek Resources,30,Eddy,BS2_S,BS2_S,keep,False,,True,9675.0,False,5202.0,2021-10-15,0.0,0.0,,False,-103.817075,32.00085154,off_band,,568.0,,BS2_S,none
3001546783,ADMIRAL FEDERAL COM #501H,ConocoPhillips,30,Eddy,BS2_S,BS2_S,keep,True,,False,8650.0,False,9865.0,2021-03-11,361924.0,36687.68373035986,2583.9734308860425,True,-103.99599,32.1083655,agree,,36.5,36.5,BS2_S,none
3001546784,ADMIRAL FEDERAL COM #502H,ConocoPhillips,30,Eddy,BS2_S,BS2_S,keep,True,,False,8649.0,False,10078.0,2021-03-11,281510.0,27933.121651121255,2560.1470640474586,True,-103.994076,32.1083675,agree,,37.5,37.5,BS2_S,none
3001546786,ADMIRAL FEDERAL COM #503H,ConocoPhillips,30,Eddy,BS2_S,BS2_S,keep,True,,False,8680.0,False,10030.0,2021-03-11,225569.0,22489.431704885345,2827.2102992875793,True,-103.9894495,32.108372,agree,,8.5,8.5,BS2_S,none
3001546788,ADMIRAL FEDERAL COM #504H,ConocoPhillips,30,Eddy,BS2_S,BS2_S,keep,True,,False,8693.0,False,9300.0,2021-03-11,172380.0,18535.483870967742,3082.0454809142593,True,-103.9848455,32.108488,agree,,28.0,28.0,BS2_S,none
3001546789,ADMIRAL FEDERAL COM #505H,ConocoPhillips,30,Eddy,BS2_S,BS2_S,keep,True,,False,8734.0,False,9996.0,2021-03-11,197690.0,19776.91076430572,2851.22666801558,True,-103.98189834,32.10866855,agree,,69.0,69.0,BS2_S,none
3001546799,BUFFALO TRACE 1 36 H3OB FEDERAL COM #002H,Mewbourne,30,Eddy,BS2_S,BS2_S,keep,True,,False,9118.0,False,11144.0,2022-05-01,194757.0,17476.39985642498,3527.3597354652206,True,-103.9310868,32.0780452,agree,,84.0,84.0,BS2_S,none
3001546822,PHOENIX 21 22 B2KI FEDERAL COM #001H,Mewbourne,30,Eddy,BS2_S,BS2_S,keep,True,,False,8305.0,False,5163.0,2021-08-01,343664.0,66562.85105558785,1550.8345360584758,False,-103.96593199,32.73103042,agree,,4.0,4.0,BS2_S,none
3001546832,BIG EDDY UNIT 5E HAN SOLO #101H,Exxon Mobil,30,Eddy,BS2_S,BS2_S,keep,False,,True,9492.0,False,12141.0,2022-05-01,336709.0,27733.21802157977,1648.4471754541755,True,-103.83529093,32.55324416,off_band,,222.0,,BS3_C,none
3001546833,BIG EDDY UNIT 5E HAN SOLO #102H,Exxon Mobil,30,Eddy,BS2_S,BS2_S,keep,False,,True,9550.0,False,12379.0,2022-05-01,246454.0,19909.039502383068,1697.4404959951958,True,-103.83437718,32.54973641,off_band,,170.0,,BS3_C,none
3001546843,NAILED IT FEDERAL COM #122H,SM Energy,30,Eddy,BS2_S,BS2_S,keep,True,,False,9310.0,False,4188.0,2022-05-15,142284.0,33974.212034383956,4110.188074555115,False,-103.83690644,32.0065453,agree,,172.0,172.0,BS2_S,none
3001546846,NAILED IT FEDERAL COM #124H,SM Energy,30,Eddy,BS2_S,BS2_S,keep,True,,False,9372.0,False,4198.0,2022-05-15,101119.0,24087.42258218199,3093.137788150595,False,-103.82824075,32.00653284,agree,,100.0,100.0,BS2_S,none
3001546884,NAILED IT FEDERAL COM #121H,SM Energy,30,Eddy,BS2_S,BS2_S,keep,True,,False,9502.0,False,4453.0,2022-05-15,151968.0,34127.105322254654,3661.099705201095,False,-103.84124724,32.00690938,agree,,60.0,60.0,BS2_S,none
3001546885,NAILED IT FEDERAL COM #123H,SM Energy,30,Eddy,BS2_S,BS2_S,keep,True,,False,9532.0,False,4219.0,2022-05-15,167902.0,39796.634273524534,3389.8941048945217,False,-103.83262455,32.00742935,agree,,90.0,90.0,BS3_C,none
3001546894,LEATHERNECK 3029 FEDERAL COM #127H,Matador,30,Eddy,BS2_S,BS2_S,keep,True,,False,7873.0,False,9544.0,2021-06-15,145673.0,15263.306789606037,4208.384532480281,True,-104.1043051,32.54169918,off_band,,1214.5,,BS2_S,none
3001546903,LEATHERNECK 3029 FEDERAL COM #128H,Matador,30,Eddy,BS2_S,BS2_S,keep,True,,False,8089.0,False,9700.0,2021-06-15,138703.0,14299.278350515464,3861.545893023222,True,-104.1044059,32.53819971,agree,,192.0,192.0,BS2_S,none
3001546933,BIG EDDY UNIT 30E SKYWALKER #102H,Exxon Mobil,30,Eddy,BS2_S,BS2_S,keep,False,,True,9432.0,False,10305.0,2023-09-04,326855.0,31718.098010674432,1452.2127548913127,True,-103.83073437,32.57461065,no_evidence,,,,BS2_S,none
3001546935,BIG EDDY UNIT 30E SKYWALKER #103H,Exxon Mobil,30,Eddy,BS2_S,BS2_S,keep,False,,True,9524.0,False,9526.0,2022-05-01,279253.0,29314.822590804117,1650.4316873945847,True,-103.82983717,32.56791954,no_evidence,,,,BS3_C,none
3001546937,BIG EDDY UNIT 30E SKYWALKER #104H,Exxon Mobil,30,Eddy,BS2_S,BS2_S,keep,True,,False,9537.0,False,10358.0,2022-05-01,243366.0,23495.46244448735,1584.8639497711267,True,-103.83100616,32.56185691,off_band,,183.0,,BS3_C,none
3001546964,ALEUTIAN 10 3 FEDERAL COM #211H,Devon,30,Eddy,BS2_S,BS2_S,keep,True,,False,10251.0,False,9968.0,2021-01-04,244737.0,24552.267255216695,1709.7210474917972,True,-103.77320024,32.32675903,agree,,92.0,92.0,BS2_S,none
3001546965,ALEUTIAN 10 3 FEDERAL COM #212H,Devon,30,Eddy,BS3_C,BS2_S,reassign,True,card verdict AGREE (BS3_C->BS2_S),False,10278.0,False,9799.0,2021-01-04,239498.0,24441.06541483825,1973.4778578526752,True,-103.76995715,32.3269345,flag,BS2_S,110.0,,BS2_S,none
3001546966,ALEUTIAN 10 3 FEDERAL COM #213H,Devon,30,Eddy,BS2_S,BS2_S,keep,True,,False,10168.0,False,9721.0,2021-01-04,210339.0,21637.58872543977,2142.408207702804,True,-103.76454457,32.32708075,off_band,,188.0,,BS2_S,none
3001546978,VONI FEDERAL COM #121H,Matador,30,Eddy,BS2_S,BS2_S,keep,True,,False,9910.0,False,12244.0,2021-06-01,365644.0,29863.11662855276,2868.196934723392,True,-103.79005625,32.0175127,agree,,51.0,51.0,BS3_C,none
3001546980,VONI FEDERAL COM #122H,Matador,30,Eddy,BS2_S,BS2_S,keep,True,,False,9961.0,False,12114.0,2021-06-01,328981.0,27157.09096912663,2947.148923494062,True,-103.78540145,32.01705766,agree,,4.5,4.5,BS2_S,none
3001546982,VONI FEDERAL COM #123H,Matador,30,Eddy,BS2_S,BS2_S,keep,True,,False,9925.0,False,12273.0,2021-04-12,323966.0,26396.643037562128,3048.798330689023,True,-103.78101031,32.01786621,agree,,63.0,63.0,BS2_S,none
3001547015,VONI FEDERAL COM #124H,Matador,30,Eddy,BS2_S,BS2_S,keep,True,,False,9988.0,False,12245.0,2021-04-06,326180.0,26637.81135157207,2960.264271261267,True,-103.77670553,32.01765211,off_band,,1175.5,,BS2_S,none
3001547033,WTG FEDERAL COM #122H,SM Energy,30,Eddy,BS2_S,BS2_S,keep,True,,False,8605.0,False,6988.0,2022-02-02,250879.0,35901.40240412135,4463.61393341013,True,-103.97503999,32.01013558,agree,,12.0,12.0,BS2_S,none
3001547034,WTG FEDERAL COM #124H,SM Energy,30,Eddy,BS2_S,BS2_S,keep,True,,False,8640.0,False,6737.0,2022-02-02,180074.0,26729.107911533323,2475.9487766140587,True,-103.96474533,32.00979892,agree,,4.5,4.5,BS2_S,none
3001547041,WTG FEDERAL COM #123H,SM Energy,30,Eddy,BS2_S,BS2_S,keep,True,,False,8612.0,False,6602.0,2022-02-02,130499.0,19766.585883065738,2334.1634801799246,True,-103.96970065,32.00950517,agree,,14.0,14.0,BS2_S,none
3001547061,MALDIVES 15 27 FEDERAL COM #234H,Devon,30,Eddy,BS2_S,BS2_S,keep,True,,False,10308.0,False,15626.0,2020-12-07,652327.0,41746.25623960067,1866.1438205071995,False,-103.76338363,32.28988436,no_evidence,,,,BS3_C,none
3001547062,MALDIVES 15 27 FEDERAL COM #236H,Devon,30,Eddy,BS2_S,BS2_S,keep,True,,False,10336.0,False,15312.0,2020-12-07,497156.0,32468.390804597704,1726.4480364312208,False,-103.75850635,32.28977444,no_evidence,,,,BS2_S,none
3001547084,MALDIVES 15 27 FEDERAL COM #235H,Devon,30,Eddy,BS2_S,BS2_S,keep,True,,False,10116.0,False,15302.0,2020-12-07,443497.0,28982.943406090708,1533.3204057750108,False,-103.76076304,32.28957467,no_evidence,,,,BS2_S,none
3001547101,BORA BORA 13 24 FEDERAL COM #212H,Devon,30,Eddy,BS2_S,BS2_S,keep,True,,False,10486.0,False,9760.0,2021-06-02,264232.0,27072.95081967213,1297.458294226286,True,-103.73805431,32.29633063,agree,,134.0,134.0,BS3_C,none
3001547103,BORA BORA 13 24 FEDERAL COM #213H,Devon,30,Eddy,BS2_S,BS2_S,keep,True,,False,10487.0,False,10017.0,2021-06-06,247727.0,24730.657881601277,1310.73722282997,True,-103.73289678,32.2968388,agree,,108.0,108.0,BS3_C,none
3001547117,REMUDA SOUTH 25 STATE #701H,Exxon Mobil,30,Eddy,BS2_S,BS2_S,keep,True,,False,8949.0,False,7225.0,2021-06-01,215815.0,29870.58823529412,2357.426499548224,True,-103.94565595,32.26493534,agree,,69.5,69.5,BS2_S,none
3001547118,REMUDA SOUTH 25 STATE #702H,Exxon Mobil,30,Eddy,BS2_S,BS2_S,keep,True,,False,9137.0,False,7192.0,2021-06-01,171926.0,23905.1724137931,2707.9150332119634,True,-103.94357507,32.2648616,agree,,123.0,123.0,BS2_S,none
3001547124,REMUDA SOUTH 25 STATE #703H,Exxon Mobil,30,Eddy,BS2_S,BS2_S,keep,True,,False,8949.0,False,7034.0,2021-07-01,133612.0,18995.166334944555,3127.6307517288865,True,-103.94129418,32.26467615,off_band,,836.0,,BS2_S,none
3001547125,REMUDA SOUTH 25 STATE #704H,Exxon Mobil,30,Eddy,BS2_S,BS2_S,keep,False,,True,9158.0,False,7069.0,2021-07-01,194367.0,27495.68538690055,2384.0672542149646,True,-103.93926734,32.26506254,off_band,,1045.0,,BS2_S,none
3001547219,POKER LAKE UNIT 16 TWR #107H,Exxon Mobil,30,Eddy,BS2_S,BS2_S,keep,True,,False,10481.0,False,9828.0,2023-02-01,340400.0,34635.73463573463,1828.7984723854288,True,-103.77516915,32.19483366,off_band,,478.0,,BS2_S,none
3001547223,POKER LAKE UNIT 16 TWR #106H,Exxon Mobil,30,Eddy,BS2_S,BS2_S,keep,True,,False,10251.0,False,10089.0,2023-02-01,287451.0,28491.525423728814,2458.3424653245247,True,-103.78416144,32.19497393,off_band,,708.0,,BS2_S,none
3001547287,GALAPAGOS 14 26 FEDERAL COM #211H,Devon,30,Eddy,BS2_S,BS2_S,keep,True,,False,10160.0,False,15334.0,2021-06-09,438920.0,28623.97287074475,1349.3552355782374,False,-103.75454619,32.28948259,agree,,127.5,127.5,BS2_S,none
3001547290,GALAPAGOS 14 26 FEDERAL COM #213H,Devon,30,Eddy,BS2_S,BS2_S,keep,True,,False,10233.0,False,15209.0,2021-06-10,469515.0,30870.865934643964,1451.663951098474,False,-103.74998851,32.28959033,off_band,,241.5,,BS2_S,none
3001547291,GALAPAGOS 14 26 FEDERAL COM #215H,Devon,30,Eddy,BS2_S,BS2_S,keep,True,,False,10267.0,False,15120.0,2021-06-11,381874.0,25256.216931216928,1466.7508130954188,False,-103.74395158,32.28923524,off_band,,1571.0,,BS2_S,none
3001547295,GALAPAGOS 14 26 FEDERAL COM #212H,Devon,30,Eddy,BS2_S,BS2_S,keep,True,card verdict REJECT (BS2_S->BS3_C),False,10379.0,False,15315.0,2021-06-09,369512.0,24127.456741756447,1384.2500378878087,False,-103.75210294,32.28953575,flag,BS3_C,95.5,,BS2_S,none
3001547311,PARKCHESTER 24 23 B2HE STATE COM #001H,Mewbourne,30,Eddy,BS2_S,BS2_S,keep,True,,False,7638.0,False,9692.0,2021-10-20,217526.0,22443.871234007427,2678.4016623300204,True,-104.13983554,32.64852372,no_evidence,,,,BS3_C,none
3001547313,YUKON GOLD 31 19 FEDERAL COM #213H,Devon,30,Eddy,BS2_S,BS2_S,keep,True,,False,9151.0,False,12034.0,2021-05-24,412054.0,34240.817683230845,2173.5185194173578,True,-103.9146705,32.280303,off_band,,932.0,,BS2_S,none
3001547314,YUKON GOLD 31 19 FEDERAL COM #211H,Devon,30,Eddy,BS2_S,BS2_S,keep,True,,False,9149.0,False,11477.0,2021-05-25,332767.0,28994.249368301822,2197.7930503926173,True,-103.9193696,32.27779207,off_band,,1225.0,,BS2_S,none
3001547316,YUKON GOLD 31 19 FEDERAL COM #212H,Devon,30,Eddy,BS2_S,BS2_S,keep,True,,False,9093.0,False,11875.0,2021-05-24,304560.0,25647.157894736843,2312.2340425531916,True,-103.916321,32.2803055,off_band,,977.0,,BS2_S,none
3001547362,KO LANTA 9 4 FEDERAL COM #232H,Devon,30,Eddy,BS2_S,BS2_S,keep,True,,False,10099.0,False,9706.0,2022-01-06,330039.0,34003.60601689677,1651.97143367905,True,-103.78697835,32.32659405,off_band,,958.0,,BS2_S,none
3001547363,KO LANTA 9 4 FEDERAL COM #233H,Devon,30,Eddy,BS2_S,BS2_S,keep,True,,False,10168.0,False,9652.0,2022-01-05,339328.0,35156.2370493162,1748.5176584307808,True,-103.78138219,32.32714111,agree,,31.5,31.5,BS2_S,none
3001547399,LIGHTFOOT 19 STATE COM #222H,V-F Petroleum,30,Eddy,BS2_S,BS2_S,keep,False,,True,7189.0,False,7311.0,2023-03-01,111343.0,15229.517165914374,2282.39763613339,True,-104.22003892,32.64360826,agree,,142.0,142.0,BS2_S,none
3001547400,LIGHTFOOT 19 STATE COM #221H,V-F Petroleum,30,Eddy,BS2_S,BS2_S,keep,True,,False,7212.0,False,4555.0,2023-02-24,113745.0,24971.45993413831,1712.884082816827,False,-104.21608527,32.6394756,agree,,119.0,119.0,BS2_S,none
3001547402,KO LANTA 9 4 FEDERAL COM #234H,Devon,30,Eddy,BS2_S,BS2_S,keep,True,,False,10195.0,False,9563.0,2022-01-05,263294.0,27532.57346021123,1873.9583887213532,True,-103.77711133,32.32732042,agree,,27.0,27.0,BS2_S,none
3001547410,POKER LAKE UNIT 16 TWR #104H,Exxon Mobil,30,Eddy,BS2_S,BS2_S,keep,True,,False,10108.0,False,10174.0,2023-02-01,284820.0,27994.888932573227,1799.6243241345412,True,-103.78684565,32.19487452,off_band,,851.0,,BS2_S,none
3001547415,POKER LAKE UNIT 16 TWR #154H,Exxon Mobil,30,Eddy,BS2_S,BS2_S,keep,True,,False,10375.0,False,9715.0,2023-02-01,296662.0,30536.48996397324,1620.2209922403274,True,-103.78705259,32.19468113,off_band,,584.0,,BS2_S,none
3001547456,RINCON 22 STATE #123H,Permian Resources,30,Eddy,BS2_S,BS2_S,keep,False,,True,7441.0,False,4571.0,2022-06-15,180134.0,39408.00700065631,3064.1633450653403,False,-104.16283084,32.64368841,off_band,,1161.0,,BS2_S,none
3001547462,RINCON 22 STATE #124H,Permian Resources,30,Eddy,BS2_S,BS2_S,keep,True,,False,7473.0,False,4944.0,2022-06-15,144636.0,29254.85436893204,2979.1407395116016,False,-104.16347815,32.64129999,off_band,,1128.0,,BS2_S,none
3001547488,KNOX 13 14 B2AD FEDERAL COM #001H,Mewbourne,30,Eddy,BS2_S,BS2_S,keep,False,,True,8478.0,False,10355.0,2021-11-20,361310.0,34892.322549492994,1528.8256621737567,True,-103.93404836,32.75286429,no_evidence,,,,BS2_S,none
3001547489,KNOX 13 14 B2HE FEDERAL COM #001H,Mewbourne,30,Eddy,BS2_S,BS2_S,keep,False,,True,8528.0,False,10357.0,2021-11-21,262241.0,25320.16993337839,1588.7713973024813,True,-103.93404803,32.74922962,no_evidence,,,,BS2_S,none
3001547490,KNOX 13 14 B2IL FEDERAL COM #001H,Mewbourne,30,Eddy,BS2_S,BS2_S,keep,False,,True,8640.0,False,9962.0,2021-03-01,240494.0,24141.13631800843,1342.1041689189751,True,-103.93461421,32.74560899,no_evidence,,,,BS2_S,none
3001547508,KO LANTA 9 4 FEDERAL COM #231H,Devon,30,Eddy,BS2_S,BS2_S,keep,True,,False,10105.0,False,9784.0,2022-01-06,278670.0,28482.21586263287,1467.9226325043958,True,-103.789957,32.32693381,off_band,,952.0,,BS2_S,none
3001547570,SPUD MUFFIN 31 30 #233H,Devon,30,Eddy,BS2_S,BS2_S,keep,False,,True,8500.0,True,9946.0,2024-04-09,234366.0,23563.84476171325,3339.349564356605,True,-104.02287602,32.26951025,off_band,,923.0,,BS2_S,none
3001547571,SPUD MUFFIN 31 30 #234H,Devon,30,Eddy,BS2_S,BS2_S,keep,False,,True,8520.0,False,9968.0,2024-04-07,248309.0,24910.613964687,3244.409183718673,True,-104.02268865,32.26963589,off_band,,943.0,,BS2_S,none
3001547572,SPUD MUFFIN 31 30 #235H,Devon,30,Eddy,BS2_S,BS2_S,keep,False,,True,8547.0,False,9905.0,2024-04-03,264056.0,26658.859162039374,2703.2106825824826,True,-104.01647152,32.26965011,off_band,,919.0,,BS2_S,none
3001547581,ROCK JELLY FEDERAL COM #703H,ConocoPhillips,30,Eddy,BS2_S,BS2_S,keep,True,,False,8767.0,False,15177.0,2024-12-16,263950.0,17391.447585161757,3576.7039211971965,False,-103.97261995,32.0561233,agree,,95.0,95.0,BS2_S,none
3001547583,ROCK JELLY FEDERAL COM #701H,ConocoPhillips,30,Eddy,BS2_S,BS2_S,keep,True,,False,8880.0,False,15450.0,2024-12-16,200656.0,12987.443365695792,3318.8691093214256,False,-103.97304458,32.05565761,agree,,106.0,106.0,BS2_S,none
3001547603,DAWSON 34 FEDERAL COM #124H,Permian Resources,30,Eddy,BS2_S,BS2_S,keep,True,,False,7480.0,False,9540.0,2021-02-25,305451.0,32017.92452830189,3557.873439602424,True,-104.17439439,32.61090913,off_band,,1555.0,,BS2_S,none
3001547620,RIPLEY BS FEDERAL COM #501H,ConocoPhillips,30,Eddy,BS2_S,BS2_S,keep,True,,False,8233.0,False,10229.0,2023-05-12,175707.0,17177.33893831264,1838.173777937134,True,-104.0542489,32.1738302,agree,,147.0,147.0,BS2_S,none
3001547631,FIJI 17 5 FEDERAL COM #126H,Devon,30,Eddy,BS2_S,BS2_S,keep,False,,True,9700.0,True,12099.0,2022-09-05,288804.0,23870.071906769153,2670.506641182255,True,-103.79265015,32.32408205,off_band,,1352.0,,BS2_S,none
3001547632,FIJI 17 5 FEDERAL COM #233H,Devon,30,Eddy,BS2_S,BS2_S,keep,True,,False,10022.0,False,12502.0,2022-01-06,359064.0,28720.52471604543,1467.6575763652163,True,-103.79768402,32.32331721,off_band,,1035.0,,BS2_S,none
3001547633,FIJI 17 5 FEDERAL COM #234H,Devon,30,Eddy,BS2_S,BS2_S,keep,False,,True,10065.0,False,12470.0,2022-01-06,343302.0,27530.232558139534,1459.079760677188,True,-103.79349111,32.32366541,off_band,,987.0,,BS2_S,none
3001547639,TOP SPOT 12 13 FEDERAL COM #025H,Occidental,30,Eddy,BS2_S,BS2_S,keep,True,,False,10423.0,False,9995.0,2024-08-23,278112.0,27825.112556278138,1860.394373489817,True,-103.728702,32.3994085,off_band,,1210.5,,BS2_S,none
3001547704,DAWSON 34 FEDERAL COM #123H,Permian Resources,30,Eddy,BS2_S,BS2_S,keep,True,,False,7467.0,False,9815.0,2022-01-15,165197.0,16831.074885379523,3546.0752919241877,True,-104.17434802,32.61449882,off_band,,1115.0,,BS2_S,none
3001547706,SHAMROCK 34 FEDERAL COM #121,Permian Resources,30,Eddy,BS2_S,BS2_S,keep,True,,False,7179.0,False,5062.0,2022-05-25,364008.0,71909.91702884236,3542.207863563438,False,-104.17236784,32.6222192,agree,,297.5,297.5,BS2_S,none
3001547707,SHAMROCK 34 FEDERAL COM #122H,Permian Resources,30,Eddy,BS2_S,BS2_S,keep,True,,False,7185.0,False,4800.0,2022-05-22,278624.0,58046.666666666664,3918.2805501320777,False,-104.17366498,32.61768402,agree,,305.0,305.0,BS2_S,none
3001547732,BOLANDER 32 STATE FEDERAL COM #121H,Permian Resources,30,Eddy,BS2_S,BS2_S,keep,True,,False,7254.0,False,9851.0,2022-09-22,167029.0,16955.537508882346,3318.118410575409,True,-104.20777875,32.62150324,agree,,40.0,40.0,BS2_S,none
3001547734,BOLANDER 32 STATE FEDERAL COM #122H,Permian Resources,30,Eddy,BS2_S,BS2_S,keep,True,,False,7257.0,False,10178.0,2022-09-22,158157.0,15539.103949695422,3683.112350386009,True,-104.20750005,32.61908015,agree,,35.5,35.5,BS2_S,none
3001547739,DAKOTA 32 STATE FEDERAL COM #123H,Permian Resources,30,Eddy,BS2_S,BS2_S,keep,False,,True,7231.0,False,9881.0,2022-09-22,164963.0,16694.970144722196,6733.988833859714,True,-104.20853482,32.61451498,agree,,63.0,63.0,BS2_S,none
3001547740,DAKOTA 32 STATE FEDERAL COM #124H,Permian Resources,30,Eddy,BS2_S,BS2_S,keep,True,,False,7250.0,False,9600.0,2021-10-08,201553.0,20995.104166666668,4189.657310980238,True,-104.20908984,32.61080621,agree,,44.0,44.0,BS2_S,none
3001547762,KNOX 13 14 B2PM FEDERAL COM #001H,Mewbourne,30,Eddy,BS2_S,BS2_S,keep,True,,False,8690.0,False,9771.0,2021-03-01,225299.0,23057.92651724491,1765.7024665000733,True,-103.93491112,32.74199633,no_evidence,,,,BS2_S,none
3001547771,TOP SPOT 12 13 FEDERAL COM #021H,Occidental,30,Eddy,BS2_S,BS2_S,keep,True,,False,10395.0,False,10142.0,2023-05-18,331499.0,32685.762177085388,980.5157783281397,True,-103.73863769,32.39853282,agree,,40.0,40.0,BS2_S,none
3001547821,BLACK DIAMOND 34 FEDERAL #122H,Permian Resources,30,Eddy,BS2_S,BS2_S,keep,True,,False,8108.0,False,7150.0,2022-01-15,211133.0,29529.090909090908,3109.9496525886525,True,-104.06738485,32.6191387,off_band,,923.0,,BS2_S,none
3001547855,WTG FEDERAL COM #121H,SM Energy,30,Eddy,BS2_S,BS2_S,keep,True,,False,8586.0,False,7099.0,2022-02-02,229333.0,32304.972531342442,2234.266328875478,True,-103.97990168,32.0105523,agree,,18.5,18.5,BS2_S,none
3001547888,TOP SPOT 12 13 FEDERAL COM #026H,Occidental,30,Eddy,BS2_S,BS2_S,keep,False,,True,10440.0,False,9876.0,2024-08-23,213303.0,21598.11664641555,1953.2402263446834,True,-103.72550027,32.3986979,off_band,,1226.0,,BS2_S,none
3001547889,TOP SPOT 12 13 FEDERAL #022H,Occidental,30,Eddy,BS2_S,BS2_S,keep,True,,False,10435.0,False,10125.0,2024-08-24,219198.0,21649.185185185186,1179.914962727762,True,-103.73436662,32.39932877,agree,,19.0,19.0,BS2_S,none
3001547957,TAILS CC 10 3 FEDERAL COM #022H,Occidental,30,Eddy,BS2_S,BS2_S,keep,True,,False,8762.0,False,9579.0,2021-05-07,169762.0,17722.309218081216,2879.5961404790237,True,-103.97592787,32.23961155,agree,,13.0,13.0,BS2_S,none
3001547958,TAILS CC 10 3 FEDERAL COM #021H,Occidental,30,Eddy,BS2_S,BS2_S,keep,True,,False,8747.0,False,10180.0,2021-05-05,238056.0,23384.67583497053,2879.3477165036797,True,-103.97925067,32.23941026,agree,,8.5,8.5,BS2_S,none
3001547959,TAILS CC 10 3 FEDERAL COM #026H,Occidental,30,Eddy,BS2_S,BS2_S,keep,True,,False,8852.0,False,9992.0,2021-05-24,286978.0,28720.77662129704,2848.451797698778,True,-103.96482701,32.23932982,off_band,,894.0,,BS2_S,none
3001547960,TAILS CC 10 3 FEDERAL COM #025H,Occidental,30,Eddy,BS2_S,BS2_S,keep,True,,False,8815.0,False,10180.0,2021-05-24,251019.0,24658.055009823183,2840.378616758094,True,-103.96887875,32.23994342,off_band,,1258.0,,BS2_S,none
3001547961,TAILS CC 10 3 FEDERAL COM #024H,Occidental,30,Eddy,BS2_S,BS2_S,keep,True,,False,8784.0,False,10180.0,2021-05-24,229590.0,22553.045186640473,2837.6802125528116,True,-103.9708583,32.23994784,agree,,4.0,4.0,BS2_S,none
3001547972,VAGABOND CC 8 17 FEDERAL COM #024H,Occidental,30,Eddy,BS2_S,BS2_S,keep,True,,False,8576.0,False,9406.0,2021-10-28,227517.0,24188.49670423134,2214.775159658399,True,-104.00273554,32.22633839,agree,,55.0,55.0,BS2_S,none
3001547974,VAGABOND CC 8 17 FEDERAL COM #025H,Occidental,30,Eddy,BS2_S,BS2_S,keep,True,,False,8614.0,False,8286.0,2021-10-28,258327.0,31176.32150615496,2815.435475192295,True,-104.00083308,32.2263109,agree,,32.5,32.5,BS2_S,none
3001547975,VAGABOND CC 8 17 FEDERAL COM #023H,Occidental,30,Eddy,BS2_S,BS2_S,keep,True,,False,8622.0,False,8237.0,2021-10-18,238511.0,28956.051960665292,3874.521510538298,True,-104.00830227,32.22813704,agree,,5.5,5.5,BS2_S,none
3001547978,VAGABOND CC 8 17 FEDERAL COM #022H,Occidental,30,Eddy,BS2_S,BS2_S,keep,True,,False,8612.0,False,8740.0,2021-10-18,175639.0,20095.995423340963,4391.439258934519,True,-104.01205261,32.22738508,agree,,4.5,4.5,BS2_S,none
3001547989,POKER LAKE UNIT 26 BD #156H,Exxon Mobil,30,Eddy,BS2_S,BS2_S,keep,False,,True,12130.0,False,7455.0,2022-11-27,125518.0,16836.75385647217,5169.664908618684,True,-103.84775558,32.08975697,off_band,,686.0,,WCB_2,none
3001547990,POKER LAKE UNIT 26 BD #154H,Exxon Mobil,30,Eddy,BS2_S,BS2_S,keep,True,,False,9641.0,False,8350.0,2022-12-01,154131.0,18458.802395209583,6083.364151273916,True,-103.85362864,32.09116653,off_band,,1776.5,,BS3_C,none
3001548034,DEEP ELEM 4 FEDERAL COM #764H,EOG,30,Eddy,BS2_S,BS2_S,keep,True,,False,10113.0,False,9767.0,2024-09-17,243213.0,24901.505068086415,3763.9846554254914,True,-103.78311089,32.04913697,off_band,,1296.5,,BS2_S,none
3001548076,MIRAGE 30 B2AD STATE COM #001H,Mewbourne,30,Eddy,BS2_S,BS2_S,keep,False,,True,7845.0,False,4391.0,2022-09-22,117258.0,26704.16761557732,3456.3185454297363,False,-104.1145127,32.63781368,no_evidence,,,,BS2_S,none
3001548085,FLEETWOOD 36 25 B2ML STATE COM #001H,Mewbourne,30,Eddy,BS2_S,BS2_S,keep,True,,False,8362.0,False,7707.0,2022-01-01,172108.0,22331.387050733098,3281.480233341855,True,-104.04659645,32.17770715,agree,,71.0,71.0,BS2_S,none
3001548086,FLEETWOOD 36 25 B2NK STATE COM #001H,Mewbourne,30,Eddy,BS2_S,BS2_S,keep,False,,True,8382.0,False,7412.0,2022-01-01,145184.0,19587.6956287102,3413.8679193299536,True,-104.04262219,32.17803906,agree,,54.0,54.0,BS2_S,none
3001548095,JOURNEY 11 B2MP FEE #001H,Mewbourne,30,Eddy,BS2_S,BS2_S,keep,True,,False,8354.0,False,4699.0,2022-07-01,100058.0,21293.466695041498,3198.165064262728,False,-104.05732158,32.22650761,agree,,40.5,40.5,BS2_S,none
3001548106,KEN WILSON 14 15 #122H,Matador,30,Eddy,BS2_S,BS2_S,keep,True,,False,8057.0,False,10161.0,2022-04-21,137599.0,13541.875799626021,2319.944185640884,True,-104.06685135,32.2197617,agree,,277.5,277.5,BS1_S,none
3001548113,TORO 22 FEDERAL STATE COM #122H,Permian Resources,30,Eddy,BS2_S,BS2_S,keep,True,,False,7423.0,False,4986.0,2022-06-15,129941.0,26061.17127958283,3484.9662539152387,False,-104.1638556,32.64824125,off_band,,1182.5,,BS2_S,none
3001548114,TORO 22 FEDERAL STATE COM #121H,Permian Resources,30,Eddy,BS2_S,BS2_S,keep,True,,False,7373.0,False,4979.0,2022-06-15,79354.0,15937.73850170717,4789.172568490561,False,-104.16338991,32.65020406,off_band,,1236.0,,BS3_C,none
3001548117,ATLAS 18 STATE FED COM #122H,Permian Resources,30,Eddy,BS2_S,BS2_S,keep,True,,False,7766.0,False,6976.0,2021-12-18,151773.0,21756.450688073393,2439.1558445836877,True,-104.12748455,32.662841,off_band,,998.5,,BS2_S,none
3001548147,MR POTATO HEAD 11 14 FEDERAL COM #233H,Devon,30,Eddy,BS2_S,BS2_S,keep,True,,False,9039.0,False,9915.0,2025-06-09,241110.0,24317.700453857793,2072.9915806063623,True,-103.95493968,32.22391497,off_band,,1155.5,,BS2_S,none
3001548148,MR POTATO HEAD 11 14 FEDERAL COM #234H,Devon,30,Eddy,BS2_S,BS2_S,keep,True,,False,9062.0,False,10050.0,2025-06-13,251184.0,24993.4328358209,2309.9878973183004,True,-103.95167859,32.22409762,off_band,,1983.5,,BS2_S,none
3001548201,BANJO 5 FEDERAL COM #521H,EOG,30,Eddy,BS2_S,BS2_S,keep,True,,False,9440.0,False,9667.0,2025-03-03,124443.0,12872.969897589739,4504.713001133049,True,-103.9065757,32.06342848,agree,,37.0,37.0,BS2_S,none
3001548224,FNR FEDERAL UNIT #007H,Mewbourne,30,Eddy,BS2_S,BS2_S,keep,True,,False,9348.0,False,12501.0,2022-01-01,266969.0,21355.811535077195,1952.5113402679713,True,-103.89625131,32.32391714,no_evidence,,,,BS2_S,none
3001548225,FNR FEDERAL UNIT #008H,Mewbourne,30,Eddy,BS2_S,BS2_S,keep,False,,True,9343.0,False,13021.0,2022-01-01,310358.0,23835.189309576836,1908.0545692393946,False,-103.89915134,32.32326626,off_band,,1176.0,,BS2_S,none
3001548226,FNR FEDERAL UNIT #009H,Mewbourne,30,Eddy,BS2_S,BS2_S,keep,True,,False,9326.0,False,12550.0,2022-01-01,318715.0,25395.617529880477,1664.813391274336,True,-103.90201423,32.32407423,off_band,,1176.0,,BS2_S,none
3001548291,BANJO 5 FEDERAL COM #518H,EOG,30,Eddy,BS2_S,BS2_S,keep,True,,False,9406.0,False,10179.0,2024-02-04,198471.0,19498.08429118774,2920.6836263232412,True,-103.90949553,32.06421935,agree,,71.0,71.0,BS2_S,none
3001548292,STARK 5 FEDERAL COM #522H,EOG,30,Eddy,BS2_S,BS2_S,keep,True,,False,9477.0,False,9688.0,2025-03-07,202916.0,20945.08670520231,3383.0254883794278,True,-103.9021751,32.0632286,agree,,37.0,37.0,BS2_S,none
3001548298,STARK 5 FEDERAL COM #523H,EOG,30,Eddy,BS2_S,BS2_S,keep,True,,False,9502.0,False,9678.0,2025-03-07,181279.0,18731.039470965075,2843.0375277886574,True,-103.89815463,32.06340575,agree,,62.0,62.0,BS2_S,none
3001548345,PARKCHESTER 24 23 B2IL STATE COM #001H,Mewbourne,30,Eddy,BS2_S,BS2_S,keep,True,,False,7660.0,False,9613.0,2021-10-26,197376.0,20532.195984604183,2801.637483787289,True,-104.13993382,32.64434222,no_evidence,,,,BS2_S,none
3001548346,PARKCHESTER 24 23 B2PM STATE COM #001H,Mewbourne,30,Eddy,BS2_S,BS2_S,keep,False,,True,7730.0,False,9996.0,2021-10-24,292255.0,29237.19487795118,3288.829960137551,True,-104.13913012,32.6405106,no_evidence,,,,BS2_S,none
3001548476,PIEROGI BS FEDERAL COM #502H,ConocoPhillips,30,Eddy,BS2_S,BS2_S,keep,False,,True,8235.0,False,15404.0,2024-08-01,311561.0,20225.98026486627,1988.3554103369806,False,-104.07202983,32.18932554,agree,,2.0,2.0,BS2_S,none
3001548485,RIPPLE 32 FEDERAL COM #716H,EOG,30,Eddy,BS2_S,BS2_S,keep,False,,True,9763.0,False,7384.0,2024-05-19,173310.0,23471.01841820152,6226.542034504645,True,-103.79985836,32.05439396,off_band,,2052.0,,BS2_S,none
3001548491,MR POTATO HEAD 11 14 FEDERAL COM #232H,Devon,30,Eddy,BS2_S,BS2_S,keep,False,,False,9000.0,True,10133.0,2025-06-09,183808.0,18139.544063949474,2300.6397980501392,True,-103.95803305,32.22418935,off_band,,1099.0,,BS2_S,none
3001548502,SALT DRAW 10 STATE COM 2BS #006H,Permian Resources,30,Eddy,BS2_S,BS2_S,keep,False,,True,8273.0,False,4551.0,2022-10-01,107809.0,23689.079323225666,4046.777170737137,False,-104.06782205,32.14394795,agree,,8.0,8.0,BS2_S,none
3001548529,SALT DRAW 10 STATE COM 2BS #005H,Permian Resources,30,Eddy,BS2_S,BS2_S,keep,True,,False,8266.0,False,4617.0,2022-10-01,113721.0,24630.929174788824,3891.444851874324,False,-104.07381207,32.14404212,off_band,,402.0,,BS2_S,none
3001548531,JAMES RANCH UNIT DI 2 #704H,Exxon Mobil,30,Eddy,BS2_S,BS2_S,keep,True,,False,9811.0,False,12964.0,2022-07-05,139553.0,10764.655970379514,2154.027502095978,True,-103.86444732,32.37033645,off_band,,1338.5,,BS2_S,none
3001548532,JAMES RANCH UNIT DI 2 #703H,Exxon Mobil,30,Eddy,BS2_S,BS2_S,keep,False,,True,9606.0,False,13192.0,2022-07-05,217009.0,16450.04548211037,1940.3803528885899,False,-103.86469334,32.36587456,off_band,,1543.5,,BS2_S,none
3001548533,JAMES RANCH UNIT DI 2 #702H,Exxon Mobil,30,Eddy,BS2_S,BS2_S,keep,False,,True,9795.0,False,13226.0,2022-07-05,214782.0,16239.376984727052,1992.1781154845378,False,-103.86470905,32.36768845,off_band,,1354.5,,BS2_S,none
3001548534,JAMES RANCH UNIT DI 2 #701H,Exxon Mobil,30,Eddy,BS2_S,BS2_S,keep,False,,True,9606.0,False,13218.0,2022-07-05,229112.0,17333.333333333332,1940.2955759628478,False,-103.86473503,32.36950333,off_band,,1543.5,,BS2_S,none
3001548539,REMUDA SOUTH 25 STATE #705H,Exxon Mobil,30,Eddy,BS2_S,BS2_S,keep,True,,False,9002.0,False,7236.0,2022-11-09,145472.0,20103.92482034273,3029.091509018918,True,-103.93592215,32.26436614,off_band,,742.0,,BS2_S,none
3001548540,REMUDA SOUTH 25 STATE #709H,Exxon Mobil,30,Eddy,BS2_S,BS2_S,keep,False,,True,9026.0,False,8226.0,2022-11-09,220831.0,26845.489910041335,2326.6842064746343,True,-103.928993,32.2655525,off_band,,1348.0,,BS2_S,none
3001548541,REMUDA SOUTH 25 STATE #707H,Exxon Mobil,30,Eddy,BS2_S,BS2_S,keep,True,,False,9048.0,False,6936.0,2022-11-09,186861.0,26940.74394463668,2834.454487560272,True,-103.93075044,32.26385897,off_band,,788.0,,BS2_S,none
3001548542,REMUDA SOUTH 25 STATE #706H,Exxon Mobil,30,Eddy,BS2_S,BS2_S,keep,True,,False,9219.0,False,7191.0,2022-11-11,138821.0,19304.825476289807,2693.014745607653,True,-103.93319845,32.26452736,agree,,139.0,139.0,BS2_S,none
3001548543,REMUDA SOUTH 25 STATE #708H,Exxon Mobil,30,Eddy,BS2_S,BS2_S,keep,True,,False,9226.0,False,8118.0,2022-11-11,160834.0,19812.0226656812,2514.1512366788115,True,-103.9302385,32.26555,agree,,133.0,133.0,BS2_S,none
3001548556,DEEP ELEM 4 FEDERAL COM #203H,EOG,30,Eddy,BS2_S,BS2_S,keep,True,,False,10097.0,False,9697.0,2025-10-18,,,,False,-103.78577404,32.04926602,off_band,,1280.5,,BS2_S,none
3001548559,ARMSTRONG 26 23 B2HA FEDERAL COM #001H,Mewbourne,30,Eddy,BS2_S,BS2_S,keep,True,,False,10464.0,False,7735.0,2021-12-14,182875.0,23642.533936651584,3060.276144907724,True,-103.74160309,32.11225658,agree,,46.0,46.0,BS2_S,none
3001548572,FNR FEDERAL UNIT #010H,Mewbourne,30,Eddy,BS2_S,BS2_S,keep,False,,True,9328.0,False,13046.0,2022-01-01,318118.0,24384.332362409936,1512.4230631400926,False,-103.90516246,32.3231423,off_band,,1015.0,,BS2_S,none
3001548617,DEEP ELEM 4 FEDERAL COM #202H,EOG,30,Eddy,BS2_S,BS2_S,keep,True,,False,9810.0,False,10396.0,2025-10-18,,,,False,-103.78080481,32.04995647,agree,,297.5,297.5,BS2_S,none
3001548638,DELAWARE RANCH 11 14 FEDERAL COM #521H,Mewbourne,30,Eddy,BS2_S,BS2_S,keep,False,,True,8191.0,False,10067.0,2024-02-23,153132.0,15211.284394556473,5443.460543844526,True,-104.06482029,32.04928943,off_band,,1073.0,,BS2_S,none
3001548709,PRINCE 31 B2DA FEDERAL COM #001H,Mewbourne,30,Eddy,BS2_S,BS2_S,keep,False,,True,8505.0,False,4718.0,2022-03-01,120077.0,25450.826621449767,3817.7835888638124,False,-104.02294931,32.17977009,off_band,,1279.0,,BS2_S,none
3001548710,PRINCE 31 B2EH FEDERAL COM #001H,Mewbourne,30,Eddy,BS2_S,BS2_S,keep,False,,True,8505.0,False,4753.0,2022-03-01,141007.0,29666.947191247633,3615.1893168424263,False,-104.02304928,32.1753734,agree,,4.0,4.0,BS2_S,none
3001548717,ARMSTRONG 26 23 B2GB FEDERAL COM #001H,Mewbourne,30,Eddy,BS2_S,BS2_S,keep,True,,False,10443.0,False,7747.0,2021-12-12,239305.0,30890.021943978314,2612.076638599277,True,-103.74631333,32.11216218,agree,,25.0,25.0,BS2_S,none
3001548723,PERAZZI 9 10 B2MP FEDERAL #001H,Mewbourne,30,Eddy,BS2_S,BS2_S,keep,False,,True,8136.0,False,10041.0,2022-03-16,236212.0,23524.748531022804,3028.415152490136,True,-104.07096639,32.58210184,off_band,,1319.5,,BS2_S,none
3001548742,PERAZZI 9 10 B2LI FEDERAL #001H,Mewbourne,30,Eddy,BS2_S,BS2_S,keep,False,,True,8131.0,False,9998.0,2022-03-10,310877.0,31093.91878375675,3942.3148061773627,True,-104.07097689,32.58526252,off_band,,1161.0,,BS2_S,none
3001548772,BENT TREE 9 11 FEDERAL COM #221H,Devon,30,Eddy,BS2_S,BS2_S,keep,True,,False,7651.0,False,9910.0,2026-01-19,,,,False,-104.17651971,32.50101393,agree,,106.5,106.5,BS2_S,none
3001548796,BENT TREE 9 11 FEDERAL COM #333H,Devon,30,Eddy,BS2_S,BS2_S,keep,True,,False,7689.0,False,9893.0,2026-01-19,,,,False,-104.17647449,32.4975508,agree,,144.5,144.5,BS2_S,none
3001548800,SIG 6 5 B2DA FEDERAL COM #001H,Mewbourne,30,Eddy,BS2_S,BS2_S,keep,False,,True,7960.0,False,9904.0,2022-12-05,296541.0,29941.538772213247,3150.343460094894,True,-104.10484667,32.6087997,agree,,56.0,56.0,BS2_S,none
3001548897,BOURBON RED 11 12 B2MP STATE COM #002H,Mewbourne,30,Eddy,BS2_S,BS2_S,tvd_suspect,False,"A-prime: planned survey flagged -> BS3_C; tag kept, TVD not evidence",True,7764.0,False,9764.0,2022-09-16,149025.0,15262.699713232281,3304.7676564334843,True,-104.13821004,32.6695641,flag,BS3_C,90.0,,BS3_C,none
3001548898,BOURBON RED 11 12 B2DA STATE COM #002H,Mewbourne,30,Eddy,BS2_S,BS2_S,keep,True,,False,7559.0,False,3937.0,2023-09-04,317400.0,80619.76123952247,2611.061751732829,False,-104.14740281,32.68130548,agree,,154.0,154.0,BS3_C,none
3001548899,BOURBON RED 11 12 B2EH STATE COM #002H,Mewbourne,30,Eddy,BS2_S,BS2_S,keep,True,class BS2_S->BS3_C rejected (precision 0.33),False,7754.0,False,9611.0,2023-09-03,241924.0,25171.57423785246,3450.484449661877,True,-104.1380507,32.67675734,flag,BS3_C,90.5,,BS3_C,none
3001548900,BOURBON RED 11 12 B2LI STATE COM #002H,Mewbourne,30,Eddy,BS2_S,BS2_S,tvd_suspect,False,"A-prime: planned survey flagged -> BS3_C; tag kept, TVD not evidence",True,7755.0,False,9745.0,2022-09-11,219036.0,22476.757311441765,3504.3189247429646,True,-104.13814438,32.67341259,flag,BS3_C,81.0,,BS3_C,none
3001548933,BONANZA 22 15 B2FC FEDERAL COM #001H,Mewbourne,30,Eddy,BS2_S,BS2_S,keep,True,,False,8225.0,False,7648.0,2022-10-01,213500.0,27915.794979079496,3148.6838407494147,True,-104.07727153,32.12664345,agree,,44.0,44.0,BS2_S,none
3001548939,BONANZA 22 15 B2ED FEDERAL COM #001H,Mewbourne,30,Eddy,BS2_S,BS2_S,keep,False,,True,8199.0,False,7771.0,2022-10-01,186798.0,24037.832968729894,4445.65787642266,True,-104.08212293,32.12647142,agree,,18.0,18.0,BS2_S,none
3001548950,HOSS 2 11 B2AP FEDERAL COM #001H,Mewbourne,30,Eddy,BS2_S,BS2_S,keep,False,,True,8320.0,False,9967.0,2022-05-07,170796.0,17136.1492926658,4519.198341881543,True,-104.05046181,32.1515218,agree,,9.5,9.5,BS2_S,none
3001548973,HAMBONE FEDERAL COM #502H,ConocoPhillips,30,Eddy,BS2_S,BS2_S,keep,True,,False,8529.0,False,9988.0,2023-04-17,317316.0,31769.723668402083,3786.1311752322604,True,-104.00303167,32.06496987,agree,,36.0,36.0,BS2_S,none
3001548975,HAMBONE FEDERAL COM #506H,ConocoPhillips,30,Eddy,BS2_S,BS2_S,keep,True,,False,8467.0,False,9029.0,2023-04-13,251496.0,27854.247424964004,2979.188535801762,True,-104.01177958,32.06647591,agree,,44.0,44.0,BS2_S,none
3001548976,HAMBONE FEDERAL COM #505H,ConocoPhillips,30,Eddy,BS2_S,BS2_S,keep,True,,False,8388.0,False,9076.0,2023-04-10,269619.0,29706.809167033935,3494.6053505131313,True,-104.00848096,32.0664055,agree,,141.0,141.0,BS2_S,none
3001548988,SILVER BULLET 16 21 W1BO FEDERAL COM #003H,Mewbourne,30,Eddy,BS2_S,BS2_S,keep,False,,True,8692.0,False,9754.0,2022-08-07,214928.0,22034.857494361288,3269.02032308494,True,-103.95623072,32.03479706,off_band,,1639.5,,BS2_S,none
3001549001,CICADA UNIT #051H,Chevron,30,Eddy,BS3_S,BS2_S,reassign,True,card verdict AGREE (BS3_S->BS2_S),False,7675.0,False,10777.0,2024-06-20,376333.0,34920.01484643222,3920.979557997837,True,-104.1842105,32.04979952,flag,BS2_S,11.0,,BS2_S,none
3001549002,GEORGE 14 15 24S 28E #123H,Matador,30,Eddy,BS2_S,BS2_S,keep,True,,False,8315.0,False,10454.0,2022-04-18,150033.0,14351.731394681461,2563.6826564822404,True,-104.06673105,32.21613966,off_band,,433.0,,BS2_S,none
3001549029,MONEY GRAHAM FEDERAL COM #124H,SM Energy,30,Eddy,BS2_S,BS2_S,keep,True,,False,8468.0,False,6858.0,2022-12-01,157793.0,23008.603091280256,3065.5098768639928,True,-103.9992154,32.01097137,agree,,37.0,37.0,BS2_S,none
3001549030,MONEY GRAHAM FEDERAL COM #126Y,Tap Rock Resources,30,Eddy,BS2_S,BS2_S,keep,False,,True,8379.0,False,6802.0,2025-05-15,,,,False,-104.00124185,32.01114438,agree,,93.0,93.0,BS2_S,none
3001549042,OXBOW 26 25 B2MP FEDERAL COM #001H,Mewbourne,30,Eddy,BS2_S,BS2_S,keep,False,,True,8430.0,False,10006.0,2023-01-01,244608.0,24446.132320607634,3046.9158817373104,True,-104.04852216,32.0946362,agree,,41.5,41.5,BS2_S,none
3001549043,HOT POTATO 26 23 FEDERAL #232H,Devon,30,Eddy,BS2_S,BS2_S,keep,True,,False,9017.0,False,9889.0,2022-10-03,223299.0,22580.544038831023,2274.05854929937,True,-103.9594557,32.28383162,agree,,107.0,107.0,BS2_S,none
3001549044,HOT POTATO 26 23 FEDERAL #234H,Devon,30,Eddy,BS2_S,BS2_S,keep,True,,False,9043.0,False,10195.0,2022-09-27,222519.0,21826.287395782245,2177.872451341234,True,-103.9543205,32.283798,agree,,58.0,58.0,BS2_S,none
3001549045,HOT POTATO 26 23 FEDERAL #235H,Devon,30,Eddy,BS2_S,BS2_S,keep,True,,False,9026.0,False,9619.0,2022-09-28,167009.0,17362.40773469176,2436.1441598955744,True,-103.95121413,32.2844308,agree,,41.0,41.0,BS2_S,none
3001549046,HOT POTATO 26 23 FEDERAL #231H,Devon,30,Eddy,BS2_S,BS2_S,keep,True,,False,8985.0,False,10208.0,2022-10-03,177231.0,17361.971003134797,2172.7124487251103,True,-103.9615985,32.2837955,agree,,78.5,78.5,BS2_S,none
3001549047,HOT POTATO 26 23 FEDERAL #233H,Devon,30,Eddy,BS2_S,BS2_S,keep,True,,False,9011.0,False,9724.0,2022-09-27,171525.0,17639.345948169477,2419.11091677598,True,-103.95678057,32.28424429,agree,,81.5,81.5,BS2_S,none
3001549048,HOT POTATO 26 23 FEDERAL #236H,Devon,30,Eddy,BS2_S,BS2_S,keep,True,,False,9032.0,False,9804.0,2022-09-28,125982.0,12850.061199510403,2562.874061373847,True,-103.94989155,32.28370005,off_band,,919.0,,BS2_S,none
3001549063,OXBOW 26 25 B2EH FEDERAL COM #001H,Mewbourne,30,Eddy,BS2_S,BS2_S,keep,True,,False,8427.0,False,10336.0,2022-08-01,272739.0,26387.287151702785,2486.498080582535,True,-104.04917993,32.10251221,agree,,6.0,6.0,BS2_S,none
3001549070,OXBOW 26 25 B2LI FEDERAL COM #001H,Mewbourne,30,Eddy,BS2_S,BS2_S,keep,True,,False,8433.0,False,9885.0,2023-01-01,217981.0,22051.694486595854,3407.8704107238705,True,-104.04830699,32.09850899,agree,,41.0,41.0,BS2_S,none
3001549090,SND 9 16 FEDERAL COM 002 P351 #404H,Chevron,30,Eddy,BS2_S,BS2_S,keep,True,,False,10024.0,False,9836.0,2023-12-01,233526.0,23741.968279788533,1697.1857523359283,True,-103.78391441,32.22363724,off_band,,782.0,,BS2_S,none
3001549109,ACE STERN VEGAS FEE 22 21 #124H,Matador,30,Eddy,BS2_S,BS2_S,keep,False,,True,7955.0,False,9958.0,2022-04-01,352372.0,35385.82044587267,2049.7741023690874,True,-104.08258326,32.37273447,off_band,,1691.0,,BS2_S,none
3001549113,HAMBONE FEDERAL COM #501H,ConocoPhillips,30,Eddy,BS2_S,BS2_S,keep,True,,False,8529.0,False,9724.0,2023-04-17,301092.0,30963.800904977375,3315.5879266137927,True,-103.99880432,32.06547203,agree,,36.0,36.0,BS2_S,none
3001549122,OVATION FEDERAL COM 1318 #221H,Permian Resources,30,Eddy,BS2_S,BS2_S,keep,True,,False,8570.0,False,10343.0,2022-11-01,261705.0,25302.62012955622,1941.1933283659082,True,-104.03211879,32.30744849,agree,,27.0,27.0,BS2_S,none
3001549129,COLTRANE 36 25 B2OJ FEDERAL COM #001H,Mewbourne,30,Eddy,BS2_S,BS2_S,keep,False,,True,10375.0,False,7236.0,2022-07-01,206206.0,28497.236042012162,2336.1589866444237,True,-103.72945238,32.09105505,agree,,54.0,54.0,BS2_S,none
3001549145,FIDDLE FIRE FEDERAL COM #302H,ConocoPhillips,30,Eddy,BS2_S,BS2_S,keep,False,,True,8348.0,False,10023.0,2023-07-18,363760.0,36292.52718746882,4565.251814383109,True,-104.04859381,32.20420026,agree,,33.5,33.5,BS2_S,none
3001549146,FIDDLE FIRE FEDERAL COM #301H,ConocoPhillips,30,Eddy,BS2_S,BS2_S,keep,False,,True,8347.0,False,10036.0,2023-07-18,362039.0,36074.033479473896,4544.861188987927,True,-104.04881764,32.20780369,agree,,34.5,34.5,BS2_S,none
3001549147,SND 9 16 FEDERAL COM 002 P351 #403H,Chevron,30,Eddy,BS2_S,BS2_S,keep,False,,True,10314.0,False,9880.0,2023-12-01,276137.0,27949.08906882591,1850.2808388589722,True,-103.78598345,32.22385432,off_band,,492.0,,BS2_S,none
3001549148,SND 9 16 FEDERAL COM 002 P351 #402H,Chevron,30,Eddy,BS2_S,BS2_S,keep,False,,True,9997.0,False,10439.0,2023-12-01,270600.0,25922.023182297155,1804.70066518847,True,-103.78811751,32.22450648,off_band,,809.0,,BS2_S,none
3001549149,SND 9 16 FEDERAL COM 002 P351 #401H,Chevron,30,Eddy,BS2_S,BS2_S,keep,True,,False,10284.0,False,10060.0,2023-12-01,161676.0,16071.172962226641,1590.1308790420346,True,-103.78780712,32.2237748,off_band,,522.0,,BS2_S,none
3001549150,SND 12 01 FEDERAL COM 001 P306 #440H,Chevron,30,Eddy,BS2_S,BS2_S,keep,True,,False,10228.0,False,10045.0,2024-10-24,256737.0,25558.685913389745,2168.514861511975,True,-103.7247054,32.23981936,off_band,,1095.0,,BS2_S,none
3001549151,SND 12 01 FEDERAL COM 001 P306 #439H,Chevron,30,Eddy,BS2_S,BS2_S,keep,True,,False,10648.0,False,9839.0,2024-10-24,215735.0,21926.51692245147,1841.8383665144738,True,-103.72643279,32.24005277,off_band,,1402.0,,BS2_S,none
3001549152,SND 12 01 FEDERAL COM 001 P306 #438H,Chevron,30,Eddy,BS2_S,BS2_S,keep,True,,False,10221.0,False,10072.0,2024-10-24,250164.0,24837.56949960286,2032.9703714363377,True,-103.72692515,32.23981886,agree,,259.0,259.0,BS2_S,none
3001549153,SND 12 01 FEDERAL COM 001 P306 #437H,Chevron,30,Eddy,BS2_S,BS2_S,keep,True,,False,10638.0,False,10145.0,2024-10-24,212621.0,20958.206012814193,1636.7715324450548,True,-103.72803527,32.23981886,off_band,,1395.0,,BS2_S,none
3001549157,BLANTONS 16 15 B2GH STATE COM #001H,Mewbourne,30,Eddy,BS2_S,BS2_S,keep,False,,True,7190.0,False,7133.0,2022-05-06,83445.0,11698.443852516473,1914.494577266463,True,-104.16744859,32.74931456,no_evidence,,,,BS2_S,none
3001549161,PHOENIX 21 22 B2CA FEDERAL COM #001H,Mewbourne,30,Eddy,BS2_S,BS2_S,keep,False,,True,8387.0,False,11274.0,2022-03-31,288238.0,25566.6134468689,2122.0970170484115,True,-103.96954743,32.73776996,agree,,97.5,97.5,BS2_S,none
3001549162,PHOENIX 21 22 B2FH FEDERAL COM #001H,Mewbourne,30,Eddy,BS2_S,BS2_S,keep,False,,True,8370.0,False,11940.0,2022-03-30,361160.0,30247.906197654942,1858.555764758002,True,-103.96986975,32.7347803,agree,,89.5,89.5,BS2_S,none
3001549184,JOURNEY 11 12 B2LI FEDERAL COM #001H,Mewbourne,30,Eddy,BS2_S,BS2_S,keep,True,,False,8420.0,False,10362.0,2022-07-06,215228.0,20770.893649874542,2523.2033006857846,True,-104.0501297,32.2284616,agree,,25.5,25.5,BS2_S,none
3001549202,PHANTOM BANK 31 FEDERAL #703H,Flat Creek Resources,30,Eddy,BS2_S,BS2_S,keep,True,,False,9442.0,False,4892.0,2023-06-15,0.0,0.0,,False,-103.81785545,32.00161957,off_band,,801.0,,BS2_S,none
3001549204,PHANTOM BANK 31 FEDERAL #702H,Flat Creek Resources,30,Eddy,BS2_S,BS2_S,keep,False,,True,9444.0,False,5111.0,2023-06-15,0.0,0.0,,False,-103.81746144,32.00479636,off_band,,799.0,,BS2_S,none
3001549205,SAMSONITE 3 4 B2NM FEDERAL COM #001H,Mewbourne,30,Eddy,BS2_S,BS2_S,keep,False,,True,7318.0,False,7103.0,2022-07-08,276993.0,38996.62114599465,1593.1521735206304,True,-104.07591797,32.77107131,agree,,218.0,218.0,BS2_S,none
3001549209,RAY STATE COM #124H,Matador,30,Eddy,BS2_S,BS2_S,keep,False,,True,8404.0,False,10459.0,2022-10-07,156450.0,14958.409025719477,2399.9041227229145,True,-104.03304905,32.26890247,agree,,61.5,61.5,BS2_S,none
3001549222,DR ELLIS #123H,Matador,30,Eddy,BS2_S,BS2_S,keep,False,,True,8500.0,True,9911.0,2023-07-19,176722.0,17830.894965190193,2411.623906474576,True,-104.03135894,32.21575103,agree,,27.0,27.0,BS2_S,none
3001549228,ASTRODOG FEE 0809 #124H,Permian Resources,30,Eddy,BS2_S,BS2_S,keep,True,,False,8753.0,False,9795.0,2023-11-09,111387.0,11371.822358346095,1955.686031583578,True,-103.99692327,32.31343637,off_band,,559.0,,BS2_S,none
3001549234,SWANSON 3 2 FEDERAL COM #515H,Mewbourne,30,Eddy,BS2_S,BS2_S,keep,False,,True,7272.0,False,7300.0,2023-06-03,450887.0,61765.34246575343,1590.7355945059405,True,-104.05046534,32.77469825,no_evidence,,,,BS2_S,none
3001549236,FNR FEDERAL UNIT #015H,Mewbourne,30,Eddy,BS2_S,BS2_S,keep,True,,False,9446.0,False,10271.0,2022-05-07,189114.0,18412.42332781618,2063.3480334612987,True,-103.90635528,32.2974328,off_band,,617.0,,BS2_S,none
3001549238,FNR FEDERAL UNIT #013H,Mewbourne,30,Eddy,BS2_S,BS2_S,keep,False,,True,9388.0,False,9939.0,2022-05-07,229217.0,23062.38052117919,2254.632073537303,True,-103.91099152,32.29699331,off_band,,682.0,,BS2_S,none
3001549241,CASSIUS FEDERAL COM #123H,Permian Resources,30,Eddy,BS2_S,BS2_S,keep,True,,False,8859.0,False,10414.0,2024-10-24,290986.0,27941.809103130403,2728.773892902064,True,-103.97064725,32.31237539,agree,,44.0,44.0,BS2_S,none
3001549242,CASSIUS FEDERAL COM #124H,Permian Resources,30,Eddy,BS2_S,BS2_S,keep,True,,False,8866.0,False,10406.0,2024-10-24,272006.0,26139.342686911397,2624.1332911774007,True,-103.9668112,32.31240747,agree,,27.0,27.0,BS2_S,none
3001549247,JACK SLEEPER COM 9 16 23S 28E #121H,Matador,30,Eddy,BS2_S,BS2_S,keep,False,,True,8083.0,False,10483.0,2022-07-16,147636.0,14083.373080225127,2130.252783873852,True,-104.09843069,32.31251696,agree,,111.0,111.0,BS2_S,none
3001549263,SWANSON 3 2 B2OP FEDERAL COM #001H,Mewbourne,30,Eddy,BS2_S,BS2_S,keep,False,,True,7383.0,False,7659.0,2022-07-09,318393.0,41571.09283196239,1522.9103654917037,True,-104.04970913,32.77107278,no_evidence,,,,BS2_S,none
3001549285,REMUDA NORTH 25 STATE #701H,Exxon Mobil,30,Eddy,BS2_S,BS2_S,keep,True,,False,8885.0,False,7498.0,2023-01-01,97407.0,12991.064283809015,2541.8296426334864,True,-103.9430635,32.2861325,agree,,136.5,136.5,BS2_S,none
3001549286,REMUDA NORTH 25 STATE #703H,Exxon Mobil,30,Eddy,BS2_S,BS2_S,keep,True,,False,8985.0,False,7126.0,2023-01-01,117075.0,16429.273084479373,2368.1400811445656,True,-103.93923329,32.28723196,agree,,55.0,55.0,BS2_S,none
3001549287,REMUDA NORTH 25 STATE #704H,Exxon Mobil,30,Eddy,BS2_S,BS2_S,keep,True,,False,9190.0,False,7262.0,2022-12-01,136290.0,18767.557146791518,1966.1237068016728,True,-103.93722173,32.28722297,agree,,153.0,153.0,BS2_S,none
3001549288,REMUDA NORTH 25 STATE #702H,Exxon Mobil,30,Eddy,BS2_S,BS2_S,keep,True,,False,9180.0,False,7422.0,2023-01-01,92397.0,12449.07033144705,1461.660010606405,True,-103.94245353,32.2868115,agree,,154.0,154.0,BS2_S,none
3001549289,REMUDA NORTH 25 STATE #705H,Exxon Mobil,30,Eddy,BS2_S,BS2_S,keep,True,,False,9067.0,False,7871.0,2022-12-01,168125.0,21360.05590141024,1829.3472118959107,True,-103.93420679,32.28624753,off_band,,1231.0,,BS2_S,none
3001549290,REMUDA NORTH 25 STATE #706H,Exxon Mobil,30,Eddy,BS2_S,BS2_S,keep,True,,False,9252.0,False,7314.0,2022-12-01,191269.0,26151.0801203172,1932.3779598366698,True,-103.93089512,32.2869408,agree,,172.0,172.0,BS2_S,none
3001549291,REMUDA NORTH 25 STATE #707H,Exxon Mobil,30,Eddy,BS2_S,BS2_S,keep,True,,False,9037.0,False,7199.0,2022-12-01,223582.0,31057.369079038755,1998.2154198459625,True,-103.92853891,32.28715557,off_band,,1270.0,,BS2_S,none
3001549292,REMUDA NORTH 25 STATE #708H,Exxon Mobil,30,Eddy,BS2_S,BS2_S,keep,True,,False,9264.0,False,8831.0,2022-12-01,183135.0,20737.74204506851,1694.7333933983127,True,-103.92439386,32.28469925,off_band,,1110.0,,BS2_S,none
3001549294,PUMA BLANCA 22 B2PM FEDERAL COM #001H,Mewbourne,30,Eddy,BS2_S,BS2_S,keep,False,,True,7914.0,False,4714.0,2022-08-01,252436.0,53550.27577428935,1517.4697745171054,False,-104.0633425,32.72708671,agree,,85.0,85.0,BS2_S,none
3001549297,LOCO HILLS 2 4 B2NM FEDERAL COM #001H,Mewbourne,30,Eddy,BS2_S,BS2_S,keep,False,,True,8134.0,False,13016.0,2022-09-14,377691.0,29017.440073755377,1218.3160308294346,False,-103.96402779,32.77101414,no_evidence,,,,BS2_S,none
3001549298,LOCO HILLS 2 3 B2FE FEDERAL COM #001H,Mewbourne,30,Eddy,BS2_S,BS2_S,keep,False,,True,7931.0,False,7740.0,2022-09-19,139095.0,17970.930232558138,1264.2510514396636,True,-103.95555067,32.77767961,no_evidence,,,,BS3_S,none
3001549312,SATURNINUS FEDERAL COM 1510 #241H,Permian Resources,30,Eddy,BS2_S,BS2_S,keep,True,,False,8839.0,False,7367.0,2024-10-22,233495.0,31694.71969594136,3079.2094049123107,True,-103.9793118,32.30935741,off_band,,518.5,,BS2_S,none
3001549313,SATURNINUS FEDERAL COM 1510 #242H,Permian Resources,30,Eddy,BS2_S,BS2_S,keep,True,,False,8815.0,False,7384.0,2024-10-22,231699.0,31378.521126760563,2648.453381326635,True,-103.97523649,32.30933067,off_band,,542.5,,BS2_S,none
3001549315,PUMA BLANCA 22 B2IL FEDERAL COM #001H,Mewbourne,30,Eddy,BS2_S,BS2_S,keep,False,,True,7904.0,False,4817.0,2022-08-11,126813.0,26326.136599543283,1855.2435475858153,False,-104.06250308,32.73115565,agree,,43.0,43.0,BS2_S,none
3001549330,OVATION FEDERAL COM 1318 #242H,Permian Resources,30,Eddy,BS2_S,BS2_S,keep,True,,False,8575.0,False,10303.0,2022-11-20,289519.0,28100.456177812288,1972.6062883610402,True,-104.03216769,32.30329538,agree,,30.0,30.0,BS2_S,none
3001549335,JACK SLEEPER FEDERAL COM #122H,Matador,30,Eddy,BS2_S,BS2_S,keep,True,,False,8142.0,False,11534.0,2022-07-16,183364.0,15897.693774926305,2724.635151938221,True,-104.0945963,32.31405434,agree,,54.0,54.0,BS2_S,none
3001549364,FNR FEDERAL UNIT #014H,Mewbourne,30,Eddy,BS2_S,BS2_S,keep,False,,True,9221.0,False,10018.0,2022-05-07,283333.0,28282.391694949092,1958.6140689577283,True,-103.91103281,32.28376754,off_band,,849.0,,BS2_S,none
3001549378,PUMA BLANCA 21 22 B2EH FEDERAL COM #001H,Mewbourne,30,Eddy,BS2_S,BS2_S,keep,False,,True,7905.0,False,9891.0,2023-03-01,247322.0,25004.75179456071,1691.208222479197,True,-104.07052832,32.73528637,agree,,108.0,108.0,BS2_S,none
3001549379,PUMA BLANCA 21 22 B2DA FEDERAL COM #001H,Mewbourne,30,Eddy,BS2_S,BS2_S,keep,False,,True,7872.0,False,9892.0,2023-03-01,279147.0,28219.470279013345,1870.8709031442215,True,-104.07047819,32.73885822,agree,,84.0,84.0,BS2_S,none
3001549413,POKER LAKE UNIT 26 BD #104H,Exxon Mobil,30,Eddy,BS2_S,BS2_S,keep,False,,True,9700.0,True,7351.0,2022-11-28,146859.0,19978.098217929535,3351.037389604995,True,-103.85256904,32.08968461,off_band,,1597.0,,BS2_S,none
3001549416,OVATION FEDERAL COM 1318 #224H,Permian Resources,30,Eddy,BS2_S,BS2_S,keep,True,,False,8545.0,False,10316.0,2023-01-10,246597.0,23904.323381155486,1686.999436327287,True,-104.03217178,32.2990638,agree,,1.0,1.0,BS2_S,none
3001549422,FORTY NINER RIDGE UNIT #111H,Mewbourne,30,Eddy,BS2_S,BS2_S,keep,False,,True,9520.0,False,7659.0,2023-01-03,173946.0,22711.32001566784,1756.1484598668553,True,-103.89293282,32.29410666,agree,,180.0,180.0,BS2_S,none
3001549423,FORTY NINER RIDGE UNIT #110H,Mewbourne,30,Eddy,BS2_S,BS2_S,keep,False,,True,9370.0,False,7694.0,2023-01-03,178832.0,23243.04652976345,1630.6309832692136,True,-103.88843261,32.29420573,off_band,,700.0,,BS2_S,none
3001549426,FORTY NINER RIDGE UNIT COM #151H,Mewbourne,30,Eddy,BS2_S,BS2_S,keep,True,,False,9525.0,False,13284.0,2025-01-27,169465.0,12757.07618187293,1438.6215442716784,False,-103.88190309,32.32308085,agree,,162.0,162.0,BS2_S,none
3001549427,BO HOWARD 1211 FEDERAL COM #121H,Matador,30,Eddy,BS2_S,BS2_S,keep,True,,False,7779.0,False,7054.0,2022-11-14,216450.0,30684.71789055855,3241.940401940402,True,-104.14859145,32.50105946,off_band,,1090.0,,BS2_S,none
3001549428,BO HOWARD 1211 FEDERAL COM #122H,Matador,30,Eddy,BS2_S,BS2_S,keep,True,,False,7767.0,False,7287.0,2022-11-14,175128.0,24032.93536434747,3337.935681330227,True,-104.14800977,32.49743683,off_band,,1078.0,,BS2_S,none
3001549441,BARREL CRUSHER 19 20 FEDERAL COM #514H,Mewbourne,30,Eddy,BS2_S,BS2_S,keep,False,,True,8646.0,False,9722.0,2023-08-10,211130.0,21716.72495371323,1013.9582247904135,True,-103.89909358,32.73466436,agree,,74.0,74.0,BS2_S,none
3001549442,BARREL CRUSHER 19 20 FEDERAL COM #511H,Mewbourne,30,Eddy,BS2_S,BS2_S,keep,False,,True,8633.0,False,9707.0,2023-08-11,240322.0,24757.597609972185,990.7582327044548,True,-103.89928609,32.73837484,no_evidence,,,,BS2_S,none
3001549443,JAMES RANCH UNIT DI 8 EAGLE #701H,Exxon Mobil,30,Eddy,BS2_S,BS2_S,keep,True,,False,9871.0,False,8776.0,2023-02-01,196983.0,22445.64721969006,1848.8092881111568,True,-103.82260636,32.35437937,off_band,,1162.0,,BS2_S,none
3001549495,LOCAL LEGEND 18 17 B2EH FEDERAL COM #001H,Mewbourne,30,Eddy,BS2_S,BS2_S,keep,False,,True,8522.0,False,9795.0,2022-10-15,233038.0,23791.52628892292,1005.2223242561299,True,-103.89930349,32.74975302,no_evidence,,,,BS2_S,none
3001549496,LOCAL LEGEND 18 17 B2DA FEDERAL COM #001H,Mewbourne,30,Eddy,BS2_S,BS2_S,keep,False,,True,8489.0,False,9829.0,2022-10-17,180561.0,18370.230949231864,1280.4426204994434,True,-103.89948201,32.7536007,no_evidence,,,,BS2_S,none
3001549581,WILD TURKEY 36 35 B2HE STATE COM #001H,Mewbourne,30,Eddy,BS3_C,BS2_S,reassign,False,card verdict AGREE (BS3_C->BS2_S),True,7501.0,False,9679.0,2022-10-01,143479.0,14823.742122120053,2654.7926874316104,True,-104.13950051,32.70714755,flag,BS2_S,15.0,152.0,BS2_S,none
3001549582,WILD TURKEY 36 35 B2IL STATE COM #001H,Mewbourne,30,Eddy,BS2_S,BS2_S,keep,True,,False,7484.0,False,9622.0,2022-10-01,310902.0,32311.5776345874,1858.4119754778033,True,-104.13971199,32.70275387,off_band,,169.0,,BS3_C,none
3001549597,JAVELINA UNIT #415H,Chevron,30,Eddy,BS2_S,BS2_S,keep,True,,False,10363.0,False,10146.0,2023-12-01,201094.0,19820.027597082593,1499.1595970043861,True,-103.76513267,32.22405459,off_band,,1211.0,,BS2_S,none
3001549598,CICADA UNIT #065H,Chevron,30,Eddy,BS2_S,BS2_S,keep,True,,False,7771.0,False,11121.0,2024-05-25,369784.0,33250.966639690676,3966.6589143932674,True,-104.14425536,32.06404342,agree,,118.0,118.0,BS2_S,none
3001549600,JAVELINA UNIT #410H,Chevron,30,Eddy,BS2_S,BS2_S,keep,False,,True,10020.0,False,9922.0,2024-12-18,374702.0,37764.76516831284,2157.0154416042615,True,-103.77102784,32.22388265,off_band,,1052.0,,BS2_S,none
3001549602,CICADA UNIT #067H,Chevron,30,Eddy,BS2_S,BS2_S,keep,True,,False,7915.0,False,10810.0,2024-04-22,339230.0,31381.128584643848,4653.922117737228,True,-104.13986352,32.06403942,agree,,26.0,26.0,BS2_S,none
3001549603,WILD TURKEY 12 1 FEDERAL COM 24 #001H,Chevron,30,Eddy,BS2_S,BS2_S,keep,True,,False,7870.0,False,10838.0,2024-04-22,256942.0,23707.510610813802,4908.995026114843,True,-104.14140033,32.06403942,agree,,19.5,19.5,BS2_S,none
3001549604,CICADA UNIT #068H,Chevron,30,Eddy,BS2_S,BS2_S,keep,True,,False,7989.0,False,10870.0,2024-04-22,294172.0,27062.741490340384,5631.759650816529,True,-104.13813311,32.06403942,agree,,99.0,99.0,BS2_S,none
3001549615,MAKERS MARK 8 5 FEDERAL COM 27 #002H,Chevron,30,Eddy,BS2_S,BS2_S,keep,True,,False,7433.0,False,11477.0,2025-06-03,434076.0,37821.38189422323,2372.4946783512564,True,-104.2143375,32.063322,agree,,148.5,148.5,BS2_S,none
3001549616,MAKERS MARK 8 5 FEDERAL COM 27 #001H,Chevron,30,Eddy,BS2_S,BS2_S,keep,True,,False,7570.0,False,11671.0,2025-06-03,388305.0,33270.92794105047,2761.367996806634,True,-104.216033,32.0632865,agree,,31.0,31.0,BS2_S,none
3001549617,MAKERS MARK 8 5 FEDERAL COM 27 #003H,Chevron,30,Eddy,BS2_S,BS2_S,keep,True,,False,7593.0,False,11381.0,2025-06-03,306569.0,26936.912397856075,2505.0804223519012,True,-104.212836,32.063356,agree,,23.0,23.0,BS2_S,none
3001549618,MAKERS MARK 8 5 FEDERAL COM 27 #004H,Chevron,30,Eddy,BS2_S,BS2_S,keep,True,,False,7485.0,False,10523.0,2025-06-03,330583.0,31415.28081345624,2693.95885450855,True,-104.2085484,32.06444886,agree,,108.0,108.0,BS2_S,none
3001549619,MAKERS MARK 8 5 FEDERAL COM 27 #005H,Chevron,30,Eddy,BS2_S,BS2_S,keep,True,,False,7612.0,False,10305.0,2025-06-03,505534.0,49057.156720038816,1690.0703018985864,True,-104.20594955,32.06473613,agree,,45.5,45.5,BS2_S,none
3001549635,BOONDOCK 3 B2OB STATE COM #001H,Mewbourne,30,Eddy,BS2_S,BS2_S,keep,False,,True,8245.0,False,4707.0,2023-02-01,107274.0,22790.312300828555,2894.2148144005073,False,-104.07291666,32.15976543,agree,,12.0,12.0,BS2_S,none
3001549638,BOONDOCK 3 B2PA STATE COM #001H,Mewbourne,30,Eddy,BS2_S,BS2_S,keep,False,,True,8270.0,False,4657.0,2023-02-01,98628.0,21178.441056474123,3830.0381230482217,False,-104.06844168,32.15977042,agree,,25.0,25.0,BS2_S,none
3001549650,POKER LAKE UNIT 23 DTD FEDERAL COM #157H,Exxon Mobil,30,Eddy,BS2_S,BS2_S,keep,False,,True,9839.0,False,15649.0,2025-08-01,331925.0,21210.62048693207,1603.0277924229872,False,-103.85017049,32.23200091,agree,,36.0,36.0,BS2_S,none
3001549655,JAVELINA UNIT #414H,Chevron,30,Eddy,BS2_S,BS2_S,keep,True,,False,10054.0,False,10172.0,2023-12-01,191687.0,18844.573338576483,1743.2376739163324,True,-103.7638535,32.2240675,agree,,282.0,282.0,BS2_S,none
3001549670,CATALINA 25 30 STATE COM #202H,Permian Resources,30,Eddy,BS2_S,BS2_S,keep,True,,False,6530.0,False,5642.0,2022-12-11,73477.0,13023.218716767104,9970.779971964015,False,-104.33498473,32.54555734,off_band,,1248.0,,BS2_S,none
3001549684,CICADA UNIT #069H,Chevron,30,Eddy,BS2_S,BS2_S,keep,True,,False,7715.0,False,10182.0,2024-11-29,404152.0,39692.79120015714,2430.2217977394644,True,-104.16819141,32.10884779,agree,,78.0,78.0,BS2_S,none
3001549685,CICADA UNIT #070H,Chevron,30,Eddy,BS2_S,BS2_S,keep,True,,False,7734.0,False,10721.0,2024-11-29,288500.0,26909.803190000934,3160.1837088388215,True,-104.1635635,32.107868,agree,,70.0,70.0,BS2_S,none
3001549686,CICADA UNIT #071H,Chevron,30,Eddy,BS2_S,BS2_S,keep,True,,False,7750.0,False,10320.0,2024-11-29,258827.0,25080.13565891473,2415.6366994169853,True,-104.16195778,32.10847885,agree,,70.5,70.5,BS2_S,none
3001549687,CICADA UNIT #072H,Chevron,30,Eddy,BS2_S,BS2_S,keep,True,,False,7898.0,False,10168.0,2024-11-29,180708.0,17772.226593233674,2889.324213648538,True,-104.15777007,32.1085846,agree,,99.5,99.5,BS2_S,none
3001549732,JAVELINA UNIT #413H,Chevron,30,Eddy,BS2_S,BS2_S,keep,False,,True,10334.0,False,9919.0,2023-12-01,246555.0,24856.840407299125,1402.470037111395,True,-103.76462787,32.22384152,off_band,,1257.0,,BS2_S,none
3001549733,JAVELINA UNIT #417H,Chevron,30,Eddy,BS2_S,BS2_S,keep,False,,True,10465.0,False,10511.0,2023-12-11,192002.0,18266.768147654835,1518.046687013677,True,-103.75607568,32.23915128,off_band,,1109.0,,BS2_S,none
3001549734,JAVELINA UNIT #416H,Chevron,30,Eddy,BS2_S,BS2_S,keep,False,,True,10334.0,False,9919.0,2023-12-01,192699.0,19427.260812581913,1351.7817944047451,True,-103.76438591,32.22384151,off_band,,1257.0,,BS2_S,none
3001549735,JAVELINA UNIT #418H,Chevron,30,Eddy,BS2_S,BS2_S,keep,False,,True,10164.0,False,10488.0,2023-12-01,205723.0,19615.08390541571,1658.9248649883582,True,-103.75394078,32.23915239,off_band,,1202.0,,BS2_S,none
3001549744,DUNDEE 4 FEDERAL COM #124H,Permian Resources,30,Eddy,BS2_S,BS2_S,keep,True,,False,7493.0,False,10126.0,2023-03-01,186200.0,18388.30732767134,5122.948442534908,True,-104.17272873,32.59642951,agree,,13.0,13.0,BS2_S,none
3001549745,DUNDEE 4 FEDERAL COM #122H,Permian Resources,30,Eddy,BS2_S,BS2_S,keep,False,,True,7255.0,False,10365.0,2023-03-01,181771.0,17536.99951760733,4687.342865473591,True,-104.17334403,32.60364547,off_band,,1766.0,,BS2_S,none
3001549749,MONEY GRAHAM FEDERAL COM #126H,SM Energy,30,Eddy,BS2_S,BS2_S,keep,True,,False,8409.0,False,7236.0,2022-12-01,157722.0,21796.849087893865,3053.10609807129,True,-104.00128983,32.01054904,agree,,67.0,67.0,BS2_S,none
3001549766,PAPAS FRITAS 27 22 FEDERAL COM #232H,Devon,30,Eddy,BS2_S,BS2_S,keep,True,,False,8845.0,False,10264.0,2023-06-04,171270.0,16686.477007014808,3190.844864833304,True,-103.97720249,32.28356729,agree,,50.5,50.5,BS2_S,none
3001549767,PAPAS FRITAS 27 22 FEDERAL COM #231H,Devon,30,Eddy,BS2_S,BS2_S,keep,True,,False,8838.0,False,9983.0,2023-06-01,286830.0,28731.84413502955,2292.8075863752047,True,-103.98003124,32.28409247,agree,,55.0,55.0,BS2_S,none
3001549768,PAPAS FRITAS 27 22 FEDERAL COM #236H,Devon,30,Eddy,BS2_S,BS2_S,keep,True,,False,8903.0,False,9415.0,2023-05-13,158250.0,16808.284652150825,3347.4123222748817,True,-103.96535177,32.28374262,off_band,,1275.0,,BS2_S,none
3001549769,PAPAS FRITAS 27 22 FEDERAL COM #235H,Devon,30,Eddy,BS2_S,BS2_S,keep,True,,False,8894.0,False,10348.0,2023-05-13,211726.0,20460.57209122536,3052.5679415848786,True,-103.9679122,32.283592,off_band,,1072.0,,BS2_S,none
3001549770,PAPAS FRITAS 27 22 FEDERAL COM #233H,Devon,30,Eddy,BS2_S,BS2_S,keep,True,,False,8858.0,False,9815.0,2023-05-27,222930.0,22713.194090677534,3172.906293455345,True,-103.97421138,32.28424295,agree,,45.0,45.0,BS2_S,none
3001549771,DUNDEE 4 FEDERAL COM #121H,Permian Resources,30,Eddy,BS2_S,BS2_S,keep,True,,False,7537.0,False,10141.0,2023-03-02,212626.0,20966.965782467214,4925.6676041500095,True,-104.17276008,32.6072495,off_band,,1484.0,,BS2_S,none
3001549772,DUNDEE 4 FEDERAL COM #123H,Permian Resources,30,Eddy,BS2_S,BS2_S,keep,True,,False,7502.0,False,10079.0,2023-03-01,206436.0,20481.793828752852,5530.692321106783,True,-104.1728711,32.59996474,agree,,22.0,22.0,BS2_S,none
3001549790,SALT DRAW 2 B2DM FEE #001H,Mewbourne,30,Eddy,BS2_S,BS2_S,keep,False,,True,8319.0,False,5253.0,2023-03-05,123675.0,23543.68932038835,3687.6329088336365,False,-104.06492512,32.15939943,agree,,62.5,62.5,BS2_S,none
3001549801,BARRY MILLER STATE COM #122H,Matador,30,Eddy,BS2_S,BS2_S,keep,False,,True,8170.0,False,7383.0,2023-03-23,154231.0,20890.01760801842,2403.628323748144,True,-104.08758055,32.39467877,off_band,,1462.0,,BS2_S,none
3001549802,ACE STERN VEGAS FEE 22 21 #123H,Matador,30,Eddy,BS2_S,BS2_S,keep,False,,True,8207.0,False,9941.0,2023-01-17,207515.0,20874.660496931898,2713.2110931739876,True,-104.08317735,32.37645796,off_band,,1439.0,,BS2_S,none
3001549803,BARRY MILLER STATE COM #121H,Matador,30,Eddy,BS2_S,BS2_S,keep,False,,True,8170.0,False,7325.0,2023-03-23,140558.0,19188.805460750853,2455.548599154797,True,-104.08763995,32.39830219,off_band,,1462.0,,BS2_S,none
3001549804,JOE HOLLINGSWORTH FEE #121H,Matador,30,Eddy,BS2_S,BS2_S,keep,False,,True,8223.0,False,8626.0,2023-03-15,246467.0,28572.571296081613,2434.431384323256,True,-104.08533125,32.3836844,off_band,,1416.0,,BS2_S,none
3001549805,JOE HOLLINGSWORTH FEE #122H,Matador,30,Eddy,BS2_S,BS2_S,keep,False,,True,8230.0,False,8581.0,2023-03-15,221095.0,25765.645029716816,2700.192225061625,True,-104.08550627,32.38013193,off_band,,1409.0,,BS2_S,none
3001549808,FOREIGNER 33 4 FEDERAL COM #525H,Mewbourne,30,Eddy,BS2_S,BS2_S,keep,False,,True,8149.0,False,10337.0,2024-03-04,159061.0,15387.539905194932,1954.3005513607986,True,-104.09036752,32.25436398,agree,,110.0,110.0,BS2_S,none
3001549820,JAVELINA UNIT #412H,Chevron,30,Eddy,BS2_S,BS2_S,keep,True,,False,10060.0,False,9898.0,2024-12-18,253245.0,25585.47181248737,2023.0093387826018,True,-103.76673958,32.22361765,off_band,,1100.0,,BS2_S,none
3001549821,JAVELINA UNIT #420H,Chevron,30,Eddy,BS2_S,BS2_S,keep,False,,True,10212.0,False,10487.0,2023-12-01,259134.0,24710.021931915704,1752.7842737734145,True,-103.74967092,32.23915548,off_band,,1246.5,,BS2_S,none
3001549822,MICHAEL RYAN STATE COM #123H,Matador,30,Eddy,BS2_S,BS2_S,keep,False,,True,8222.0,False,8623.0,2023-03-20,154394.0,17904.90548532993,2200.3769576537948,True,-104.08536715,32.39092645,off_band,,1417.0,,BS2_S,none
3001549863,POKER LAKE UNIT 22 DTD #121H,Exxon Mobil,30,Eddy,BS2_S,BS2_S,keep,True,,False,9622.0,False,16852.0,2025-09-24,,,,False,-103.87518071,32.23082407,agree,,232.0,232.0,BS2_S,none
3001549868,POKER LAKE UNIT 22 DTD #127H,Exxon Mobil,30,Eddy,BS2_S,BS2_S,keep,True,,False,9907.0,False,15861.0,2025-09-23,,,,False,-103.86536957,32.23234068,agree,,53.5,53.5,BS2_S,none
3001549875,BARREL CRUSHER 19 20 B2MP FEDERAL COM #001H,Mewbourne,30,Eddy,BS2_S,BS2_S,keep,False,,True,8708.0,False,9900.0,2023-01-11,246804.0,24929.696969696968,1201.3865253399458,True,-103.90076338,32.72705197,agree,,81.0,81.0,BS2_S,none
3001549876,BARREL CRUSHER 19 20 B2LI FEDERAL COM #001H,Mewbourne,30,Eddy,BS2_S,BS2_S,keep,False,,True,8672.0,False,10211.0,2023-01-09,247559.0,24244.344334541183,1190.9928542286889,True,-103.90003189,32.7309008,agree,,117.0,117.0,BS2_S,none
3001549886,POKER LAKE UNIT 22 DTD #182H,Exxon Mobil,30,Eddy,BS2_S,BS2_S,keep,True,,False,9839.0,False,16224.0,2025-09-25,,,,False,-103.86834439,32.23151986,off_band,,1176.0,,BS2_S,none
3001549887,POKER LAKE UNIT 22 DTD #183H,Exxon Mobil,30,Eddy,BS2_S,BS2_S,keep,True,,False,9899.0,False,15984.0,2025-09-23,,,,False,-103.87177234,32.23174462,off_band,,1112.0,,BS2_S,none
3001549892,RIO GRANDE 2 1 STATE COM #523H,Mewbourne,30,Eddy,BS2_S,BS2_S,keep,True,card verdict REJECT (BS2_S->BS3_C),False,7667.0,False,10063.0,2024-02-12,173167.0,17208.287786942266,2203.196913961667,True,-104.1385667,32.6916875,flag,BS3_C,7.0,,BS3_C,none
3001549911,SCANLON DRAW 34 STATE #221H,V-F Petroleum,30,Eddy,BS2_S,BS2_S,keep,False,,True,7359.0,False,4384.0,2023-07-13,73604.0,16789.233576642335,2056.5458399000054,False,-104.16496657,32.69792155,agree,,46.0,46.0,BS2_S,none
3001549922,BIG BURRO 27 STATE COM #124H,Permian Resources,30,Eddy,BS2_S,BS2_S,keep,True,,False,7490.0,False,9786.0,2024-09-22,173375.0,17716.636010627426,3687.6423936553715,True,-104.17327593,32.62712244,off_band,,1088.0,,BS3_C,none
3001549933,JAVELINA UNIT #411H,Chevron,30,Eddy,BS2_S,BS2_S,keep,True,,False,10353.0,False,9759.0,2024-12-18,292517.0,29974.075212624244,2438.111289258402,True,-103.76889072,32.22360772,off_band,,1221.0,,BS2_S,none
3001549944,BONANZA 22 15 B2GB STATE COM #001H,Mewbourne,30,Eddy,BS2_S,BS2_S,keep,False,,True,8229.0,False,7791.0,2023-05-01,166167.0,21328.0708509819,3568.5485084282677,True,-104.07289477,32.12624969,agree,,4.0,4.0,BS2_S,none
3001549952,BAILEYS 25 36 STATE COM #236H,Chevron,30,Eddy,BS2_S,BS2_S,keep,True,,False,7673.0,False,8398.0,2025-08-12,177180.0,21097.88044772565,5597.273958686082,False,-104.144794,32.0116335,agree,,78.5,78.5,BS2_S,none
3001549953,BAILEYS 25 36 STATE COM #234H,Chevron,30,Eddy,BS2_S,BS2_S,keep,True,,False,7637.0,False,7291.0,2025-08-12,165681.0,22724.04334110547,5998.358290932575,False,-104.15101181,32.01013535,agree,,83.0,83.0,BS2_S,none
3001549972,PAPAS FRITAS 27 22 FEDERAL COM #234H,Devon,30,Eddy,BS2_S,BS2_S,keep,True,,False,8892.0,False,10596.0,2023-05-27,236272.0,22298.225745564363,2753.453646644545,True,-103.96774653,32.28360295,off_band,,1070.0,,BS2_S,none
3001549984,MICHAEL RYAN FEDERAL COM #128H,Matador,30,Eddy,BS2_S,BS2_S,keep,True,,False,8281.0,False,8850.0,2023-03-19,193753.0,21892.994350282486,2214.623773567377,True,-104.08583925,32.38728508,off_band,,1358.0,,BS2_S,none
3001549992,JAVELINA UNIT #422H,Chevron,30,Eddy,BS2_S,BS2_S,keep,True,,False,10238.0,False,10533.0,2024-10-11,459727.0,43646.34956802431,2741.4857078222512,True,-103.74490212,32.23903453,off_band,,1109.0,,BS2_S,none
3001550002,SCANLON DRAW 34 STATE COM #222H,V-F Petroleum,30,Eddy,BS2_S,BS2_S,keep,False,,True,7382.0,False,4386.0,2023-07-11,111591.0,25442.544459644323,3068.7958706347285,False,-104.16487773,32.70220445,agree,,23.0,23.0,BS2_S,none
3001550021,JAVELINA UNIT #424H,Chevron,30,Eddy,BS2_S,BS2_S,keep,True,,False,10271.0,False,10165.0,2024-10-11,585601.0,57609.542547958685,2341.1435431291957,True,-103.74117199,32.23946096,off_band,,1142.0,,BS2_S,none
3001550022,JAVELINA UNIT #419H,Chevron,30,Eddy,BS2_S,BS2_S,keep,True,,False,10480.0,False,10578.0,2023-12-01,216015.0,20421.15711854793,1574.9554429090572,True,-103.75181211,32.23901379,off_band,,1111.0,,BS2_S,none
3001550040,SHANGHAI R 15 3 FEDERAL COM #124H,Exxon Mobil,30,Eddy,BS2_S,BS2_S,keep,True,,False,8816.0,False,15425.0,2024-02-04,343918.0,22296.14262560778,8446.341860559785,False,-103.973614,32.144716,off_band,,578.0,,BS2_S,none
3001550051,JAVELINA UNIT #433H,Chevron,30,Eddy,BS2_S,BS2_S,keep,True,,False,10563.0,False,9741.0,2024-10-26,370530.0,38038.18909762858,1722.4138396351173,True,-103.7377269,32.23992687,off_band,,1430.0,,BS2_S,none
3001550067,PATRON 35 36 FEDERAL STATE COM 29 #002H,Chevron,30,Eddy,BS2_S,BS2_S,keep,True,,False,7871.0,False,8723.0,2025-05-24,228588.0,26205.20463143414,2972.2557614572943,True,-104.15376238,32.08949659,agree,,19.5,19.5,BS2_S,none
3001550068,PATRON 35 36 FEDERAL STATE COM 29 #005H,Chevron,30,Eddy,BS2_S,BS2_S,keep,True,,False,8070.0,False,8760.0,2025-05-24,223577.0,25522.488584474886,2628.821390393466,True,-104.15364249,32.07999935,off_band,,189.5,199.0,BS3_C,none
3001550070,MORRISON #101H,Riley Permian,30,Eddy,BS2_S,BS2_S,keep,True,,False,2396.0,False,4944.0,2023-10-01,126936.0,25674.757281553397,2270.0888636793343,False,-104.48990831,32.68214965,no_evidence,,,,OTHER,none
3001550102,SND JAVELINA UNIT 9 16 P405 #405H,Chevron,30,Eddy,BS2_S,BS2_S,keep,True,,False,10313.0,False,9874.0,2024-12-04,271571.0,27503.645938829246,2368.8317235640034,True,-103.78170664,32.22383428,off_band,,493.0,,BS2_S,none
3001550103,SND JAVELINA UNIT 9 16 P405 #406H,Chevron,30,Eddy,BS2_S,BS2_S,keep,True,,False,9981.0,False,9889.0,2024-12-04,210536.0,21289.91809080797,2534.188927309344,True,-103.77957702,32.22384569,off_band,,829.0,,BS2_S,none
3001550104,SND JAVELINA UNIT 9 16 P405 #407H,Chevron,30,Eddy,BS2_S,BS2_S,keep,True,,False,10336.0,False,9774.0,2024-12-04,335795.0,34355.94434213219,2881.460414836433,True,-103.77750489,32.2235302,off_band,,483.0,,BS2_S,none
3001550105,SND JAVELINA UNIT 9 16 P405 #408H,Chevron,30,Eddy,BS2_S,BS2_S,keep,False,,False,10000.0,True,9800.0,2024-12-05,329444.0,33616.73469387755,2337.104333361664,True,-103.77470075,32.22360492,off_band,,1040.0,,BS2_S,none
3001550106,WILD TURKEY 36 35 B2PM STATE COM #001H,Mewbourne,30,Eddy,BS2_S,BS2_S,keep,False,,True,7498.0,False,9699.0,2023-09-05,213065.0,21967.728631817714,1946.7110975523901,True,-104.13946737,32.69907025,agree,,39.5,39.5,BS3_C,none
3001550111,BOYD X STATE COM #202H,Riley Permian,30,Eddy,BS2_S,BS2_S,keep,True,,False,3598.0,False,4784.0,2023-03-01,47628.0,9955.685618729098,845.0071386579323,False,-104.4893448,32.65802018,off_band,,807.0,,BS2_C,none
3001550121,SEABASS 10 11 FEDERAL COM #528H,Mewbourne,30,Eddy,BS2_S,BS2_S,keep,True,,False,7629.0,False,10256.0,2024-07-18,247059.0,24089.216068642745,1905.7917339582852,True,-104.05392669,32.75617511,off_band,,216.0,,BS2_S,none
3001550122,SEABASS 10 11 B2DA FEDERAL COM #001H,Mewbourne,30,Eddy,BS2_S,BS2_S,keep,False,,True,7579.0,False,10406.0,2023-06-06,491514.0,47233.71132039208,1315.234154062753,True,-104.05408745,32.76744422,no_evidence,,,,BS2_S,none
3001550123,SEABASS 10 11 FEDERAL COM #523H,Mewbourne,30,Eddy,BS2_S,BS2_S,keep,False,,True,7646.0,False,10372.0,2024-07-01,374291.0,36086.67566525261,1481.1951128934438,True,-104.05399404,32.76381491,agree,,96.0,96.0,BS2_S,none
3001550125,DOUBLE STAMP 9 8 FEDERAL COM #528H,Mewbourne,30,Eddy,BS2_S,BS2_S,keep,True,,False,7567.0,False,9666.0,2024-07-15,344854.0,35677.012207738466,1168.56408799086,True,-104.08956348,32.75662224,off_band,,137.0,,BS3_C,none
3001550126,DOUBLE STAMP 9 8 B2AB FEDERAL COM #001H,Mewbourne,30,Eddy,BS2_S,BS2_S,keep,False,,True,7326.0,False,7721.0,2023-06-06,268878.0,34824.24556404611,1686.3038255268189,True,-104.08419297,32.76743599,agree,,210.0,210.0,BS2_S,none
3001550135,FORTY NINER RIDGE UNIT COM #135H,Mewbourne,30,Eddy,BS2_S,BS2_S,keep,True,,False,9492.0,False,13113.0,2025-01-17,175318.0,13369.785708838557,2944.0160166098176,False,-103.89338819,32.32331517,agree,,144.0,144.0,BS2_S,none
3001550136,FORTY NINER RIDGE UNIT #137H,Mewbourne,30,Eddy,BS2_S,BS2_S,keep,True,,False,9527.0,False,13113.0,2025-01-21,191652.0,14615.419812399909,1978.262684448897,False,-103.887826,32.32328831,agree,,164.0,164.0,BS2_S,none
3001550141,FORTY NINER RIDGE UNIT COM #136H,Mewbourne,30,Eddy,BS2_S,BS2_S,keep,False,,True,9337.0,False,12534.0,2025-01-08,166679.0,13298.149034625818,1914.3323394068839,True,-103.89062295,32.32403436,no_evidence,,,,BS2_S,none
3001550146,FORTY NINER RIDGE UNIT COM #152H,Mewbourne,30,Eddy,BS2_S,BS2_S,keep,True,,False,9378.0,False,13167.0,2025-01-27,179790.0,13654.591023012075,1434.6459758607264,False,-103.87908672,32.32306902,no_evidence,,,,BS2_S,none
3001550163,ALTO AMM 21 #070H,Spur Energy,30,Eddy,BS2_S,BS2_S,keep,True,,False,3622.0,False,5084.0,2023-05-04,55125.0,10842.840283241543,2734.4036281179137,False,-104.4896225,32.64565651,agree,,42.0,42.0,BS2_C,none
3001550172,SILVER BULLET 16 21 B2AP FEDERAL COM #001H,Mewbourne,30,Eddy,BS2_S,BS2_S,keep,False,,True,8692.0,False,9754.0,2023-02-01,199390.0,20441.87000205044,2723.456542454486,True,-103.98209748,32.03479683,agree,,88.0,88.0,BS2_S,none
3001550177,PATRON 35 36 FEDERAL STATE COM 29 #004H,Chevron,30,Eddy,BS2_S,BS2_S,keep,True,,False,7883.0,False,8677.0,2025-07-15,172243.0,19850.524374783912,4252.735960242216,False,-104.15369796,32.08273551,agree,,12.5,12.5,BS2_S,none
3001550178,SND 14 23 FEDERAL COM P429 #429H,Chevron,30,Eddy,BS2_S,BS2_S,keep,True,,False,10254.0,False,9978.0,2024-12-19,303529.0,30419.82361194628,1371.5921707645728,True,-103.74720588,32.20942829,off_band,,1284.0,,BS2_S,none
3001550179,SND 14 23 FEDERAL COM P429 #431H,Chevron,30,Eddy,BS2_S,BS2_S,keep,True,,False,10286.0,False,10087.0,2024-12-19,226992.0,22503.42024387826,1722.3558539508,True,-103.74290595,32.21126674,off_band,,1387.0,,BS2_S,none
3001550180,SND 14 23 FEDERAL COM P429 #432H,Chevron,30,Eddy,BS2_S,BS2_S,keep,True,,False,10613.0,False,10059.0,2024-12-19,207302.0,20608.609205686447,1394.0627683283326,True,-103.74072597,32.2112965,off_band,,1060.0,,BS2_S,none
3001550181,CICADA UNIT #064H,Chevron,30,Eddy,BS2_S,BS2_S,keep,True,,False,7889.0,False,10845.0,2024-07-10,286076.0,26378.607653296447,4187.352311973043,True,-104.14991775,32.06405298,agree,,12.5,12.5,BS2_S,none
3001550182,CICADA UNIT #073H,Chevron,30,Eddy,BS2_S,BS2_S,keep,True,,False,7664.0,False,11592.0,2024-06-01,397716.0,34309.52380952381,5343.031208198815,True,-104.174171,32.050718,agree,,25.0,25.0,BS3_S,none
3001550183,CICADA UNIT #074H,Chevron,30,Eddy,BS2_S,BS2_S,keep,True,,False,7846.0,False,10460.0,2024-06-02,356437.0,34076.19502868069,5594.371515863953,True,-104.17201081,32.04942122,agree,,182.0,182.0,BS2_S,none
3001550211,PALMILLO 29 30 STATE COM #272H,Permian Resources,30,Eddy,BS2_S,BS2_S,keep,True,,False,7352.0,False,10268.0,2023-08-15,160429.0,15624.172185430463,2805.839343260882,True,-104.20690371,32.63297925,agree,,95.0,95.0,BS3_C,none
3001550212,DOUBLE STAMP 9 8 FEDERAL COM #526H,Mewbourne,30,Eddy,BS2_S,BS2_S,keep,True,,False,7505.0,False,9747.0,2024-07-17,274387.0,28150.918231250642,1310.2114896113883,True,-104.08929193,32.76013783,off_band,,199.0,,BS3_C,none
3001550213,PALMILLO 29 30 STATE COM #273H,Permian Resources,30,Eddy,BS2_S,BS2_S,keep,True,,False,7366.0,False,10150.0,2023-08-15,166944.0,16447.68472906404,2707.991901475944,True,-104.20663298,32.62908124,agree,,110.5,110.5,BS3_C,none
3001550215,PALMILLO 29 30 STATE COM #274H,Permian Resources,30,Eddy,BS2_S,BS2_S,keep,True,,False,7331.0,False,10310.0,2023-08-15,139973.0,13576.43064985451,2971.966022018532,True,-104.20694955,32.62529654,agree,,75.5,75.5,BS2_S,none
3001553169,CB CAL 25 36 STATE COM 08 #201H,Chevron,30,Eddy,BS2_S,BS2_S,keep,True,,False,8449.0,False,9794.0,2024-11-08,169493.0,17305.79946906269,4174.4024826984005,True,-104.04602798,32.26818822,agree,,3.5,3.5,BS2_S,none
3001553171,JAVELINA UNIT #409H,Chevron,30,Eddy,BS2_S,BS2_S,keep,True,,False,10350.0,False,9840.0,2024-12-18,353964.0,35971.95121951219,2080.4375586217807,True,-103.773262,32.22378134,off_band,,1224.0,,BS2_S,none
3001553172,SPUD MUFFIN 31 30 FEDERAL COM #231H,Devon,30,Eddy,BS2_S,BS2_S,keep,True,,False,8470.0,False,9366.0,2024-04-01,191116.0,20405.295750587233,2446.62927227443,True,-104.03079958,32.27073275,agree,,12.0,12.0,BS2_S,none
3001553180,ARMSTRONG 35 23 B2NC FEDERAL COM #001H,Mewbourne,30,Eddy,BS2_S,BS2_S,keep,True,,False,10342.0,False,9488.0,2024-01-01,262729.0,27690.661888701517,3163.312767147898,True,-103.75098458,32.09445566,agree,,16.0,16.0,BS2_S,none
3001553208,ARMSTRONG 35 23 FEDERAL COM #521H,Mewbourne,30,Eddy,BS2_S,BS2_S,keep,True,,False,10325.0,False,9819.0,2024-01-01,256019.0,26073.836439555962,3060.7845511465944,True,-103.75511249,32.09398147,agree,,1.0,1.0,BS2_S,none
3001553216,POKER LAKE UNIT 21 DTD #108H,Exxon Mobil,30,Eddy,BS2_S,BS2_S,keep,True,,False,9791.0,False,13419.0,2025-10-07,,,,False,-103.8784315,32.19271,off_band,,718.0,,BS2_S,none
3001553217,POKER LAKE UNIT 21 DTD #107H,Exxon Mobil,30,Eddy,BS2_S,BS2_S,keep,True,,False,9590.0,False,13386.0,2025-10-07,,,,False,-103.879972,32.1927005,agree,,221.5,221.5,BS2_S,none
3001553218,POKER LAKE UNIT 21 DTD #121H,Exxon Mobil,30,Eddy,BS2_S,BS2_S,tvd_suspect,False,"A-prime: planned survey flagged -> WCA_2; tag kept, TVD not evidence",True,11028.0,False,21703.0,2025-10-06,,,,False,-103.8935175,32.1920395,flag,WCA_2,30.0,,WCA_2,none
3001553224,CICADA UNIT #081H,Chevron,30,Eddy,BS2_S,BS2_S,keep,False,,True,7877.0,False,9961.0,2024-05-02,281639.0,28274.16926011445,5010.712294817124,True,-104.16495941,32.04858393,agree,,161.0,161.0,BS2_S,none
3001553225,CICADA UNIT #080H,Chevron,30,Eddy,BS2_S,BS2_S,keep,False,,True,7750.0,False,9907.0,2024-05-02,243354.0,24563.84374684566,5101.153052754424,True,-104.16836202,32.04857365,agree,,34.0,34.0,BS2_S,none
3001553226,CICADA UNIT #082H,Chevron,30,Eddy,BS2_S,BS2_S,keep,False,,True,7771.0,False,9971.0,2024-05-02,286997.0,28783.171196469764,4554.246211632874,True,-104.1619408,32.04866065,agree,,0.0,0.0,BS2_S,none
3001553231,POKER LAKE UNIT 28 21 BS #126H,Exxon Mobil,30,Eddy,BS2_S,BS2_S,keep,True,,False,10251.0,False,9483.0,2025-02-01,221767.0,23385.742908362332,2753.791141152651,True,-103.77845749,32.11669325,agree,,53.0,53.0,BS2_S,none
3001553254,POKER LAKE UNIT 21 DTD #154H,Exxon Mobil,30,Eddy,BS2_S,BS2_S,keep,False,,True,11986.0,False,21798.0,2025-10-07,,,,False,-103.8834705,32.1904805,off_band,,699.5,,WCB_2,none
3001553260,POKER LAKE UNIT 21 DTD #173H,Exxon Mobil,30,Eddy,BS2_S,BS2_S,tvd_suspect,False,"card verdict REJECT (BS2_S->WCA): TVD wrong, tag right; TVD not evidence",True,10988.0,False,21691.0,2025-10-07,,,,False,-103.8883205,32.191797,flag,WCA_2,10.0,,BS2_S,none
3001553276,VANADIUM 32 STATE COM #004H,Occidental,30,Eddy,BS2_S,BS2_S,keep,False,,False,10100.0,True,8536.0,2023-08-18,273801.0,32076.03092783505,1985.0256207975865,True,-103.79823339,32.26722418,off_band,,584.0,,BS2_S,none
3001553288,BAILEYS 25 36 STATE COM #235H,Chevron,30,Eddy,BS2_S,BS2_S,keep,True,,False,7532.0,False,8445.0,2025-08-12,226755.0,26850.799289520426,4586.8668827589245,False,-104.1463345,32.0116345,agree,,227.0,227.0,BS2_S,none
3001553297,YUMA 3 10 FEDERAL COM #521H,Mewbourne,30,Eddy,BS2_S,BS2_S,keep,True,,False,8245.0,False,9955.0,2025-01-05,251469.0,25260.572576594677,3614.2069201372733,True,-104.08216176,32.15115086,agree,,123.0,123.0,BS2_S,none
3001553306,AWESOME BLOSSOM 24 23 FEDERAL COM #528H,Mewbourne,30,Eddy,BS2_S,BS2_S,keep,False,,True,9014.0,False,10412.0,2023-08-03,229765.0,22067.32616212063,2700.6071420799512,True,-103.93422125,32.55263975,no_evidence,,,,BS2_S,none
3001553311,FORTY NINER RIDGE UNIT COM #149H,Mewbourne,30,Eddy,BS2_S,BS2_S,keep,True,,False,9347.0,False,12959.0,2025-01-27,167129.0,12896.751292538005,1376.792776837054,True,-103.88491767,32.32337203,no_evidence,,,,BS2_S,none
3001553340,MR POTATO HEAD 11 14 FEDERAL COM #236H,Devon,30,Eddy,BS2_S,BS2_S,keep,True,,False,9093.0,False,10071.0,2025-06-11,334530.0,33217.158176943696,2024.831853645413,True,-103.95009131,32.22409782,agree,,83.0,83.0,BS2_S,none
3001553346,FOREIGNER 33 4 FEE #524H,Mewbourne,30,Eddy,BS2_S,BS2_S,keep,False,,True,8104.0,False,10360.0,2024-08-21,146467.0,14137.741312741313,2547.809404166126,True,-104.09450172,32.2542834,agree,,118.0,118.0,BS2_S,none
3001553347,FOREIGNER 33 4 FEE #521H,Mewbourne,30,Eddy,BS2_S,BS2_S,keep,False,,True,8049.0,False,10102.0,2024-08-19,126516.0,12523.85666204712,2307.257580068924,True,-104.10449983,32.25512959,off_band,,1439.0,,BS2_S,none
3001553350,SCHLITZ FEDERAL COM #121H,SM Energy,30,Eddy,BS2_S,BS2_S,keep,True,,False,7188.0,False,10272.0,2023-05-29,49165.0,4786.31230529595,17681.948540628495,True,-104.30430854,32.13753048,off_band,,528.5,,BS3_C,none
3001553358,AWESOME BLOSSOM 24 23 FEDERAL COM #523H,Mewbourne,30,Eddy,BS2_S,BS2_S,keep,False,,True,9016.0,False,10424.0,2023-08-08,209213.0,20070.31849577897,2413.5450473918927,True,-103.93425175,32.5609346,no_evidence,,,,BS2_S,none
3001553359,AWESOME BLOSSOM 24 23 FEDERAL COM #521H,Mewbourne,30,Eddy,BS2_S,BS2_S,keep,False,,True,9015.0,False,10431.0,2023-08-11,296678.0,28441.95187422107,2353.2247082695717,True,-103.93424967,32.5649747,no_evidence,,,,BS2_S,none
3001553362,JAVELINA UNIT #421H,Chevron,30,Eddy,BS2_S,BS2_S,keep,True,,False,10531.0,False,10374.0,2024-10-11,346910.0,33440.33159822634,2452.837911850336,True,-103.74757485,32.23937364,off_band,,1100.0,,BS2_S,none
3001553363,JAVELINA UNIT #423H,Chevron,30,Eddy,BS2_S,BS2_S,keep,True,,False,10542.0,False,10933.0,2024-10-11,359398.0,32872.770511296076,2171.0165332027445,True,-103.7440784,32.23859698,off_band,,1413.0,,BS2_S,none
3001553369,BRANTLEY FEE 2419 2BSS #001H,Kaiser Francis,30,Eddy,BS2_S,BS2_S,keep,True,,False,8546.0,False,10118.0,2023-11-01,300572.0,29706.661395532712,3039.225210598459,True,-104.0322609,32.2886116,agree,,50.0,50.0,BS2_S,none
3001553370,BRANTLEY FEE 2419 2BSS #002H,Kaiser Francis,30,Eddy,BS2_S,BS2_S,keep,True,,False,8555.0,False,10079.0,2023-11-01,304296.0,30191.090385950985,2701.169256250493,True,-104.03197269,32.28535335,agree,,67.0,67.0,BS2_S,none
3001553371,SND 14 23 FEDERAL COM P429 #430H,Chevron,30,Eddy,BS2_S,BS2_S,keep,True,,False,10622.0,False,10055.0,2024-12-19,284580.0,28302.337145698657,1307.9626115679246,True,-103.74527179,32.20951434,off_band,,1237.0,,BS2_S,none
3001553378,AWESOME BLOSSOM 24 23 FEDERAL COM #526H,Mewbourne,30,Eddy,BS2_S,BS2_S,keep,True,,False,9010.0,False,10681.0,2023-08-09,204528.0,19148.76884186874,2645.173277008527,True,-103.93380261,32.55662724,no_evidence,,,,BS2_S,none
3001553381,POKER LAKE UNIT 21 DTD #171H,Exxon Mobil,30,Eddy,BS2_S,BS2_S,tvd_suspect,False,"card verdict REJECT (BS2_S->WCA): TVD wrong, tag right; TVD not evidence",True,10943.0,False,21694.0,2025-10-01,,,,False,-103.8912815,32.19179,flag,WCA_2,55.0,,WCXY,none
3001553393,CICADA UNIT #083H,Chevron,30,Eddy,BS2_S,BS2_S,keep,False,,True,7838.0,False,9979.0,2024-04-20,303411.0,30404.950395831245,5061.35901466987,True,-104.15739978,32.04875664,agree,,49.0,49.0,BS2_S,none
3001553401,SND 14 23 FEDERAL COM P425 #425H,Chevron,30,Eddy,BS2_S,BS2_S,keep,False,,True,10178.0,False,9931.0,2026-04-23,,,,False,-103.75608769,32.20922372,off_band,,1241.0,,BS2_S,none
3001553402,SND 14 23 FEDERAL COM P425 #426H,Chevron,30,Eddy,BS2_S,BS2_S,keep,False,,True,10498.0,False,9931.0,2026-04-23,,,,False,-103.75394438,32.20922018,off_band,,1331.0,,BS2_S,none
3001553403,SND 14 23 FEDERAL COM P425 #427H,Chevron,30,Eddy,BS2_S,BS2_S,keep,False,,True,10196.0,False,9956.0,2026-04-23,,,,False,-103.75181933,32.20929562,off_band,,1247.5,,BS2_S,none
3001553404,SND 14 23 FEDERAL COM P425 #428H,Chevron,30,Eddy,BS2_S,BS2_S,keep,False,,True,10525.0,False,9941.0,2026-04-23,,,,False,-103.74967591,32.20924762,off_band,,1304.0,,BS2_S,none
3001553421,SIG 6 5 FEDERAL #518H,Mewbourne,30,Eddy,BS2_S,BS2_S,keep,True,,False,7909.0,False,9234.0,2024-01-25,178267.0,19305.501407840587,3198.7019470793807,True,-104.10373002,32.59706869,agree,,40.5,40.5,BS2_S,none
3001553422,SIG 6 5 FEDERAL #516H,Mewbourne,30,Eddy,BS2_S,BS2_S,keep,True,,False,7899.0,False,9459.0,2024-01-24,213459.0,22566.76181414526,3631.863730271387,True,-104.10432193,32.60058785,agree,,22.0,22.0,BS2_S,none
3001553423,FULLER 14 11 B2FC FEDERAL COM #001H,Mewbourne,30,Eddy,BS2_S,BS2_S,keep,False,,True,8814.0,False,7902.0,2023-12-01,191863.0,24280.308782586686,3901.450514168964,True,-103.95714856,32.05304763,agree,,70.0,70.0,BS2_S,none
3001553428,DESERT EAGLE 1 2 FEDERAL COM #526H,Mewbourne,30,Eddy,BS2_S,BS2_S,keep,True,,False,7723.0,False,10023.0,2024-02-05,225932.0,22541.354883767337,3223.872669652816,True,-104.13980341,32.60100845,agree,,42.0,42.0,BS2_S,none
3001553435,FULLER 14 11 FEDERAL COM #527H,Mewbourne,30,Eddy,BS2_S,BS2_S,keep,True,,False,8884.0,False,7887.0,2025-01-05,129027.0,16359.452263217954,3787.695598595643,True,-103.9482943,32.05306336,off_band,,640.0,,BS2_S,none
3001553450,FULLER 14 11 FEDERAL #521H,Mewbourne,30,Eddy,BS2_S,BS2_S,keep,False,,True,8788.0,False,7909.0,2023-12-01,226342.0,28618.282968769756,3765.492043014553,True,-103.9618924,32.05318854,agree,,92.0,92.0,BS2_S,none
3001553455,FORTY NINER RIDGE UNIT #121H,Mewbourne,30,Eddy,BS2_S,BS2_S,keep,False,,True,9530.0,False,9931.0,2023-09-08,158099.0,15919.746249118922,1887.317440338016,True,-103.87616828,32.29834739,off_band,,566.0,,BS2_S,none
3001553456,FORTY NINER RIDGE UNIT #120H,Mewbourne,30,Eddy,BS2_S,BS2_S,keep,False,,True,9730.0,False,9945.0,2023-09-08,214718.0,21590.548014077427,1699.9972056371612,True,-103.8732462,32.29830041,off_band,,335.5,,BS2_S,none
3001553457,FORTY NINER RIDGE UNIT #119H,Mewbourne,30,Eddy,BS2_S,BS2_S,keep,False,,True,9559.0,False,9905.0,2023-09-08,181491.0,18323.170116102978,1771.1456766451229,True,-103.87034303,32.29851647,agree,,234.5,234.5,BS2_S,none
3001553484,FULL TILT 18 7 FEDERAL #527H,Mewbourne,30,Eddy,BS2_S,BS2_S,keep,False,,False,9280.0,False,7647.0,2026-02-11,,,,False,-103.9154993,32.04640595,off_band,,584.5,,BS2_S,none
3001553504,FULLER 14 11 B2GB FEDERAL COM #001H,Mewbourne,30,Eddy,BS2_S,BS2_S,keep,True,,False,8862.0,False,8022.0,2025-01-05,129092.0,16092.246322612817,3682.7921172497136,True,-103.95123874,32.05290352,agree,,69.0,69.0,BS2_S,none
3001553510,DOUBLE STAMP 9 8 FEDERAL COM #523H,Mewbourne,30,Eddy,BS2_S,BS2_S,keep,False,,True,7441.0,False,10360.0,2024-07-02,188314.0,18177.027027027027,1729.9882111792008,True,-104.08836087,32.76380437,agree,,95.0,95.0,BS2_S,none
3001553518,FULLER 13 12 B2ED FEDERAL COM #001H,Mewbourne,30,Eddy,BS3_C,BS2_S,reassign,True,class BS3_C->BS2_S (precision 0.90) + sql/23 concurs + GOR none,False,8975.0,False,7887.0,2025-01-14,133967.0,16985.79941676176,3914.045996402099,True,-103.94269212,32.05330502,flag,BS2_S,32.5,,BS2_S,none
3001553536,POKER LAKE UNIT 30 19 BS #151H,Exxon Mobil,30,Eddy,BS2_S,BS2_S,keep,False,,True,10071.0,False,10020.0,2025-04-17,223345.0,22289.920159680638,2756.811211354631,True,-103.82477156,32.11641598,agree,,123.0,123.0,BS2_S,none
3001553573,FULLER 14 23 FEDERAL #527H,Mewbourne,30,Eddy,BS2_S,BS2_S,keep,True,,False,8868.0,False,7887.0,2024-03-19,114844.0,14561.176619754026,4280.554491309951,True,-103.94828262,32.03081244,off_band,,606.0,,BS2_S,none
3001553574,FULLER 14 23 FEDERAL #525H,Mewbourne,30,Eddy,BS2_S,BS2_S,keep,False,,True,8826.0,False,7873.0,2024-03-19,111501.0,14162.453956560397,4088.4386687114916,True,-103.95254274,32.03083185,off_band,,648.0,,BS2_S,none
3001553584,ARMSTRONG 35 26 B2PI FEDERAL COM #001H,Mewbourne,30,Eddy,BS2_S,BS2_S,keep,True,,False,10316.0,False,7160.0,2024-12-18,154144.0,21528.491620111734,3338.1578264479967,True,-103.74240856,32.09124235,agree,,18.0,18.0,BS2_S,none
3001553593,MICHAEL K 21 22 FEDERAL COM #123H,Matador,30,Eddy,BS2_S,BS2_S,keep,False,,True,8235.0,False,8545.0,2023-10-25,161647.0,18917.14452896431,3308.9324268313053,True,-104.07272571,32.55712054,agree,,117.0,117.0,BS2_S,none
3001553594,MICHAEL K 21 22 FEDERAL COM #124H,Matador,30,Eddy,BS2_S,BS2_S,keep,False,,True,8250.0,False,8527.0,2023-10-30,131477.0,15418.904655799226,1945.2451759623357,True,-104.07265581,32.55349199,agree,,132.0,132.0,BS2_S,none
3001553599,CICADA UNIT #084H,Chevron,30,Eddy,BS2_S,BS2_S,keep,True,,False,7716.0,False,10328.0,2024-04-20,309791.0,29995.255615801703,4584.442414401968,True,-104.1542283,32.04935603,agree,,104.0,104.0,BS2_S,none
3001553600,PATRON 35 36 FEDERAL STATE COM 29 #001H,Chevron,30,Eddy,BS2_S,BS2_S,keep,True,,False,8105.0,False,8527.0,2025-05-24,151791.0,17801.219655212855,2920.364184964853,True,-104.15344448,32.09259278,off_band,,154.5,268.0,BS3_C,none
3001553601,PATRON 35 36 FEDERAL STATE COM 29 #003H,Chevron,30,Eddy,BS2_S,BS2_S,keep,True,,False,8050.0,False,8599.0,2025-05-24,221050.0,25706.477497383417,3230.409409635829,True,-104.1626085,32.08599205,off_band,,178.0,200.0,BS3_C,none
3001553637,FULLER 13 12 B2FC FEDERAL COM #001H,Mewbourne,30,Eddy,BS2_S,BS2_S,keep,True,,False,8989.0,False,8018.0,2025-01-14,141454.0,17642.055375405336,3227.5297976727416,True,-103.93979561,32.05301583,agree,,37.0,37.0,BS2_S,none
3001553643,FLAMING SNAIL FEDERAL COM #501H,ConocoPhillips,30,Eddy,BS2_S,BS2_S,keep,True,,False,7610.0,False,15361.0,2023-12-28,413861.0,26942.32146344639,2079.7779930942997,False,-104.18781218,32.08555155,agree,,39.5,39.5,BS2_S,none
3001553644,FLAMING SNAIL FEDERAL COM #502H,ConocoPhillips,30,Eddy,BS2_S,BS2_S,keep,True,,False,7590.0,False,15323.0,2023-12-28,466468.0,30442.341578019972,2090.3127331349633,False,-104.1908978,32.08516104,agree,,36.5,36.5,BS2_S,none
3001553646,FLAMING SNAIL FEDERAL COM #503H,ConocoPhillips,30,Eddy,BS2_S,BS2_S,keep,True,,False,7578.0,False,15391.0,2023-12-28,491715.0,31948.216490156585,1959.4094139898111,False,-104.19603123,32.08584025,agree,,51.0,51.0,BS2_S,none
3001553647,FLAMING SNAIL FEDERAL COM #504H,ConocoPhillips,30,Eddy,BS2_S,BS2_S,keep,True,,False,7563.0,False,15002.0,2023-12-28,362039.0,24132.715637914946,1980.4026638014136,False,-104.19966649,32.08506174,agree,,36.0,36.0,BS2_S,none
3001553680,CORONA 25 26 FEDERAL COM #525H,Mewbourne,30,Eddy,BS2_S,BS2_S,keep,False,,True,8725.0,False,9878.0,2024-02-05,289490.0,29306.539785381654,1206.8983384572869,True,-103.9348816,32.7166506,no_evidence,,,,BS2_S,none
3001553689,MICHAEL K 21 22 FEDERAL COM #121H,Matador,30,Eddy,BS2_S,BS2_S,keep,False,,True,8143.0,False,9844.0,2023-11-02,178859.0,18169.34173100366,3208.6336164241106,True,-104.07061764,32.56438579,agree,,25.0,25.0,BS2_S,none
3001553690,MICHAEL K 21 22 FEDERAL COM #122H,Matador,30,Eddy,BS2_S,BS2_S,keep,False,,True,8162.0,False,9860.0,2023-11-09,162252.0,16455.578093306285,3191.504573133151,True,-104.07074502,32.56075618,agree,,44.0,44.0,BS2_S,none
3001553691,CORONA 25 26 FEDERAL COM #001H,Mewbourne,30,Eddy,BS2_S,BS2_S,keep,True,,False,8750.0,False,9856.0,2023-09-05,317203.0,32183.74594155844,1107.2436263213147,True,-103.93494574,32.72045123,no_evidence,,,,BS2_S,none
3001553693,CORONA 25 26 FEDERAL COM #528H,Mewbourne,30,Eddy,BS2_S,BS2_S,keep,True,,False,8742.0,False,9635.0,2024-02-09,278890.0,28945.51115723923,1334.5548424109863,True,-103.93534719,32.71273543,no_evidence,,,,BS2_S,none
3001553694,CORONA 25 26 FEDERAL COM #521H,Mewbourne,30,Eddy,BS2_S,BS2_S,keep,True,,False,8759.0,False,9638.0,2023-09-06,295328.0,30642.04191741025,1218.0694008018204,True,-103.93526373,32.72425857,no_evidence,,,,BS2_S,none
3001553697,TED 1514 FEDERAL COM #123H,Matador,30,Eddy,BS2_S,BS2_S,keep,True,,False,8205.0,False,7159.0,2023-11-02,160215.0,22379.522279647997,2891.9888899291577,True,-104.0578092,32.57168663,off_band,,1329.0,,BS2_S,none
3001553698,TED 1514 FEDERAL COM #124H,Matador,30,Eddy,BS2_S,BS2_S,keep,True,,False,8215.0,False,7151.0,2023-11-01,154623.0,21622.57026989232,3475.168635972656,True,-104.05778754,32.56803027,agree,,97.0,97.0,BS2_S,none
3001553709,ARMSTRONG 35 26 B2OJ FEDERAL COM #001H,Mewbourne,30,Eddy,BS2_S,BS2_S,keep,True,,False,10326.0,False,7175.0,2024-12-18,147933.0,20617.839721254357,3600.873368349185,True,-103.74661855,32.09124128,off_band,,1269.0,,BS2_S,none
3001553712,FULLER 13 24 W2LM FEDERAL COM #002H,Mewbourne,30,Eddy,BS2_S,BS2_S,keep,True,,False,8954.0,False,8331.0,2024-05-21,126651.0,15202.37666546633,4626.840688190381,True,-103.94308578,32.03203877,off_band,,520.0,,BS2_S,none
3001553714,FULLER 13 24 W2JO FEDERAL COM #001H,Mewbourne,30,Eddy,BS2_S,BS2_S,keep,False,,False,,False,7862.0,2026-01-14,,,,False,-103.93423024,32.03224985,no_position,,,,,none
3001553736,BONNEVILLE 16 STATE #204H,Permian Resources,30,Eddy,BS2_S,BS2_S,keep,True,,False,6801.0,False,4472.0,2023-11-13,194834.0,43567.5313059034,6818.491639036308,False,-104.28511187,32.56833568,no_evidence,,,,BS2_S,none
3001553753,WHISTLE PIG 9 4 FEDERAL COM 21 #002H,Chevron,30,Eddy,BS2_S,BS2_S,keep,False,,False,,False,4984.0,2024-10-04,83496.0,16752.808988764045,11970.214141994826,False,-104.20107599,32.05742118,no_position,,,,,none
3001553761,POKER LAKE UNIT 19 DTD #111H,Exxon Mobil,30,Eddy,BS2_S,BS2_S,keep,True,,False,9082.0,False,15958.0,2025-08-07,418721.0,26238.939716756486,2212.4732220261226,False,-103.9263645,32.1868685,agree,,81.5,81.5,BS2_S,none
3001553763,POKER LAKE UNIT 19 DTD #121H,Exxon Mobil,30,Eddy,BS2_S,BS2_S,keep,True,,False,9238.0,False,15539.0,2025-08-07,257043.0,16541.79805650299,1708.4339974245554,False,-103.9274605,32.186737,agree,,114.5,114.5,BS2_S,none
3001553771,POKER LAKE UNIT 19 DTD #219H,Exxon Mobil,30,Eddy,BS2_S,BS2_S,keep,True,,False,9274.0,False,15824.0,2025-08-16,245090.0,15488.498483316482,2231.8740054673794,False,-103.9237071,32.1865822,agree,,150.5,150.5,BS2_S,none
3001553775,BLUE STEEL BS FEE #502H,ConocoPhillips,30,Eddy,BS2_S,BS2_S,keep,False,,True,10815.0,False,9950.0,2025-04-17,145778.0,14651.055276381909,2300.3745421119784,True,-103.9950837,32.29844896,off_band,,130.0,1996.0,WCC,none
3001553781,BLUE STEEL BS FEDERAL COM #504H,ConocoPhillips,30,Eddy,BS2_S,BS2_S,keep,True,,False,8736.0,False,11986.0,2023-11-05,337239.0,28136.07542132488,2469.0026954177897,True,-103.98431957,32.29574975,agree,,106.0,106.0,BS2_S,none
3001553819,BLUE STEEL BS FEE #501H,ConocoPhillips,30,Eddy,BS2_S,BS2_S,keep,True,,False,8630.0,False,11045.0,2025-04-17,282311.0,25560.072430964236,2405.1666424616824,True,-103.99549318,32.29705952,agree,,196.5,196.5,BS1_S,none
3001553823,RIVERWALK FEDERAL COM #903H,ConocoPhillips,30,Eddy,BS2_S,BS2_S,keep,True,,False,8477.0,False,11738.0,2024-07-08,280075.0,23860.538422218437,2621.8512898330805,True,-104.01387549,32.03724587,agree,,17.5,17.5,BS2_S,none
3001553824,RIVERWALK FEDERAL COM #503H,ConocoPhillips,30,Eddy,BS2_S,BS2_S,keep,True,,False,8495.0,False,11865.0,2024-07-08,302961.0,25534.007585335017,3037.5097784863397,True,-104.0096665,32.0363975,agree,,9.5,9.5,BS2_S,none
3001553825,POKER LAKE UNIT 19 DTD #224H,Exxon Mobil,30,Eddy,BS2_S,BS2_S,keep,True,,False,9101.0,False,15718.0,2025-08-07,406449.0,25858.82427789795,2319.183956658769,False,-103.92211,32.186629,agree,,62.5,62.5,BS2_S,none
3001553830,SPUD MUFFIN 31 30 #232H,Devon,30,Eddy,BS2_S,BS2_S,keep,True,,False,8482.0,False,9583.0,2024-04-05,316812.0,33059.793384117715,2873.527517897049,True,-104.02587924,32.27004631,agree,,64.0,64.0,BS2_S,none
3001553832,DAVID EDELSTEIN STATE COM #123H,Matador,30,Eddy,BS2_S,BS2_S,keep,True,,False,7437.0,False,10116.0,2024-03-05,143562.0,14191.577698695137,2917.422437692426,True,-104.15309475,32.2300994,off_band,,1666.0,,BS3_S,none
3001553837,POKER LAKE UNIT 19 DTD #324H,Exxon Mobil,30,Eddy,BS2_S,BS2_S,keep,True,,False,9130.0,False,15893.0,2025-08-08,442995.0,27873.592147486313,2350.2545175453447,False,-103.917818,32.1869785,agree,,27.0,27.0,BS2_S,none
3001553846,IRON ISLANDS 11 7 FEDERAL COM #521H,Mewbourne,30,Eddy,BS2_S,BS2_S,keep,False,,True,8705.0,False,10398.0,2023-09-22,228874.0,22011.348336218503,766.5527757630837,True,-103.82302324,32.76752944,no_evidence,,,,BS2_S,none
3001553847,IRON ISLANDS 11 7 FEDERAL COM #523H,Mewbourne,30,Eddy,BS2_S,BS2_S,keep,False,,True,8798.0,False,10441.0,2023-09-20,223101.0,21367.780863901924,657.3659463650993,True,-103.82302376,32.76390267,no_evidence,,,,BS2_S,none
3001553848,IRON ISLANDS 11 7 B2JI FEDERAL COM #001H,Mewbourne,30,Eddy,BS2_S,BS2_S,keep,False,,True,8854.0,False,12558.0,2024-04-10,250545.0,19951.02723363593,801.1015985152368,True,-103.81782223,32.76027509,no_evidence,,,,BS2_S,none
3001553898,POKER LAKE UNIT 22 3 BS #121H,Exxon Mobil,30,Eddy,BS2_S,BS2_S,keep,True,,False,10297.0,False,14440.0,2025-11-27,,,,False,-103.77540528,32.09191643,agree,,57.0,57.0,BS2_S,none
3001553903,JIMMY ANDERSON 0301 FEDERAL COM #124H,Matador,30,Eddy,BS2_S,BS2_S,keep,False,,True,9074.0,False,12507.0,2024-01-12,150042.0,11996.641880546895,1412.4645099372176,True,-103.83500578,32.68408321,agree,,24.0,24.0,BS2_S,none
3001553904,DESERT EAGLE 1 2 FEDERAL COM #523H,Mewbourne,30,Eddy,BS2_S,BS2_S,keep,True,,False,7721.0,False,9923.0,2025-02-24,222979.0,22470.92613121032,3491.7054969302044,True,-104.14012374,32.60472864,agree,,29.0,29.0,BS2_S,none
3001553905,DESERT EAGLE 1 2 FEDERAL COM #521H,Mewbourne,30,Eddy,BS2_S,BS2_S,keep,True,,False,7696.0,False,9824.0,2025-03-03,209612.0,21336.726384364818,3274.2304829876152,True,-104.14013381,32.60863973,agree,,3.5,3.5,BS2_S,none
3001553907,OXBOW 23 24 FEDERAL COM #525H,Mewbourne,30,Eddy,BS2_S,BS2_S,keep,True,,False,8398.0,False,9672.0,2024-02-13,205866.0,21284.73945409429,2371.0471860336334,True,-104.04820442,32.11394791,agree,,29.0,29.0,BS2_S,none
3001553908,DESERT EAGLE 1 2 FEDERAL COM #528H,Mewbourne,30,Eddy,BS2_S,BS2_S,keep,True,,False,7742.0,False,9830.0,2024-02-05,199739.0,20319.328585961342,3278.3782836601767,True,-104.13968621,32.59727661,agree,,63.5,63.5,BS2_S,none
3001553936,HEGEMON BS FEDERAL COM #501H,ConocoPhillips,30,Eddy,BS2_S,BS2_S,keep,True,,False,8534.0,False,4682.0,2024-07-08,134172.0,28656.984194788554,2622.1939003666935,False,-103.99383835,32.02867352,agree,,39.5,39.5,BS2_S,none
3001553986,POKER LAKE UNIT 19 DTD #311H,Exxon Mobil,30,Eddy,BS2_S,BS2_S,keep,False,,True,9140.0,False,18607.0,2025-08-08,177256.0,9526.307303702908,5453.744866182245,False,-103.9184675,32.187284,agree,,10.0,10.0,BS2_S,none
3001553993,LOCAL LEGEND 18 17 FEDERAL COM #528H,Mewbourne,30,Eddy,BS2_S,BS2_S,keep,False,,True,8666.0,False,10192.0,2023-12-05,280711.0,27542.288069073784,1127.0595024776371,True,-103.89988773,32.74200101,no_evidence,,,,BS2_S,none
3001553994,LOCAL LEGEND 18 17 FEDERAL COM #525H,Mewbourne,30,Eddy,BS2_S,BS2_S,keep,False,,True,8600.0,True,10186.0,2023-12-05,236027.0,23171.70626349892,1171.785431327772,True,-103.89989564,32.74582024,no_evidence,,,,BS2_S,none
3001553996,WOODFORD 27 26 STATE COM #528H,Mewbourne,30,Eddy,BS2_S,BS2_S,tvd_suspect,False,"A-prime: planned survey flagged -> BS3_C; tag kept, TVD not evidence",True,7503.0,False,7169.0,2024-01-07,162658.0,22689.07797461292,3049.816178730834,True,-104.1589559,32.71285282,flag,BS3_C,54.0,,BS2_S,none
3001554004,FULLER 13 24 B2JO FEDERAL COM #001H,Mewbourne,30,Eddy,BS2_S,BS2_S,keep,False,,True,9024.0,False,7829.0,2024-05-21,145497.0,18584.36581938945,3809.528718805199,True,-103.93550498,32.03129818,off_band,,450.0,,BS2_S,none
3001554007,POKER LAKE UNIT 22 3 BS #114H,Exxon Mobil,30,Eddy,BS2_S,BS2_S,keep,True,,False,10299.0,False,13659.0,2025-11-17,,,,False,-103.773034,32.091164,agree,,59.0,59.0,BS2_S,none
3001554080,DEEP ELEM 4 FEDERAL COM #763H,EOG,30,Eddy,BS2_S,BS2_S,keep,True,,False,9809.0,False,10042.0,2024-09-17,172114.0,17139.41445927106,4000.0929616417025,True,-103.78145229,32.04976896,agree,,298.5,298.5,BS2_S,none
3001554083,DEEP ELEM 4 FEDERAL COM #773H,EOG,30,Eddy,BS2_S,BS2_S,keep,True,,False,9889.0,False,9556.0,2024-09-17,187701.0,19642.214315613226,3532.874092306381,True,-103.77961748,32.04900576,agree,,218.5,218.5,BS2_S,none
3001554085,DEEP ELEM 4 FEDERAL COM #802H,EOG,30,Eddy,BS2_S,BS2_S,keep,True,,False,10167.0,False,9935.0,2024-09-17,177129.0,17828.787116255662,3086.9422850013266,True,-103.78009715,32.04950413,agree,,67.5,67.5,BS2_S,none
3001554156,VENTURA 3233 FEDERAL COM #201H,Permian Resources,30,Eddy,BS2_S,BS2_S,keep,False,,True,6800.0,True,9955.0,2025-02-01,197563.0,19845.605223505776,5471.272454862499,True,-104.29425333,32.53544128,no_evidence,,,,BS2_S,none
3001554158,VENTURA 3233 FEDERAL COM #202H,Permian Resources,30,Eddy,BS2_S,BS2_S,keep,False,,True,6800.0,True,9965.0,2025-02-01,204640.0,20535.875564475664,6131.176700547303,True,-104.29431083,32.53181377,no_evidence,,,,BS2_S,none
3001554162,VENTURA 3233 FEDERAL COM #203H,Permian Resources,30,Eddy,BS2_S,BS2_S,keep,False,,True,6810.0,False,9958.0,2025-02-01,259469.0,26056.336613777865,5914.914691157711,True,-104.29409179,32.52864949,no_evidence,,,,BS2_S,none
3001554163,VENTURA 3233 FEDERAL COM #204H,Permian Resources,30,Eddy,BS2_S,BS2_S,keep,False,,True,6800.0,True,9928.0,2025-02-01,229797.0,23146.353746978242,5594.346314355714,True,-104.294067,32.52616989,no_evidence,,,,BS2_S,none
3001554171,POKER LAKE UNIT 15 TWIN WELLS RANCH #135H,Exxon Mobil,30,Eddy,BS2_S,BS2_S,keep,True,,False,10140.0,False,12779.0,2024-10-09,337086.0,26378.1203537053,2350.1806660614798,True,-103.7722125,32.191446,off_band,,819.0,,BS2_S,none
3001554173,POKER LAKE UNIT 15 TWIN WELLS RANCH #137H,Exxon Mobil,30,Eddy,BS2_S,BS2_S,keep,True,,False,10420.0,False,12445.0,2024-10-09,309716.0,24886.781840096424,2067.2745353808004,True,-103.76947271,32.19060746,off_band,,539.0,,BS2_S,none
3001554183,POKER LAKE UNIT 15 TWIN WELLS RANCH #216H,Exxon Mobil,30,Eddy,BS2_S,BS2_S,keep,False,,True,10374.0,False,10056.0,2024-06-07,114204.0,11356.801909307876,12177.682042660503,True,-103.76696875,32.19571289,off_band,,1413.0,,BS2_S,none
3001554184,POKER LAKE UNIT 15 TWIN WELLS RANCH #301H,Exxon Mobil,30,Eddy,BS2_S,BS2_S,keep,True,,False,10173.0,False,10021.0,2025-06-09,268753.0,26818.980141702425,2776.7950497296774,True,-103.7631075,32.195314,off_band,,1250.5,,BS2_S,none
3001554185,POKER LAKE UNIT 15 TWIN WELLS RANCH #302H,Exxon Mobil,30,Eddy,BS2_S,BS2_S,keep,True,,False,10431.0,False,10133.0,2024-10-09,324124.0,31986.973255699202,2525.9807974725722,True,-103.76252145,32.19504891,off_band,,1362.0,,BS2_S,none
3001554187,POKER LAKE UNIT 15 TWIN WELLS RANCH #304H,Exxon Mobil,30,Eddy,BS2_S,BS2_S,keep,True,,False,10211.0,False,9825.0,2024-06-01,319612.0,32530.483460559793,2264.195336845926,True,-103.7606293,32.10102715,agree,,123.0,123.0,BS2_S,none
3001554188,POKER LAKE UNIT 15 TWIN WELLS RANCH #305H,Exxon Mobil,30,Eddy,BS2_S,BS2_S,keep,True,,False,10499.0,False,9836.0,2024-06-01,249085.0,25323.810492069944,2094.4858180942247,True,-103.7595409,32.1010023,agree,,173.0,173.0,BS2_S,none
3001554215,IRON ISLANDS 11 7 B2OP FEDERAL COM #001H,Mewbourne,30,Eddy,BS2_S,BS2_S,keep,False,,True,8891.0,False,12584.0,2024-04-12,222253.0,17661.55435473617,659.5996454491053,True,-103.81791097,32.75664968,no_evidence,,,,BS2_S,none
3001554223,BO HOWARD 1211 FEDERAL COM #124H,Matador,30,Eddy,BS2_S,BS2_S,keep,True,,False,7783.0,False,7368.0,2023-12-06,187207.0,25408.116178067317,3767.8932945883435,True,-104.14792486,32.4900205,off_band,,1033.5,,BS2_S,none
3001554238,DAVID EDELSTEIN STATE COM #124H,Matador,30,Eddy,BS2_S,BS2_S,keep,True,,False,7761.0,False,10201.0,2024-03-01,109358.0,10720.321537104204,2766.6745917079684,True,-104.15281621,32.22678149,off_band,,1342.0,,BS3_S,none
3001554248,BULLEIT 13 24 FEDERAL STATE COM 32 #001H,Chevron,30,Eddy,BS2_S,BS2_S,keep,True,,False,7789.0,False,10473.0,2025-07-08,234471.0,22388.140933829847,8013.656273057222,False,-104.15112192,32.03486502,agree,,19.0,19.0,BS2_S,none
3001554249,BULLEIT 13 24 FEDERAL STATE COM 32 #002H,Chevron,30,Eddy,BS2_S,BS2_S,keep,True,,False,7712.0,False,10436.0,2025-07-08,156041.0,14952.18474511307,9692.529527495979,False,-104.14782291,32.03497818,agree,,64.0,64.0,BS2_S,none
3001554250,BULLEIT 13 24 FEDERAL STATE COM 32 #004H,Chevron,30,Eddy,BS2_S,BS2_S,keep,True,,False,7776.0,False,10347.0,2025-07-08,402163.0,38867.59447182758,3574.806732593501,False,-104.14037756,32.03470137,agree,,0.5,0.5,BS2_S,none
3001554257,BULLEIT 13 24 FEDERAL STATE COM 32 #003H,Chevron,30,Eddy,BS2_S,BS2_S,keep,True,,False,7820.0,False,10453.0,2025-07-08,463660.0,44356.644025638576,3543.171720657378,False,-104.14495055,32.03501809,agree,,58.5,58.5,BS2_S,none
3001554265,POKER LAKE UNIT 29 20 BS #151H,Exxon Mobil,30,Eddy,BS2_S,BS2_S,keep,True,,False,10025.0,False,9940.0,2025-01-01,144269.0,14513.983903420523,2813.0575522114937,True,-103.78926967,32.11667979,agree,,169.0,169.0,BS2_S,none
3001554267,POKER LAKE UNIT 29 20 BS #155H,Exxon Mobil,30,Eddy,BS2_S,BS2_S,keep,True,,False,10062.0,False,5838.0,2024-12-20,231631.0,39676.43028434395,2820.585327525245,False,-103.797255,32.115041,agree,,125.5,125.5,BS2_S,none
3001554270,POKER LAKE UNIT 18 TWR #117H,Exxon Mobil,30,Eddy,BS2_S,BS2_S,keep,False,,True,10181.0,False,10420.0,2025-05-17,219436.0,21059.11708253359,2491.145482053993,True,-103.82463419,32.19543941,off_band,,614.0,,BS2_S,none
3001554273,POKER LAKE UNIT 18 TWR #311H,Exxon Mobil,30,Eddy,BS2_S,BS2_S,keep,False,,True,10231.0,False,10422.0,2024-12-01,386206.0,37056.80291690654,2327.7007607339087,True,-103.81512095,32.19551706,agree,,2.5,2.5,BS2_S,none
3001554274,POKER LAKE UNIT 18 TWR #312H,Exxon Mobil,30,Eddy,BS2_S,BS2_S,keep,False,,True,10019.0,False,10415.0,2024-12-01,322396.0,30954.9687950072,2510.24826610752,True,-103.81207069,32.19540765,agree,,193.0,193.0,BS2_S,none
3001554295,FOREIGNER 33 4 B2AP FEDERAL COM #001H,Mewbourne,30,Eddy,BS2_S,BS2_S,keep,False,,True,8184.0,False,10353.0,2024-03-03,185305.0,17898.676712064138,2390.3564393837187,True,-104.08603452,32.25431295,agree,,75.0,75.0,BS2_S,none
3001554306,SIMON CAMAMILE 0206 FEDERAL COM #121H,Matador,30,Eddy,BS2_S,BS2_S,keep,False,,False,8427.0,False,12086.0,2026-04-02,,,,False,-104.04391174,32.52137087,off_band,,1498.0,,BS2_S,none
3001554309,SIMON CAMAMILE 0206 FEDERAL COM #122H,Matador,30,Eddy,BS2_S,BS2_S,keep,False,,False,8453.0,False,11917.0,2026-04-02,,,,False,-104.04315545,32.51767429,off_band,,1472.0,,BS2_S,none
3001554311,SIMON CAMAMILE 0206 FEDERAL COM #124H,Matador,30,Eddy,BS2_S,BS2_S,keep,False,,False,8508.0,False,12113.0,2026-03-29,,,,False,-104.0441297,32.51051268,off_band,,1422.5,,BS2_S,none
3001554313,SIMON CAMAMILE 0206 FEDERAL COM #123H,Matador,30,Eddy,BS2_S,BS2_S,keep,False,,False,8270.0,False,12668.0,2026-03-29,,,,False,-104.04475595,32.51278035,off_band,,1655.0,,BS2_S,none
3001554316,KLONDIKE 9 STATE COM #123H,Permian Resources,30,Eddy,BS2_S,BS2_S,keep,True,,False,7296.0,False,9875.0,2024-06-01,205881.0,20848.708860759492,3640.170778265114,True,-104.18997039,32.67322014,agree,,3.0,3.0,BS3_C,none
3001554317,KLONDIKE 9 STATE COM #124H,Permian Resources,30,Eddy,BS2_S,BS2_S,keep,True,,False,7299.0,False,9709.0,2024-06-01,150974.0,15549.902152641878,4003.907957661584,True,-104.19053561,32.66968344,ambiguous,,7.0,9.0,BS3_C,none
3001554320,MADERA 9 STATE COM #121H,Permian Resources,30,Eddy,BS2_S,BS2_S,keep,True,,False,7277.0,False,9699.0,2024-06-01,207312.0,21374.57469842252,2249.09315427954,True,-104.19019575,32.68040702,agree,,13.0,13.0,BS2_S,none
3001554321,MADERA 9 STATE COM #122H,Permian Resources,30,Eddy,BS2_S,BS2_S,keep,True,,False,7284.0,False,9695.0,2024-06-01,194729.0,20085.507993811243,3548.9783237216852,True,-104.19005915,32.67675849,agree,,15.0,15.0,BS2_S,none
3001554333,C SWEENEY STATE COM #121H,Matador,30,Eddy,BS2_S,BS2_S,keep,True,,False,8461.0,False,7263.0,2024-09-10,60084.0,8272.614622057,2324.995006990214,True,-104.04608544,32.2527401,agree,,31.0,31.0,BS2_S,none
3001554355,JOHN DENVER 15 14 FEDERAL COM #523H,Mewbourne,30,Eddy,BS2_S,BS2_S,keep,False,,True,7857.0,False,9884.0,2024-05-06,197209.0,19952.347227842976,1783.3770264034604,True,-104.05337458,32.74931527,ambiguous,,37.0,63.0,BS3_C,none
3001554356,JOHN DENVER 15 14 FEDERAL COM #521H,Mewbourne,30,Eddy,BS2_S,BS2_S,tvd_suspect,False,"A-prime: planned survey flagged -> BS3_C; tag kept, TVD not evidence",True,7813.0,False,9918.0,2024-05-06,179194.0,18067.553942327082,1486.9750103240065,True,-104.05332521,32.75293977,flag,BS3_C,81.0,,BS3_C,none
3001554362,POKER LAKE UNIT 18 TWR #315H,Exxon Mobil,30,Eddy,BS2_S,BS2_S,keep,False,,True,10233.0,False,10450.0,2024-12-01,416958.0,39900.28708133971,2438.734836602248,True,-103.80930137,32.19533883,agree,,4.5,4.5,BS2_S,none
3001554379,RANA SALADA FEDERAL COM 0605 #812H,Permian Resources,30,Eddy,BS2_S,BS2_S,keep,False,,False,8762.0,False,10074.0,2026-07-01,,,,False,-104.01493407,32.34064178,off_band,,1290.5,,BS2_S,none
3001554380,RANA SALADA FEDERAL COM 0605 #822H,Permian Resources,30,Eddy,BS2_S,BS2_S,keep,False,,True,8713.0,False,10284.0,2025-07-26,179646.0,17468.494749124853,7030.1370473041425,False,-104.01514326,32.33856294,off_band,,1036.0,,BS2_S,none
3001554394,THUNDERCLOUD 29 30 B2AD FEDERAL COM #001H,Mewbourne,30,Eddy,BS2_S,BS2_S,keep,False,,True,9363.0,False,10440.0,2024-03-14,227666.0,21807.088122605364,848.6291321497281,True,-103.79725836,32.72444344,no_evidence,,,,BS2_S,none
3001554395,POKER LAKE UNIT 29 20 BS #102H,Exxon Mobil,30,Eddy,BS2_S,BS2_S,keep,True,,False,10181.0,False,10090.0,2025-02-25,292735.0,29012.38850346878,2660.252446752182,True,-103.79293633,32.11656664,off_band,,683.0,,BS2_S,none
3001554399,THUNDERCLOUD 30 29 FEDERAL COM #523H,Mewbourne,30,Eddy,BS2_S,BS2_S,keep,False,,True,9381.0,False,10428.0,2024-03-16,242762.0,23279.82355197545,770.0793369637752,True,-103.79710173,32.72059633,no_evidence,,,,BS2_S,none
3001554401,RANA SALADA 0604 FEDERAL COM #116H,Permian Resources,30,Eddy,BS2_S,BS2_S,keep,False,,False,8648.0,False,16817.0,2026-07-01,,,,False,-104.00454231,32.32979079,agree,,65.0,65.0,BS2_S,none
3001554412,JOHN DENVER 15 14 FEDERAL COM #526H,Mewbourne,30,Eddy,BS3_C,BS2_S,reassign,True,class BS3_C->BS2_S (precision 0.90) + sql/23 concurs + GOR none,False,7894.0,False,9698.0,2024-05-07,167245.0,17245.308310991957,1767.05432150438,True,-104.0529511,32.74566518,flag,BS2_S,26.0,,BS2_S,none
3001554413,JOHN DENVER 15 14 FEDERAL COM #528H,Mewbourne,30,Eddy,BS2_S,BS2_S,keep,True,class BS2_S->BS3_C rejected (precision 0.33),False,7934.0,False,9671.0,2024-05-24,177869.0,18391.996691138454,1696.9567490681345,True,-104.05286351,32.74208508,flag,BS3_C,40.0,,BS2_S,none
3001554418,POKER LAKE UNIT 17 TWR #203H,Exxon Mobil,30,Eddy,BS2_S,BS2_S,keep,False,,True,10095.0,False,10443.0,2025-06-14,249715.0,23912.189983721153,2354.5762168872516,True,-103.80076741,32.19532768,agree,,156.0,156.0,BS2_S,none
3001554430,BOOMERANG 25 FEDERAL COM #121H,Permian Resources,30,Eddy,BS2_S,BS2_S,keep,True,,False,7765.0,False,7354.0,2025-08-17,48880.0,6646.722871906445,11039.709492635024,False,-104.13632634,32.54950912,agree,,3.5,3.5,BS2_S,none
3001554431,BOOMERANG 25 FEDERAL COM #122H,Permian Resources,30,Eddy,BS2_S,BS2_S,keep,True,,False,7762.0,False,7212.0,2025-08-17,393480.0,54559.06821963394,2341.620921012504,False,-104.13654329,32.54590043,agree,,7.0,7.0,BS2_S,none
3001554432,BOOMERANG 25 FEDERAL COM #123H,Permian Resources,30,Eddy,BS2_S,BS2_S,keep,False,,False,7600.0,True,8053.0,2025-08-17,279244.0,34675.7730038495,2685.0066608414145,False,-104.13194794,32.54222648,agree,,169.0,169.0,BS2_S,none
3001554467,POKER LAKE UNIT 13 DTD #115H,Exxon Mobil,30,Eddy,BS2_S,BS2_S,keep,False,,True,10056.0,False,10422.0,2024-10-04,267943.0,25709.364805219728,2288.5688374019846,True,-103.84203334,32.19611649,off_band,,1756.5,,BS2_S,none
3001554468,POKER LAKE UNIT 13 DTD #116H,Exxon Mobil,30,Eddy,BS2_S,BS2_S,keep,False,,True,9873.0,False,10423.0,2024-11-01,256342.0,24593.87892161566,2543.321032058734,True,-103.83929217,32.1958463,off_band,,1950.0,,BS2_S,none
3001554471,POKER LAKE UNIT 13 DTD #217H,Exxon Mobil,30,Eddy,BS2_S,BS2_S,keep,True,,False,10126.0,False,9813.0,2025-06-14,181422.0,18487.924182207276,2409.9061855783752,True,-103.83366025,32.1951155,off_band,,666.0,,BS2_S,none
3001554477,POKER LAKE UNIT 17 TWR #116H,Exxon Mobil,30,Eddy,BS2_S,BS2_S,keep,False,,True,10043.0,False,10439.0,2025-05-19,160821.0,15405.78599482709,3364.479763215003,True,-103.8070644,32.1955761,agree,,185.5,185.5,BS2_S,none
3001554479,POKER LAKE UNIT 17 TWR #118H,Exxon Mobil,30,Eddy,BS2_S,BS2_S,keep,False,,True,10243.0,False,10429.0,2025-05-15,248796.0,23856.170294371463,2619.7125355713115,True,-103.80421002,32.19554886,agree,,2.0,2.0,BS2_S,none
3001554484,POKER LAKE UNIT 17 TWR #507H,Exxon Mobil,30,Eddy,BS2_S,BS2_S,keep,False,,True,10312.0,False,10457.0,2024-07-01,403468.0,38583.53256192024,2208.636124798001,True,-103.79221383,32.19551334,off_band,,1332.0,,BS2_S,none
3001554486,POKER LAKE UNIT 17 TWR #509H,Exxon Mobil,30,Eddy,BS2_S,BS2_S,keep,False,,True,10302.0,False,10452.0,2024-07-01,313339.0,29978.855721393036,2993.237356345683,True,-103.79838756,32.19561621,agree,,51.0,51.0,BS2_S,none
3001554488,POKER LAKE UNIT 17 TWR #511H,Exxon Mobil,30,Eddy,BS2_S,BS2_S,keep,False,,True,10137.0,False,10422.0,2024-07-01,300129.0,28797.639608520436,2489.196312252398,True,-103.79505827,32.19527673,off_band,,688.0,,BS2_S,none
3001554490,BLUE RIDGE BS FEDERAL COM #501H,ConocoPhillips,30,Eddy,BS2_S,BS2_S,keep,True,,False,8494.0,False,9464.0,2024-05-24,366922.0,38770.28740490279,3117.616278119055,True,-104.00401066,32.03580894,agree,,8.0,8.0,BS2_S,none
3001554494,SQUINTS 4 5 FEE #525H,Mewbourne,30,Eddy,BS2_S,BS2_S,keep,True,,False,7363.0,False,7671.0,2025-12-09,,,,False,-104.1992299,32.42099577,agree,,45.0,45.0,BS2_S,none
3001554495,SQUINTS 4 5 FEE #527H,Mewbourne,30,Eddy,BS2_S,BS2_S,keep,True,,False,7333.0,False,7624.0,2025-12-09,,,,False,-104.19926654,32.41728975,agree,,15.0,15.0,BS2_S,none
3001554546,DREW DIX FEDERAL COM #123H,Matador,30,Eddy,BS2_S,BS2_S,keep,True,,False,8450.0,False,7397.0,2024-08-09,120263.0,16258.347978910368,2808.4032495447477,True,-104.04615001,32.24376751,agree,,30.0,30.0,BS2_S,none
3001554571,OXBOW 23 24 B2DA FEDERAL COM #001H,Mewbourne,30,Eddy,BS2_S,BS2_S,keep,True,,False,8468.0,False,9879.0,2024-10-03,238963.0,24188.986739548534,2919.0418600369094,True,-104.04833315,32.12146793,agree,,70.0,70.0,BS2_S,none
3001554572,OXBOW 23 24 B2EH FEDERAL COM #001H,Mewbourne,30,Eddy,BS2_S,BS2_S,keep,True,,False,8461.0,False,9891.0,2024-10-06,236777.0,23938.631078758466,3089.227416514273,True,-104.04854104,32.11762616,agree,,53.0,53.0,BS2_S,none
3001554576,LAYLA 26 35 FEE #521H,Mewbourne,30,Eddy,BS2_S,BS2_S,keep,False,,False,,False,11015.0,2024-08-19,161683.0,14678.43849296414,2359.011151450678,True,-104.06400395,32.26961925,no_position,,,,,none
3001554577,LAYLA 26 35 FEE #524H,Mewbourne,30,Eddy,BS2_S,BS2_S,keep,False,,True,8350.0,False,5254.0,2024-08-19,165467.0,31493.528740007612,2428.5627949983987,False,-104.059485,32.2763124,agree,,36.0,36.0,BS2_S,none
3001554584,DELAWARE RANCH 11 FEDERAL COM #526H,Mewbourne,30,Eddy,BS2_S,BS2_S,keep,False,,True,8260.0,False,4666.0,2024-06-07,100749.0,21592.1560222889,3812.41501156339,False,-104.05527073,32.05651574,agree,,34.0,34.0,BS2_S,none
3001554586,DELAWARE RANCH 11 14 FEDERAL COM #528H,Mewbourne,30,Eddy,BS2_S,BS2_S,keep,False,,True,8292.0,False,9906.0,2024-06-07,195470.0,19732.48536240662,3843.648641735305,True,-104.05092707,32.04925561,agree,,36.5,36.5,BS2_S,none
3001554588,SANDBOX 12 11 B2IL FEDERAL COM #001H,Mewbourne,30,Eddy,BS2_S,BS2_S,keep,True,,False,8343.0,False,10345.0,2024-12-09,323487.0,31269.88883518608,1421.5810836293267,True,-103.93418629,32.76012304,no_evidence,,,,BS2_S,none
3001554592,ALYSON 33 32 FEDERAL COM #122H,Matador,30,Eddy,BS2_S,BS2_S,keep,False,,True,8705.0,False,7197.0,2024-07-29,128659.0,17876.754203140197,3041.1242120644492,True,-103.9822984,32.53162904,no_evidence,,,,BS2_S,none
3001554593,ALYSON 33 32 FEDERAL COM #121H,Matador,30,Eddy,BS2_S,BS2_S,keep,False,,True,8674.0,False,7196.0,2024-07-30,129332.0,17972.762645914398,3102.341261250116,True,-103.98240864,32.53525674,no_evidence,,,,BS2_S,none
3001554609,ALYSON 33 32 FEDERAL COM #123H,Matador,30,Eddy,BS2_S,BS2_S,keep,False,,True,8770.0,False,7194.0,2024-08-02,124632.0,17324.437030859048,3077.1872392323,True,-103.98233832,32.52800982,no_evidence,,,,BS2_S,none
3001554610,RANA SALADA FEDERAL COM 0605 #122H,Permian Resources,30,Eddy,BS2_S,BS2_S,keep,False,,False,8529.0,False,10173.0,2026-07-01,,,,False,-104.01513252,32.33712,off_band,,852.0,,BS2_S,none
3001554613,POKER LAKE UNIT 13 DTD #405H,Exxon Mobil,30,Eddy,BS2_S,BS2_S,keep,True,,False,10212.0,False,9488.0,2025-05-17,222192.0,23418.212478920745,2237.99686757399,True,-103.82704523,32.19474545,off_band,,583.0,,BS2_S,none
3001554633,ALYSON 33 32 FEDERAL COM #124H,Matador,30,Eddy,BS2_S,BS2_S,keep,False,,True,8774.0,False,7196.0,2024-08-08,92784.0,12893.829905503058,3459.141662355579,True,-103.98229894,32.5243749,no_evidence,,,,BS2_S,none
3001554634,RANA SALADA FEDERAL COM 0605 #112H,Permian Resources,30,Eddy,BS2_S,BS2_S,keep,False,,False,8716.0,False,12666.0,2026-07-01,,,,False,-104.01064489,32.33338444,off_band,,989.5,,BS2_S,none
3001554641,SANDLOT 9 8 FEE #521H,Mewbourne,30,Eddy,BS2_S,BS2_S,keep,True,,False,7318.0,False,10234.0,2025-12-22,,,,False,-104.20333331,32.41372547,agree,,15.0,15.0,BS2_S,none
3001554642,SANDBOX 12 10 B2HE FEDERAL COM #001H,Mewbourne,30,Eddy,BS2_S,BS2_S,keep,True,,False,8177.0,False,9995.0,2024-12-12,331407.0,33157.27863931966,1305.9380157932694,True,-103.93484725,32.76372082,no_evidence,,,,BS2_S,none
3001554643,SANDLOT 9 8 FEE #523H,Mewbourne,30,Eddy,BS2_S,BS2_S,keep,True,,False,7299.0,False,10310.0,2025-12-22,,,,False,-104.20340765,32.41008409,agree,,34.0,34.0,BS2_S,none
3001554650,CAT ISLAND 16 STATE #231H,Devon,30,Eddy,BS2_S,BS2_S,keep,False,,True,10100.0,True,4661.0,2024-09-18,121511.0,26069.727526281913,1893.7791640263022,False,-103.78998534,32.30519057,agree,,35.0,35.0,BS2_S,none
3001554651,CAT ISLAND 16 STATE #232H,Devon,30,Eddy,BS2_S,BS2_S,keep,False,,True,9800.0,True,4622.0,2024-09-18,233412.0,50500.216356555604,1528.4946789368155,False,-103.78577782,32.30530418,agree,,299.0,299.0,BS2_S,none
3001554652,CAT ISLAND 16 STATE #233H,Devon,30,Eddy,BS2_S,BS2_S,keep,False,,True,10100.0,True,4628.0,2024-09-18,225459.0,48716.29213483146,1519.3582868725578,False,-103.78141128,32.30530941,off_band,,1444.0,,BS2_S,none
3001554688,SANDBOX 12 11 B2PM FEDERAL COM #001H,Mewbourne,30,Eddy,BS2_S,BS2_S,keep,True,,False,8391.0,False,10336.0,2024-12-08,201977.0,19541.11842105263,1881.1003233041386,True,-103.93428706,32.75649766,no_evidence,,,,BS2_S,none
3001554723,SCOTT KING FEDERAL COM #122H,Matador,30,Eddy,BS2_S,BS2_S,keep,True,,False,8469.0,False,7216.0,2024-09-01,81098.0,11238.636363636364,1315.309872006708,True,-104.04599021,32.24967661,agree,,39.0,39.0,BS2_S,none
3001554728,KOALA 9 FEDERAL COM #121H,Permian Resources,30,Eddy,BS2_S,BS2_S,keep,False,,False,7517.0,False,10534.0,2026-05-01,,,,False,-104.17331193,32.59298369,agree,,30.5,30.5,BS2_S,none
3001554738,LITTLE GIANTS 20 19 B2PM FEDERAL COM #001H,Mewbourne,30,Eddy,BS2_S,BS2_S,keep,True,,False,8026.0,False,10115.0,2025-09-08,,,,False,-104.11808973,32.37229819,off_band,,537.0,,BS2_S,none
3001554753,BLOOMIN ONION 11 14 B2BO FEDERAL COM #001H,Mewbourne,30,Eddy,BS2_S,BS2_S,keep,True,,False,8588.0,False,10283.0,2024-08-20,269822.0,26239.618788291355,2250.583718154932,True,-103.94092134,32.58014801,agree,,22.0,22.0,BS2_S,none
3001554754,BLOOMIN ONION 11 14 B2AP FEDERAL COM #001H,Mewbourne,30,Eddy,BS2_S,BS2_S,keep,True,,False,8610.0,False,10205.0,2024-08-21,226343.0,22179.617834394903,2032.8483761371017,True,-103.9363519,32.58018642,agree,,22.0,22.0,BS2_S,none
3001554759,BLOOMIN ONION 11 14 FEDERAL COM #523H,Mewbourne,30,Eddy,BS2_S,BS2_S,keep,False,,True,8563.0,False,10331.0,2024-08-17,316355.0,30621.914625883262,2280.0113796209953,True,-103.94557433,32.58053126,agree,,36.0,36.0,BS2_S,none
3001554764,LITTLE GIANTS 20 19 B2IL FEDERAL COM #001H,Mewbourne,30,Eddy,BS2_S,BS2_S,keep,True,,False,8040.0,False,10153.0,2025-09-09,,,,False,-104.11781159,32.37593535,off_band,,523.0,,BS2_S,none
3001554765,LITTLE GIANTS 20 19 B2HE FEDERAL COM #001H,Mewbourne,30,Eddy,BS2_S,BS2_S,keep,True,,False,8021.0,False,9611.0,2025-03-09,146774.0,15271.459785662262,1910.283837736929,True,-104.11872392,32.37994153,off_band,,542.0,,BS2_S,none
3001554770,LIVE OAK 27 28 STATE COM #070H,Spur Energy,30,Eddy,BS2_S,BS2_S,keep,True,,False,3845.0,False,5113.0,2025-10-02,,,,False,-104.48106886,32.62634024,off_band,,953.5,,BS2_C,none
3001554771,JAMES RANCH UNIT DI 7 SAWTOOTH #905H,Exxon Mobil,30,Eddy,BS2_S,BS2_S,keep,True,,False,9853.0,False,13076.0,2025-02-01,570254.0,43610.73722851025,1374.5488852335977,False,-103.8161925,32.32247,agree,,52.0,52.0,BS2_S,none
3001554789,BLOOMIN ONION 11 14 B2DM FEDERAL COM #001H,Mewbourne,30,Eddy,BS2_S,BS2_S,keep,True,,False,8555.0,False,10099.0,2024-08-19,247921.0,24549.064263788496,2131.001407706487,True,-103.95011064,32.58014711,agree,,55.0,55.0,BS2_S,none
3001554790,BUFFALO TRACE 1 36 FEDERAL COM #526H,Mewbourne,30,Eddy,BS2_S,BS2_S,keep,True,,False,9083.0,False,9960.0,2024-12-03,133050.0,13358.43373493976,4067.28297632469,True,-103.93556498,32.07974637,agree,,57.0,57.0,BS2_S,none
3001554803,JANIE CONNER 13 24S 28E RB #120H,Matador,30,Eddy,BS2_S,BS2_S,keep,True,,False,8423.0,False,8893.0,2024-10-30,99522.0,11191.049139772855,3002.5823436024198,True,-104.04895645,32.22378019,agree,,43.0,43.0,BS2_S,none
3001554804,HEADS CC 9 4 FEDERAL COM #074H,Occidental,30,Eddy,BS2_S,BS2_S,keep,True,,False,8708.0,False,9755.0,2025-05-30,127924.0,13113.68528959508,4250.500297051374,True,-103.98414245,32.24054072,agree,,39.0,39.0,BS2_S,none
3001554808,HEADS CC 9 4 FEDERAL COM #073H,Occidental,30,Eddy,BS2_S,BS2_S,keep,True,,False,8702.0,False,9503.0,2025-06-02,203184.0,21381.037567084077,4504.93641231593,True,-103.98824455,32.24082413,agree,,39.0,39.0,BS2_S,none
3001554816,BUFFALO TRACE 1 36 FEDERAL COM #523H,Mewbourne,30,Eddy,BS2_S,BS2_S,keep,True,,False,9042.0,False,11500.0,2024-12-07,137852.0,11987.130434782608,3846.393233322694,True,-103.94051559,32.07813149,agree,,16.0,16.0,BS2_S,none
3001554819,BUFFALO TRACE 1 36 FEDERAL COM #528H,Mewbourne,30,Eddy,BS2_S,BS2_S,keep,True,,False,9114.0,False,10042.0,2024-12-08,120312.0,11980.88030272854,4499.875324157191,True,-103.93125581,32.07982936,agree,,72.0,72.0,BS2_S,none
3001554827,SANDBOX 12 10 B2AD FEDERAL COM #001H,Mewbourne,30,Eddy,BS2_S,BS2_S,keep,True,,False,8130.0,False,9745.0,2024-12-13,336314.0,34511.441765007694,1207.9514977074996,True,-103.93505895,32.76738959,no_evidence,,,,BS2_S,none
3001554838,CB SE 5 32 FEDERAL COM #204H,Chevron,30,Eddy,BS2_S,BS2_S,keep,True,,False,8677.0,False,10039.0,2025-07-12,260525.0,25951.28996912043,1627.6057959888685,False,-104.00567651,32.25448957,off_band,,450.0,,BS2_S,none
3001554839,CB SE 5 32 FEDERAL COM #202H,Chevron,30,Eddy,BS2_S,BS2_S,keep,True,,False,8629.0,False,10154.0,2025-07-10,229477.0,22599.665156588537,2162.242839151636,False,-104.00272923,32.2543766,agree,,76.0,76.0,BS2_S,none
3001554840,CB SE 5 32 FEDERAL COM #203H,Chevron,30,Eddy,BS2_S,BS2_S,keep,True,,False,8531.0,False,10337.0,2025-07-12,176313.0,17056.496082035406,1502.010628824874,False,-103.99938994,32.25405528,agree,,177.0,177.0,BS2_S,none
3001554844,SKEEN 21 STATE COM #526H,Mewbourne,30,Eddy,BS2_S,BS2_S,keep,False,,True,7992.0,False,4643.0,2024-07-20,125298.0,26986.431186732716,6832.279844849878,False,-104.08972324,32.02735841,agree,,34.0,34.0,BS2_S,none
3001554845,SKEEN 21 STATE COM #528H,Mewbourne,30,Eddy,BS2_S,BS2_S,keep,False,,True,8024.0,False,4614.0,2024-07-20,119008.0,25792.80450801907,5892.250941113202,False,-104.0854632,32.02726257,agree,,28.0,28.0,BS2_S,none
3001554850,CB SE 5 32 FEDERAL COM 3 #201H,Chevron,30,Eddy,BS2_S,BS2_S,keep,True,,False,8638.0,False,11013.0,2025-10-02,,,,False,-104.01155142,32.25354991,off_band,,475.0,,BS2_S,none
3001554851,CB SE 5 32 FEDERAL COM 3 #202H,Chevron,30,Eddy,BS2_S,BS2_S,keep,True,,False,8649.0,False,10938.0,2025-10-17,,,,False,-104.00972847,32.25354941,off_band,,481.0,,BS2_S,none
3001554865,FNR FEDERAL UNIT #011H,Mewbourne,30,Eddy,BS2_S,BS2_S,keep,False,,True,9189.0,False,10410.0,2024-07-10,237909.0,22853.890489913545,2309.4334388358575,True,-103.90804967,32.32689642,off_band,,1154.0,,BS2_S,none
3001554874,JAMES RANCH UNIT DI 7 SAWTOOTH #707H,Exxon Mobil,30,Eddy,BS2_S,BS2_S,keep,True,,False,9879.0,False,13075.0,2025-05-01,371275.0,28395.793499043975,1490.159585213117,False,-103.813344,32.322468,agree,,26.0,26.0,BS2_S,none
3001554877,JAMES RANCH UNIT DI 7 SAWTOOTH #704H,Exxon Mobil,30,Eddy,BS2_S,BS2_S,keep,False,,True,9976.0,False,13867.0,2025-06-03,369457.0,26642.8931996827,1627.8619704052162,False,-103.81795306,32.32398169,agree,,73.0,73.0,BS2_S,none
3001554879,JAMES RANCH UNIT DI 7 SAWTOOTH #702H,Exxon Mobil,30,Eddy,BS2_S,BS2_S,keep,True,,False,9937.0,False,12524.0,2025-05-28,366628.0,29274.033854998404,1423.6692232999117,True,-103.82020932,32.32159481,agree,,34.0,34.0,BS2_S,none
3001554884,JAMES RANCH UNIT DI 7 SAWTOOTH FEDERAL C #803H,Exxon Mobil,30,Eddy,BS2_S,BS2_S,keep,True,,False,9905.0,False,13091.0,2025-04-17,314194.0,24000.763883584143,1551.7005417035334,False,-103.807937,32.3224675,agree,,0.0,0.0,BS2_S,none
3001554885,JAMES RANCH UNIT DI 7 SAWTOOTH FEDERAL C #804H,Exxon Mobil,30,Eddy,BS2_S,BS2_S,keep,True,,False,9905.0,False,13185.0,2025-03-23,348577.0,26437.39097459234,1551.5911835835411,False,-103.8065125,32.3224685,agree,,0.0,0.0,BS2_S,none
3001554907,TAR HEEL 19 18 7 FEDERAL COM #022H,Devon,30,Eddy,BS2_S,BS2_S,keep,True,,False,9071.0,False,12541.0,2025-05-02,177766.0,14174.78669962523,4948.027181800794,True,-103.92558766,32.03963974,agree,,82.0,82.0,BS2_S,none
3001554911,POKER LAKE UNIT 20 DTD #223H,Exxon Mobil,30,Eddy,BS2_S,BS2_S,keep,False,,True,11655.0,False,21372.0,2025-09-08,,,,False,-103.904538,32.1836785,off_band,,657.0,2525.0,WCC,none
3001554934,BEBOP 36 25 FEDERAL COM #523H,Mewbourne,30,Eddy,BS2_S,BS2_S,keep,False,,True,10335.0,False,7717.0,2024-12-02,175506.0,22742.77569003499,2777.0617528745456,True,-103.73390407,32.09051665,agree,,19.0,19.0,BS2_S,none
3001554935,BEBOP 36 25 FEDERAL COM #521H,Mewbourne,30,Eddy,BS2_S,BS2_S,keep,False,,True,10325.0,False,7759.0,2024-12-02,189828.0,24465.523907720064,2731.7255620877845,True,-103.73815698,32.09038969,agree,,0.0,0.0,BS2_S,none
3001554936,SILVER BULLET 16 STATE #521H,Mewbourne,30,Eddy,BS2_S,BS2_S,keep,False,,True,8559.0,False,4451.0,2024-08-04,178840.0,40179.734891035725,3208.242004025945,False,-103.99660999,32.04201002,agree,,64.5,64.5,BS2_S,none
3001554937,SILVER BULLET 16 STATE #553H,Mewbourne,30,Eddy,BS2_S,BS2_S,keep,False,,True,8578.0,False,4504.0,2024-08-09,82441.0,18303.952042628775,5243.2163607913535,False,-103.9925581,32.04182805,agree,,63.5,63.5,BS2_S,none
3001554939,SILVER BULLET 16 STATE #523H,Mewbourne,30,Eddy,BS2_S,BS2_S,keep,False,,True,8578.0,False,4504.0,2024-08-05,107603.0,23890.541740674955,3471.9106344618644,False,-103.99262269,32.04182765,agree,,63.5,63.5,BS2_S,none
3001554941,TAR HEEL 19 18 7 FEDERAL COM #024H,Devon,30,Eddy,BS2_S,BS2_S,keep,True,,False,9091.0,False,12532.0,2025-05-02,171057.0,13649.616980529843,3287.857263952951,True,-103.923656,32.0396495,agree,,78.0,78.0,BS2_S,none
3001554945,POKER LAKE UNIT 23 DTD FEDERAL COM #171H,Exxon Mobil,30,Eddy,BS2_S,BS2_S,keep,True,,False,9854.0,False,15960.0,2025-08-01,297012.0,18609.774436090225,1835.3130513245255,False,-103.85663473,32.23205211,agree,,21.0,21.0,BS2_S,none
3001554948,PINKIE PIE 22 21 FEDERAL COM #112H,Permian Resources,30,Eddy,BS2_S,BS2_S,keep,True,,False,8629.0,False,9869.0,2024-10-26,147408.0,14936.467727226669,645.8401172256594,True,-103.86732001,32.73557008,agree,,129.0,129.0,BS2_C,none
3001554950,PINKIE PIE 22 21 FEDERAL COM #121H,Permian Resources,30,Eddy,BS2_S,BS2_S,keep,True,,False,8760.0,False,9913.0,2024-10-26,282950.0,28543.326944416425,751.5426753843435,True,-103.86701592,32.73841038,agree,,131.0,131.0,BS2_S,none
3001554951,PINKIE PIE 22 21 FEDERAL COM #122H,Permian Resources,30,Eddy,BS2_S,BS2_S,keep,True,,False,8758.0,False,9778.0,2024-10-26,123674.0,12648.189813867866,1034.1623946827951,True,-103.866941,32.73384619,no_evidence,,,,BS2_S,none
3001554952,PINKIE PIE 22 21 FEDERAL COM #124H,Permian Resources,30,Eddy,BS2_S,BS2_S,keep,True,,False,8773.0,False,9765.0,2024-10-26,238114.0,24384.434203789042,1143.162518793519,True,-103.86633067,32.72749823,no_evidence,,,,BS2_S,none
3001554960,JAMES RANCH UNIT DI 7 SAWTOOTH #708H,Exxon Mobil,30,Eddy,BS2_S,BS2_S,keep,True,,False,9889.0,False,13096.0,2025-09-19,,,,False,-103.8108675,32.322467,agree,,16.0,16.0,BS2_S,none
3001554969,PINKIE PIE 22 21 FEDERAL COM #123H,Permian Resources,30,Eddy,BS2_S,BS2_S,keep,True,,False,8612.0,False,9633.0,2024-10-26,69587.0,7223.813972801828,1821.216606550074,True,-103.86707677,32.73100773,agree,,147.0,147.0,BS2_C,none
3001554970,PINKIE PIE 22 21 FEDERAL COM #114H,Permian Resources,30,Eddy,BS2_S,BS2_S,keep,True,,False,8602.0,False,9824.0,2024-10-26,197180.0,20071.25407166124,1260.8580991987017,True,-103.86586918,32.72851015,agree,,157.0,157.0,BS2_C,none
3001554974,MAKERS MARK FEDERAL COM #207H,Chevron,30,Eddy,BS2_S,BS2_S,keep,True,,False,7452.0,False,10538.0,2025-10-09,,,,False,-104.21560298,32.03500197,agree,,109.0,109.0,BS2_S,none
3001554975,MAKERS MARK FEDERAL COM #206H,Chevron,30,Eddy,BS3_C,BS2_S,reassign,True,class BS3_C->BS2_S (precision 0.90) + sql/23 concurs + GOR none,False,7531.0,False,10568.0,2025-10-09,,,,False,-104.21905191,32.03508342,flag,BS2_S,14.5,,BS2_S,none
3001554976,MAKERS MARK FEDERAL COM #208H,Chevron,30,Eddy,BS2_S,BS2_S,keep,True,,False,7584.0,False,10829.0,2025-11-16,,,,False,-104.2115095,32.035369,no_evidence,,,,BS2_S,none
3001554977,MAKERS MARK FEDERAL COM #209H,Chevron,30,Eddy,BS2_S,BS2_S,keep,True,,False,7473.0,False,10423.0,2025-11-16,,,,False,-104.20768409,32.03493301,agree,,111.0,111.0,BS2_S,none
3001554978,MAKERS MARK FEDERAL COM #210H,Chevron,30,Eddy,BS3_C,BS2_S,reassign,True,class BS3_C->BS2_S (precision 0.90) + sql/23 concurs + GOR none,False,7611.0,False,10556.0,2025-11-16,,,,False,-104.20480607,32.03502899,flag,BS2_S,27.0,,BS2_S,none
3001555000,CAMACHO 25 26 STATE COM #204H,Permian Resources,30,Eddy,BS2_S,BS2_S,keep,True,,False,7069.0,False,9807.0,2025-11-12,,,,False,-104.2421857,32.62512466,off_band,,1270.0,,BS2_S,none
3001555001,CAMACHO 25 26 STATE COM #203H,Permian Resources,30,Eddy,BS2_S,BS2_S,keep,True,,False,7043.0,False,10436.0,2025-11-12,,,,False,-104.241302,32.62934302,off_band,,1296.0,,BS2_S,none
3001555002,CAMACHO 25 26 STATE COM #202H,Permian Resources,30,Eddy,BS2_S,BS2_S,keep,True,,False,7018.0,False,9879.0,2025-11-11,,,,False,-104.24205141,32.63347815,off_band,,1321.0,,BS2_S,none
3001555003,CAMACHO 25 26 STATE COM #201H,Permian Resources,30,Eddy,BS2_S,BS2_S,keep,False,,True,7035.0,False,10409.0,2025-11-08,,,,False,-104.24082861,32.63773754,agree,,21.0,21.0,BS2_S,none
3001555004,JAMES RANCH UNIT DI 7 SAWTOOTH #701H,Exxon Mobil,30,Eddy,BS2_S,BS2_S,keep,True,,False,9903.0,False,12488.0,2025-06-03,375960.0,30105.701473414476,1502.0401106500692,True,-103.82332759,32.32152094,agree,,6.0,6.0,BS2_S,none
3001555029,FULLER 13 12 B2HA FEDERAL COM #001H,Mewbourne,30,Eddy,BS2_S,BS2_S,keep,True,,False,9076.0,False,6217.0,2025-04-23,109198.0,17564.420138330384,4234.757046832359,True,-103.93079977,32.05137077,off_band,,1364.0,,BS2_S,none
3001555054,MULE 11 23 FEDERAL COM #305H,Devon,30,Eddy,BS2_S,BS2_S,keep,True,,False,10475.0,False,11462.0,2025-02-01,242570.0,21162.973303088467,3558.4078822607908,True,-103.743999,32.13518,agree,,36.5,36.5,BS2_S,none
3001555055,MULE 11 23 FEDERAL COM #306H,Devon,30,Eddy,BS2_S,BS2_S,keep,True,,False,10475.0,False,11469.0,2025-01-31,240858.0,21000.784724038713,3146.8126447948584,True,-103.7421175,32.135172,agree,,36.5,36.5,BS2_S,none
3001555056,MULE 11 23 FEDERAL COM #301H,Devon,30,Eddy,BS3_S,BS2_S,reassign,True,card verdict AGREE (BS3_S->BS2_S),False,10475.0,False,11474.0,2025-01-29,249526.0,21747.080355586542,4156.296337856576,True,-103.7558475,32.135261,flag,BS2_S,44.5,,BS2_S,none
3001555057,MULE 11 23 FEDERAL COM #304H,Devon,30,Eddy,BS2_S,BS2_S,keep,False,,True,10475.0,False,11238.0,2025-01-27,260859.0,23212.226374799786,3543.040493139972,True,-103.74852099,32.13496941,agree,,32.0,32.0,BS2_S,none
3001555076,POKER LAKE UNIT 29 20 BS #126H,Exxon Mobil,30,Eddy,BS2_S,BS2_S,keep,True,,False,10215.0,False,9072.0,2024-12-20,191069.0,21061.39770723104,2297.3166761745756,True,-103.7913405,32.118762,agree,,44.0,44.0,BS2_S,none
3001555078,POKER LAKE UNIT 28 21 BS #155H,Exxon Mobil,30,Eddy,BS2_S,BS2_S,keep,False,,True,10092.0,False,8673.0,2025-02-01,226328.0,26095.69929666782,2831.381888233007,True,-103.778084,32.118731,agree,,123.0,123.0,BS2_S,none
3001555079,POKER LAKE UNIT 29 20 BS #121H,Exxon Mobil,30,Eddy,BS2_S,BS2_S,keep,True,,False,10226.0,False,10372.0,2025-10-01,,,,False,-103.80201514,32.11628879,agree,,55.0,55.0,BS2_S,none
3001555080,POKER LAKE UNIT 29 20 BS #122H,Exxon Mobil,30,Eddy,BS2_S,BS2_S,keep,True,,False,10161.0,False,8730.0,2025-04-01,307580.0,35232.53150057274,3026.269588399766,True,-103.8007775,32.1187745,off_band,,703.0,,BS2_S,none
3001555082,SAPPHIRE 11 12 STATE COM #521H,Mewbourne,30,Eddy,BS2_S,BS2_S,keep,False,,True,8116.0,False,6537.0,2024-10-14,102938.0,15746.978736423436,2374.652703569139,True,-104.03944062,32.68053242,agree,,12.0,12.0,BS2_S,none
3001555083,SAPPHIRE 11 12 STATE COM #523H,Mewbourne,30,Eddy,BS2_S,BS2_S,keep,False,,True,8135.0,False,6543.0,2024-10-16,110814.0,16936.26776707932,2789.403865937517,True,-104.03945964,32.67690451,agree,,8.0,8.0,BS2_S,none
3001555098,BIG SINKS 1 12 H3BO FEDERAL COM #001H,Mewbourne,30,Eddy,BS2_S,BS2_S,keep,True,,False,10088.0,False,10143.0,2025-11-09,,,,False,-103.73020295,32.06437944,agree,,153.5,153.5,BS2_S,none
3001555099,BIG SINKS 1 12 H3AP FEDERAL COM #002H,Mewbourne,30,Eddy,BS2_S,BS2_S,keep,True,,False,10387.0,False,9826.0,2025-11-09,,,,False,-103.72736897,32.06375657,agree,,191.0,191.0,BS2_S,none
3001555100,BIG SINKS 1 12 H3AP FEDERAL COM #001H,Mewbourne,30,Eddy,BS2_S,BS2_S,keep,True,,False,10152.0,False,9992.0,2025-11-08,,,,False,-103.72447749,32.06418584,agree,,88.0,88.0,BS2_S,none
3001555101,EMMETT FEDERAL COM #121H,Matador,30,Eddy,BS2_S,BS2_S,keep,True,,False,8222.0,False,10164.0,2025-06-29,144709.0,14237.406532861078,2980.4642420305577,True,-104.08405716,32.23876415,off_band,,445.0,,BS2_S,none
3001555122,PRATER 10 9 24S 28E RB #123H,Matador,30,Eddy,BS2_S,BS2_S,keep,True,,False,8235.0,False,10253.0,2025-06-21,99184.0,9673.656490783185,2856.771253427972,True,-104.0840263,32.23136714,agree,,13.0,13.0,BS2_S,none
3001555123,PRATER 10 9 24S 28E RB #124H,Matador,30,Eddy,BS3_S,BS2_S,reassign,True,card verdict AGREE (BS3_S->BS2_S),False,8195.0,False,10711.0,2025-06-30,106244.0,9919.148538885258,2505.346184255111,True,-104.08349205,32.229114,flag,BS2_S,33.5,,BS2_S,none
3001555138,YUMA 3 10 FEDERAL COM #523H,Mewbourne,30,Eddy,BS2_S,BS2_S,keep,True,,False,8247.0,False,9791.0,2025-01-05,182102.0,18598.91737309774,3567.5884943603037,True,-104.07800823,32.15086665,off_band,,350.0,,BS2_S,none
3001555211,LONG JOHN 29 30 FEDERAL COM #121H,Permian Resources,30,Eddy,BS2_S,BS2_S,keep,True,,False,8720.0,False,7139.0,2024-10-26,109982.0,15405.799131531026,1610.036187739812,True,-103.90502074,32.72300693,agree,,82.0,82.0,BS2_S,none
3001555219,MILKSHAKE 9 10 B2MP FEDERAL COM #001H,Mewbourne,30,Eddy,BS2_S,BS2_S,keep,False,,True,8305.0,False,10389.0,2025-03-12,345930.0,33297.71874097603,1558.456913248345,True,-103.96840894,32.756515,agree,,23.0,23.0,BS2_S,none
3001555220,MILKSHAKE 9 10 B2LI FEDERAL COM #001H,Mewbourne,30,Eddy,BS2_S,BS2_S,keep,False,,True,8261.0,False,10400.0,2025-03-10,448981.0,43171.25,1246.3378183041152,True,-103.96860535,32.76014292,agree,,28.5,28.5,BS2_S,none
3001555232,SILVER 29 28 FEDERAL COM #132H,Permian Resources,30,Eddy,BS2_S,BS2_S,keep,True,,False,8641.0,False,6926.0,2024-11-01,111603.0,16113.629800750794,1295.9149843642197,True,-103.90532279,32.71984837,agree,,154.5,154.5,BS2_S,none
3001555238,MOCKINGBIRD 16 17 FEDERAL COM #521H,Mewbourne,30,Eddy,BS2_S,BS2_S,keep,True,,False,7589.0,False,7640.0,2025-01-27,250998.0,32853.141361256545,2008.637519024056,True,-104.08419098,32.75289904,agree,,22.0,22.0,BS3_C,none
3001555239,MOCKINGBIRD 16 17 FEDERAL COM #523H,Mewbourne,30,Eddy,BS3_C,BS2_S,reassign,True,card verdict AGREE (BS3_C->BS2_S),False,7653.0,False,7738.0,2025-02-06,203932.0,26354.61359524425,2203.8865896475295,True,-104.08410755,32.74933457,flag,BS2_S,75.0,,BS3_C,none
3001555251,SHAKE 'N BAKE 2 STATE #204H,Tascosa Energy Partners,30,Eddy,BS2_S,BS2_S,keep,True,,False,5917.0,False,4658.0,2025-02-26,,,,False,-104.468427,32.51136,no_evidence,,,,AVA_0,none
3001555253,SILVER 29 28 FEDERAL COM #131H,Permian Resources,30,Eddy,BS2_S,BS2_S,keep,True,,False,8710.0,False,7187.0,2024-11-01,150108.0,20886.04424655628,1092.3668292162977,True,-103.87810693,32.72349739,no_evidence,,,,BS2_S,none
3001555280,THOROUGHBRED 10 3 FEDERAL COM #122H,Devon,30,Eddy,BS2_S,BS2_S,keep,True,,False,10157.0,False,9976.0,2025-02-11,153377.0,15374.599037690457,3154.553811849234,True,-103.76826353,32.0656331,agree,,3.0,3.0,BS2_S,none
3001555283,THOROUGHBRED 10 3 FEDERAL COM #121H,Devon,30,Eddy,BS2_S,BS2_S,keep,True,,False,10141.0,False,7280.0,2025-02-13,118217.0,16238.5989010989,3848.4058976289366,True,-103.77348099,32.06194917,agree,,28.0,28.0,BS2_S,none
3001555296,COTTON DRAW UNIT #632H,Devon,30,Eddy,BS2_S,BS2_S,keep,True,,False,9804.0,False,9950.0,2025-07-07,152106.0,15287.035175879397,4176.462466963828,False,-103.73832085,32.18059595,agree,,634.0,634.0,BS2_S,none
3001555297,COTTON DRAW 25 36 FEDERAL STATE COM #232H,Devon,30,Eddy,BS2_S,BS2_S,keep,True,,False,10525.0,False,10345.0,2025-07-07,219284.0,21197.100048332526,2748.0846755805255,False,-103.73384831,32.18124651,agree,,57.0,57.0,BS2_S,none
3001555325,DR IRELAND STATE 16 #129H,Matador,30,Eddy,BS2_S,BS2_S,keep,True,,False,8207.0,False,8516.0,2025-04-21,118696.0,13937.999060591828,3233.4198288063626,True,-104.08604971,32.29896871,agree,,11.0,11.0,BS2_S,none
3001555329,LITTLE BETTY 20 #501H,Devon,30,Eddy,BS2_S,BS2_S,keep,True,,False,8127.0,False,5180.0,2025-07-01,137960.0,26633.204633204634,3210.278341548275,False,-104.10852304,32.47216492,no_evidence,,,,BS2_S,none
3001555346,LITTLE BETTY 20 #502H,Devon,30,Eddy,BS2_S,BS2_S,keep,True,,False,8157.0,False,5137.0,2025-07-01,134278.0,26139.380961650768,3668.627772233724,False,-104.10915836,32.46909194,no_evidence,,,,BS2_S,none
3001555369,WOMBAT 13 FEDERAL #121H,Permian Resources,30,Eddy,BS2_S,BS2_S,keep,True,,False,7732.0,False,9991.0,2025-08-08,140165.0,14029.126213592233,2022.2666143473764,False,-104.14069684,32.57307678,agree,,0.0,0.0,BS2_S,none
3001555370,WOMBAT 13 FEDERAL #123H,Permian Resources,30,Eddy,BS2_S,BS2_S,keep,True,,False,7759.0,False,13322.0,2025-08-12,330384.0,24799.879897913226,1960.74870453775,False,-104.13193621,32.57138015,agree,,36.0,36.0,BS2_S,none
3001555371,WINE MIXER 21 20 FEDERAL COM #524H,Mewbourne,30,Eddy,BS2_S,BS2_S,keep,True,,False,6849.0,False,9892.0,2025-05-11,161790.0,16355.640921957136,4443.735706780394,True,-104.29587269,32.56101194,off_band,,1317.5,,BS2_S,none
3001555399,SWANSON 2 3 FEDERAL COM #513H,Mewbourne,30,Eddy,BS2_S,BS2_S,keep,True,,False,7223.0,False,7204.0,2025-01-21,282710.0,39243.475846751804,1381.2351880018393,True,-104.05068319,32.77910671,no_evidence,,,,BS2_C,none
3001555400,PERDOMO 25 STATE COM #501H,EOG,30,Eddy,BS2_S,BS2_S,keep,True,,False,7742.0,False,9923.0,2025-02-23,143409.0,14452.181799858912,4451.073503057688,True,-104.151248,32.1962015,off_band,,1563.5,,BS2_S,none
3001555401,PERDOMO 25 STATE COM #502H,EOG,30,Eddy,BS2_S,BS2_S,keep,True,,False,7748.0,False,9861.0,2025-02-23,139214.0,14117.635128283135,5038.990331432184,True,-104.14822774,32.19618109,off_band,,1567.0,,BS2_S,none
3001555415,WINE MIXER 21 20 FEDERAL COM #522H,Mewbourne,30,Eddy,BS2_S,BS2_S,keep,True,,False,6836.0,False,9710.0,2025-05-08,156178.0,16084.243048403707,7777.4270383792855,True,-104.29598298,32.56466732,off_band,,1330.5,,BS2_S,none
3001555417,SAMSONITE 4 3 FEDERAL COM #523H,Mewbourne,30,Eddy,BS2_S,BS2_S,keep,True,,False,7213.0,False,7721.0,2025-01-22,192291.0,24904.934593964514,1570.978360921728,True,-104.07531109,32.77830535,no_evidence,,,,BS2_S,none
3001555419,WOMBAT 13 FEDERAL #124H,Permian Resources,30,Eddy,BS2_S,BS2_S,keep,True,,False,7732.0,False,9991.0,2025-08-12,250655.0,25088.07927134421,2406.706429155612,False,-104.14039021,32.56779938,agree,,25.5,25.5,BS2_S,none
3001555452,PINTA 29 27 FEDERAL COM #528H,Mewbourne,30,Eddy,BS2_S,BS2_S,keep,True,,False,6967.0,False,15255.0,2025-09-24,,,,False,-104.28560399,32.53902582,no_evidence,,,,BS2_S,none
3001555460,CORRAL BLUFF 11 14 FEDERAL COM #075H,Occidental,30,Eddy,BS2_S,BS2_S,keep,True,,False,8884.0,False,10071.0,2025-02-03,171870.0,17065.832588620793,2337.464362599639,True,-103.94810455,32.13581775,off_band,,1166.0,,BS2_S,none
3001555461,CORRAL BLUFF 11 14 FEDERAL COM #074H,Occidental,30,Eddy,BS2_S,BS2_S,keep,True,,False,9015.0,False,9775.0,2025-02-03,146883.0,15026.393861892582,2530.524294846919,True,-103.95234582,32.13629734,off_band,,1297.0,,BS2_S,none
3001555462,CORRAL BLUFF 11 14 FEDERAL COM #072H,Occidental,30,Eddy,BS2_S,BS2_S,keep,True,,False,8963.0,False,9616.0,2025-02-01,209711.0,21808.548252911813,2303.4509396264384,True,-103.9568852,32.13599312,off_band,,1222.0,,BS2_S,none
3001555463,CORRAL BLUFF 11 14 FEDERAL COM #071H,Occidental,30,Eddy,BS2_S,BS2_S,keep,True,,False,8944.0,False,9546.0,2025-02-03,139985.0,14664.25728053635,2438.0540772225595,True,-103.96158986,32.13592429,agree,,70.5,70.5,BS2_S,none
3001555472,BONDI 24 FEDERAL COM #134H,Permian Resources,30,Eddy,BS2_S,BS2_S,keep,True,,False,7769.0,False,10017.0,2025-08-15,357108.0,35650.19466906259,2153.345766546815,False,-104.14013841,32.55262768,agree,,5.5,5.5,BS2_S,none
3001555474,BONDI 24 FEDERAL COM #201H,Permian Resources,30,Eddy,BS2_S,BS2_S,keep,True,,False,7756.0,False,10090.0,2025-08-15,234579.0,23248.66204162537,2233.0472889730113,False,-104.14020811,32.56405306,agree,,4.5,4.5,BS2_S,none
3001555486,BONDI 24 FEDERAL COM #111H,Permian Resources,30,Eddy,BS2_S,BS2_S,keep,True,,False,7769.0,False,9873.0,2025-08-15,238268.0,24133.29281879874,1919.7332415599242,False,-104.14068581,32.5605703,agree,,10.0,10.0,BS2_S,none
3001555488,BONDI 24 FEDERAL COM #113H,Permian Resources,30,Eddy,BS2_S,BS2_S,keep,True,,False,7768.0,False,10016.0,2025-08-15,285307.0,28485.123801916936,2236.4014903244574,False,-104.14039839,32.55669763,agree,,7.5,7.5,BS2_S,none
3001555494,WHITBY 25 26 FEDERAL COM #121H,Matador,30,Eddy,BS2_S,BS2_S,keep,True,,False,7815.0,False,9946.0,2025-04-25,188917.0,18994.269052885582,3379.1770989376287,True,-104.15239688,32.4565824,agree,,8.0,8.0,BS2_S,none
3001555495,WHITBY 25 26 FEDERAL COM #122H,Matador,30,Eddy,BS2_S,BS2_S,keep,True,,False,7820.0,False,9810.0,2025-04-25,229257.0,23369.724770642202,3248.4984100812626,True,-104.15225844,32.4529325,agree,,13.0,13.0,BS2_S,none
3001555500,WHITBY 25 26 FEDERAL COM #124H,Matador,30,Eddy,BS2_S,BS2_S,keep,True,,False,7807.0,False,9931.0,2025-04-25,450117.0,45324.43862652301,2407.5873606195723,True,-104.15272768,32.44547055,agree,,8.0,8.0,BS2_S,none
3001555501,WHITBY 25 26 FEDERAL COM #123H,Matador,30,Eddy,BS2_S,BS2_S,keep,True,,False,7773.0,False,9862.0,2025-04-25,340375.0,34513.790306225914,2540.5949320602276,True,-104.15266575,32.449309,agree,,42.0,42.0,BS2_S,none
3001555510,OMAHA 36 31 FEDERAL COM #521H,Mewbourne,30,Eddy,BS2_S,BS2_S,keep,True,,False,7395.0,False,10386.0,2025-09-04,,,,False,-104.22586997,32.53598965,agree,,199.0,199.0,BS2_S,none
3001555514,ANGELS ENVY 21 FEDERAL #218H,Chevron,30,Eddy,BS2_S,BS2_S,keep,False,,True,7505.0,False,4435.0,2026-07-12,,,,False,-104.1936125,32.024919,agree,,33.0,33.0,BS2_S,none
3001555523,POKER LAKE UNIT 22 DTD #404H,Exxon Mobil,30,Eddy,BS2_S,BS2_S,keep,True,,False,9938.0,False,10961.0,2025-11-01,,,,False,-103.86168017,32.18958619,off_band,,514.0,,BS2_S,none
3001555526,POKER LAKE UNIT 22 DTD #197H,Exxon Mobil,30,Eddy,BS2_S,BS2_S,keep,True,,False,9849.0,False,12791.0,2025-11-07,,,,False,-103.867521,32.1918925,off_band,,571.0,,BS2_S,none
3001555528,POKER LAKE UNIT 22 DTD #194H,Exxon Mobil,30,Eddy,BS2_S,BS2_S,keep,True,,False,9650.0,False,12427.0,2025-11-01,,,,False,-103.87613251,32.19123603,agree,,161.5,161.5,BS2_S,none
3001555546,OMAHA 36 31 FEDERAL COM #523H,Mewbourne,30,Eddy,BS2_S,BS2_S,keep,True,,False,7405.0,False,10463.0,2025-09-04,,,,False,-104.22590817,32.53231129,off_band,,1470.0,,BS2_S,none
3001555580,POKER LAKE UNIT 22 DTD #201H,Exxon Mobil,30,Eddy,BS2_S,BS2_S,keep,True,,False,9832.0,False,12161.0,2025-11-01,,,,False,-103.87314749,32.19106201,off_band,,588.0,,BS2_S,none
3001555593,FOUR ROSES 9 FEDERAL #215H,Chevron,30,Eddy,BS2_S,BS2_S,keep,False,,True,7648.0,False,4281.0,2026-05-01,,,,False,-104.1893045,32.058161,agree,,7.0,7.0,BS3_S,none
3001555604,WHISTLE PIG 9 FEDERAL #211H,Chevron,30,Eddy,BS2_S,BS2_S,keep,False,,False,7559.0,False,4916.0,2026-04-26,,,,False,-104.2021665,32.0575745,agree,,43.5,43.5,BS2_S,none
3001555606,WHISTLE PIG 9 FEDERAL #212H,Chevron,30,Eddy,BS2_S,BS2_S,keep,False,,False,7710.0,False,4899.0,2026-04-26,,,,False,-104.2004385,32.057542,agree,,107.5,107.5,BS2_S,none
3001555607,WHISTLE PIG 9 FEDERAL #213H,Chevron,30,Eddy,BS2_S,BS2_S,keep,False,,True,7603.0,False,4675.0,2026-04-26,,,,False,-104.19643269,32.05766725,agree,,0.5,0.5,BS2_S,none
3001555608,FOUR ROSES 9 FEDERAL #214H,Chevron,30,Eddy,BS2_S,BS2_S,keep,False,,True,7771.0,False,4297.0,2026-05-01,,,,False,-104.192089,32.0581815,agree,,146.5,146.5,BS3_S,none
3001555621,BENNY HUEVOS 36 24 B2PA FEDERAL COM #001H,Mewbourne,30,Eddy,BS2_S,BS2_S,keep,True,,False,10406.0,False,12909.0,2025-04-27,301915.0,23387.946393988692,1569.1767550469503,True,-103.72435962,32.45366892,off_band,,1302.0,,BS2_S,none
3001555623,COUSIN EDDY FEDERAL UNIT #006H,Mewbourne,30,Eddy,BS2_S,BS2_S,keep,True,,False,10391.0,False,12773.0,2025-04-26,297768.0,23312.299381507866,1508.0901910211976,True,-103.72902523,32.45389261,off_band,,1317.0,,BS2_S,none
3001555628,POKER LAKE UNIT 28 BS #406H,Exxon Mobil,30,Eddy,BS2_S,BS2_S,keep,True,,False,10240.0,False,12762.0,2025-11-01,,,,False,-103.77816589,32.08229653,agree,,66.0,66.0,BS2_S,none
3001555689,MICHELADA 3 FEDERAL COM #123H,Permian Resources,30,Eddy,BS3_C,BS2_S,reassign,True,class BS3_C->BS2_S (precision 0.90) + sql/23 concurs + GOR none,False,8616.0,False,13157.0,2025-02-16,182365.0,13860.682526411796,1225.021248594851,False,-103.97281837,32.60115116,flag,BS2_S,57.5,,BS2_S,none
3001555691,MICHELADA 5 FEDERAL COM #121H,Permian Resources,30,Eddy,BS2_S,BS2_S,keep,True,,False,8621.0,False,12983.0,2025-03-01,217496.0,16752.368481860896,1563.3115091771804,True,-103.97258133,32.60792198,agree,,71.0,71.0,BS2_S,none
3001555692,MICHELADA 5 FEDERAL COM #122H,Permian Resources,30,Eddy,BS2_S,BS2_S,keep,True,,False,8587.0,False,12903.0,2025-03-02,202772.0,15715.105014337752,1896.7313041248299,True,-103.97218217,32.60380742,agree,,37.0,37.0,BS2_S,none
3001555741,POKER LAKE UNIT 23 DTD #453H,Exxon Mobil,30,Eddy,BS2_S,BS2_S,keep,False,,True,9832.0,False,12044.0,2026-03-26,,,,False,-103.8507435,32.190809,off_band,,652.0,,BS2_S,none
3001555764,POKER LAKE UNIT 28 BS #113H,Exxon Mobil,30,Eddy,BS2_S,BS2_S,keep,False,,True,9891.0,False,13458.0,2025-11-20,,,,False,-103.78978428,32.08319085,agree,,283.5,283.5,BS2_S,none
3001555767,POKER LAKE UNIT 28 BS #110H,Exxon Mobil,30,Eddy,BS2_S,BS2_S,keep,True,,False,10158.0,False,4759.0,2025-11-19,,,,False,-103.79385126,32.09330129,agree,,17.0,17.0,BS2_S,none
3001555778,TEXAS TOOTHPICK 12 13 B2DM FEDERAL COM #001H,Mewbourne,30,Eddy,BS2_S,BS2_S,keep,False,,True,8730.0,False,10389.0,2025-04-15,178505.0,17182.115699297334,2537.379905324781,True,-103.93210611,32.5806912,agree,,131.0,131.0,BS2_S,none
3001555779,TEXAS TOOTHPICK 12 13 B2CN FEDERAL COM #001H,Mewbourne,30,Eddy,BS2_S,BS2_S,keep,True,,False,8753.0,False,10182.0,2025-04-15,228491.0,22440.67963072088,1825.3848072790613,True,-103.92783501,32.58016238,agree,,165.0,165.0,BS2_S,none
3001555782,JAMES RANCH UNIT APACHE #802H,Exxon Mobil,30,Eddy,BS2_S,BS2_S,keep,False,,False,9818.0,False,9864.0,2026-04-15,,,,False,-103.84435907,32.38981311,no_evidence,,,,BS2_S,none
3001555789,FULLER 13 12 B2GB FEDERAL COM #001H,Mewbourne,30,Eddy,BS2_S,BS2_S,keep,True,,False,9037.0,False,7332.0,2025-04-23,138253.0,18856.11020185488,4601.035782225341,True,-103.93509444,32.05412621,off_band,,1401.0,,BS2_S,none
3001555812,POKER LAKE UNIT 28 BS #109H,Exxon Mobil,30,Eddy,BS2_S,BS2_S,keep,True,,False,10170.0,False,13496.0,2025-11-01,,,,False,-103.789501,32.08338,agree,,5.0,5.0,BS2_S,none
3001555823,QUEEN 23 24 B2OP FEDERAL COM #001H,Mewbourne,30,Eddy,BS2_S,BS2_S,keep,False,,False,8424.0,False,7636.0,2026-02-13,,,,False,-104.04468223,32.19762367,agree,,9.0,9.0,BS2_S,none
3001555824,QUEEN 23 24 B2JI FEDERAL COM #001H,Mewbourne,30,Eddy,BS2_S,BS2_S,keep,False,,False,8424.0,False,7999.0,2026-02-08,,,,False,-104.04573358,32.20165596,agree,,22.0,22.0,BS2_S,none
3001555874,OMAHA 36 31 FEDERAL COM #527H,Mewbourne,30,Eddy,BS2_S,BS2_S,keep,False,,False,7422.0,False,10403.0,2026-07-18,,,,False,-104.22580099,32.52420801,off_band,,1421.5,,BS2_S,none
3001555875,OMAHA 36 31 FEDERAL COM #525H,Mewbourne,30,Eddy,BS2_S,BS2_S,keep,False,,False,7387.0,False,10610.0,2026-07-14,,,,False,-104.22608207,32.52793917,off_band,,1456.5,,BS2_S,none
3001555877,BILL WILSHUSEN FEDERAL COM #121H,Matador,30,Eddy,BS2_S,BS2_S,keep,True,,False,7597.0,False,9881.0,2025-06-11,141092.0,14279.121546402186,5375.719388767613,True,-104.18718174,32.47104843,no_evidence,,,,BS2_S,none
3001555878,BILL WILSHUSEN FEDERAL COM #122H,Matador,30,Eddy,BS2_S,BS2_S,keep,True,,False,7603.0,False,9742.0,2025-06-10,148725.0,15266.372408129748,5267.238191292654,True,-104.18670247,32.46650165,no_evidence,,,,BS2_S,none
3001555886,POKER LAKE UNIT 23 DTD #456H,Exxon Mobil,30,Eddy,BS2_S,BS2_S,keep,False,,True,9985.0,False,11981.0,2026-03-22,,,,False,-103.849158,32.190807,off_band,,836.0,,BS2_S,none
3001555887,POKER LAKE UNIT 23 DTD #451H,Exxon Mobil,30,Eddy,BS2_S,BS2_S,keep,False,,False,9975.0,False,12071.0,2026-03-21,,,,False,-103.85591444,32.19122101,agree,,134.5,134.5,BS2_S,none
3001555893,WIGEON 23 26 FEDERAL COM #003H,Devon,30,Eddy,BS2_S,BS2_S,keep,True,,False,7218.0,False,10153.0,2026-01-10,,,,False,-104.261368,32.1077105,agree,,87.0,87.0,BS2_S,none
3001555905,CORRAL GORGE 12 13 FEDERAL COM #021H,Occidental,30,Eddy,BS2_S,BS2_S,keep,True,,False,9121.0,False,9814.0,2025-05-12,186251.0,18978.092520888527,1923.7910132026136,True,-103.94374898,32.13632448,off_band,,1236.0,,BS2_S,none
3001555906,CORRAL GORGE 12 13 FEDERAL COM #022H,Occidental,30,Eddy,BS2_S,BS2_S,keep,True,,False,9144.0,False,9526.0,2025-05-12,164809.0,17300.96577787109,1909.93817085232,True,-103.93923021,32.13601301,off_band,,1228.0,,BS2_S,none
3001555907,CORRAL GORGE 12 13 FEDERAL COM #024H,Occidental,30,Eddy,BS2_S,BS2_S,keep,True,,False,9216.0,False,9825.0,2025-05-23,128573.0,13086.310432569973,2373.826542120041,True,-103.93517753,32.13639668,off_band,,396.0,,BS2_S,none
3001555908,CORRAL GORGE 12 13 FEDERAL COM #025H,Occidental,30,Eddy,BS2_S,BS2_S,keep,True,,False,9272.0,False,10139.0,2025-05-24,206840.0,20400.43396784693,1837.338039064011,True,-103.93078636,32.13686633,off_band,,388.0,,BS2_S,none
3001555913,POKER LAKE UNIT 23 DTD #543H,Exxon Mobil,30,Eddy,BS2_S,BS2_S,keep,False,,False,9849.0,False,11846.0,2026-02-14,,,,False,-103.8472149,32.19080139,off_band,,700.0,,BS2_S,none
3001555915,WIGEON 23 26 FEDERAL COM #005H,Devon,30,Eddy,BS2_S,BS2_S,keep,True,,False,7330.0,False,9762.0,2026-01-09,,,,False,-104.25832396,32.10737803,agree,,41.0,41.0,BS2_S,none
3001555930,POKER LAKE UNIT 28 BS #209H,Exxon Mobil,30,Eddy,BS2_S,BS2_S,keep,True,,False,10174.0,False,12336.0,2025-11-16,,,,False,-103.78616466,32.08181753,agree,,19.0,19.0,BS2_S,none
3001555933,POKER LAKE UNIT 28 BS #309H,Exxon Mobil,30,Eddy,BS2_S,BS2_S,keep,True,,False,10211.0,False,12981.0,2025-11-24,,,,False,-103.78095665,32.0826026,agree,,39.0,39.0,BS2_S,none
3001555947,POKER LAKE UNIT 30 BS #408H,Exxon Mobil,30,Eddy,BS2_S,BS2_S,keep,True,,False,10117.0,False,13228.0,2025-10-01,,,,False,-103.81241117,32.08300756,agree,,41.0,41.0,BS2_S,none
3001555948,POKER LAKE UNIT 30 BS #309H,Exxon Mobil,30,Eddy,BS2_S,BS2_S,keep,True,,False,10079.0,False,13550.0,2025-10-01,,,,False,-103.815671,32.083278,agree,,62.0,62.0,BS3_C,none
3001555951,POKER LAKE UNIT 30 BS #109H,Exxon Mobil,30,Eddy,BS2_S,BS2_S,keep,True,,False,10824.0,False,14207.0,2025-10-01,,,,False,-103.82341814,32.08161474,agree,,745.0,745.0,BS3_C,none
3001555952,POKER LAKE UNIT 30 BS #110H,Exxon Mobil,30,Eddy,BS3_C,BS2_S,reassign,True,class BS3_C->BS2_S (precision 0.90) + sql/23 concurs + GOR none,False,10130.0,False,6433.0,2025-11-01,,,,False,-103.81972809,32.08815466,flag,BS2_S,32.0,,BS2_S,none
3001555958,POKER LAKE UNIT 29 BS #209H,Exxon Mobil,30,Eddy,BS2_S,BS2_S,keep,True,,False,10124.0,False,7121.0,2025-10-01,,,,False,-103.80315807,32.08932681,agree,,48.0,48.0,BS2_S,none
3001555960,TEXAS TOOTHPICK 12 13 FEDERAL COM #526H,Mewbourne,30,Eddy,BS2_S,BS2_S,keep,False,,True,8799.0,False,10100.0,2025-04-18,334266.0,33095.64356435643,1914.3915324920872,True,-103.92288421,32.58107345,agree,,189.0,189.0,BS2_S,none
3001555990,BIG EDDY UNIT DI 5 WEST 27 29 #005H,Exxon Mobil,30,Eddy,BS2_S,BS2_S,keep,False,,False,9685.0,False,13545.0,2026-03-30,,,,False,-103.87779,32.5474795,no_evidence,,,,BS3_C,none
3001556021,JAMES RANCH UNIT APACHE #136H,Exxon Mobil,30,Eddy,BS2_S,BS2_S,keep,False,,False,9828.0,False,7001.0,2026-03-30,,,,False,-103.8400935,32.3762075,off_band,,1134.5,,BS2_S,none
3001556079,ASTRODOG 0810 #122H,Permian Resources,30,Eddy,BS2_S,BS2_S,keep,True,,False,8566.0,False,10395.0,2025-08-01,,,,False,-103.98961885,32.32242511,agree,,253.0,253.0,BS2_S,none
3001556096,ASTRODOG 0809 #123H,Permian Resources,30,Eddy,BS2_S,BS2_S,keep,True,,False,8823.0,False,10375.0,2025-08-01,,,,False,-103.9982711,32.31880281,agree,,70.0,70.0,BS2_S,none
3001556099,ASTRODOG 0810 #121H,Permian Resources,30,Eddy,BS2_S,BS2_S,keep,False,,False,8831.0,False,10492.0,2026-07-08,,,,False,-103.98986838,32.32612735,agree,,16.0,16.0,BS2_S,none
3001556113,KANGAROO 12 FEDERAL COM #121H,Permian Resources,30,Eddy,BS2_S,BS2_S,keep,True,,False,7645.0,False,7338.0,2025-08-03,120155.0,16374.352684655218,4601.173484249511,False,-104.14419445,32.59373946,agree,,63.5,63.5,BS2_S,none
3001556115,KANGAROO 12 FEDERAL COM #123H,Permian Resources,30,Eddy,BS2_S,BS2_S,keep,True,,False,7659.0,False,7211.0,2025-08-03,95822.0,13288.309527111358,3641.460207468014,False,-104.14474355,32.58642229,agree,,63.0,63.0,BS2_S,none
3001556116,KANGAROO 12 FEDERAL COM #122H,Permian Resources,30,Eddy,BS2_S,BS2_S,keep,True,,False,7642.0,False,7323.0,2025-08-03,105976.0,14471.664618325824,3683.8057673435496,False,-104.14429794,32.59010073,agree,,66.5,66.5,BS2_S,none
3001556117,KANGAROO 12 FEDERAL COM #124H,Permian Resources,30,Eddy,BS2_S,BS2_S,keep,True,,False,7665.0,False,7302.0,2025-08-03,106913.0,14641.605039715147,3177.5555825764873,False,-104.14450551,32.58283301,agree,,62.5,62.5,BS2_S,none
3001556147,POKER LAKE UNIT 25 BD #405H,Exxon Mobil,30,Eddy,BS2_S,BS2_S,keep,True,,False,9982.0,False,7641.0,2025-12-01,,,,False,-103.84054982,32.08989469,off_band,,1366.0,,BS3_C,none
3001556155,POKER LAKE UNIT 25 BD #508H,Exxon Mobil,30,Eddy,BS2_S,BS2_S,keep,True,,False,10014.0,False,7518.0,2025-11-01,,,,False,-103.83219122,32.08959756,agree,,65.0,65.0,BS2_S,none
3001556175,MIMOSA 18 16 STATE COM #223H,Devon,30,Eddy,BS2_S,BS2_S,keep,True,,False,8574.0,False,15189.0,2025-11-21,,,,False,-103.99321663,32.57161859,agree,,42.0,42.0,BS2_S,none
3001556176,WAYNE GAYLORD 2930 FEDERAL COM #121H,Matador,30,Eddy,BS2_S,BS2_S,keep,True,,False,7196.0,False,10038.0,2025-09-25,,,,False,-104.20899115,32.54984979,no_evidence,,,,BS2_S,none
3001556177,MIMOSA 18 16 STATE COM #224H,Devon,30,Eddy,BS2_S,BS2_S,keep,True,,False,8604.0,False,15111.0,2025-11-21,,,,False,-103.99328175,32.56806763,agree,,72.0,72.0,BS2_S,none
3001556178,WAYNE GAYLORD 2930 FEDERAL COM #122H,Matador,30,Eddy,BS2_S,BS2_S,keep,True,,False,7189.0,False,10314.0,2025-09-25,,,,False,-104.20869392,32.54536789,agree,,206.0,206.0,BS2_S,none
3001556180,MIMOSA 17 16 STATE COM #222H,Devon,30,Eddy,BS2_S,BS2_S,keep,True,,False,8542.0,False,9746.0,2025-11-17,,,,False,-103.98453131,32.57502201,agree,,32.0,32.0,BS2_S,none
3001556185,JAMES RANCH UNIT APACHE #701H,Exxon Mobil,30,Eddy,BS2_S,BS2_S,keep,False,,True,9788.0,False,10352.0,2026-04-14,,,,False,-103.84336497,32.39849121,no_evidence,,,,BS2_S,none
3001556186,MIMOSA 17 16 STATE COM #221H,Devon,30,Eddy,BS2_S,BS2_S,keep,True,,False,8532.0,False,9652.0,2025-11-17,,,,False,-103.98425711,32.57860079,agree,,42.0,42.0,BS2_S,none
3001556187,JAMES RANCH UNIT APACHE #702H,Exxon Mobil,30,Eddy,BS2_S,BS2_S,keep,False,,False,9757.0,False,9277.0,2026-04-15,,,,False,-103.84465802,32.39574338,no_evidence,,,,BS2_S,none
3001556188,JAMES RANCH UNIT APACHE #704H,Exxon Mobil,30,Eddy,BS2_S,BS2_S,keep,False,,True,9589.0,False,10356.0,2026-04-15,,,,False,-103.84300879,32.39320903,no_evidence,,,,BS2_S,none
3001556189,JAMES RANCH UNIT APACHE #708H,Exxon Mobil,30,Eddy,BS2_S,BS2_S,keep,False,,False,9823.0,False,6961.0,2026-04-02,,,,False,-103.84029833,32.38319554,no_evidence,,,,BS2_S,none
3001556190,JAMES RANCH UNIT APACHE #709H,Exxon Mobil,30,Eddy,BS2_S,BS2_S,keep,False,,True,9815.0,False,7613.0,2026-03-31,,,,False,-103.83850243,32.3851027,no_evidence,,,,BS2_S,none
3001556210,YARDBIRDS 27 34 FEE #526H,Mewbourne,30,Eddy,BS2_S,BS2_S,keep,True,,False,8285.0,False,10476.0,2025-08-08,159068.0,15184.039709812905,2413.929891618679,False,-104.07303467,32.268865,agree,,4.5,4.5,BS2_S,none
3001556236,POKER LAKE UNIT 25 BD #510H,Exxon Mobil,30,Eddy,BS2_S,BS2_S,keep,False,,True,9670.0,False,16114.0,2025-11-01,,,,False,-103.83141991,32.07951026,agree,,376.5,376.5,BS2_S,none
3001556242,ROSS DRAW 35 26 23 FEDERAL COM #324H,Devon,30,Eddy,BS2_S,BS2_S,keep,True,,False,9482.0,False,12000.0,2026-01-15,,,,False,-103.85068939,32.0188045,agree,,20.0,20.0,BS2_S,none
3001556243,ROSS DRAW 35 26 23 FEDERAL COM #325H,Devon,30,Eddy,BS2_S,BS2_S,keep,False,,False,9480.0,False,12070.0,2026-04-01,,,,False,-103.84739787,32.01863064,agree,,2.0,2.0,BS2_S,none
3001556293,SPEEDWAGON 27 FEE #528H,Mewbourne,30,Eddy,BS2_S,BS2_S,keep,True,,False,8314.0,False,5251.0,2025-08-08,102119.0,19447.533803085127,2492.1121436755157,False,-104.06818406,32.27612149,agree,,29.0,29.0,BS2_S,none
3001556295,JAMES RANCH UNIT APACHE #703H,Exxon Mobil,30,Eddy,BS2_S,BS2_S,keep,False,,True,9787.0,False,10328.0,2026-04-14,,,,False,-103.84300796,32.39489821,no_evidence,,,,BS2_S,none
3001556296,JAMES RANCH UNIT APACHE #706H,Exxon Mobil,30,Eddy,BS2_S,BS2_S,keep,False,,True,9589.0,False,10331.0,2026-04-17,,,,False,-103.84310953,32.38949658,no_evidence,,,,BS2_S,none
3001556297,JAMES RANCH UNIT APACHE #707H,Exxon Mobil,30,Eddy,BS2_S,BS2_S,keep,False,,True,9814.0,False,10050.0,2026-04-03,,,,False,-103.84292417,32.38759629,no_evidence,,,,BS2_S,none
3001556298,JAMES RANCH UNIT APACHE #710H,Exxon Mobil,30,Eddy,BS2_S,BS2_S,keep,False,,True,9815.0,False,7607.0,2026-04-03,,,,False,-103.83838457,32.38048641,no_evidence,,,,BS2_S,none
3001556299,JAMES RANCH UNIT APACHE #711H,Exxon Mobil,30,Eddy,BS2_S,BS2_S,keep,False,,True,9815.0,False,7636.0,2026-04-03,,,,False,-103.83839898,32.37696669,off_band,,1169.0,,BS2_S,none
3001556312,CORRAL 20 32 FEDERAL COM #103H,Exxon Mobil,30,Eddy,BS2_S,BS2_S,keep,False,,False,8542.0,False,15510.0,2026-05-16,,,,False,-104.013552,32.1009705,no_evidence,,,,BS2_S,none
3001556315,CORRAL 20 32 FEDERAL COM #210H,Exxon Mobil,30,Eddy,BS2_S,BS2_S,keep,False,,False,8581.0,False,15284.0,2026-05-17,,,,False,-104.01051986,32.10018102,agree,,69.0,69.0,BS2_S,none
3001556320,CORRAL 20 32 FEDERAL COM #410H,Exxon Mobil,30,Eddy,BS2_S,BS2_S,keep,False,,True,8629.0,False,15792.0,2026-05-12,,,,False,-104.00556158,32.10093242,agree,,51.0,51.0,BS2_S,none
3001556337,IRON THRONE FEDERAL COM #501H,ConocoPhillips,30,Eddy,BS2_S,BS2_S,keep,False,,False,9856.0,False,16250.0,2026-05-11,,,,False,-103.885853,32.2801565,off_band,,207.0,,BS3_C,none
3001556338,IRON THRONE FEDERAL COM #502H,ConocoPhillips,30,Eddy,BS2_S,BS2_S,keep,False,,False,9873.0,False,15431.0,2026-05-11,,,,False,-103.8869289,32.27911183,off_band,,190.0,,BS3_C,none
3001556339,IRON THRONE FEDERAL COM #503H,ConocoPhillips,30,Eddy,BS2_S,BS2_S,keep,False,,False,9860.0,False,15609.0,2026-05-11,,,,False,-103.88673815,32.27602602,off_band,,201.5,,BS3_C,none
3001556351,CORRAL 20 32 FEDERAL COM #311H,Exxon Mobil,30,Eddy,BS2_S,BS2_S,keep,False,,True,8613.0,False,15809.0,2026-05-12,,,,False,-104.00500842,32.10081164,agree,,67.0,67.0,BS2_S,none
3001556363,POKER LAKE UNIT 27 BD #611H,Exxon Mobil,30,Eddy,BS2_S,BS2_S,keep,True,,False,9812.0,False,15062.0,2025-12-24,,,,False,-103.86302344,32.07842299,agree,,63.0,63.0,BS3_C,none
3001556367,CORRAL 20 32 FEDERAL COM #409H,Exxon Mobil,30,Eddy,BS2_S,BS2_S,keep,False,,True,8680.0,False,15700.0,2026-04-21,,,,False,-103.99975131,32.10109023,agree,,0.0,0.0,BS2_S,none
3001556380,BELLOQ 11 2 FEDERAL STATE COM #214H,Devon,30,Eddy,BS2_S,BS2_S,keep,False,class BS2_S->BS3_C rejected (precision 0.33),False,10255.0,False,9840.0,2026-07-11,,,,False,-103.7474905,32.32727647,flag,BS3_C,104.0,,BS2_S,none
3001556387,EASY PEASY 32 33 FEDERAL COM #521H,Mewbourne,30,Eddy,BS2_S,BS2_S,keep,False,,True,8731.0,False,8900.0,2026-04-15,,,,False,-103.88120046,32.7100937,agree,,103.0,103.0,BS2_S,none
3001556388,EASY PEASY 32 33 FEDERAL COM #523H,Mewbourne,30,Eddy,BS2_S,BS2_S,keep,False,,True,8779.0,False,9049.0,2026-04-17,,,,False,-103.88098146,32.70646701,agree,,59.0,59.0,BS2_S,none
3001556393,JUNO 26 25 STATE COM #528H,Mewbourne,30,Eddy,BS2_S,BS2_S,keep,False,,True,7337.0,False,9945.0,2025-12-27,,,,False,-104.24267219,32.53871357,off_band,,1475.0,,BS2_S,none
3001556406,POKER LAKE UNIT 21 BD #501H,Exxon Mobil,30,Eddy,BS2_S,BS2_S,keep,False,,False,9603.0,False,10653.0,2026-03-05,,,,False,-103.89372363,32.09388549,agree,,152.0,152.0,BS2_S,none
3001556410,POKER LAKE UNIT 21 BD #507H,Exxon Mobil,30,Eddy,BS2_S,BS2_S,keep,False,,True,9634.0,False,13137.0,2026-03-04,,,,False,-103.88079255,32.08985885,off_band,,716.0,,BS3_C,none
3001556439,STINGRAY 24 FEDERAL #114H,Permian Resources,30,Eddy,BS2_S,BS2_S,keep,True,,False,8835.0,False,8173.0,2025-11-06,,,,False,-103.91776882,32.6467471,agree,,80.5,80.5,BS2_S,none
3001556472,JUNO 26 25 STATE COM #526H,Mewbourne,30,Eddy,BS2_S,BS2_S,keep,False,,True,7329.0,False,9971.0,2025-12-26,,,,False,-104.24257379,32.54234114,off_band,,1471.5,,BS2_S,none
3001556492,POKER LAKE UNIT 27 BD #609H,Exxon Mobil,30,Eddy,BS2_S,BS2_S,keep,True,,False,9796.0,False,15364.0,2025-12-24,,,,False,-103.86708276,32.07832728,agree,,47.0,47.0,BS3_C,none
3001556506,POKER LAKE UNIT 27 BD #509H,Exxon Mobil,30,Eddy,BS2_S,BS2_S,keep,False,,False,9726.0,False,14823.0,2026-03-08,,,,False,-103.8760734,32.0777563,off_band,,1226.5,,BS2_S,none
3001556511,MOJO 30 25 FEDERAL #111H,Permian Resources,30,Eddy,BS2_S,BS2_S,keep,True,,False,8959.0,False,9806.0,2025-11-03,,,,False,-103.91791696,32.63776319,agree,,115.0,115.0,BS2_S,none
3001556518,YARDBIRDS 27 34 FEE #522H,Mewbourne,30,Eddy,BS2_S,BS2_S,keep,True,,False,8203.0,False,10341.0,2025-08-15,211003.0,20404.50633401025,2344.388468410402,False,-104.08234275,32.26868755,agree,,82.0,82.0,BS2_S,none
3001556523,YARDBIRDS 27 34 FEE #524H,Mewbourne,30,Eddy,BS2_S,BS2_S,keep,True,,False,8259.0,False,9895.0,2025-08-14,208921.0,21113.79484588176,2332.494100640912,False,-104.07743525,32.26786326,agree,,40.5,40.5,BS2_S,none
3001556538,POKER LAKE UNIT 20 BD #117H,Exxon Mobil,30,Eddy,BS2_S,BS2_S,keep,True,,False,9420.0,False,10064.0,2026-01-24,,,,False,-103.91101361,32.09313191,agree,,31.0,31.0,BS2_S,none
3001556539,POKER LAKE UNIT 20 BD #308H,Exxon Mobil,30,Eddy,BS2_S,BS2_S,keep,True,,False,9477.0,False,10296.0,2026-01-23,,,,False,-103.90233574,32.0932751,agree,,52.0,52.0,BS2_S,none
3001556541,POKER LAKE UNIT 20 BD #310H,Exxon Mobil,30,Eddy,BS2_S,BS2_S,keep,True,,False,9517.0,False,10028.0,2026-01-21,,,,False,-103.89800413,32.09305787,agree,,92.0,92.0,BS2_S,none
3001556548,CORRAL 22 34 FEDERAL COM #102H,Exxon Mobil,30,Eddy,BS2_S,BS2_S,keep,False,,False,8842.0,False,15153.0,2026-06-13,,,,False,-103.97909537,32.10018625,agree,,177.0,177.0,BS2_S,none
3001556549,RUNWAY 26 30 FEDERAL COM #523H,Mewbourne,30,Eddy,BS2_S,BS2_S,keep,True,,False,7070.0,False,15936.0,2025-10-25,,,,False,-104.24607245,32.3653629,off_band,,1922.0,,BS2_S,none
3001556550,RUNWAY 26 30 FEDERAL COM #521H,Mewbourne,30,Eddy,BS2_S,BS2_S,keep,False,,True,7101.0,False,15960.0,2025-10-25,,,,False,-104.24643788,32.36887659,no_evidence,,,,BS2_S,none
3001556553,CORRAL 22 34 FEDERAL COM #101H,Exxon Mobil,30,Eddy,BS2_S,BS2_S,keep,False,,True,8840.0,False,15801.0,2026-06-21,,,,False,-103.9789454,32.10087951,agree,,175.0,175.0,BS2_S,none
3001556561,CORRAL 22 34 FEDERAL COM #205H,Exxon Mobil,30,Eddy,BS2_S,BS2_S,keep,False,,False,8882.0,False,15248.0,2026-07-23,,,,False,-103.97379873,32.09989617,agree,,202.0,202.0,BS2_S,none
3001556569,CORRAL 22 34 FEDERAL COM #407H,Exxon Mobil,30,Eddy,BS2_S,BS2_S,keep,False,,True,8908.0,False,15752.0,2026-06-20,,,,False,-103.96887614,32.10084467,agree,,215.0,215.0,BS2_S,none
3001556578,CLAIRE 33 34 FEE #201H,Permian Resources,30,Eddy,BS2_S,BS2_S,keep,True,,False,5585.0,False,2030.0,2025-07-21,31024.0,15282.758620689656,10086.73929860753,False,-104.3917664,32.62287527,no_evidence,,,,AVA_1,none
3001556580,CLAWHAMMER 33 28 21 FEDERAL COM #323H,Devon,30,Eddy,BS2_S,BS2_S,keep,False,,False,9223.0,False,9610.0,2026-02-13,,,,False,-103.88897531,32.01780047,off_band,,1484.0,,BS2_S,none
3001556581,CLAWHAMMER 33 28 21 FEDERAL COM #324H,Devon,30,Eddy,BS2_S,BS2_S,keep,False,,True,9300.0,True,9466.0,2026-02-16,,,,False,-103.88347109,32.01486901,off_band,,1407.0,,BS2_S,none
3001556582,CLAWHAMMER 33 28 21 FEDERAL COM #325H,Devon,30,Eddy,BS2_S,BS2_S,keep,False,,True,9300.0,True,9465.0,2026-02-16,,,,False,-103.8800343,32.01487295,off_band,,1407.0,,BS2_S,none
3001556584,CLAWHAMMER 33 28 21 FEDERAL COM #322H,Devon,30,Eddy,BS2_S,BS2_S,keep,False,,False,9221.0,False,8906.0,2026-02-13,,,,False,-103.89210131,32.01567127,off_band,,1486.0,,BS2_S,none
3001556611,WATERBOY 27 26 FEE #522H,Mewbourne,30,Eddy,BS2_S,BS2_S,keep,False,,True,7653.0,False,10502.0,2026-01-22,,,,False,-104.16874507,32.36907151,no_evidence,,,,BS2_S,none
3001556614,WATERBOY 27 26 FEE #524H,Mewbourne,30,Eddy,BS2_S,BS2_S,keep,False,,True,7634.0,False,10462.0,2026-01-22,,,,False,-104.16868453,32.36550007,no_evidence,,,,BS2_S,none
3001556617,CITY SLICKERS 28 29 FEE #523H,Mewbourne,30,Eddy,BS2_S,BS2_S,keep,False,,True,7259.0,False,10371.0,2026-01-21,,,,False,-104.20312343,32.36716348,off_band,,1639.0,,BS2_S,none
3001556625,MONGO 25 FEDERAL COM #502H,3r Operating,30,Eddy,BS2_S,BS2_S,keep,True,,False,8398.0,False,5187.0,2025-10-01,,,,False,-104.04073042,32.19122953,agree,,41.0,41.0,BS2_S,none
3001556627,STARK 33 FEDERAL COM #502H,EOG,30,Eddy,BS2_S,BS2_S,keep,True,,False,9522.0,False,9560.0,2025-11-30,,,,False,-103.89116546,32.06347586,agree,,82.0,82.0,BS2_S,none
3001556632,STARK 33 FEDERAL COM #592H,EOG,30,Eddy,BS2_S,BS2_S,keep,True,,False,9344.0,False,9643.0,2025-12-01,,,,False,-103.88953477,32.06339971,agree,,133.0,133.0,BS2_S,none
3001556635,STARK 33 FEDERAL COM #773H,EOG,30,Eddy,BS2_S,BS2_S,keep,True,,False,9309.0,False,9872.0,2025-12-02,,,,False,-103.89302167,32.06383741,agree,,168.0,168.0,BS2_S,none
3001556636,STARK 33 FEDERAL COM #802H,EOG,30,Eddy,BS2_S,BS2_S,keep,True,,False,9520.0,False,10086.0,2025-11-30,,,,False,-103.89510539,32.06378633,agree,,80.0,80.0,BS2_S,none
3001556638,POKER LAKE UNIT 20 BD #118H,Exxon Mobil,30,Eddy,BS2_S,BS2_S,keep,True,,False,9425.0,False,9426.0,2026-01-26,,,,False,-103.90670749,32.09216505,agree,,52.0,52.0,BS2_S,none
3001556739,CERROS LOCOS 6 4 FEDERAL COM #521H,Mewbourne,30,Eddy,BS2_S,BS2_S,keep,True,,False,7715.0,False,15045.0,2025-10-24,,,,False,-103.99304318,32.78194137,agree,,131.0,131.0,BS2_S,none
3001556740,WINE MIXER 21 20 FEDERAL COM #528H,Mewbourne,30,Eddy,BS2_S,BS2_S,keep,False,,True,6800.0,True,9917.0,2025-10-26,,,,False,-104.29546983,32.55295926,agree,,42.5,42.5,BS2_S,none
3001556743,POKER LAKE UNIT 13 1 PC #705H,Exxon Mobil,30,Eddy,BS2_S,BS2_S,keep,False,,False,9148.0,False,7810.0,2026-05-31,,,,False,-103.93647911,32.20645587,agree,,135.0,135.0,BS2_S,none
3001556744,POKER LAKE UNIT 13 1 PC #707H,Exxon Mobil,30,Eddy,BS2_S,BS2_S,keep,False,,False,8973.0,False,8413.0,2026-05-09,,,,False,-103.93346772,32.20742245,agree,,38.5,38.5,BS2_S,none
3001556745,POKER LAKE UNIT 13 1 PC #708H,Exxon Mobil,30,Eddy,BS2_S,BS2_S,keep,False,,False,9207.0,False,8785.0,2026-05-12,,,,False,-103.93097364,32.20781066,agree,,194.0,194.0,BS2_S,none
3001556748,POKER LAKE UNIT 13 24 PC #705H,Exxon Mobil,30,Eddy,BS2_S,BS2_S,keep,False,,True,9145.0,False,10121.0,2026-05-31,,,,False,-103.93648968,32.23259665,agree,,83.0,83.0,BS2_S,none
3001556749,POKER LAKE UNIT 13 24 PC #707H,Exxon Mobil,30,Eddy,BS2_S,BS2_S,keep,False,,True,8992.0,False,12580.0,2026-05-19,,,,False,-103.93348738,32.23663664,off_band,,625.0,,BS2_S,none
3001556750,POKER LAKE UNIT 13 24 PC #708H,Exxon Mobil,30,Eddy,BS2_S,BS2_S,keep,False,,True,9192.0,False,12457.0,2026-05-21,,,,False,-103.93098376,32.23674612,off_band,,825.0,,BS2_S,none
3001556910,GOLDEN GRAHAM 1 FEDERAL COM #504H,EOG,30,Eddy,BS2_S,BS2_S,keep,True,,False,8392.0,False,9867.0,2026-01-01,,,,False,-104.0379425,32.07992305,agree,,37.5,37.5,BS2_S,none
3001556917,GOLDEN GRAHAM 1 STATE COM #503H,EOG,30,Eddy,BS2_S,BS2_S,keep,True,,False,8372.0,False,10340.0,2026-01-21,,,,False,-104.043819,32.079308,agree,,56.5,56.5,BS2_S,none
3001556918,GOLDEN GRAHAM 1 STATE COM #502H,EOG,30,Eddy,BS2_S,BS2_S,keep,True,,False,8208.0,False,9795.0,2026-01-21,,,,False,-104.0451502,32.08002231,agree,,146.5,146.5,BS2_S,none
3001556919,GOLDEN GRAHAM 1 STATE COM #501H,EOG,30,Eddy,BS2_S,BS2_S,keep,True,,False,8337.0,False,9980.0,2026-01-21,,,,False,-104.04815475,32.07973973,agree,,43.0,43.0,BS2_S,none
3001556922,THE DUDE FEE 20 19 A #504H,Paloma Permian Assetco,30,Eddy,BS2_S,BS2_S,keep,False,,False,7162.0,False,10227.0,2026-03-15,,,,False,-104.22058481,32.38366161,off_band,,1725.5,,BS2_S,none
3001556923,THE DUDE FEE 20 19 B #503H,Paloma Permian Assetco,30,Eddy,BS2_S,BS2_S,keep,False,,False,7128.0,False,10145.0,2026-03-01,,,,False,-104.2208763,32.37998297,off_band,,1759.5,,BS2_S,none
3001556924,THE DUDE FEE 20 19 C #502H,Paloma Permian Assetco,30,Eddy,BS2_S,BS2_S,keep,False,,False,7152.0,False,10404.0,2026-03-01,,,,False,-104.22036447,32.37618,off_band,,1736.0,,BS2_S,none
3001556925,THE DUDE FEE 20 19 D #501H,Paloma Permian Assetco,30,Eddy,BS2_S,BS2_S,keep,False,,False,7091.0,False,10496.0,2026-03-07,,,,False,-104.22040978,32.37242351,off_band,,1798.0,,BS2_S,none
3001556936,GOLDEN GRAHAM 1 FEDERAL COM #505H,EOG,30,Eddy,BS2_S,BS2_S,keep,True,,False,8266.0,False,9945.0,2026-01-21,,,,False,-104.0363665,32.0797285,agree,,112.5,112.5,BS2_S,none
3001556937,GOLDEN GRAHAM 1 FEDERAL COM #506H,EOG,30,Eddy,BS2_S,BS2_S,keep,True,,False,8385.0,False,9632.0,2026-01-21,,,,False,-104.03323081,32.07996738,agree,,30.5,30.5,BS2_S,none
3001556940,CERROS LOCOS 6 5 FEDERAL COM #528H,Mewbourne,30,Eddy,BS2_S,BS2_S,keep,True,card verdict REJECT (BS2_S->BS3_C),False,7846.0,False,9758.0,2025-11-13,,,,False,-104.00152782,32.77031241,flag,BS3_C,114.0,,BS2_S,none
3001556941,CERROS LOCOS 6 4 FEDERAL COM #523H,Mewbourne,30,Eddy,BS2_S,BS2_S,keep,True,,False,7789.0,False,15095.0,2025-11-13,,,,False,-103.99322775,32.77851891,no_evidence,,,,BS2_S,none
3001556943,PADRON 3 STATE BS UNIT #504H,EOG,30,Eddy,BS2_S,BS2_S,keep,True,,False,8004.0,False,15216.0,2025-12-10,,,,False,-104.16030992,32.15893482,off_band,,1436.0,,BS2_S,none
3001556951,SANDLOT 9 8 FEE #527H,Mewbourne,30,Eddy,BS2_S,BS2_S,keep,False,,True,7285.0,False,10391.0,2025-12-28,,,,False,-104.2030879,32.40203875,agree,,40.5,40.5,BS2_S,none
3001556956,PADRON 3 STATE BS UNIT #507H,EOG,30,Eddy,BS2_S,BS2_S,keep,True,,False,8099.0,False,14885.0,2025-12-10,,,,False,-104.15987513,32.16558817,off_band,,1341.0,,BS3_C,none
3001556991,FRESH SQUEEZED 6 5 FEDERAL COM #521H,Mewbourne,30,Eddy,BS2_S,BS2_S,keep,True,,False,8034.0,False,9832.0,2026-01-17,,,,False,-103.89938932,32.78265221,no_evidence,,,,BS3_S,none
3001556998,TAIPAN 21 FEDERAL COM #121H,Permian Resources,30,Eddy,BS2_S,BS2_S,keep,False,,False,7374.0,False,10539.0,2026-06-01,,,,False,-104.17400494,32.56354777,no_evidence,,,,BS2_S,none
3001556999,TAIPAN 21 FEDERAL COM #122H,Permian Resources,30,Eddy,BS2_S,BS2_S,keep,False,,False,7543.0,False,10386.0,2026-06-01,,,,False,-104.17386253,32.55977176,no_evidence,,,,BS2_S,none
3001557001,TAIPAN 21 FEDERAL COM #124H,Permian Resources,30,Eddy,BS2_S,BS2_S,keep,False,,False,7500.0,True,10340.0,2026-05-01,,,,False,-104.17354868,32.55259711,no_evidence,,,,BS2_S,none
3001557037,FOSTERS 16 FEDERAL COM #131H,Permian Resources,30,Eddy,BS2_S,BS2_S,keep,False,,False,7565.0,False,14523.0,2026-05-01,,,,False,-104.18246566,32.57820147,off_band,,1186.0,,BS2_S,none
3001557039,FOSTERS 16 15 FEDERAL COM #133H,Permian Resources,30,Eddy,BS2_S,BS2_S,keep,False,,False,7541.0,False,10082.0,2026-05-01,,,,False,-104.1734829,32.56723637,off_band,,1225.0,,BS2_S,none
3001557040,FOSTERS 16 15 FEDERAL COM #132H,Permian Resources,30,Eddy,BS2_S,BS2_S,keep,False,,False,7549.0,False,10508.0,2026-05-01,,,,False,-104.17403821,32.57094142,off_band,,1217.0,,BS2_S,none
3001557080,RIVERBEND 11 14 FEDERAL COM #003H,Devon,30,Eddy,BS2_S,BS2_S,keep,False,,True,8334.0,False,9814.0,2026-07-01,,,,False,-104.06385476,32.13654581,agree,,38.0,38.0,BS2_S,none
3001557081,RIVERBEND 11 14 FEDERAL COM #006H,Devon,30,Eddy,BS2_S,BS2_S,keep,False,,True,8354.0,False,9722.0,2026-07-01,,,,False,-104.05948582,32.13632466,agree,,45.0,45.0,BS2_S,none
3001557092,MUY WAYNO 18 7 FEDERAL COM #401H,Exxon Mobil,30,Eddy,BS2_S,BS2_S,keep,False,,True,9266.0,False,8705.0,2026-05-16,,,,False,-103.9283378,32.13995433,off_band,,394.0,,BS2_S,none
3001557093,MUY WAYNO 18 7 FEDERAL COM #402H,Exxon Mobil,30,Eddy,BS2_S,BS2_S,keep,False,,False,9293.0,False,8153.0,2026-05-18,,,,False,-103.9222699,32.1372314,agree,,77.0,77.0,BS2_S,none
3001557094,MUY WAYNO 18 7 FEDERAL COM #403H,Exxon Mobil,30,Eddy,BS2_S,BS2_S,keep,False,,False,9315.0,False,9071.0,2026-05-20,,,,False,-103.92339,32.1396575,agree,,135.0,135.0,BS2_S,none
3001557113,FRESH SQUEEZED 6 5 FEDERAL COM #523H,Mewbourne,30,Eddy,BS2_S,BS2_S,keep,True,,False,8194.0,False,9550.0,2026-01-17,,,,False,-103.8990367,32.7793032,no_evidence,,,,BS2_S,none
3001557148,WINE MIXER 21 20 FEDERAL COM #526H,Mewbourne,30,Eddy,BS2_S,BS2_S,keep,False,,True,6821.0,False,9913.0,2025-10-25,,,,False,-104.29550255,32.55694945,agree,,21.5,21.5,BS2_S,none
3001557165,TAIPAN 21 FEDERAL COM #123H,Permian Resources,30,Eddy,BS2_S,BS2_S,keep,False,,False,7383.0,False,10589.0,2026-05-01,,,,False,-104.17377383,32.55613243,no_evidence,,,,BS2_S,none
3001557249,HOLLYWOOD STAR FEE 17 18 C #503H,Paloma Permian Assetco,30,Eddy,BS2_S,BS2_S,keep,False,,False,7147.0,False,10134.0,2026-03-08,,,,False,-104.22084519,32.3946232,off_band,,1645.0,,BS2_S,none
3001557250,HOLLYWOOD STAR FEE 17 18 D #504H,Paloma Permian Assetco,30,Eddy,BS2_S,BS2_S,keep,False,,False,7164.0,False,10144.0,2026-03-08,,,,False,-104.22071186,32.39821993,off_band,,1647.0,,BS2_S,none
3001557251,HOLLYWOOD STAR FEE 17 18 A #501H,Paloma Permian Assetco,30,Eddy,BS2_S,BS2_S,keep,False,,False,7149.0,False,10453.0,2026-03-08,,,,False,-104.22042991,32.38725423,off_band,,1738.5,,BS2_S,none
3001557252,HOLLYWOOD STAR FEE 17 18 B #502H,Paloma Permian Assetco,30,Eddy,BS2_S,BS2_S,keep,False,,False,7165.0,False,10300.0,2026-03-08,,,,False,-104.22052852,32.39070821,off_band,,1722.5,,BS2_S,none
3001557258,JUICE BOX 24 23 FEDERAL COM #526H,Mewbourne,30,Eddy,BS2_S,BS2_S,keep,True,,False,8723.0,False,10336.0,2026-01-22,,,,False,-103.93425633,32.73074305,agree,,19.0,19.0,BS2_S,none
3001557260,JUICE BOX 24 23 FEDERAL COM #528H,Mewbourne,30,Eddy,BS2_S,BS2_S,keep,True,,False,8752.0,False,10219.0,2026-01-28,,,,False,-103.93430336,32.72757532,agree,,29.0,29.0,BS2_S,none
3001557275,POKER LAKE UNIT 18 19 BD #204H,Exxon Mobil,30,Eddy,BS2_S,BS2_S,keep,False,,True,9376.0,False,17754.0,2026-07-31,,,,False,-103.91461972,32.11059004,agree,,49.0,49.0,BS2_S,none
3001557276,JAMES RANCH UNIT DI 11 EKALAKA #701H,Exxon Mobil,30,Eddy,BS2_S,BS2_S,keep,False,,False,9033.0,False,13097.0,2026-06-25,,,,False,-103.881659,32.390909,off_band,,1118.0,,BS2_S,none
3001557277,JAMES RANCH UNIT DI 11 EKALAKA #702H,Exxon Mobil,30,Eddy,BS2_S,BS2_S,keep,False,,True,9049.0,False,13239.0,2026-06-23,,,,False,-103.88195992,32.39721217,off_band,,1102.0,,BS2_S,none
3001557280,JAMES RANCH UNIT DI 11 EKALAKA #703H,Exxon Mobil,30,Eddy,BS2_S,BS2_S,keep,False,,True,9314.0,False,13279.0,2026-06-28,,,,False,-103.88188348,32.39600299,off_band,,837.0,,BS2_S,none
3001557363,IOU 23 19 FEDERAL COM #521H,Mewbourne,30,Eddy,BS2_S,BS2_S,keep,False,,False,8127.0,False,15505.0,2026-06-29,,,,False,-104.02841873,32.73890116,agree,,177.0,177.0,BS2_S,none
3001557364,IOU 23 19 FEDERAL COM #523H,Mewbourne,30,Eddy,BS2_S,BS2_S,keep,False,,False,8151.0,False,15642.0,2026-06-29,,,,False,-104.02830615,32.73505605,no_evidence,,,,BS2_S,none
3001557525,ROSS DRAW 17 FEDERAL COM #512H,EOG,30,Eddy,BS2_S,BS2_S,keep,False,,False,9796.0,False,7013.0,2026-06-05,,,,False,-103.79467048,32.0547303,off_band,,1026.0,,BS2_S,none
3001557527,ROSS DRAW 17 FEDERAL COM #517H,EOG,30,Eddy,BS2_S,BS2_S,keep,False,,False,9981.0,False,7217.0,2026-06-07,,,,False,-103.7965608,32.05457582,off_band,,1211.0,,BS2_S,none
3001557531,ROSS DRAW 17 FEDERAL COM #757H,EOG,30,Eddy,BS2_S,BS2_S,keep,False,,False,9801.0,False,7333.0,2026-06-05,,,,False,-103.79767464,32.05397226,off_band,,1031.0,,BS2_S,none
3001557532,ROSS DRAW 17 FEDERAL COM #758H,EOG,30,Eddy,BS2_S,BS2_S,keep,False,,False,9964.0,False,7142.0,2026-06-06,,,,False,-103.79274634,32.05462927,off_band,,1194.0,,BS2_S,none
3001557554,NEATO BANDITO 23 24 FEDERAL COM #502H,Mewbourne,30,Eddy,BS2_S,BS2_S,keep,False,,False,8963.0,False,9833.0,2026-07-23,,,,False,-103.83056246,32.73695389,off_band,,326.0,,BS2_S,none
3001557588,JERICHO 7 12 FEDERAL COM #523H,Mewbourne,30,Eddy,BS2_S,BS2_S,keep,False,,False,7858.0,False,7454.0,2026-05-17,,,,False,-104.11840868,32.59038554,off_band,,1138.0,,BS2_S,none
3001557589,JERICHO 7 12 FEDERAL COM #527H,Mewbourne,30,Eddy,BS2_S,BS2_S,keep,False,,False,7846.0,False,8098.0,2026-05-17,,,,False,-104.11756585,32.58549155,off_band,,1153.0,,BS2_S,none
3001557595,STUDY BUTTE 13 FEDERAL COM #501H,Mewbourne,30,Eddy,BS2_S,BS2_S,keep,False,,False,8098.0,False,7762.0,2026-06-03,,,,False,-104.02372659,32.74254847,off_band,,153.0,,BS2_S,none
3001557597,JERICHO 7 12 FEDERAL COM #525H,Mewbourne,30,Eddy,BS2_S,BS2_S,keep,False,,False,7683.0,False,7879.0,2026-05-18,,,,False,-104.11753815,32.58737385,off_band,,1316.0,,BS2_S,none
3001557617,PINTA 29 27 FEDERAL COM #522H,Mewbourne,30,Eddy,BS2_S,BS2_S,keep,False,,False,6968.0,False,15241.0,2026-06-04,,,,False,-104.28539446,32.5499627,agree,,125.5,125.5,BS2_S,none
3001557618,PINTA 29 27 FEDERAL COM #524H,Mewbourne,30,Eddy,BS2_S,BS2_S,keep,False,,False,6963.0,False,15237.0,2026-06-04,,,,False,-104.28544343,32.54631262,agree,,114.0,114.0,BS2_S,none
3001557619,PINTA 29 27 FEDERAL COM #526H,Mewbourne,30,Eddy,BS2_S,BS2_S,keep,False,,True,7002.0,False,15232.0,2026-06-10,,,,False,-104.28559632,32.54273582,off_band,,1259.0,,BS2_S,none
3001557637,KOALA 9 FEDERAL COM #122H,Permian Resources,30,Eddy,BS2_S,BS2_S,keep,False,,False,7552.0,False,10452.0,2026-05-01,,,,False,-104.17345419,32.58916909,agree,,59.0,59.0,BS2_S,none
3001557699,JERICHO 7 12 FEDERAL COM #521H,Mewbourne,30,Eddy,BS2_S,BS2_S,keep,False,,False,7869.0,False,8124.0,2026-05-13,,,,False,-104.11748155,32.5912153,off_band,,1119.5,,BS2_S,none
3001557789,KOALA 9 FEDERAL COM #123H,Permian Resources,30,Eddy,BS2_S,BS2_S,keep,False,,False,7535.0,False,10469.0,2026-06-01,,,,False,-104.17340035,32.58570024,agree,,37.5,37.5,BS2_S,none
3001557790,KOALA 9 FEDERAL COM #124H,Permian Resources,30,Eddy,BS2_S,BS2_S,keep,False,,False,7531.0,False,10314.0,2026-06-01,,,,False,-104.17370219,32.58184853,agree,,38.0,38.0,BS2_S,none
3001557796,BIG MICK 4 U FEDERAL COM #501H,3r Operating,30,Eddy,BS2_S,BS2_S,keep,False,,False,7058.0,False,8704.0,2026-06-01,,,,False,-104.29074442,32.16221535,no_evidence,,,,BS2_S,none
3001557956,CRIPPLE CREEK 35 34 FEDERAL #521H,Mewbourne,30,Eddy,BS2_S,BS2_S,keep,False,,False,7088.0,False,10447.0,2026-07-17,,,,False,-104.26057821,32.53530036,off_band,,1701.0,,BS2_S,none
3001557957,CRIPPLE CREEK 35 34 FEDERAL #523H,Mewbourne,30,Eddy,BS2_S,BS2_S,keep,False,,False,7101.0,False,10305.0,2026-07-11,,,,False,-104.26070017,32.53167043,off_band,,1688.0,,BS2_S,none
3001557958,CRIPPLE CREEK 35 34 FEDERAL #525H,Mewbourne,30,Eddy,BS2_S,BS2_S,keep,False,,False,7110.0,False,10357.0,2026-07-18,,,,False,-104.26046427,32.52802841,off_band,,1679.0,,BS2_S,none
3001557959,CRIPPLE CREEK 35 34 FEDERAL #527H,Mewbourne,30,Eddy,BS2_S,BS2_S,keep,False,,False,7102.0,False,10274.0,2026-07-12,,,,False,-104.26079872,32.52445542,no_evidence,,,,BS2_S,none
3001557978,MILKSHAKE 9 10 FEDERAL COM #522H,Mewbourne,30,Eddy,BS2_S,BS2_S,keep,False,,False,8125.0,False,10806.0,2026-06-22,,,,False,-103.9690133,32.7686376,off_band,,165.0,,BS2_S,none
3001557979,MILKSHAKE 9 10 FEDERAL COM #524H,Mewbourne,30,Eddy,BS2_S,BS2_S,keep,False,,False,8170.0,False,11012.0,2026-06-22,,,,False,-103.96901416,32.7669614,no_evidence,,,,BS2_S,none
3002505512,PRE-ONGARD WELL #001,,30,Lea,BS2_S,BS2_S,keep,False,,False,8200.0,True,2012.0,1962-02-01,,,,False,-103.29714197,32.72318654,no_evidence,,,,BS2_S,none
3002505936,PRE-ONGARD WELL #007,,30,Lea,BS2_S,BS2_S,keep,True,,False,10095.0,False,2307.0,1960-07-01,,,,False,-103.29316923,32.59817107,no_evidence,,,,BS2_S,none
3002523629,MESCALERO RIDGE UNIT #004,Pennzenergy Exploration And Production,30,Lea,BS2_S,BS2_S,keep,True,,False,10258.0,False,2065.0,1971-01-01,,,,False,-103.52420014,32.62121098,off_band,,667.0,,BS3_C,none
3002526309,TRUCKER BRK STATE #001,EOG,30,Lea,BS2_S,BS2_S,keep,True,,False,11143.0,False,3275.0,2013-01-31,32074.0,9793.58778625954,1411.392405063291,False,-103.54142129,32.24478173,off_band,,583.0,,BS2_S,none
3002526824,STATE AP #001,Penroc Oil,30,Lea,BS2_S,BS2_S,keep,True,class BS2_S->BS3_C rejected (precision 0.33),False,9245.0,False,3952.0,1987-06-01,,,,False,-103.46256123,32.7604584,flag,BS3_C,34.0,,BS2_S,none
3002527051,STRATOCASTER 20 FEDERAL #004H,ConocoPhillips,30,Lea,BS2_S,BS2_S,keep,True,,False,10537.0,False,3613.0,1993-09-26,388.0,107.38998062551897,25422.680412371134,False,-103.48566368,32.28831688,agree,,12.0,12.0,BS2_S,none
3002527417,STATE HH #001H,Devon,30,Lea,BS3_C,BS2_S,reassign,True,class BS3_C->BS2_S (precision 0.90) + sql/23 concurs + GOR none,False,9999.0,False,3500.0,1993-01-01,10212.0,2917.714285714286,42455.444575009795,False,-103.7204906,32.61844429,flag,BS2_S,20.5,,BS2_S,none
3002529015,YOUNG DEEP UNIT #014H,Nadel And Gussman,30,Lea,BS2_S,BS2_S,keep,True,,False,8856.0,False,2509.0,1993-01-01,3880.0,1546.4328417696292,3951.546391752577,False,-103.77348,32.76618057,no_evidence,,,,BS2_S,none
3002530262,STATE 16 #002H,EOG,30,Lea,BS2_S,BS2_S,keep,True,,False,9581.0,False,2299.0,1993-01-01,3832.0,1666.8116572422794,5719.206680584552,False,-103.66548429,32.74239331,agree,,53.0,53.0,BS2_S,none
3002530836,UNCLE FEDERAL #003H,EOG,30,Lea,BS2_S,BS2_S,keep,True,,False,9660.0,False,2460.0,1993-01-01,18527.0,7531.30081300813,2660.873320019431,False,-103.66626875,32.72061419,agree,,27.0,27.0,BS2_S,none
3002531318,GEM 8705 JV-P #006H,BTA Oil,30,Lea,BS2_S,BS2_S,keep,True,,False,10188.0,False,3452.0,1993-01-01,1340.0,388.180764774044,119841.79104477612,False,-103.636131,32.60036386,agree,,0.5,0.5,BS2_S,none
3002531513,SOUTH CORBIN FEDERAL #003H,EOG,30,Lea,BS2_S,BS2_S,keep,True,,False,9528.0,False,4087.0,1994-01-01,8.0,1.9574259848299485,6906125.0,False,-103.67843869,32.72722232,no_evidence,,,,BS3_S,none
3002534440,GAUCHO UNIT #007H,Devon,30,Lea,BS2_S,BS2_S,keep,True,,False,10367.0,False,3712.0,2008-11-29,276.0,74.35344827586208,1764.4927536231885,False,-103.4941953,32.38214306,agree,,6.0,6.0,BS2_S,none
3002535535,BOLA 7 FEDERAL COM #003H,Matador,30,Lea,BS2_S,BS2_S,keep,True,,False,8760.0,False,2190.0,2002-02-14,4853.0,2215.981735159817,756.8514321038533,False,-103.80181983,32.76589067,no_evidence,,,,BS2_S,none
3002537295,STRATOCASTER 20 FEDERAL #001H,ConocoPhillips,30,Lea,BS2_S,BS2_S,keep,True,,False,10576.0,False,3361.0,2005-11-01,29270.0,8708.717643558466,55860.64229586608,False,-103.4983195,32.29184145,agree,,31.0,31.0,BS2_S,none
3002538612,LANGLEY GREER COM #003H,Southwest Royalties,30,Lea,BS2_S,BS2_S,keep,True,,False,12308.0,False,1219.0,2008-09-02,34082.0,27958.98277276456,11678.36394577783,False,-103.27656849,32.3796592,no_evidence,,,,BS2_S,none
3002538736,MAGNUM PRONTO STATE #003H,ConocoPhillips,30,Lea,BS2_S,BS2_S,keep,True,,False,9282.0,False,,2008-06-12,30103.0,,1590.6720260439158,False,-103.79052781,32.62055912,agree,,64.0,64.0,BS2_S,none
3002538865,LEAR STATE #001H,ConocoPhillips,30,Lea,BS2_S,BS2_S,keep,False,,True,9369.0,False,1655.0,2009-05-17,17119.0,10343.80664652568,1527.4840820141364,False,-103.78105237,32.7003644,agree,,20.0,20.0,BS2_S,none
3002538866,LEAR STATE #002H,ConocoPhillips,30,Lea,BS2_S,BS2_S,keep,True,,False,9353.0,False,1636.0,2009-10-14,50804.0,31053.789731051347,774.6830958192269,False,-103.78848419,32.69796288,agree,,23.0,23.0,BS2_S,none
3002538897,KING AIR FEDERAL #001H,ConocoPhillips,30,Lea,BS2_S,BS2_S,keep,False,,True,9349.0,False,,2010-01-03,28489.0,,1225.3501351398786,False,-103.78738905,32.68132156,agree,,43.5,43.5,BS2_S,none
3002538970,PATTERSON B 52 FEDERAL #005H,ConocoPhillips,30,Lea,BS2_S,BS2_S,keep,True,,False,9376.0,False,1549.0,2011-09-13,57135.0,36885.087153001936,1670.4296840815612,False,-103.78214537,32.68589889,agree,,53.0,53.0,BS3_S,none
3002539026,FALCON FEDERAL #003H,ConocoPhillips,30,Lea,BS2_S,BS2_S,keep,True,,False,9333.0,False,1517.0,2008-10-24,18688.0,12319.05075807515,1309.9315068493152,False,-103.77251933,32.6786066,agree,,56.0,56.0,BS2_S,none
3002539289,PATTERSON B 52 FEDERAL #004H,ConocoPhillips,30,Lea,BS2_S,BS2_S,keep,True,,False,9313.0,False,1552.0,2011-08-04,18524.0,11935.567010309278,1131.5590585186785,False,-103.79537992,32.68588537,agree,,15.0,15.0,BS2_S,none
3002539623,NORTH MADURO FEDERAL UNIT #003H,Devon,30,Lea,BS2_S,BS2_S,keep,True,,False,9993.0,False,4288.0,2010-11-01,60212.0,14041.977611940298,883.3455125224208,False,-103.68499994,32.64715289,agree,,8.5,8.5,BS2_S,none
3002539634,SOUTHERN CALIFORNIA 29 FEDERAL #015H,Devon,30,Lea,BS2_S,BS2_S,keep,True,,False,9321.0,False,4122.0,2010-04-29,122747.0,29778.50557981562,2576.9835515328277,False,-103.78843497,32.62520336,agree,,25.0,25.0,BS2_S,none
3002539796,STATE DR COM #009,Devon,30,Lea,BS2_S,BS2_S,keep,True,,False,9414.0,False,3575.0,2011-01-03,25539.0,7143.7762237762245,982.8889149927562,False,-103.76516515,32.66003897,agree,,25.0,25.0,BS2_S,none
3002539853,SOUTHERN CALIFORNIA 29 FEDERAL #016H,Devon,30,Lea,BS2_S,BS2_S,keep,True,,False,9211.0,False,4185.0,2010-12-20,83912.0,20050.657108721625,1183.3230050529125,False,-103.78842092,32.63330213,agree,,116.0,116.0,BS2_S,none
3002539870,SPYGLASS 17 FEDERAL COM #001H,Mewbourne,30,Lea,BS2_S,BS2_S,keep,True,,False,9966.0,False,4001.0,2011-03-09,39942.0,9983.004248937767,688.9489760152221,False,-103.68430903,32.66160162,agree,,27.0,27.0,BS2_S,none
3002539882,MACHO NACHO STATE #001H,ConocoPhillips,30,Lea,BS2_S,BS2_S,keep,True,,False,10955.0,False,4102.0,2012-09-17,175593.0,42806.67966845442,1242.0198982875172,False,-103.61181075,32.23820433,off_band,,1330.5,,BS2_S,none
3002539883,MACHO NACHO STATE #002H,ConocoPhillips,30,Lea,BS2_S,BS2_S,keep,True,,False,10958.0,False,4111.0,2013-08-08,114149.0,27766.72342495743,1371.4268193326266,False,-103.61162348,32.23431371,off_band,,1327.0,,BS2_S,none
3002539884,MACHO STATE #001H,ConocoPhillips,30,Lea,BS2_S,BS2_S,keep,True,,False,10998.0,False,4190.0,2013-05-23,56096.0,13388.066825775657,1437.125641756988,False,-103.54334416,32.25165366,off_band,,408.0,,BS2_S,none
3002539887,STATE HH #003H,Devon,30,Lea,BS2_S,BS2_S,keep,True,,False,9925.0,False,4687.0,2011-04-01,44245.0,9439.940260294432,1268.6631257769238,False,-103.71976157,32.62200845,ambiguous,,5.0,56.0,BS3_C,none
3002539888,SOUTHERN CALIFORNIA 29 FEDERAL #017,Devon,30,Lea,BS2_S,BS2_S,keep,False,,True,9300.0,True,2942.0,2011-01-22,66031.0,22444.255608429638,1790.3257560842635,False,-103.79022007,32.62961741,agree,,27.0,27.0,BS2_S,none
3002539889,SOUTHERN CALIFORNIA 29 FEDERAL #018H,Devon,30,Lea,BS2_S,BS2_S,keep,True,,False,9317.0,False,4683.0,2011-02-01,54655.0,11670.937433269271,1610.9962491995243,False,-103.78838879,32.6366313,agree,,9.0,9.0,BS2_S,none
3002539910,TEAPOT #002H,Amtex Energy,30,Lea,BS2_S,BS2_S,keep,True,,False,9877.0,False,2705.0,2011-07-12,41239.0,15245.471349353049,502.2672712723393,False,-103.54611328,32.7034761,off_band,,842.0,,BS2_S,none
3002539951,MAGNUM PRONTO STATE COM #004H,ConocoPhillips,30,Lea,BS2_S,BS2_S,keep,True,,False,9346.0,False,4230.0,2011-03-02,195396.0,46192.90780141844,2079.6485086695734,False,-103.78115339,32.61686538,agree,,24.0,24.0,BS2_S,none
3002539956,WEST SHINNERY 15 FEDERAL #002H,Raybaw Operating,30,Lea,BS2_S,BS2_S,keep,True,,False,9041.0,False,4002.0,2012-04-05,27576.0,6890.554722638681,1116.768204235567,False,-103.74671627,32.75287626,no_evidence,,,,BS2_S,none
3002539998,NORTH MADURO FEDERAL UNIT #004H,Devon,30,Lea,BS2_S,BS2_S,keep,True,,False,9940.0,False,4261.0,2011-06-01,31061.0,7289.603379488383,1307.749267570265,False,-103.68481553,32.65143686,agree,,53.0,53.0,BS2_S,none
3002540045,TRIONYX 6 FEDERAL #005H,Devon,30,Lea,BS2_S,BS2_S,keep,True,,False,10488.0,False,3317.0,2013-12-01,108302.0,32650.587880615014,1660.080146257687,False,-103.71328723,32.1527676,agree,,47.0,47.0,BS2_S,none
3002540048,TRIONYX 6 FEDERAL #008H,Devon,30,Lea,BS2_S,BS2_S,keep,True,,False,10555.0,False,4232.0,2013-04-01,86354.0,20405.009451795842,3336.046969451328,False,-103.70742267,32.15906947,off_band,,550.0,,BS2_S,none
3002540049,KSI 22 FEDERAL #001H,Seely Oil,30,Lea,BS2_S,BS2_S,keep,True,,False,9687.0,False,4096.0,2012-04-22,77277.0,18866.455078125,397.2592103730735,False,-103.64892808,32.73367721,agree,,16.0,16.0,BS2_S,none
3002540066,WEST SHINNERY 15 FEDERAL COM #003H,Devon,30,Lea,BS2_S,BS2_S,keep,True,,False,9117.0,False,4287.0,2012-02-05,24461.0,5705.854910193609,1412.902170802502,False,-103.75424093,32.74894923,agree,,76.0,76.0,BS2_S,none
3002540072,SHINNERY 14 FEDERAL #010H,Raybaw Operating,30,Lea,BS2_S,BS2_S,keep,True,,False,9196.0,False,4218.0,2012-12-01,48323.0,11456.37743006164,1477.6814353413488,False,-103.73651946,32.74902868,no_evidence,,,,BS2_S,none
3002540103,STRATOJET 31 STATE COM #003H,ConocoPhillips,30,Lea,BS2_S,BS2_S,keep,True,,False,10758.0,False,3938.0,2011-08-10,262115.0,66560.43676993398,1168.7846937412967,False,-103.49872654,32.52954972,agree,,26.0,26.0,BS2_S,none
3002540107,MERCHANT LIVESTOCK 19 22 33 STATE COM #001H,Devon,30,Lea,BS2_S,BS2_S,keep,True,,False,10980.0,False,4377.0,2011-12-03,20167.0,4607.49371715787,1091.7836068825309,False,-103.61167531,32.38292937,off_band,,371.0,,BS2_S,none
3002540132,DIAMANTE 21 FEDERAL #002,Devon,30,Lea,BS2_S,BS2_S,keep,True,,False,10135.0,False,4413.0,2011-09-01,31780.0,7201.4502605937005,1185.368156073002,False,-103.66832888,32.64382559,agree,,142.0,142.0,BS2_S,none
3002540154,SL EAST 30 FEDERAL COM #001H,ConocoPhillips,30,Lea,BS2_S,BS2_S,keep,True,,False,9201.0,False,4100.0,2011-09-28,42892.0,10461.463414634145,1487.2237247039075,False,-103.80239001,32.63145436,agree,,104.0,104.0,BS2_S,none
3002540163,MAGNUM PRONTO STATE COM #005H,ConocoPhillips,30,Lea,BS2_S,BS2_S,keep,True,,False,9376.0,False,4143.0,2011-10-14,63553.0,15339.850349987932,1519.7708998788412,False,-103.78693292,32.6172405,agree,,30.0,30.0,BS2_S,none
3002540173,BLACK MAMBA 15 STATE COM #002H,Devon,30,Lea,BS2_S,BS2_S,keep,True,,False,11230.0,False,4497.0,2013-01-01,35421.0,7876.584389593062,763.2760226983993,False,-103.56718914,32.31133734,agree,,108.0,108.0,BS2_S,none
3002540183,TRES EQUIS STATE #002,Devon,30,Lea,BS2_S,BS2_S,keep,True,,False,11184.0,False,4485.0,2012-01-01,128797.0,28717.27982162765,2169.771035039636,False,-103.61328466,32.24677026,agree,,121.0,121.0,BS2_S,none
3002540185,SPYGLASS 17 FEDERAL #002H,Mewbourne,30,Lea,BS2_S,BS2_S,keep,True,,False,9970.0,False,4127.0,2011-10-04,56444.0,13676.762781681608,676.6529657713841,False,-103.68469197,32.66511678,agree,,10.0,10.0,BS2_S,none
3002540187,NORTH MADURO FEDERAL UNIT #005,Devon,30,Lea,BS2_S,BS2_S,keep,True,,False,10050.0,False,4574.0,2011-12-14,77224.0,16883.253170091823,998.3424842018026,False,-103.6850144,32.64028406,agree,,57.0,57.0,BS2_S,none
3002540193,LUSK DEEP UNIT A #025H,ConocoPhillips,30,Lea,BS2_S,BS2_S,keep,True,,False,9327.0,False,4240.0,2012-03-15,66269.0,15629.481132075472,1882.6147972656897,False,-103.78804249,32.64835683,agree,,54.5,54.5,BS2_S,none
3002540255,SOUTHEAST LUSK 33 FEDERAL #002H,Devon,30,Lea,BS2_S,BS2_S,keep,False,,True,9370.0,False,4203.0,2012-03-01,79744.0,18973.11444206519,2466.0162520064205,False,-103.76484525,32.61672019,agree,,41.0,41.0,BS2_S,none
3002540256,SOUTHEAST LUSK 33 FEDERAL #003H,Devon,30,Lea,BS2_S,BS2_S,keep,False,,True,9370.0,False,4536.0,2012-01-01,102853.0,22674.823633156964,1687.8068699989306,False,-103.76972526,32.61679179,agree,,6.0,6.0,BS2_S,none
3002540260,LUSK DEEP UNIT A #023H,ConocoPhillips,30,Lea,BS2_S,BS2_S,keep,True,,False,9218.0,False,4051.0,2011-11-06,48935.0,12079.733399160701,1222.029222437928,False,-103.79839081,32.63963614,agree,,58.5,58.5,BS2_S,none
3002540279,FECTA 33 FEDERAL #001H,Permian Resources,30,Lea,BS2_S,BS2_S,keep,True,,False,9431.0,False,3796.0,2012-05-15,152830.0,40260.80084299262,1224.007066675391,False,-103.77676442,32.61622709,agree,,61.0,61.0,BS2_S,none
3002540280,FECTA 33 FEDERAL #002H,Permian Resources,30,Lea,BS2_S,BS2_S,keep,True,,False,9411.0,False,3728.0,2013-02-01,79830.0,21413.626609442057,2096.22948766128,False,-103.77273256,32.61712755,agree,,41.0,41.0,BS2_S,none
3002540300,EAST LUSK 15 FEDERAL COM #001Y,Devon,30,Lea,BS2_S,BS2_S,keep,True,,False,9594.0,False,4338.0,2011-12-12,69127.0,15935.223605348086,1188.1030566927539,False,-103.75452977,32.65478197,agree,,158.5,158.5,BS2_S,none
3002540303,NAGUSS BRN STATE COM #001H,EOG,30,Lea,BS2_S,BS2_S,keep,True,,False,10834.0,False,3576.0,2012-09-04,45755.0,12795.022371364654,1451.6883400721233,False,-103.50904832,32.44440363,agree,,110.0,110.0,BS2_S,none
3002540313,PEASHOOTER 4 FEDERAL COM #001H,ConocoPhillips,30,Lea,BS2_S,BS2_S,keep,True,,False,9441.0,False,4245.0,2012-01-27,72439.0,17064.54652532391,1584.7264595038585,False,-103.77813567,32.68908126,agree,,76.5,76.5,BS3_S,none
3002540316,GEM 8705 JV-P #011H,BTA Oil,30,Lea,BS2_S,BS2_S,keep,True,,False,10233.0,False,3758.0,2012-06-09,31843.0,8473.390101117617,2145.6521056433126,False,-103.63541337,32.60382202,agree,,67.0,67.0,BS2_S,none
3002540320,TRES EQUIS STATE #003H,Devon,30,Lea,BS2_S,BS2_S,keep,True,,False,11137.0,False,4295.0,2012-02-29,137032.0,31905.00582072177,1612.7546850370716,False,-103.61757286,32.2465882,agree,,110.0,110.0,BS2_S,none
3002540341,TRES EQUIS STATE #004H,Devon,30,Lea,BS2_S,BS2_S,keep,True,,False,11157.0,False,4201.0,2012-04-01,115687.0,27537.967150678407,1080.4584784807282,False,-103.60481662,32.24647546,off_band,,1128.5,,BS2_S,none
3002540342,REBEL 16 9 B2OJ STATE COM #001H,Mewbourne,30,Lea,BS2_S,BS2_S,keep,True,,False,10805.0,False,6933.0,2018-05-10,86138.0,12424.347324390596,598.2957579697694,True,-103.47295888,32.48250137,agree,,8.0,8.0,BS2_S,none
3002540343,TRISTE DRAW 36 STATE #004H,Devon,30,Lea,BS2_S,BS2_S,keep,True,,False,11007.0,False,4525.0,2012-05-10,107593.0,23777.45856353591,785.3763720688149,False,-103.62960519,32.26116912,agree,,2.0,2.0,BS2_S,none
3002540348,COSMO 8 STATE #004H,ConocoPhillips,30,Lea,BS2_S,BS2_S,keep,True,,False,10810.0,False,3656.0,2012-09-17,44312.0,12120.350109409192,784.8664018775952,False,-103.49250921,32.48792134,agree,,26.0,26.0,BS3_C,none
3002540349,LOBO 26 STATE #001H,ConocoPhillips,30,Lea,BS2_S,BS2_S,keep,True,,False,11008.0,False,4082.0,2012-10-16,52673.0,12903.723664870162,404.04002050386345,False,-103.5424086,32.45518556,agree,,15.0,15.0,BS2_S,none
3002540352,PYGMY 27 STATE COM #001H,ConocoPhillips,30,Lea,BS2_S,BS2_S,keep,True,,False,10998.0,False,4305.0,2014-05-01,82930.0,19263.646922183507,1178.7772820450982,False,-103.56059203,32.45570944,no_evidence,,,,BS2_S,none
3002540365,HAT MESA 10 FEDERAL COM #002H,Devon,30,Lea,BS2_S,BS2_S,keep,True,,False,10589.0,False,3797.0,2012-03-01,25779.0,6789.307347906241,1523.6044842701424,False,-103.65566136,32.49290299,agree,,87.0,87.0,BS2_S,none
3002540374,BERRY APN STATE #002H,EOG,30,Lea,BS2_S,BS2_S,keep,True,,False,10687.0,False,4176.0,2012-06-17,97019.0,23232.519157088125,771.1169977014812,False,-103.49843969,32.51507064,agree,,92.0,92.0,BS2_S,none
3002540375,LIGHTNING P-38 STATE #003H,ConocoPhillips,30,Lea,BS2_S,BS2_S,keep,True,,False,10781.0,False,4260.0,2012-06-10,52034.0,12214.553990610328,1146.442710535419,False,-103.52606665,32.50595346,agree,,41.0,41.0,BS2_S,none
3002540390,REDHEAD 31 FEDERAL #001H,ConocoPhillips,30,Lea,BS2_S,BS2_S,keep,True,,False,10496.0,False,4050.0,2013-04-02,84483.0,20860.0,1930.5540759679461,False,-103.71990823,32.17328619,agree,,3.5,3.5,BS2_S,none
3002540406,CHIEF 30 STATE #001H,Devon,30,Lea,BS2_S,BS2_S,keep,True,,False,10845.0,False,4564.0,2012-07-04,141860.0,31082.38387379492,862.5828281404201,False,-103.49654425,32.53868805,agree,,66.0,66.0,BS2_S,none
3002540421,TJG 3 FEDERAL COM #001H,Marshall & Winston,30,Lea,BS2_S,BS2_S,keep,True,,False,9529.0,False,3877.0,2013-11-08,49548.0,12779.984524116586,205.55824654880115,False,-103.75497466,32.68322818,agree,,80.0,80.0,BS2_S,none
3002540422,TIN CUP 36 STATE COM #002H,Devon,30,Lea,BS2_S,BS2_S,keep,True,,False,9877.0,False,5566.0,2012-07-01,23283.0,4183.075817463169,572.2630245243311,False,-103.52931596,32.70603203,off_band,,812.0,,BS1_S,none
3002540437,MADURO UNIT #009,Devon,30,Lea,BS2_S,BS2_S,keep,True,,False,9993.0,False,7386.0,2012-09-01,134093.0,18155.023016517735,1435.354567352509,False,-103.69122018,32.62685472,agree,,0.0,0.0,BS2_S,none
3002540447,SNODDY FEDERAL #020H,Devon,30,Lea,BS2_S,BS2_S,keep,True,,False,9915.0,False,4196.0,2012-09-01,66035.0,15737.607244995233,1420.5194215188915,False,-103.73733561,32.54950358,agree,,67.0,67.0,BS3_C,none
3002540449,TRES EQUIS STATE #005,Devon,30,Lea,BS2_S,BS2_S,keep,True,,False,11159.0,False,4444.0,2012-06-01,128072.0,28819.081908190816,1410.0427884315072,False,-103.60979564,32.24673937,agree,,75.0,75.0,BS2_S,none
3002540460,SDE 31 FEDERAL #018H,Buckhorn,30,Lea,BS2_S,BS2_S,keep,True,,False,10728.0,False,4093.0,2014-02-03,24901.0,6083.801612509162,1109.0317657925384,False,-103.70672086,32.26142876,off_band,,1498.5,,BS2_S,none
3002540472,AVOCADO BRO STATE #001H,EOG,30,Lea,BS2_S,BS2_S,keep,True,,False,10935.0,False,4405.0,2014-01-22,81415.0,18482.40635641317,549.9723638150218,False,-103.48582851,32.54400778,agree,,148.0,148.0,BS2_S,none
3002540489,HEMLOCK BSH STATE #001H,EOG,30,Lea,BS2_S,BS2_S,keep,True,,False,11164.0,False,3915.0,2012-11-19,88864.0,22698.339719029373,808.7977133597408,False,-103.59648513,32.26079086,agree,,5.0,5.0,BS2_S,none
3002540514,GUAVA BRU STATE #001H,EOG,30,Lea,BS2_S,BS2_S,keep,True,,False,10826.0,False,4095.0,2014-02-09,83774.0,20457.631257631256,1038.3531883400578,False,-103.47894221,32.53077712,agree,,32.5,32.5,BS2_S,none
3002540517,MANGO BRM STATE #001H,Permian Resources,30,Lea,BS2_S,BS2_S,keep,True,,False,10637.0,False,4256.0,2014-10-03,101700.0,23895.676691729324,864.4346116027532,False,-103.44675129,32.54391123,no_evidence,,,,BS2_S,none
3002540518,TANGERINE BRT STATE #001H,Permian Resources,30,Lea,BS2_S,BS2_S,keep,True,,False,10547.0,False,4346.0,2015-05-23,40573.0,9335.710998619421,1130.6040963202129,False,-103.43864981,32.54396361,no_evidence,,,,BS2_S,none
3002540519,AO 6 STATE COM #001H,Matador,30,Lea,BS2_S,BS2_S,keep,True,,False,10922.0,False,3774.0,2012-12-16,80017.0,21202.17276099629,1347.2262144294336,False,-103.61110039,32.4198081,off_band,,705.0,,BS2_S,none
3002540532,TRES EQUIS 5 STATE #001H,Devon,30,Lea,BS2_S,BS2_S,keep,True,,False,11126.0,False,4177.0,2012-07-01,124808.0,29879.81805123294,1440.5647073905518,False,-103.60068754,32.24621198,agree,,5.0,5.0,BS2_S,none
3002540534,RED TANK 4 FEDERAL #001H,Devon,30,Lea,BS2_S,BS2_S,keep,True,,False,10754.0,False,4163.0,2012-12-31,35443.0,8513.812154696134,1303.4731822926954,False,-103.68593878,32.33297318,agree,,272.0,272.0,BS2_S,none
3002540556,SITKA BSI STATE COM #001H,ConocoPhillips,30,Lea,BS2_S,BS2_S,keep,True,,False,10784.0,False,4441.0,2016-07-11,105899.0,23845.755460481872,636.2477454933475,False,-103.47728155,32.5011504,agree,,5.0,5.0,BS2_S,none
3002540557,EAST LUSK 15 FEDERAL COM #002,Devon,30,Lea,BS2_S,BS2_S,keep,True,,False,9555.0,False,4442.0,2012-09-01,81932.0,18444.844664565513,1028.963042523068,False,-103.75452428,32.65903708,agree,,119.5,119.5,BS2_S,none
3002540559,CUERVO FEDERAL #020H,Devon,30,Lea,BS2_S,BS2_S,keep,True,,False,10928.0,False,4273.0,2012-10-26,33063.0,7737.655043295109,1984.4539213017572,False,-103.63813418,32.30480732,off_band,,1140.0,,BS2_S,none
3002540566,PIRATE STATE #001H,Permian Resources,30,Lea,BS2_S,BS2_S,keep,True,,False,10975.0,False,3698.0,2014-09-12,60309.0,16308.545159545702,985.9390804025933,False,-103.47173668,32.21774421,off_band,,344.0,,BS2_S,none
3002540570,EATA FAJITA STATE #002H,ConocoPhillips,30,Lea,BS2_S,BS2_S,keep,True,,False,11125.0,False,4055.0,2014-02-20,159512.0,39337.11467324291,1177.9928782787501,False,-103.59613573,32.23197669,off_band,,1160.5,,BS2_S,none
3002540571,EATA FAJITA STATE #003H,ConocoPhillips,30,Lea,BS2_S,BS2_S,keep,True,,False,11156.0,False,4264.0,2013-07-15,116152.0,27240.15009380863,1255.441146084441,False,-103.59248696,32.23253452,off_band,,1094.0,,BS2_S,none
3002540578,TRISTE DRAW 36 STATE #006,Devon,30,Lea,BS2_S,BS2_S,keep,True,,False,11012.0,False,3500.0,2012-08-01,60471.0,17277.428571428572,1773.2136065221346,False,-103.63519028,32.26069016,agree,,22.0,22.0,BS2_S,none
3002540582,EATA FAJITA STATE #001H,ConocoPhillips,30,Lea,BS2_S,BS2_S,keep,True,,False,11026.0,False,4319.0,2013-08-08,167621.0,38810.141236397314,1128.2834489711909,False,-103.60067037,32.23254456,off_band,,1259.5,,BS2_S,none
3002540588,NORTE 13 HE FEDERAL #001H,Mewbourne,30,Lea,BS2_S,BS2_S,keep,False,,True,9822.0,False,4013.0,2012-09-01,43837.0,10923.747819586344,1197.778132627689,False,-103.7198832,32.6625969,agree,,22.0,22.0,BS2_S,none
3002540590,MIS AMIGOS STATE #001H,Exxon Mobil,30,Lea,BS2_S,BS2_S,keep,True,,False,11094.0,False,3744.0,2013-01-21,71262.0,19033.653846153848,737.4056299289945,False,-103.60935826,32.26124458,agree,,37.5,37.5,BS2_S,none
3002540591,ESTANCIA SED STATE #001H,Exxon Mobil,30,Lea,BS2_S,BS2_S,keep,True,,False,11080.0,False,3874.0,2013-01-06,103626.0,26749.09654104285,689.6049254048212,False,-103.61323645,32.26109316,agree,,14.0,14.0,BS2_S,none
3002540616,STRATOJET 31 STATE COM #001H,ConocoPhillips,30,Lea,BS2_S,BS2_S,keep,True,,False,10843.0,False,4230.0,2013-02-16,71307.0,16857.44680851064,804.198746266145,False,-103.49003481,32.52982053,agree,,61.5,61.5,BS2_S,none
3002540617,STRATOCONE 32 STATE #001H,ConocoPhillips,30,Lea,BS2_S,BS2_S,keep,True,,False,99.0,False,4028.0,2013-05-09,61589.0,15290.218470705064,1024.8096250953904,False,-103.47938467,32.52864623,agree,,10694.5,10694.5,BS2_S,none
3002540618,STRATOSPHERE 36 STATE #001H,ConocoPhillips,30,Lea,BS2_S,BS2_S,keep,True,,False,10672.0,False,4360.0,2013-02-21,53696.0,12315.596330275228,644.9083730631704,False,-103.51322892,32.52774709,agree,,88.0,88.0,BS2_S,none
3002540619,BLANCO 3 STATE COM #001H,Devon,30,Lea,BS2_S,BS2_S,keep,True,class BS2_S->BS3_C rejected (precision 0.33),False,11090.0,False,4696.0,2013-03-01,22259.0,4739.991482112436,1942.944426973359,False,-103.55822004,32.33417213,flag,BS3_C,29.5,,BS2_S,none
3002540630,BERRY APN STATE #003H,EOG,30,Lea,BS2_S,BS2_S,keep,True,,False,10784.0,False,4484.0,2014-01-15,108382.0,24170.829616413914,721.9095421748999,False,-103.48980275,32.51499787,agree,,2.5,2.5,BS2_S,none
3002540635,WARHAWK 3 FEDERAL COM #001H,ConocoPhillips,30,Lea,BS2_S,BS2_S,keep,True,,False,9484.0,False,4257.0,2013-09-02,84924.0,19949.2600422833,671.0588290706985,False,-103.75349235,32.69508937,no_evidence,,,,BS2_S,none
3002540680,LAGUNA 16 STATE #002,Devon,30,Lea,BS2_S,BS2_S,keep,True,,False,9631.0,False,3812.0,2013-02-08,55352.0,14520.46169989507,1470.479838126897,False,-103.76437116,32.57337756,agree,,86.0,86.0,BS2_S,none
3002540681,PENNYPACKER 17 STATE #001H,Devon,30,Lea,BS2_S,BS2_S,keep,True,,False,10836.0,False,4224.0,2013-10-01,64751.0,15329.308712121212,839.137619496224,False,-103.48987265,32.47883651,agree,,64.5,64.5,BS3_C,none
3002540688,QUESO STATE #001H,ConocoPhillips,30,Lea,BS2_S,BS2_S,keep,True,,False,10912.0,False,4106.0,2013-12-19,97607.0,23771.797369702876,1359.3697173358469,False,-103.62705522,32.25449944,agree,,100.0,100.0,BS2_S,none
3002540689,QUESO STATE #002H,ConocoPhillips,30,Lea,BS2_S,BS2_S,keep,True,,False,10936.0,False,4172.0,2013-05-12,173542.0,41596.83604985619,1071.0606078067558,False,-103.62116021,32.26160788,off_band,,1086.0,,BS2_S,none
3002540690,DOUBLE X 25 FEDERAL #004,Devon,30,Lea,BS2_S,BS2_S,keep,False,,True,10975.0,False,4225.0,2012-10-26,28952.0,6852.544378698225,3547.3542415031775,False,-103.62989794,32.18905534,agree,,73.0,73.0,BS2_S,none
3002540694,CHIEF 30 STATE #002H,Devon,30,Lea,BS2_S,BS2_S,keep,True,,False,10795.0,False,3963.0,2012-10-01,135180.0,34110.522331567,912.42787394585,False,-103.49580268,32.54117563,agree,,24.5,24.5,BS2_S,none
3002540700,DOS EQUIS 12 FEDERAL COM #001,Devon,30,Lea,BS2_S,BS2_S,keep,True,,False,11085.0,False,4463.0,2012-11-16,133344.0,29877.660766300698,1623.2076433885288,False,-103.62217896,32.23222432,agree,,77.0,77.0,BS2_S,none
3002540702,CABO BLANCO STATE #001H,ConocoPhillips,30,Lea,BS2_S,BS2_S,keep,True,,False,11070.0,False,4219.0,2013-06-14,108541.0,25726.712491111637,1209.7271998599608,False,-103.59295255,32.24642399,agree,,89.0,89.0,BS2_S,none
3002540703,CABO BLANCO STATE #002H,ConocoPhillips,30,Lea,BS2_S,BS2_S,keep,True,,False,11120.0,False,3924.0,2013-10-17,98711.0,25155.708460754333,1183.6168208203746,False,-103.58717444,32.24600098,agree,,44.0,44.0,BS2_S,none
3002540705,LUSK DEEP UNIT A #022H,ConocoPhillips,30,Lea,BS2_S,BS2_S,keep,True,,False,9267.0,False,4254.0,2012-12-14,67859.0,15951.810061118946,1028.4413268689489,False,-103.79101589,32.66048141,agree,,0.5,0.5,BS2_S,none
3002540706,CROSS BONES 2 29 #001H,Nsp Resources,30,Lea,BS2_S,BS2_S,keep,False,,True,9410.0,False,3496.0,2013-02-22,57581.0,16470.537757437072,739.757906253799,False,-103.78721403,32.71246763,agree,,20.0,20.0,BS2_S,none
3002540724,LYNCH 23 FEDERAL COM #003H,Devon,30,Lea,BS2_S,BS2_S,keep,True,,False,10486.0,False,3956.0,2012-11-29,41680.0,10535.894843276037,1603.862763915547,False,-103.52413127,32.55810621,no_evidence,,,,BS2_S,none
3002540731,QUERECHO 28 MD FEDERAL #001H,Mewbourne,30,Lea,BS2_S,BS2_S,keep,True,,False,9390.0,False,4292.0,2012-10-18,65040.0,15153.774464119291,1071.8942189421894,False,-103.77735549,32.71889457,no_evidence,,,,BS2_S,none
3002540743,TAIPAN 10 STATE COM #001H,Devon,30,Lea,BS2_S,BS2_S,keep,True,class BS2_S->BS3_C rejected (precision 0.33),False,11259.0,False,4497.0,2013-01-01,35568.0,7909.272848565711,969.2982456140351,False,-103.56678241,32.31938359,flag,BS3_C,14.0,130.5,BS2_S,none
3002540753,AMOCO 21 FEDERAL #001H,Permian Resources,30,Lea,BS2_S,BS2_S,keep,True,,False,9384.0,False,3498.0,2013-04-08,73283.0,20949.97141223556,729.2277881636942,False,-103.76479134,32.64568601,agree,,17.5,17.5,BS2_S,none
3002540773,PATTERSON B 52 FEDERAL COM #002H,ConocoPhillips,30,Lea,BS2_S,BS2_S,keep,True,,False,9452.0,False,4046.0,2012-12-22,36525.0,9027.43450321305,485.7494866529774,False,-103.78888888,32.69564496,agree,,139.0,139.0,BS2_S,none
3002540791,DOS EQUIS 12 FEDERAL COM #002H,Devon,30,Lea,BS2_S,BS2_S,keep,True,,False,11027.0,False,4657.0,2013-03-01,126399.0,27141.72213871591,1548.0343990063213,False,-103.62611676,32.23226537,agree,,24.0,24.0,BS2_S,none
3002540792,DOS EQUIS 12 FEDERAL COM #003H,Devon,30,Lea,BS2_S,BS2_S,keep,True,,False,11003.0,False,4499.0,2013-05-29,84869.0,18863.969771060238,1483.745537239746,False,-103.6304346,32.23223037,off_band,,1393.0,,BS2_S,none
3002540793,DOS EQUIS 12 FEDERAL COM #004H,Devon,30,Lea,BS2_S,BS2_S,keep,True,,False,10939.0,False,4460.0,2013-09-27,88907.0,19934.304932735427,1587.6365190592417,False,-103.63473131,32.23142341,off_band,,1424.5,,BS2_S,none
3002540797,LUSK 34 FEDERAL #001H,Permian Resources,30,Lea,BS2_S,BS2_S,keep,True,,False,9498.0,False,3793.0,2013-05-01,30144.0,7947.271289216979,923.1356157112526,False,-103.76089935,32.61661601,agree,,77.0,77.0,BS2_S,none
3002540818,TRES EQUIS 5 STATE #002Y,Devon,30,Lea,BS2_S,BS2_S,keep,True,,False,11166.0,False,4551.0,2013-01-01,47786.0,10500.109865963524,1944.335160925794,False,-103.59605503,32.24671606,agree,,11.0,11.0,BS2_S,none
3002540833,HAUMEA STATE #002H,ConocoPhillips,30,Lea,BS2_S,BS2_S,keep,True,,False,10043.0,False,4084.0,2013-04-01,8344.0,2043.0950048971597,761.8648130393096,False,-103.40838606,32.61623584,no_evidence,,,,BS3_C,none
3002540837,SNODDY FEDERAL #023H,Devon,30,Lea,BS2_S,BS2_S,keep,False,,True,9900.0,True,3623.0,2013-12-02,33359.0,9207.56279326525,1168.4702778860278,False,-103.73799857,32.54598976,agree,,58.5,58.5,BS2_S,none
3002540838,SNODDY FEDERAL #021H,Devon,30,Lea,BS2_S,BS2_S,keep,True,,False,9935.0,False,3821.0,2013-06-22,83394.0,21825.17665532583,1358.7308439456076,False,-103.73007296,32.54355296,agree,,47.0,47.0,BS3_C,none
3002540843,JAMALBERRY #001H,EOG,30,Lea,BS2_S,BS2_S,keep,True,,False,10881.0,False,3941.0,2014-05-20,37291.0,9462.31920832276,778.3915690112896,False,-103.48217785,32.47953524,agree,,71.0,71.0,BS3_C,none
3002540853,MACHO NACHO STATE #003H,ConocoPhillips,30,Lea,BS2_S,BS2_S,keep,True,,False,11008.0,False,3940.0,2013-05-10,115297.0,29263.197969543147,1752.5607778172894,False,-103.61189672,32.23042426,off_band,,1275.0,,BS2_S,none
3002540854,BEBIDAS STATE #001H,ConocoPhillips,30,Lea,BS2_S,BS2_S,keep,True,,False,11095.0,False,3969.0,2014-12-07,44393.0,11184.933232552281,1336.8774356317438,False,-103.58435592,32.30516593,agree,,15.0,15.0,BS2_S,none
3002540855,BEBIDAS STATE #002H,ConocoPhillips,30,Lea,BS2_S,BS2_S,keep,True,,False,11175.0,False,4164.0,2013-10-28,31577.0,7583.333333333333,840.8335180669475,False,-103.57980353,32.30480067,agree,,80.0,80.0,BS2_S,none
3002540856,BEBIDAS STATE #003H,ConocoPhillips,30,Lea,BS2_S,BS2_S,keep,True,,False,10858.0,False,4064.0,2014-11-19,35068.0,8628.937007874016,1152.4751910573743,False,-103.57488816,32.30516381,agree,,253.5,253.5,BS2_S,none
3002540857,BEBIDAS STATE #004H,ConocoPhillips,30,Lea,BS2_S,BS2_S,keep,True,,False,11202.0,False,4053.0,2013-10-26,50030.0,12343.94275845053,998.1211273236058,False,-103.57006008,32.30479612,agree,,90.5,90.5,BS2_S,none
3002540858,SOPAPILLA STATE #002H,ConocoPhillips,30,Lea,BS2_S,BS2_S,keep,True,class BS2_S->BS3_C rejected (precision 0.33),False,11095.0,False,4164.0,2015-03-19,82256.0,19754.08261287224,971.9169422291383,False,-103.54441421,32.33392345,flag,BS3_C,23.0,,BS3_C,none
3002540863,LUSK DEEP UNIT A #024H,ConocoPhillips,30,Lea,BS2_S,BS2_S,keep,True,,False,9276.0,False,4170.0,2013-03-28,114599.0,27481.774580335732,991.2826464454315,False,-103.81190121,32.64578391,agree,,1.0,1.0,BS2_S,none
3002540864,ACTION BTI STATE COM #001H,EOG,30,Lea,BS2_S,BS2_S,keep,True,,False,11225.0,False,4025.0,2013-08-12,71519.0,17768.695652173916,1259.8050867601617,False,-103.5834837,32.21724281,off_band,,697.0,,BS2_S,none
3002540872,CHIEF 30 STATE #003H,Devon,30,Lea,BS2_S,BS2_S,keep,True,,False,10896.0,False,4437.0,2013-03-22,88298.0,19900.38314176245,1190.094905886883,False,-103.49617275,32.54537488,agree,,109.0,109.0,BS2_S,none
3002540873,NORTE 13 IL FEDERAL #001H,Mewbourne,30,Lea,BS2_S,BS2_S,keep,True,,False,9724.0,False,4271.0,2013-03-01,35716.0,8362.444392413954,795.609810729085,False,-103.72031036,32.65828859,no_evidence,,,,BS2_S,none
3002540874,GETTYSBURG STATE COM #002H,ConocoPhillips,30,Lea,BS2_S,BS2_S,keep,True,,False,10452.0,False,6930.0,2013-08-17,59752.0,8622.222222222223,910.8314366046325,False,-103.47700667,32.29379379,agree,,17.0,17.0,BS2_S,none
3002540877,TRISTE DRAW 25 FEDERAL #001H,Devon,30,Lea,BS2_S,BS2_S,keep,True,,False,10961.0,False,4607.0,2013-04-01,74693.0,16212.936835250704,1481.4239620848005,False,-103.62200403,32.27576848,agree,,49.5,49.5,BS2_S,none
3002540889,ASADERO STATE COM #001H,EOG,30,Lea,BS3_C,BS2_S,reassign,True,class BS3_C->BS2_S (precision 0.90) + sql/23 concurs + GOR none,False,10832.0,False,5303.0,2013-10-29,55122.0,10394.493682821045,701.7887594789739,False,-103.46515483,32.50952472,flag,BS2_S,68.5,,BS2_S,none
3002540891,HEMLOCK BSH STATE #002H,EOG,30,Lea,BS2_S,BS2_S,keep,True,,False,11155.0,False,4128.0,2013-04-14,98101.0,23764.777131782947,1008.5931845750808,False,-103.60081465,32.26076003,agree,,2.0,2.0,BS2_S,none
3002540896,GOLD COAST 26 FEDERAL #001H,ConocoPhillips,30,Lea,BS2_S,BS2_S,keep,True,,False,10976.0,False,4156.0,2013-05-02,52406.0,12609.720885466795,2208.6211502499714,False,-103.63833897,32.18902041,off_band,,250.0,,BS2_S,none
3002540898,THISTLE UNIT #043H,Devon,30,Lea,BS2_S,BS2_S,keep,True,,False,11208.0,False,4332.0,2013-04-01,131708.0,30403.508771929824,595.256172745771,False,-103.58419638,32.26151301,agree,,21.0,21.0,BS2_S,none
3002540905,W BELL LAKE 26 FEDERAL #001H,Devon,30,Lea,BS2_S,BS2_S,keep,True,,False,11321.0,False,4544.0,2013-06-04,47438.0,10439.700704225352,1101.1003836586704,False,-103.54977071,32.27482159,ambiguous,,26.0,83.0,BS2_S,none
3002540907,YARROW BHY STATE #005H,EOG,30,Lea,BS2_S,BS2_S,keep,True,,False,11159.0,False,4145.0,2014-05-02,118122.0,28497.466827503016,1158.818848309375,False,-103.58787453,32.26140299,agree,,18.5,18.5,BS2_S,none
3002540911,KSI 22 FEDERAL #002H,Seely Oil,30,Lea,BS2_S,BS2_S,keep,True,,False,9479.0,False,4172.0,2013-06-25,28816.0,6906.999041227229,354.1088284286507,False,-103.64474124,32.73271433,agree,,202.0,202.0,BS3_S,none
3002540914,DECKARD FEE #001H,ConocoPhillips,30,Lea,BS2_S,BS2_S,keep,True,,False,11034.0,False,4320.0,2013-06-27,68916.0,15952.777777777777,2000.5368854837773,False,-103.53235026,32.2178583,off_band,,408.0,,BS2_S,none
3002540916,GETTYSBURG STATE COM #003H,ConocoPhillips,30,Lea,BS2_S,BS2_S,keep,True,,False,10469.0,False,6928.0,2014-02-26,112595.0,16252.165127020784,1027.5500688307652,False,-103.47286211,32.30127264,agree,,13.0,13.0,BS2_S,none
3002540968,OSPREY 20 STATE COM #001H,ConocoPhillips,30,Lea,BS2_S,BS2_S,keep,True,,False,10970.0,False,7337.0,2015-03-15,102291.0,13941.801826359548,890.5964356590512,False,-103.4863735,32.45639815,agree,,28.5,28.5,BS3_C,none
3002540969,OSPREY 20 STATE COM #003H,ConocoPhillips,30,Lea,BS2_S,BS2_S,keep,True,,False,10940.0,False,5055.0,2013-12-09,88691.0,17545.202769535113,1156.5886053827332,False,-103.49458814,32.45558534,agree,,3.0,3.0,BS2_S,none
3002540970,STRATOJET 31 STATE COM #002H,ConocoPhillips,30,Lea,BS2_S,BS2_S,keep,True,,False,10762.0,False,4309.0,2013-07-09,61708.0,14320.724065908564,728.7871912880015,False,-103.49456855,32.529636,agree,,22.0,22.0,BS2_S,none
3002540974,JACKSON UNIT #018H,Jonah Energy,30,Lea,BS2_S,BS2_S,keep,True,,False,11079.0,False,4330.0,2013-07-27,134987.0,31174.82678983834,1157.6670346033322,False,-103.58396206,32.20294569,agree,,35.0,35.0,BS2_S,none
3002540975,MOGI 9 STATE COM #001H,Jonah Energy,30,Lea,BS2_S,BS2_S,keep,True,,False,11163.0,False,4402.0,2013-05-03,135160.0,30704.225352112677,1149.274933412252,False,-103.58467734,32.23201925,agree,,13.0,13.0,BS2_S,none
3002540976,MOGI 9 STATE COM #002H,Jonah Energy,30,Lea,BS2_S,BS2_S,keep,True,,False,11213.0,False,4370.0,2013-08-31,102277.0,23404.347826086956,1015.2918055867888,False,-103.57595594,32.23223205,agree,,25.0,25.0,BS2_S,none
3002540986,MONK 21 STATE COM #001H,Devon,30,Lea,BS2_S,BS2_S,keep,True,,False,10943.0,False,4151.0,2015-04-01,103753.0,24994.700072271742,1023.0643933187474,False,-103.48130798,32.46493438,agree,,23.0,23.0,BS3_C,none
3002540987,BILBREY BASIN 5 STATE COM #001H,Permian Resources,30,Lea,BS2_S,BS2_S,keep,True,,False,10560.0,False,5348.0,2013-09-01,67423.0,12607.142857142857,1804.013467214452,False,-103.6905443,32.4153535,off_band,,329.5,,BS2_S,none
3002541002,ESTANCIA SED STATE #002H,Exxon Mobil,30,Lea,BS2_S,BS2_S,keep,True,,False,11056.0,False,4022.0,2013-10-01,78216.0,19447.041272998507,884.4481947427636,False,-103.61757427,32.26203159,agree,,27.0,27.0,BS2_S,none
3002541003,MIS AMIGOS STATE #002H,Exxon Mobil,30,Lea,BS2_S,BS2_S,keep,True,,False,11083.0,False,3900.0,2013-11-17,56080.0,14379.48717948718,735.4671897289586,False,-103.60511526,32.26125724,agree,,62.0,62.0,BS2_S,none
3002541024,BELL LAKE 19 STATE #001H,Devon,30,Lea,BS2_S,BS2_S,keep,True,,False,11065.0,False,4330.0,2013-07-01,105098.0,24272.055427251733,1248.7202420597919,False,-103.61778167,32.20315231,agree,,17.0,17.0,BS2_S,none
3002541026,TYRELL FEE #001H,ConocoPhillips,30,Lea,BS2_S,BS2_S,keep,True,,False,10950.0,False,4393.0,2013-07-19,41982.0,9556.567266105167,1216.7119241579724,False,-103.53674629,32.2175437,agree,,165.0,165.0,BS2_S,none
3002541030,BRININSTOOL 4 STATE #003H,Jonah Energy,30,Lea,BS2_S,BS2_S,keep,True,,False,11210.0,False,4082.0,2013-06-12,126673.0,31032.092111709946,944.8580202568819,False,-103.58505093,32.24649256,agree,,46.0,46.0,BS2_S,none
3002541031,BRININSTOOL 4 STATE #006H,Jonah Energy,30,Lea,BS2_S,BS2_S,keep,True,,False,11222.0,False,4320.0,2013-10-05,118861.0,27514.120370370372,1235.8721531873364,False,-103.57857627,32.24676588,agree,,35.0,35.0,BS2_S,none
3002541032,THISTLE UNIT #044H,Devon,30,Lea,BS2_S,BS2_S,keep,True,,False,11199.0,False,4219.0,2013-09-01,152196.0,36073.951173263806,766.6627243817184,False,-103.57954128,32.26121115,agree,,9.0,9.0,BS2_S,none
3002541048,EATA FAJITA STATE #004H,ConocoPhillips,30,Lea,BS2_S,BS2_S,keep,True,,False,11174.0,False,4210.0,2014-03-01,103106.0,24490.736342042754,1070.703935755436,False,-103.58707689,32.23200065,off_band,,636.0,,BS2_S,none
3002541054,YARROW BHY STATE #004H,EOG,30,Lea,BS2_S,BS2_S,keep,True,,False,11187.0,False,3699.0,2014-04-04,131045.0,35427.142470938095,1192.6361173642642,False,-103.59226008,32.26003905,agree,,25.5,25.5,BS2_S,none
3002541055,ATOKA BANK BDJ STATE COM #002H,EOG,30,Lea,BS2_S,BS2_S,keep,True,,False,11188.0,False,4260.0,2014-05-09,112248.0,26349.29577464789,1324.335400185304,False,-103.5915331,32.21728003,off_band,,325.0,,BS2_S,none
3002541056,HEARTTHROB BSX STATE #001H,EOG,30,Lea,BS2_S,BS2_S,keep,True,,False,11143.0,False,4233.0,2014-06-14,103328.0,24410.11103236475,1242.0253948590896,False,-103.60076402,32.2171373,off_band,,370.0,,BS2_S,none
3002541057,HEARTTHROB BSX STATE #002H,EOG,30,Lea,BS2_S,BS2_S,keep,True,,False,10862.0,False,4304.0,2014-05-16,127656.0,29659.851301115243,1250.4543460550228,False,-103.59661472,32.21771797,off_band,,360.0,,BS2_S,none
3002541058,ATOKA BANK BDJ STATE COM #003H,EOG,30,Lea,BS2_S,BS2_S,keep,True,,False,11176.0,False,4180.0,2014-03-19,98336.0,23525.358851674642,1440.5711031565245,False,-103.58791121,32.21736943,off_band,,345.5,,BS2_S,none
3002541064,SALVADOR FEE #001H,ConocoPhillips,30,Lea,BS2_S,BS2_S,keep,True,,False,10779.0,False,4287.0,2014-03-27,51274.0,11960.345229764403,1047.997035534579,False,-103.45144815,32.23182473,off_band,,332.5,,BS1_S,none
3002541065,SALVADOR FEE #002H,ConocoPhillips,30,Lea,BS2_S,BS2_S,keep,True,,False,11064.0,False,4286.0,2013-10-01,45307.0,10570.928604759683,1099.9404065596927,False,-103.45579705,32.23238117,off_band,,677.5,,BS2_S,none
3002541070,MOGI 9 STATE COM #003H,Jonah Energy,30,Lea,BS2_S,BS2_S,keep,True,,False,11192.0,False,4320.0,2013-11-26,108380.0,25087.962962962964,834.554345820262,False,-103.58033563,32.23208967,agree,,16.0,16.0,BS2_S,none
3002541071,MOGI 9 STATE COM #004H,Jonah Energy,30,Lea,BS2_S,BS2_S,keep,True,,False,11265.0,False,4313.0,2013-12-01,111376.0,25823.32483190355,872.7373940525787,False,-103.57173741,32.23253871,agree,,78.5,78.5,BS2_S,none
3002541072,JACKSON UNIT #014H,Jonah Energy,30,Lea,BS2_S,BS2_S,keep,True,,False,11224.0,False,4340.0,2013-12-26,61909.0,14264.746543778801,895.8471304656834,False,-103.56750903,32.21741231,agree,,81.5,81.5,BS2_S,none
3002541076,LOOKIN GOOD 34 STATE COM #001H,Marshall & Winston,30,Lea,BS2_S,BS2_S,keep,True,,False,10676.0,False,4165.0,2017-06-30,133157.0,31970.46818727491,568.4793138926229,False,-103.4515806,32.52896808,no_evidence,,,,BS2_S,none
3002541086,JACKSON UNIT #015H,Jonah Energy,30,Lea,BS2_S,BS2_S,keep,True,,False,11188.0,False,4403.0,2014-02-08,84899.0,19282.08039972746,1134.171191651256,False,-103.56322307,32.21724646,agree,,46.0,46.0,BS2_S,none
3002541087,JACKSON UNIT #017H,Jonah Energy,30,Lea,BS2_S,BS2_S,keep,True,,False,11185.0,False,4410.0,2014-05-06,71738.0,16267.120181405897,1183.2362206919624,False,-103.55463346,32.21749911,off_band,,495.5,,BS2_S,none
3002541089,SOUTH LUSK 28 FEDERAL #001H,Permian Resources,30,Lea,BS2_S,BS2_S,keep,True,,False,9434.0,False,3900.0,2014-04-13,67445.0,17293.589743589746,824.6719549262361,False,-103.76461999,32.63092484,agree,,79.0,79.0,BS2_S,none
3002541093,JACKSON UNIT #024H,Jonah Energy,30,Lea,BS2_S,BS2_S,keep,True,,False,11102.0,False,4394.0,2013-07-31,78424.0,17847.974510696404,843.8743241864735,False,-103.55928959,32.20290263,agree,,19.0,19.0,BS2_S,none
3002541096,GATEWAY 2 STATE COM #002H,3r Operating,30,Lea,BS2_S,BS2_S,keep,True,,False,9714.0,False,3762.0,2013-11-24,8803.0,2339.9787347155766,706.4637055549244,False,-103.43442052,32.68944514,off_band,,290.0,,BS2_S,none
3002541097,HAAS 6 FEDERAL COM #001H,ConocoPhillips,30,Lea,BS2_S,BS2_S,keep,True,,False,9205.0,False,3959.0,2013-12-09,76225.0,19253.59939378631,1245.9822892751722,False,-103.80584141,32.69577614,agree,,108.0,108.0,BS2_S,none
3002541099,ROY BATTY FEDERAL COM #001H,ConocoPhillips,30,Lea,BS2_S,BS2_S,keep,True,,False,11101.0,False,4163.0,2013-09-05,68571.0,16471.534950756668,1479.6925814119672,False,-103.54946439,32.23241667,off_band,,867.0,,BS2_S,none
3002541113,RANGER 33 STATE COM #001H,Matador,30,Lea,BS2_S,BS2_S,keep,True,,False,10697.0,False,4273.0,2013-10-21,133081.0,31144.629066229816,506.33824512890646,False,-103.46868601,32.52927367,agree,,126.0,126.0,BS2_S,none
3002541118,THISTLE UNIT #046H,Devon,30,Lea,BS2_S,BS2_S,keep,True,,False,11236.0,False,4277.0,2013-09-01,148480.0,34715.92237549685,916.4870689655172,False,-103.57511508,32.26115705,agree,,27.0,27.0,BS2_S,none
3002541121,BELFAST BSL STATE COM #001Y,EOG,30,Lea,BS2_S,BS2_S,keep,True,,False,10801.0,False,4294.0,2013-08-31,69016.0,16072.659524918492,1124.5218500057958,False,-103.51530781,32.51533324,agree,,32.5,32.5,BS2_S,none
3002541122,JACKSON UNIT #011H,Jonah Energy,30,Lea,BS2_S,BS2_S,keep,True,,False,11176.0,False,4320.0,2013-09-07,106049.0,24548.379629629628,1412.7714547049006,False,-103.57551289,32.21781953,off_band,,499.0,,BS2_S,none
3002541126,MACHO NACHO STATE #004H,ConocoPhillips,30,Lea,BS2_S,BS2_S,keep,True,,False,10826.0,False,4327.0,2013-11-26,113824.0,26305.523457360756,1099.3287883047512,False,-103.61114816,32.2266385,off_band,,1272.5,,BS2_S,none
3002541138,JACKSON UNIT #019H,Jonah Energy,30,Lea,BS2_S,BS2_S,keep,True,,False,11107.0,False,4320.0,2014-01-19,128381.0,29717.824074074073,1005.6394637835817,False,-103.58031664,32.20353974,agree,,2.0,2.0,BS2_S,none
3002541139,JACKSON UNIT #020H,Jonah Energy,30,Lea,BS2_S,BS2_S,keep,True,,False,11116.0,False,4320.0,2014-02-19,132253.0,30614.12037037037,820.3821463407257,False,-103.57612707,32.20357673,off_band,,588.0,,BS2_S,none
3002541140,JACKSON UNIT #021H,Jonah Energy,30,Lea,BS2_S,BS2_S,keep,True,,False,11123.0,False,4320.0,2014-03-24,93870.0,21729.166666666668,1003.664642590817,False,-103.57186389,32.2030044,agree,,21.0,21.0,BS2_S,none
3002541149,TRISTE DRAW 25 FEDERAL #002,Devon,30,Lea,BS2_S,BS2_S,keep,True,,False,10991.0,False,4370.0,2013-11-01,62026.0,14193.59267734554,1291.3133202205527,False,-103.62622115,32.27574454,agree,,17.0,17.0,BS2_S,none
3002541150,TRISTE DRAW 25 FEDERAL COM #003,Devon,30,Lea,BS2_S,BS2_S,keep,True,,False,11009.0,False,4570.0,2014-03-01,45116.0,9872.210065645515,1495.1236811774093,False,-103.63044395,32.27677276,agree,,18.0,18.0,BS2_S,none
3002541158,AZORES FEDERAL #003H,ConocoPhillips,30,Lea,BS2_S,BS2_S,keep,True,,False,10576.0,False,4274.0,2013-12-03,107672.0,25192.325690219935,2094.434950590683,False,-103.69909636,32.18840957,agree,,92.0,92.0,BS2_S,none
3002541167,JACKSON UNIT #016H,Jonah Energy,30,Lea,BS2_S,BS2_S,keep,True,,False,11189.0,False,4400.0,2014-03-27,87730.0,19938.636363636364,868.9957825145332,False,-103.55892646,32.21730162,off_band,,491.5,,BS2_S,none
3002541173,WEST GRAMA RIDGE 6 FEDERAL #004H,Devon,30,Lea,BS2_S,BS2_S,keep,False,,True,10950.0,False,4367.0,2013-09-20,46689.0,10691.321273185253,1092.8912591831051,False,-103.50265383,32.42062385,agree,,30.0,30.0,BS2_S,none
3002541174,TRISTE DRAW 30 FEDERAL #001,Devon,30,Lea,BS2_S,BS2_S,keep,True,,False,11149.0,False,4046.0,2013-10-01,74902.0,18512.605042016807,1258.0838962911537,False,-103.61741571,32.27637228,agree,,115.0,115.0,BS2_S,none
3002541175,TRISTE DRAW 30 FEDERAL #002H,Devon,30,Lea,BS2_S,BS2_S,keep,False,,False,11100.0,True,4735.0,2014-01-09,64795.0,13684.266103484688,971.9422794968748,False,-103.61354898,32.27647287,off_band,,1248.0,,BS2_S,none
3002541176,TRISTE DRAW 30 FEDERAL #003H,Devon,30,Lea,BS2_S,BS2_S,keep,False,,True,11150.0,False,4400.0,2015-05-01,50874.0,11562.272727272728,549.4358611471479,False,-103.60928052,32.27575148,agree,,55.5,55.5,BS2_S,none
3002541177,COOP 6 STATE COM #001H,Matador,30,Lea,BS2_S,BS2_S,keep,True,,False,10951.0,False,3869.0,2014-02-21,88952.0,22990.953734815197,1339.6438528644662,False,-103.61243338,32.42646653,off_band,,931.0,,BS2_S,none
3002541178,DAGGER STATE UNIT #002H,Matador,30,Lea,BS2_S,BS2_S,keep,True,,False,10962.0,False,3902.0,2014-08-18,59295.0,15196.053305996924,1134.9692216881692,False,-103.61243784,32.42983499,agree,,105.0,105.0,BS2_S,none
3002541179,EAST LUSK 15 FEDERAL COM #003H,Devon,30,Lea,BS2_S,BS2_S,keep,True,,False,9457.0,False,4340.0,2013-08-04,74594.0,17187.557603686633,1137.9333458455103,False,-103.75409829,32.66203265,agree,,72.0,72.0,BS2_S,none
3002541182,BELL LAKE 24 FEDERAL #001H,Devon,30,Lea,BS2_S,BS2_S,keep,True,,False,11009.0,False,4542.0,2013-10-01,69054.0,15203.43461030383,2736.9305181452196,False,-103.63440955,32.20286507,agree,,39.0,39.0,BS2_S,none
3002541193,GREY HAWK STATE #001H,ConocoPhillips,30,Lea,BS2_S,BS2_S,keep,True,,False,10912.0,False,4310.0,2014-07-07,118524.0,27499.767981438516,1050.4623536161453,False,-103.50224327,32.43502553,agree,,28.0,28.0,BS2_S,none
3002541199,MADERA 17 FEDERAL #001H,Chevron,30,Lea,BS2_S,BS2_S,keep,True,,False,10937.0,False,3762.0,2015-08-11,61001.0,16215.045188729398,1173.7184636317438,False,-103.48470904,32.21644816,off_band,,566.0,,BS2_S,none
3002541202,BEN LILLY 2 STATE COM #001H,ConocoPhillips,30,Lea,BS2_S,BS2_S,keep,True,,False,10822.0,False,6735.0,2014-03-04,45027.0,6685.523385300668,1310.9689741710529,False,-103.53668481,32.51166174,agree,,37.0,37.0,BS2_S,none
3002541214,PEASHOOTER 4 FEDERAL COM #002H,ConocoPhillips,30,Lea,BS2_S,BS2_S,keep,True,,False,9441.0,False,4230.0,2013-10-01,95852.0,22660.047281323878,1720.5170471143012,False,-103.77352843,32.68999522,agree,,65.0,65.0,BS2_S,none
3002541227,JACKSON UNIT #012H,Jonah Energy,30,Lea,BS2_S,BS2_S,keep,True,,False,11220.0,False,4321.0,2013-10-29,81505.0,18862.531821337656,582.0624501564321,False,-103.57170509,32.21781024,off_band,,455.0,,BS2_S,none
3002541228,JACKSON UNIT #022H,Jonah Energy,30,Lea,BS2_S,BS2_S,keep,True,,False,11142.0,False,4416.0,2014-06-20,89236.0,20207.427536231884,596.5977856470482,False,-103.5675297,32.20330063,agree,,40.0,40.0,BS2_S,none
3002541229,JACKSON UNIT #023H,Jonah Energy,30,Lea,BS2_S,BS2_S,keep,True,,False,11143.0,False,4140.0,2014-08-10,83064.0,20063.768115942028,924.9253587595107,False,-103.56320194,32.20307648,agree,,31.5,31.5,BS2_S,none
3002541230,JACKSON UNIT #025H,Jonah Energy,30,Lea,BS2_S,BS2_S,keep,True,,False,11121.0,False,4410.0,2014-07-06,71724.0,16263.945578231294,894.6796051530869,False,-103.55554307,32.20292403,off_band,,555.0,,BS2_S,none
3002541238,QUERECHO 28 NC FEDERAL #001H,Mewbourne,30,Lea,BS2_S,BS2_S,keep,True,,False,9388.0,False,4078.0,2013-11-04,77764.0,19069.151544874938,1648.6163263206624,False,-103.77351334,32.71804868,no_evidence,,,,BS2_S,none
3002541241,CASCADE 29 FEDERAL #003H,Devon,30,Lea,BS2_S,BS2_S,keep,False,,True,10677.0,False,4170.0,2015-01-13,88091.0,21124.94004796163,3559.920990793611,False,-103.59318108,32.10099267,off_band,,815.0,,BS2_S,none
3002541251,JAMES FEDERAL #020H,Devon,30,Lea,BS2_S,BS2_S,keep,False,,True,10750.0,False,4313.0,2013-12-01,126683.0,29372.36262462323,5172.588271512358,False,-103.69892184,32.27499712,off_band,,477.0,,BS2_S,none
3002541252,THISTLE UNIT #047H,Devon,30,Lea,BS2_S,BS2_S,keep,True,,False,11249.0,False,4402.0,2014-04-01,127747.0,29020.218082689687,1115.1025072995844,False,-103.56641843,32.2611181,agree,,35.5,35.5,BS2_S,none
3002541253,THISTLE UNIT #048H,Devon,30,Lea,BS2_S,BS2_S,keep,True,,False,11253.0,False,4402.0,2014-05-01,97656.0,22184.461608359838,1238.2649299582206,False,-103.56176732,32.26114967,agree,,34.0,34.0,BS2_S,none
3002541254,THISTLE UNIT #049H,Devon,30,Lea,BS2_S,BS2_S,keep,True,,False,11241.0,False,4402.0,2014-05-13,81005.0,18401.862789641073,1324.3256589099437,False,-103.55862582,32.26115965,agree,,25.0,25.0,BS2_S,none
3002541255,EXCALIBUR 17 MP FEDERAL COM #001H,Mewbourne,30,Lea,BS2_S,BS2_S,keep,True,,False,9909.0,False,4192.0,2014-01-12,39535.0,9431.059160305344,874.7691918553181,False,-103.68597061,32.65443469,agree,,84.0,84.0,BS2_S,none
3002541256,LUSK 28 WEST FEDERAL COM #002H,Permian Resources,30,Lea,BS2_S,BS2_S,keep,True,,False,9364.0,False,4565.0,2015-03-04,105948.0,23208.762322015336,1893.9290972930116,False,-103.77372554,32.63129726,agree,,29.0,29.0,BS2_S,none
3002541257,LUSK 28 WEST FEDERAL COM #001H,Permian Resources,30,Lea,BS2_S,BS2_S,keep,True,,False,9453.0,False,3450.0,2014-04-26,86259.0,25002.608695652176,1216.244102064712,False,-103.76991582,32.63248061,agree,,107.0,107.0,BS2_S,none
3002541291,LUSK DEEP UNIT A #028H,ConocoPhillips,30,Lea,BS2_S,BS2_S,keep,True,,False,9247.0,False,4003.0,2013-12-20,84934.0,21217.586809892582,1649.0451409329596,False,-103.80565474,32.65436692,agree,,29.0,29.0,BS2_S,none
3002541302,THISTLE UNIT #050H,Devon,30,Lea,BS2_S,BS2_S,keep,True,,False,11288.0,False,4402.0,2014-07-05,62886.0,14285.779191276692,1347.0883821518303,False,-103.55358789,32.26109588,off_band,,698.0,,BS2_S,none
3002541303,THISTLE UNIT #065H,Devon,30,Lea,BS2_S,BS2_S,keep,True,,False,11210.0,False,4075.0,2013-09-01,111243.0,27298.895705521474,959.8087070647142,False,-103.57160235,32.26089423,agree,,1.0,1.0,BS2_S,none
3002541304,BELL LAKE 24 FEDERAL #004H,Devon,30,Lea,BS2_S,BS2_S,keep,True,,False,11062.0,False,4440.0,2014-10-04,55734.0,12552.702702702703,2164.872429755625,False,-103.63035093,32.20332134,agree,,3.0,3.0,BS2_S,none
3002541306,BELL LAKE 24 FEDERAL #002H,Devon,30,Lea,BS2_S,BS2_S,keep,True,,False,11082.0,False,4427.0,2014-09-01,107311.0,24240.117461034562,2173.9337067029473,False,-103.62412497,32.20301145,agree,,15.0,15.0,BS2_S,none
3002541313,WEST COPPERLINE 29 FED STATE COM #001H,Paloma Permian Assetco,30,Lea,BS2_S,BS2_S,keep,True,,False,10605.0,False,4056.0,2013-11-08,87487.0,21569.773175542407,928.7094082549407,False,-103.49418827,32.27521837,agree,,31.0,31.0,BS2_S,none
3002541329,JAZZMASTER 17 STATE #004H,ConocoPhillips,30,Lea,BS2_S,BS2_S,keep,True,,False,11087.0,False,2302.0,2013-12-15,43063.0,18706.776715899217,728.7230336948193,False,-103.5880153,32.30365171,agree,,8.0,8.0,BS2_S,none
3002541332,ROY BATTY FEDERAL COM #002H,ConocoPhillips,30,Lea,BS2_S,BS2_S,keep,True,,False,11109.0,False,4315.0,2014-02-13,97921.0,22693.16338354577,1388.1189938828238,False,-103.54520637,32.23218148,off_band,,875.0,,BS2_S,none
3002541333,ROY BATTY FEDERAL COM #003H,ConocoPhillips,30,Lea,BS2_S,BS2_S,keep,True,,False,11157.0,False,4076.0,2014-02-17,81945.0,20104.268891069674,1480.0292879370309,False,-103.54049556,32.2321243,off_band,,910.0,,BS2_S,none
3002541334,ROY BATTY FEDERAL COM #004H,ConocoPhillips,30,Lea,BS2_S,BS2_S,keep,True,,False,11050.0,False,4072.0,2014-04-01,91935.0,22577.357563850685,1540.3926687333442,False,-103.53578643,32.23232325,no_evidence,,,,BS2_S,none
3002541340,THISTLE UNIT #056H,Devon,30,Lea,BS2_S,BS2_S,keep,True,,False,11294.0,False,4412.0,2014-03-01,128439.0,29111.28739800544,1324.9324582097338,False,-103.5581353,32.27564203,ambiguous,,16.0,65.0,BS2_S,none
3002541341,THISTLE UNIT #057H,Devon,30,Lea,BS2_S,BS2_S,keep,True,,False,11320.0,False,4452.0,2014-03-01,139380.0,31307.277628032345,1194.0737552016071,False,-103.56181605,32.27590699,agree,,100.0,100.0,BS2_S,none
3002541342,THISTLE UNIT #058H,Devon,30,Lea,BS2_S,BS2_S,keep,True,,False,11276.0,False,4396.0,2014-03-05,82984.0,18877.161055505007,1242.588932806324,False,-103.55383851,32.27596539,ambiguous,,19.0,41.0,BS2_S,none
3002541360,LIMESTONE 11 23 33 FEDERAL #001H,Chevron,30,Lea,BS2_S,BS2_S,keep,True,,False,11114.0,False,3767.0,2014-04-06,24962.0,6626.49323068755,1337.4729588975242,False,-103.54964653,32.31851939,agree,,29.0,29.0,BS2_S,none
3002541362,JAMES FEDERAL #021H,Devon,30,Lea,BS2_S,BS2_S,keep,False,,True,10750.0,False,4312.0,2015-03-09,112993.0,26204.31354359926,6068.322816457657,False,-103.69471696,32.27492443,off_band,,488.0,,BS2_S,none
3002541363,JAMES FEDERAL #022H,Devon,30,Lea,BS2_S,BS2_S,keep,False,,True,10750.0,False,4274.0,2015-03-12,130698.0,30579.784744969584,5054.476732620239,False,-103.68953692,32.27522293,off_band,,488.0,,BS2_S,none
3002541364,BATTLE #001H,ConocoPhillips,30,Lea,BS2_S,BS2_S,keep,True,,False,11011.0,False,4029.0,2014-10-01,71006.0,17623.72797220154,1291.651409740022,False,-103.55287086,32.43538681,agree,,27.0,27.0,BS2_S,none
3002541371,BRINNINSTOOL UNIT #003H,ConocoPhillips,30,Lea,BS2_S,BS2_S,keep,True,,False,11044.0,False,4023.0,2014-01-02,64916.0,16136.216753666416,998.536570337051,False,-103.59318388,32.29018164,agree,,101.0,101.0,BS2_S,none
3002541376,YOUNG 16 NC STATE COM #001H,Mewbourne,30,Lea,BS2_S,BS2_S,keep,True,,False,8918.0,False,3830.0,2013-11-01,27610.0,7208.877284595301,833.3212604128939,False,-103.77328412,32.74750049,no_evidence,,,,BS2_S,none
3002541381,STRATOCASTER 20 FEDERAL #002H,ConocoPhillips,30,Lea,BS2_S,BS2_S,keep,True,,False,10525.0,False,3911.0,2014-03-19,52432.0,13406.289951419074,2552.944766554776,False,-103.49423212,32.29008352,agree,,20.0,20.0,BS2_S,none
3002541382,DECKARD FEDERAL COM #002H,ConocoPhillips,30,Lea,BS2_S,BS2_S,keep,False,,True,11060.0,False,4243.0,2014-08-01,88039.0,20749.234032524157,1640.3639296220992,False,-103.52816678,32.21763489,off_band,,444.0,,BS2_S,none
3002541383,DECKARD FEDERAL COM #003H,ConocoPhillips,30,Lea,BS2_S,BS2_S,keep,True,,False,11161.0,False,3889.0,2014-10-28,65642.0,16878.889174595013,1808.0954267085099,False,-103.52368519,32.21696721,off_band,,556.5,,BS2_S,none
3002541384,DECKARD FEDERAL COM #004H,ConocoPhillips,30,Lea,BS2_S,BS2_S,keep,True,,False,11102.0,False,4164.0,2014-08-01,83797.0,20124.159462055715,1677.4466866355597,False,-103.51946851,32.21769678,off_band,,499.0,,BS2_S,none
3002541389,CRAZY HORSE FEDERAL #001H,ConocoPhillips,30,Lea,BS2_S,BS2_S,keep,True,,False,9223.0,False,4221.0,2014-02-01,206517.0,48926.08386638237,1189.2192894531686,False,-103.80512467,32.66662918,agree,,44.0,44.0,BS2_S,none
3002541390,CRAZY HORSE FEDERAL COM #002H,ConocoPhillips,30,Lea,BS2_S,BS2_S,keep,True,,False,9185.0,False,4023.0,2014-02-01,93334.0,23200.099428287347,1408.6185098677868,False,-103.80549442,32.66281894,agree,,83.0,83.0,BS2_S,none
3002541408,WINDWARD FEDERAL #002H,ConocoPhillips,30,Lea,BS2_S,BS2_S,keep,True,,False,10611.0,False,9485.0,2014-04-09,131190.0,13831.312598840273,1728.2795944812867,False,-103.71631127,32.18077618,agree,,72.5,72.5,BS2_S,none
3002541411,RINGO 32 FEDERAL COM #001H,ConocoPhillips,30,Lea,BS2_S,BS2_S,keep,False,,True,9605.0,False,9836.0,2018-04-25,191796.0,19499.389995933307,964.8115706271246,True,-103.7808447,32.59516215,agree,,174.0,174.0,BS2_S,none
3002541412,WINDWARD FEDERAL #004H,ConocoPhillips,30,Lea,BS2_S,BS2_S,keep,True,,False,10559.0,False,9390.0,2014-08-15,251330.0,26765.70820021299,1600.513269406756,False,-103.70689448,32.18103537,agree,,17.0,17.0,BS2_S,none
3002541413,WINDWARD FEDERAL #003H,ConocoPhillips,30,Lea,BS2_S,BS2_S,keep,True,,False,10663.0,False,9413.0,2014-12-18,190671.0,20256.135132263887,1994.68193904684,False,-103.71147377,32.18066575,agree,,104.0,104.0,BS2_S,none
3002541414,WINDWARD FEDERAL #001H,ConocoPhillips,30,Lea,BS2_S,BS2_S,keep,True,,False,10507.0,False,4180.0,2014-11-21,147291.0,35237.08133971292,1896.4566742027687,False,-103.72163606,32.18851537,agree,,45.0,45.0,BS2_S,none
3002541426,JAZZMASTER 17 STATE #003H,ConocoPhillips,30,Lea,BS2_S,BS2_S,keep,True,,False,10994.0,False,3878.0,2014-06-17,51361.0,13244.198040226922,1162.9057066645898,False,-103.59222399,32.30385026,agree,,107.5,107.5,BS2_S,none
3002541436,HYPERION STATE COM #002H,Jonah Energy,30,Lea,BS2_S,BS2_S,keep,True,,False,11146.0,False,4320.0,2014-06-29,95454.0,22095.833333333336,786.5883043141199,False,-103.58876385,32.20308151,agree,,28.0,28.0,BS2_S,none
3002541437,HYPERION STATE COM #003H,Jonah Energy,30,Lea,BS2_S,BS2_S,keep,True,,False,11059.0,False,4410.0,2014-06-29,122621.0,27805.215419501135,984.806843852195,False,-103.59312198,32.20296705,agree,,59.0,59.0,BS2_S,none
3002541438,HYPERION STATE #004H,Jonah Energy,30,Lea,BS2_S,BS2_S,keep,True,,False,11179.0,False,4404.0,2014-08-05,102918.0,23369.209809264306,955.7317476048893,False,-103.59727602,32.20293783,agree,,65.0,65.0,BS2_S,none
3002541439,HYPERION STATE #005H,Jonah Energy,30,Lea,BS2_S,BS2_S,keep,True,,False,11127.0,False,4075.0,2014-09-13,116563.0,28604.41717791411,827.3809013151687,False,-103.60167321,32.19646443,agree,,22.0,22.0,BS2_S,none
3002541447,STRATOCASTER 20 FEDERAL #003H,ConocoPhillips,30,Lea,BS2_S,BS2_S,keep,True,,False,10560.0,False,3802.0,2014-04-06,145621.0,38301.157285639136,2139.7943977860336,False,-103.48999016,32.29126306,agree,,29.0,29.0,BS2_S,none
3002541448,NOCASTER 19 FEDERAL #003H,ConocoPhillips,30,Lea,BS2_S,BS2_S,keep,True,,False,10571.0,False,3761.0,2014-11-01,102371.0,27219.090667375698,3543.8649617567476,False,-103.5073065,32.28915012,agree,,17.5,17.5,BS2_S,none
3002541449,NOCASTER 19 FEDERAL #004H,ConocoPhillips,30,Lea,BS2_S,BS2_S,keep,True,,False,10553.0,False,3878.0,2014-07-23,116685.0,30088.96338318721,3438.248275271029,False,-103.5032206,32.29071574,agree,,1.0,1.0,BS2_S,none
3002541450,MERCHANT GAP 25 STATE COM #001H,Permian Resources,30,Lea,BS2_S,BS2_S,keep,True,,False,10384.0,False,4062.0,2014-04-03,39845.0,9809.207287050715,1660.2585016940645,False,-103.43104073,32.36222304,off_band,,620.5,,BS2_S,none
3002541455,TELECASTER 30 FEDERAL #003H,ConocoPhillips,30,Lea,BS2_S,BS2_S,keep,True,,False,10574.0,False,3992.0,2014-01-01,94095.0,23570.891783567135,2625.1129177958446,False,-103.5069533,32.27565563,agree,,15.5,15.5,BS2_S,none
3002541456,TELECASTER 30 FEDERAL #004H,ConocoPhillips,30,Lea,BS2_S,BS2_S,keep,True,,False,10583.0,False,3750.0,2014-02-14,80645.0,21505.333333333332,2285.08897017794,False,-103.50277259,32.27480668,agree,,7.0,7.0,BS2_S,none
3002541460,COPPERHEAD 18 STATE #002H,Tap Rock Resources,30,Lea,BS2_S,BS2_S,keep,True,,False,11101.0,False,3770.0,2014-04-18,83624.0,22181.432360742703,515.832775279824,False,-103.61733514,32.21663646,agree,,75.0,75.0,BS2_S,none
3002541461,COPPERHEAD 18 STATE #003H,Tap Rock Resources,30,Lea,BS2_S,BS2_S,keep,True,,False,11109.0,False,3972.0,2015-02-01,58436.0,14711.983887210474,1182.849613252105,False,-103.61337023,32.21683553,agree,,61.0,61.0,BS2_S,none
3002541462,COPPERHEAD 18 STATE #004H,Tap Rock Resources,30,Lea,BS2_S,BS2_S,keep,True,,False,10980.0,False,4461.0,2014-10-31,50126.0,11236.494059627885,1190.5198898775086,False,-103.60926979,32.21750755,off_band,,541.0,,BS2_S,none
3002541463,COPPERHEAD 18 STATE #005H,Tap Rock Resources,30,Lea,BS2_S,BS2_S,keep,True,,False,11124.0,False,4226.0,2014-10-22,115239.0,27269.048745858967,1207.629361587657,False,-103.60488183,32.21711578,off_band,,389.0,,BS2_S,none
3002541466,THISTLE UNIT #062H,Devon,30,Lea,BS2_S,BS2_S,keep,True,,False,11080.0,False,4414.0,2014-10-01,137947.0,31252.152242863616,1140.8729439567371,False,-103.56070577,32.29038563,agree,,122.0,122.0,BS2_S,none
3002541467,THISTLE UNIT #063H,Devon,30,Lea,BS2_S,BS2_S,keep,True,,False,11101.0,False,3635.0,2014-10-01,113199.0,31141.403026134798,1363.5809503617522,False,-103.55840266,32.2901573,agree,,98.0,98.0,BS2_S,none
3002541468,THISTLE UNIT #064H,Devon,30,Lea,BS2_S,BS2_S,keep,True,class BS2_S->BS3_C rejected (precision 0.33),False,11175.0,False,4324.0,2014-09-03,130845.0,30260.17576318224,1074.6608582674157,False,-103.55371441,32.28997669,flag,BS3_C,105.0,,BS2_S,none
3002541469,DOS EQUIS 11 FEDERAL COM #001H,Devon,30,Lea,BS2_S,BS2_S,keep,False,,True,11050.0,False,4525.0,2014-05-01,70683.0,15620.552486187846,1819.9001174256894,False,-103.63897531,32.2323729,off_band,,471.0,,BS2_S,none
3002541470,DOS EQUIS 11 FEDERAL COM #002H,Devon,30,Lea,BS2_S,BS2_S,keep,False,,True,11030.0,False,4405.0,2014-11-24,135185.0,30688.98978433598,1306.0916521803454,False,-103.64267882,32.23259384,off_band,,491.0,,BS2_S,none
3002541473,W BELL LAKE 26 FEDERAL #002H,Devon,30,Lea,BS2_S,BS2_S,keep,True,card verdict REJECT (BS2_S->BS3_C),False,11314.0,False,4786.0,2017-12-20,269533.0,56316.96615127455,1114.6019225846185,False,-103.54526236,32.27632469,flag,BS3_C,34.0,,BS3_C,none
3002541476,KING AIR 8 FEDERAL COM #003H,ConocoPhillips,30,Lea,BS2_S,BS2_S,keep,True,,False,9298.0,False,7286.0,2016-11-28,291489.0,40006.725226461705,921.1016539217603,True,-103.79014053,32.67775732,agree,,8.0,8.0,BS2_S,none
3002541479,DOS EQUIS 13 FEDERAL COM #001H,Devon,30,Lea,BS2_S,BS2_S,keep,False,,True,11085.0,False,4307.0,2014-06-21,70176.0,16293.475737172044,1234.624373005016,False,-103.62194347,32.21797319,off_band,,964.0,,BS2_S,none
3002541480,DOS EQUIS 13 FEDERAL COM #002H,Devon,30,Lea,BS2_S,BS2_S,keep,True,,False,10954.0,False,4260.0,2014-11-29,90964.0,21353.051643192488,1258.992568488633,False,-103.62618767,32.21732842,agree,,55.0,55.0,BS2_S,none
3002541487,THISTLE UNIT #061H,Devon,30,Lea,BS2_S,BS2_S,keep,True,,False,11122.0,False,4191.0,2014-04-01,93389.0,22283.22596039131,1283.2025184978959,False,-103.56663909,32.29003746,agree,,74.0,74.0,BS2_S,none
3002541488,THISTLE UNIT #055H,Devon,30,Lea,BS2_S,BS2_S,keep,True,,False,11304.0,False,4502.0,2014-04-01,143099.0,31785.65082185695,1433.4411840753605,False,-103.56654211,32.27578824,agree,,94.0,94.0,BS2_S,none
3002541495,CUERVO FEDERAL #021H,Devon,30,Lea,BS2_S,BS2_S,keep,False,,True,11035.0,False,4309.0,2014-10-03,81007.0,18799.4894407055,2668.7817102225736,False,-103.64438896,32.30412771,off_band,,1221.0,,BS2_S,none
3002541513,LUSK DEEP UNIT A #030H,ConocoPhillips,30,Lea,BS2_S,BS2_S,keep,True,,False,9335.0,False,4355.0,2014-02-01,110804.0,25442.93915040184,1587.623190498538,False,-103.78799253,32.63985205,agree,,53.0,53.0,BS2_S,none
3002541515,BELL LAKE 19 STATE #002H,Devon,30,Lea,BS2_S,BS2_S,keep,True,,False,11105.0,False,4509.0,2014-10-07,155453.0,34476.15879352407,1620.7342412176029,False,-103.61135119,32.20298865,agree,,20.0,20.0,BS2_S,none
3002541516,BELL LAKE 19 STATE #003H,Devon,30,Lea,BS2_S,BS2_S,keep,True,,False,11114.0,False,3989.0,2015-03-01,131778.0,33035.34720481323,1945.9469714216334,False,-103.60892918,32.20290806,agree,,21.0,21.0,BS2_S,none
3002541517,BELL LAKE 19 STATE #004H,Devon,30,Lea,BS2_S,BS2_S,keep,True,,False,11088.0,False,4450.0,2014-10-04,117946.0,26504.719101123595,1747.8252759737506,False,-103.6068982,32.2029944,agree,,19.0,19.0,BS2_S,none
3002541520,COX 35 FEDERAL #001H,Chevron,30,Lea,BS2_S,BS2_S,keep,True,,False,11009.0,False,3906.0,2014-09-26,85826.0,21972.862263184845,1351.9213292009415,False,-103.63818124,32.26099128,off_band,,276.0,,BS2_S,none
3002541521,COX 35 FEDERAL #002H,Chevron,30,Lea,BS2_S,BS2_S,keep,True,,False,10934.0,False,3932.0,2014-02-26,92963.0,23642.67548321465,1368.3616062304357,False,-103.64413048,32.26245598,off_band,,351.0,,BS2_S,none
3002541534,AZORES FEDERAL #002H,ConocoPhillips,30,Lea,BS2_S,BS2_S,keep,True,,False,10610.0,False,4291.0,2014-05-10,201888.0,47049.172687019345,1798.1603661436043,False,-103.69392932,32.18865008,agree,,58.0,58.0,BS2_S,none
3002541535,AZORES FEDERAL #004H,ConocoPhillips,30,Lea,BS2_S,BS2_S,keep,True,,False,10552.0,False,4478.0,2014-06-24,116897.0,26104.73425636445,1844.3929271067693,False,-103.70322222,32.18814515,agree,,82.0,82.0,BS2_S,none
3002541537,DOS ABUELOS FEE #002H,Matador,30,Lea,BS3_C,BS2_S,reassign,True,card verdict AGREE (BS3_C->BS2_S),False,9905.0,False,4385.0,2014-10-07,136127.0,31043.785632839223,934.1129974215255,False,-103.58882842,32.73340365,flag,BS2_S,39.0,,BS3_C,none
3002541539,STRATOJET 31 STATE COM #004H,ConocoPhillips,30,Lea,BS2_S,BS2_S,keep,True,,False,10779.0,False,3936.0,2014-05-01,86587.0,21998.72967479675,1224.0867566724796,False,-103.50317537,32.52985708,agree,,6.0,6.0,BS2_S,none
3002541563,LUSK DEEP UNIT A #029H,ConocoPhillips,30,Lea,BS2_S,BS2_S,keep,True,,False,9244.0,False,4042.0,2014-06-01,84735.0,20963.63186541316,1693.9517318699475,False,-103.79486644,32.66043858,agree,,25.0,25.0,BS2_S,none
3002541564,GAUCHO UNIT #012H,Devon,30,Lea,BS2_S,BS2_S,keep,True,,False,10414.0,False,4275.0,2015-04-01,240557.0,56270.643274853806,1592.1590309157498,False,-103.48540574,32.37720443,agree,,49.5,49.5,BS2_S,none
3002541565,GAUCHO UNIT #013H,Devon,30,Lea,BS2_S,BS2_S,keep,True,,False,10330.0,False,4545.0,2015-04-01,165707.0,36459.18591859186,2155.6059792283972,False,-103.48549855,32.39110253,agree,,67.0,67.0,BS2_S,none
3002541566,GAUCHO UNIT #015H,Devon,30,Lea,BS2_S,BS2_S,keep,False,,True,10478.0,False,4513.0,2015-04-25,85211.0,18881.231996454688,2034.4204386757579,False,-103.49844533,32.39192948,agree,,83.0,83.0,BS2_S,none
3002541571,GAUCHO UNIT #014H,Devon,30,Lea,BS2_S,BS2_S,keep,False,,True,10446.0,False,4057.0,2015-04-01,187113.0,46121.025388217895,2575.411649644867,False,-103.49840242,32.37694028,agree,,84.0,84.0,BS2_S,none
3002541582,J KEATS 1 24 32 #040H,Chevron,30,Lea,BS2_S,BS2_S,keep,True,,False,11035.0,False,3478.0,2014-09-05,25268.0,7265.094882116158,357.9626404939053,False,-103.62105539,32.24674304,agree,,15.5,15.5,BS2_S,none
3002541589,NIGHTCAP 6 FEDERAL COM #003H,ConocoPhillips,30,Lea,BS2_S,BS2_S,keep,True,,False,9466.0,False,9323.0,2015-03-03,144356.0,15483.857127534055,1405.975505001524,False,-103.80726845,32.59432558,agree,,61.0,61.0,BS2_S,none
3002541599,SEA SNAKE 35 STATE #002H,Devon,30,Lea,BS2_S,BS2_S,keep,True,,False,11254.0,False,4508.0,2015-04-01,247302.0,54858.473824312336,1149.287106452839,False,-103.54521584,32.26119481,off_band,,804.0,,BS2_S,none
3002541602,CARAVAN BVW STATE #008H,EOG,30,Lea,BS2_S,BS2_S,keep,True,,False,11080.0,False,4264.0,2014-10-06,53950.0,12652.439024390244,1831.8443002780352,False,-103.58426363,32.17398815,off_band,,312.0,,BS2_S,none
3002541610,CARAVAN BVV STATE #006H,EOG,30,Lea,BS2_S,BS2_S,keep,True,,False,11055.0,False,4480.0,2015-02-02,70126.0,15653.125,1261.415166985141,False,-103.57940041,32.18809449,agree,,46.0,46.0,BS2_S,none
3002541622,VACA DRAW 9418 JV-P #003H,BTA Oil,30,Lea,BS2_S,BS2_S,keep,True,,False,11133.0,False,4127.0,2014-07-14,41065.0,9950.327114126483,2999.391209058809,False,-103.55888963,32.1448856,off_band,,282.0,,BS2_S,none
3002541625,SEA SNAKE 35 STATE #001H,Devon,30,Lea,BS2_S,BS2_S,keep,True,,False,11290.0,False,4364.0,2015-02-01,162800.0,37305.22456461962,1249.7420147420148,False,-103.54841446,32.26090005,off_band,,840.0,,BS2_S,none
3002541627,BRININSTOOL 25 23 33 USA #002H,Chevron,30,Lea,BS2_S,BS2_S,keep,True,,False,10961.0,False,4686.0,2014-06-03,66707.0,14235.381988903117,1282.9837948041436,False,-103.52806861,32.27587692,off_band,,319.0,,BS2_S,none
3002541631,ACTION BTI STATE COM #002H,EOG,30,Lea,BS2_S,BS2_S,keep,True,,False,11201.0,False,4104.0,2014-08-08,68562.0,16706.14035087719,1274.0731017181529,False,-103.57939554,32.21715353,agree,,76.0,76.0,BS2_S,none
3002541632,MARS 3 STATE #001H,EOG,30,Lea,BS2_S,BS2_S,keep,True,,False,11201.0,False,4523.0,2014-06-01,151287.0,33448.374972363476,1198.3448677017855,False,-103.55378796,32.24677828,agree,,19.5,19.5,BS2_S,none
3002541633,STRATOCONE 32 STATE #002H,ConocoPhillips,30,Lea,BS2_S,BS2_S,keep,True,,False,10863.0,False,4211.0,2014-07-13,71091.0,16882.213251009263,1417.1695432614536,False,-103.47885022,32.52349269,agree,,81.5,81.5,BS2_S,none
3002541638,CARAVAN BVX STATE #011H,EOG,30,Lea,BS2_S,BS2_S,keep,True,,False,11081.0,False,4439.0,2017-07-01,106032.0,23886.46091462041,1463.5958955786932,False,-103.57002873,32.174139,agree,,0.5,0.5,BS2_S,none
3002541640,WEST COPPERLINE 29 FED STATE COM #002H,Paloma Permian Assetco,30,Lea,BS2_S,BS2_S,keep,True,,False,10556.0,False,4394.0,2014-04-03,56230.0,12796.99590350478,1235.7993953405655,False,-103.49882258,32.27566381,agree,,20.0,20.0,BS2_S,none
3002541641,CARAVAN BVW STATE #009H,EOG,30,Lea,BS2_S,BS2_S,keep,True,,False,11053.0,False,3771.0,2015-02-01,58828.0,15600.106072659772,1567.1278982797307,False,-103.5795071,32.17448054,agree,,27.5,27.5,BS2_S,none
3002541642,CONVOY BUC STATE #002H,EOG,30,Lea,BS2_S,BS2_S,keep,True,,False,11077.0,False,4346.0,2014-11-01,58008.0,13347.445927289462,1514.7393462970624,False,-103.57579167,32.18864252,agree,,15.5,15.5,BS2_S,none
3002541646,RIDGE RUNNER 7 STATE #001H,Occidental,30,Lea,BS2_S,BS2_S,keep,False,,True,10869.0,False,4172.0,2015-02-15,75546.0,18107.861936720998,355.6111508220157,False,-103.6109448,32.40373833,off_band,,455.0,,BS2_S,none
3002541647,CONVOY BUC STATE #001H,EOG,30,Lea,BS2_S,BS2_S,keep,True,,False,11081.0,False,4555.0,2017-07-01,146403.0,32141.163556531283,1375.3270083263321,False,-103.57005574,32.18865097,agree,,21.0,21.0,BS2_S,none
3002541648,MAMBA BQN STATE COM #002H,EOG,30,Lea,BS2_S,BS2_S,keep,True,,False,11098.0,False,4366.0,2014-06-29,46278.0,10599.633531836922,1820.930031548468,False,-103.61316684,32.18901023,agree,,16.0,16.0,BS2_S,none
3002541655,CARAVAN BVV STATE #007H,EOG,30,Lea,BS2_S,BS2_S,keep,True,,False,11090.0,False,4510.0,2014-10-02,87579.0,19418.847006651882,1355.9643293483598,False,-103.58445057,32.18873536,agree,,5.0,5.0,BS2_S,none
3002541665,JOLLY ROGER 16 STATE #001H,EOG,30,Lea,BS2_S,BS2_S,keep,True,,False,10909.0,False,4515.0,2014-07-01,146426.0,32431.007751937985,1410.780872249464,False,-103.47610941,32.21754535,off_band,,278.0,,BS2_S,none
3002541666,SEBASTIAN FEDERAL COM #002H,ConocoPhillips,30,Lea,BS2_S,BS2_S,keep,True,,False,10927.0,False,4280.0,2015-06-04,160896.0,37592.52336448598,1482.5166567223548,False,-103.51061726,32.21773836,off_band,,326.0,,BS2_S,none
3002541670,CRANBERRY BSU STATE COM #005H,EOG,30,Lea,BS2_S,BS2_S,keep,True,,False,10917.0,False,4264.0,2015-01-01,69340.0,16261.726078799249,1179.8961638304008,False,-103.53681854,32.49283673,agree,,3.0,3.0,BS2_S,none
3002541671,DATE BTB STATE COM #008H,EOG,30,Lea,BS2_S,BS2_S,keep,True,,False,10981.0,False,4525.0,2017-10-01,122696.0,27115.138121546963,771.263936884658,False,-103.53686045,32.47921125,agree,,59.5,59.5,BS2_S,none
3002541672,BERRY APN STATE #005H,EOG,30,Lea,BS2_S,BS2_S,keep,True,,False,10714.0,False,4476.0,2017-09-01,90346.0,20184.53976764969,757.8531423638013,False,-103.49410364,32.51466028,agree,,70.0,70.0,BS2_S,none
3002541674,OSPREY 20 STATE COM #004H,ConocoPhillips,30,Lea,BS2_S,BS2_S,keep,True,,False,10990.0,False,6675.0,2015-03-02,189141.0,28335.73033707865,978.301901755833,False,-103.49922896,32.45306784,agree,,46.5,46.5,BS2_S,none
3002541675,MERCHANT LIVESTOCK 19 STATE #002H,Permian Resources,30,Lea,BS2_S,BS2_S,keep,True,,False,10457.0,False,3635.0,2014-08-18,48307.0,13289.408528198073,1738.5679094127145,False,-103.40768858,32.37659861,off_band,,677.0,,BS2_S,none
3002541687,SEBASTIAN FEDERAL COM #001H,ConocoPhillips,30,Lea,BS2_S,BS2_S,keep,True,,False,10944.0,False,4356.0,2015-06-03,129187.0,29657.254361799816,1477.4474211801496,False,-103.51518889,32.21739378,off_band,,343.0,,BS2_S,none
3002541688,SEBASTIAN FEDERAL COM #003H,ConocoPhillips,30,Lea,BS2_S,BS2_S,keep,True,,False,11055.0,False,4211.0,2014-10-13,81374.0,19324.151033008784,918.2171209477228,False,-103.50609732,32.21779351,off_band,,454.0,,BS2_S,none
3002541689,SEBASTIAN FEDERAL COM #004H,ConocoPhillips,30,Lea,BS2_S,BS2_S,keep,True,,False,10876.0,False,4291.0,2014-10-11,102416.0,23867.62992309485,1086.1486486486488,False,-103.50175035,32.21753305,off_band,,275.0,,BS2_S,none
3002541693,DUNKEL 7 STATE #001H,Texas Standard Operating Nm,30,Lea,BS2_S,BS2_S,keep,True,,False,9121.0,False,4097.0,2015-01-11,26998.0,6589.699780327068,962.7750203718794,False,-103.39992655,32.76156982,no_evidence,,,,BS3_C,none
3002541694,DOPPLEBOCK 8 STATE COM #001H,Texas Standard Operating Nm,30,Lea,BS2_S,BS2_S,keep,True,,False,9410.0,False,4097.0,2014-09-01,67744.0,16535.025628508665,1127.49468587624,False,-103.37472453,32.76175405,no_evidence,,,,BS2_S,none
3002541701,EXCALIBUR 17 LI FEDERAL COM #001H,Mewbourne,30,Lea,BS2_S,BS2_S,keep,True,,False,9967.0,False,4020.0,2014-09-06,46756.0,11630.845771144279,823.573445119343,False,-103.68460011,32.65783473,agree,,26.0,26.0,BS2_S,none
3002541710,JACKSON UNIT #028H,Jonah Energy,30,Lea,BS2_S,BS2_S,keep,True,,False,10888.0,False,4414.0,2014-05-30,131762.0,29850.928862709563,618.4560040072251,False,-103.57859792,32.20335458,agree,,219.0,219.0,BS2_S,none
3002541731,GRAMMA RIDGE 14 24 34 #002H,Chevron,30,Lea,BS2_S,BS2_S,keep,True,,False,11275.0,False,3281.0,2014-10-09,26009.0,7927.156354769887,1974.3165827213656,False,-103.44743021,32.21659807,off_band,,1054.0,,BS2_S,none
3002541737,SCOOTER FEDERAL COM #001H,ConocoPhillips,30,Lea,BS2_S,BS2_S,keep,True,,False,9688.0,False,4279.0,2015-01-20,93176.0,21775.18111708343,1031.166824074869,False,-103.64094909,32.7327831,agree,,9.0,9.0,BS2_S,none
3002541744,CARAVAN BVX STATE #010H,EOG,30,Lea,BS2_S,BS2_S,keep,True,,False,11085.0,False,4487.0,2015-01-03,49032.0,10927.568531312681,1735.6420296948932,False,-103.57566583,32.17389613,agree,,6.5,6.5,BS2_S,none
3002541747,TELECASTER 30 FEDERAL #002H,ConocoPhillips,30,Lea,BS2_S,BS2_S,keep,True,,False,10532.0,False,4002.0,2014-05-10,79401.0,19840.329835082455,2579.1992544174504,False,-103.51127609,32.27559433,agree,,64.0,64.0,BS2_S,none
3002541767,JACKSON UNIT #029H,Jonah Energy,30,Lea,BS2_S,BS2_S,keep,True,,False,10910.0,False,4596.0,2018-04-26,74187.0,16141.64490861619,1632.752369013439,False,-103.57407299,32.2039111,agree,,206.0,206.0,BS2_S,none
3002541776,TREASURE ISLAND FEDERAL #001H,ConocoPhillips,30,Lea,BS2_S,BS2_S,keep,True,,False,10735.0,False,4405.0,2014-10-25,69546.0,15787.968217934165,1583.124838236563,False,-103.63812398,32.20317758,off_band,,700.5,,BS2_S,none
3002541777,TREASURE ISLAND FEDERAL #002H,ConocoPhillips,30,Lea,BS2_S,BS2_S,keep,True,,False,11040.0,False,4357.0,2014-10-08,83126.0,19078.72389258664,1584.5704111830235,False,-103.64291605,32.20322792,off_band,,1035.0,,BS2_S,none
3002541780,ANDERSON 35 #003H,Matador,30,Lea,BS2_S,BS2_S,keep,True,,False,10687.0,False,3940.0,2014-11-01,40901.0,10380.964467005077,278.1350089239872,False,-103.64530739,32.43308409,agree,,38.5,38.5,BS2_S,none
3002541787,MOGI 9 STATE COM #011H,Jonah Energy,30,Lea,BS2_S,BS2_S,keep,True,,False,11039.0,False,4287.0,2015-01-16,68100.0,15885.2344296711,1109.4860499265785,False,-103.57000934,32.23248952,agree,,149.5,149.5,BS2_S,none
3002541794,THISTLE UNIT #053H,Devon,30,Lea,BS2_S,BS2_S,keep,True,,False,11211.0,False,4400.0,2014-12-01,150391.0,34179.77272727273,1077.0657818619466,False,-103.57517681,32.27592312,agree,,8.5,8.5,BS2_S,none
3002541795,THISTLE UNIT #054H,Devon,30,Lea,BS2_S,BS2_S,keep,True,,False,11206.0,False,4092.0,2015-11-14,129975.0,31763.196480938415,1952.4677822658205,False,-103.57160987,32.27587617,agree,,3.0,3.0,BS2_S,none
3002541796,THISTLE UNIT #059H,Devon,30,Lea,BS2_S,BS2_S,keep,True,,False,11164.0,False,4401.0,2014-11-01,144973.0,32940.92251760964,1159.5952349747884,False,-103.57512391,32.28934801,agree,,48.0,48.0,BS2_S,none
3002541797,THISTLE UNIT #060H,Devon,30,Lea,BS2_S,BS2_S,keep,True,,False,11083.0,False,4420.0,2015-11-14,112633.0,25482.57918552036,2254.286044054584,False,-103.57149031,32.28948701,agree,,92.0,92.0,BS2_S,none
3002541803,BRINNINSTOOL UNIT #004H,ConocoPhillips,30,Lea,BS2_S,BS2_S,keep,True,,False,11027.0,False,4009.0,2015-04-02,151441.0,37775.25567473185,1248.4201768345429,False,-103.58819372,32.29021343,agree,,118.0,118.0,BS2_S,none
3002541804,BEVO 11 FEDERAL #004H,ConocoPhillips,30,Lea,BS2_S,BS2_S,keep,False,,True,11000.0,True,4135.0,2015-02-01,126237.0,30528.89963724305,1111.108470575188,False,-103.53719398,32.4062551,agree,,37.0,37.0,BS2_S,none
3002541807,BILBREY 33 FEDERAL COM #004H,Mewbourne,30,Lea,BS2_S,BS2_S,keep,True,,False,10610.0,False,7116.0,2014-11-01,159142.0,22363.96852164137,1702.5298161390456,False,-103.6748272,32.44562115,agree,,85.5,85.5,BS2_S,none
3002541811,GRAMMA RIDGE 14 24 34 #001H,Chevron,30,Lea,BS2_S,BS2_S,keep,True,,False,11256.0,False,4002.0,2015-01-12,33945.0,8482.008995502249,1361.4965385181913,False,-103.43908685,32.21684218,off_band,,787.0,,BS2_S,none
3002541813,EIDER FEDERAL #002H,ConocoPhillips,30,Lea,BS2_S,BS2_S,keep,True,,False,10907.0,False,9590.0,2016-03-10,250505.0,26121.48070907195,2537.3944631843674,True,-103.64279514,32.18145211,off_band,,181.0,,BS2_S,none
3002541827,FOXGLOVE 29 FEDERAL #004H,Tap Rock Resources,30,Lea,BS2_S,BS2_S,keep,True,,False,11145.0,False,3619.0,2015-03-01,92565.0,25577.507598784196,541.0360287365635,False,-103.60002445,32.27434655,agree,,7.0,7.0,BS2_S,none
3002541828,FOXGLOVE 29 FEDERAL #005H,Tap Rock Resources,30,Lea,BS2_S,BS2_S,keep,True,,False,11164.0,False,3665.0,2015-03-01,60862.0,16606.275579809004,459.1699254050146,False,-103.59727787,32.27479424,agree,,15.0,15.0,BS2_S,none
3002541829,LIPPIZZAN 4 FEDERAL #001H,Devon,30,Lea,BS2_S,BS2_S,keep,True,,False,10708.0,False,4156.0,2015-01-05,182007.0,43793.79210779596,2112.9626882482544,False,-103.68618484,32.1590342,off_band,,397.0,,BS2_S,none
3002541850,FOXGLOVE 29 FEDERAL #006H,Tap Rock Resources,30,Lea,BS2_S,BS2_S,keep,False,,True,11151.0,False,4061.0,2015-03-01,91267.0,22474.02117704999,395.66327369147666,False,-103.59129721,32.27519496,agree,,13.0,13.0,BS2_S,none
3002541851,FOXGLOVE 29 FEDERAL #007H,Tap Rock Resources,30,Lea,BS2_S,BS2_S,keep,True,,False,11177.0,False,4308.0,2015-03-01,89131.0,20689.647168059422,386.65559681816654,False,-103.5870275,32.27535905,agree,,13.0,13.0,BS2_S,none
3002541853,GAUCHO UNIT #016H,Devon,30,Lea,BS2_S,BS2_S,keep,True,,False,10395.0,False,3910.0,2015-10-01,78109.0,19976.726342710997,1997.1322126771563,False,-103.50251171,32.37901311,agree,,39.5,39.5,BS2_S,none
3002541854,GAUCHO UNIT #017H,Devon,30,Lea,BS2_S,BS2_S,keep,False,,True,10533.0,False,4466.0,2015-10-01,60733.0,13598.96999552172,2230.6653713796454,False,-103.50758741,32.37718229,agree,,160.0,160.0,BS2_S,none
3002541856,LOCO DINERO 36 STATE COM #002H,Marshall & Winston,30,Lea,BS2_S,BS2_S,keep,True,,False,10920.0,False,4305.0,2016-10-01,71011.0,16495.00580720093,980.7353790257847,False,-103.5193114,32.43497781,agree,,24.0,24.0,BS2_S,none
3002541884,BOUNDARY RAIDER 6 FEDERAL #002H,Devon,30,Lea,BS2_S,BS2_S,keep,True,,False,10438.0,False,4482.0,2014-12-01,268255.0,59851.628737170904,2376.749734394513,False,-103.70698423,32.33332182,off_band,,1382.0,,BS2_S,none
3002541885,RED TANK 31 STATE #005H,Occidental,30,Lea,BS2_S,BS2_S,keep,True,,False,10849.0,False,4220.0,2015-01-15,41551.0,9846.208530805687,0.0,False,-103.61205546,32.35369632,off_band,,1362.0,,BS2_S,none
3002541888,GRAMMA 27 STATE #002H,3r Operating,30,Lea,BS2_S,BS2_S,keep,True,,False,10288.0,False,3997.0,2014-08-19,63176.0,15805.854390793094,892.0950994048372,False,-103.4504498,32.44992304,agree,,77.0,77.0,BS2_S,none
3002541896,THISTLE UNIT #051H,Devon,30,Lea,BS2_S,BS2_S,keep,True,,False,11208.0,False,4270.0,2015-01-01,117577.0,27535.597189695553,1098.76931712835,False,-103.58364344,32.2755198,agree,,37.5,37.5,BS2_S,none
3002541897,THISTLE UNIT #052H,Devon,30,Lea,BS2_S,BS2_S,keep,True,,False,11229.0,False,4369.0,2015-01-03,149103.0,34127.4891279469,1284.7025210760346,False,-103.57971453,32.27592082,agree,,47.0,47.0,BS2_S,none
3002541913,HORNED VIPER 20 FEDERAL COM #001H,Devon,30,Lea,BS2_S,BS2_S,keep,True,,False,11095.0,False,4200.0,2015-04-01,97123.0,23124.52380952381,1772.5976339281117,False,-103.59695016,32.29050884,agree,,15.0,15.0,BS2_S,none
3002541914,HORNED VIPER 20 FEDERAL #002H,Devon,30,Lea,BS2_S,BS2_S,keep,True,,False,11110.0,False,4524.0,2015-04-01,136213.0,30108.97435897436,1592.924317062248,False,-103.60025537,32.29032191,agree,,15.0,15.0,BS2_S,none
3002541926,E LIVINGSTON 31 FEDERAL #006H,Matador,30,Lea,BS2_S,BS2_S,keep,True,,False,10227.0,False,3630.0,2015-01-01,172839.0,47614.049586776855,1078.2230862247525,False,-103.72182565,32.34768755,off_band,,1587.5,,BS2_S,none
3002541928,GETTYSBURG STATE COM #001H,ConocoPhillips,30,Lea,BS2_S,BS2_S,keep,True,,False,10420.0,False,6480.0,2015-06-29,175630.0,27103.395061728395,1239.60029607698,False,-103.48235685,32.30123551,agree,,39.0,39.0,BS2_S,none
3002541929,GETTYSBURG STATE COM #004H,ConocoPhillips,30,Lea,BS2_S,BS2_S,keep,True,,False,10456.0,False,6797.0,2014-12-01,108889.0,16020.155951154922,2019.8367144523322,False,-103.46742498,32.30082243,agree,,6.0,6.0,BS2_S,none
3002541933,QUERECHO 28 OB FEDERAL COM #001H,Mewbourne,30,Lea,BS2_S,BS2_S,keep,True,,False,9424.0,False,4091.0,2014-09-07,24073.0,5884.380347103398,1162.9626552569268,False,-103.76874796,32.71823498,no_evidence,,,,BS2_S,none
3002541938,MERLIN STATE COM #002H,ConocoPhillips,30,Lea,BS2_S,BS2_S,keep,True,,False,10944.0,False,3729.0,2015-05-19,77056.0,20663.984982569054,1010.7843646179402,False,-103.49834129,32.4354823,agree,,18.0,18.0,BS2_S,none
3002541957,PRODIGAL SUN 17 24 34 #001H,Chevron,30,Lea,BS2_S,BS2_S,keep,True,,False,10865.0,False,3956.0,2015-01-03,34411.0,8698.432760364003,1002.179535613612,False,-103.48876559,32.21770755,off_band,,529.5,,BS2_S,none
3002541959,BRININSTOOL 4 STATE #004H,Jonah Energy,30,Lea,BS2_S,BS2_S,keep,True,,False,10960.0,False,4360.0,2014-10-24,98416.0,22572.477064220184,1112.9186311168917,False,-103.5825786,32.24655075,agree,,214.0,214.0,BS2_S,none
3002541968,URRACA 11 SB FEDERAL #004H,ConocoPhillips,30,Lea,BS2_S,BS2_S,keep,True,,False,10952.0,False,3147.0,2019-01-02,104907.0,33335.557673975214,2128.0276816609,False,-103.65197416,32.31842375,off_band,,1164.0,,BS2_S,none
3002541972,TRUCKER BRK STATE #002H,EOG,30,Lea,BS2_S,BS2_S,keep,True,,False,11125.0,False,4180.0,2014-11-01,58098.0,13899.043062200955,1620.8819580708457,False,-103.5428114,32.24077696,off_band,,565.0,,BS2_S,none
3002541973,MOGI 9 STATE COM #010H,Jonah Energy,30,Lea,BS2_S,BS2_S,keep,True,,False,10993.0,False,4595.0,2014-11-15,52624.0,11452.448313384113,1282.6847065977502,False,-103.57388038,32.23192082,agree,,195.0,195.0,BS2_S,none
3002541975,HOGNOSE VIPER 23 FEDERAL #001H,Devon,30,Lea,BS2_S,BS2_S,keep,True,class BS2_S->BS3_C rejected (precision 0.33),False,11196.0,False,4379.0,2015-07-01,74501.0,17013.245033112584,2531.50964416585,False,-103.54921815,32.2900178,flag,BS3_C,84.0,,BS2_S,none
3002541976,HOGNOSE VIPER 23 FEDERAL #002H,Devon,30,Lea,BS2_S,BS2_S,keep,True,class BS2_S->BS3_C rejected (precision 0.33),False,11235.0,False,4580.0,2015-07-01,72824.0,15900.436681222707,2607.4233769087114,False,-103.54700529,32.29003432,flag,BS3_C,45.0,,BS2_S,none
3002541977,MAGNUM PRONTO STATE #006H,ConocoPhillips,30,Lea,BS2_S,BS2_S,keep,True,,False,9397.0,False,4196.0,2014-12-10,159750.0,38071.973307912296,1639.5430359937402,False,-103.79575882,32.6172039,agree,,51.0,51.0,BS2_S,none
3002541981,COOP 6 STATE #002H,Matador,30,Lea,BS2_S,BS2_S,keep,True,,False,10879.0,False,3967.0,2015-01-09,90716.0,22867.658179984875,881.3880682569778,False,-103.6125312,32.423174,off_band,,964.0,,BS2_S,none
3002541997,EATA FAJITA STATE #005H,ConocoPhillips,30,Lea,BS2_S,BS2_S,keep,True,,False,10917.0,False,4234.0,2015-05-24,76409.0,18046.528105810106,1713.1882369877894,False,-103.58995991,32.23263738,off_band,,564.0,,BS2_S,none
3002542000,CABO BLANCO STATE #003H,ConocoPhillips,30,Lea,BS2_S,BS2_S,keep,True,,False,11311.0,False,4028.0,2014-12-19,129171.0,32068.272095332675,1150.002709586517,False,-103.58988548,32.2461272,agree,,150.0,150.0,BS2_S,none
3002542006,QUESO STATE #003H,ConocoPhillips,30,Lea,BS2_S,BS2_S,keep,True,,False,10989.0,False,4103.0,2015-03-13,98376.0,23976.602485985866,1825.5265511913474,False,-103.62387077,32.26136085,agree,,34.5,34.5,BS2_S,none
3002542007,JUICE BUD STATE COM #004H,EOG,30,Lea,BS2_S,BS2_S,keep,True,,False,10969.0,False,6758.0,2015-04-01,126481.0,18715.74430304824,1124.176753820732,False,-103.51519571,32.46871876,agree,,19.0,19.0,BS2_S,none
3002542025,STARCASTER 18 FEDERAL COM #004H,BTA Oil,30,Lea,BS2_S,BS2_S,keep,True,,False,10394.0,False,4074.0,2015-03-02,78328.0,19226.31320569465,2607.522214278419,False,-103.50229022,32.30452091,agree,,42.0,42.0,BS2_S,none
3002542038,MARS 10 STATE #502H,EOG,30,Lea,BS2_S,BS2_S,keep,True,,False,10950.0,False,4596.0,2015-02-01,100881.0,21949.738903394256,803.4119408015384,False,-103.55556837,32.24590135,agree,,239.5,239.5,BS2_S,none
3002542039,MARS 10 STATE #503H,EOG,30,Lea,BS2_S,BS2_S,keep,True,,False,11216.0,False,4591.0,2015-02-01,120515.0,26250.272271836202,999.0789528274489,False,-103.55633301,32.2459026,agree,,18.5,18.5,BS2_S,none
3002542044,OPHELIA 27 #501H,EOG,30,Lea,BS2_S,BS2_S,keep,True,,False,11012.0,False,4571.0,2015-02-02,89110.0,19494.640122511482,1852.0816967792616,False,-103.55712229,32.0215614,off_band,,969.0,,BS2_S,none
3002542061,GREY HAWK STATE #002H,ConocoPhillips,30,Lea,BS2_S,BS2_S,keep,True,,False,10941.0,False,4236.0,2015-06-05,87304.0,20610.009442870632,703.1407495647393,False,-103.50781874,32.43539893,agree,,11.0,11.0,BS2_S,none
3002542064,MASTIFF FEDERAL #003H,EOG,30,Lea,BS2_S,BS2_S,keep,True,,False,10652.0,False,4103.0,2016-05-13,98435.0,23990.982208140384,1721.7859501193682,False,-103.68181035,32.2467743,off_band,,607.0,,BS2_S,none
3002542068,PYGMY 27 STATE COM #003H,ConocoPhillips,30,Lea,BS2_S,BS2_S,keep,True,,False,11025.0,False,4129.0,2015-05-02,177843.0,43071.68806006297,1450.301670574608,False,-103.55815562,32.45016185,agree,,27.0,27.0,BS2_S,none
3002542076,JACKSON UNIT #033H,Jonah Energy,30,Lea,BS2_S,BS2_S,keep,True,,False,11036.0,False,4400.0,2015-07-03,40071.0,9107.045454545454,1263.4573631803548,False,-103.5743523,32.21738377,agree,,106.0,106.0,BS2_S,none
3002542083,GODFATHER 36 STATE COM #001H,Permian Resources,30,Lea,BS2_S,BS2_S,keep,True,,False,10536.0,False,3910.0,2015-07-01,74928.0,19163.171355498722,1340.6069827033953,False,-103.42698861,32.34758995,agree,,42.0,42.0,BS2_S,none
3002542085,HEARNS 27 STATE COM #501H,EOG,30,Lea,BS2_S,BS2_S,keep,True,,False,11095.0,False,4572.0,2015-01-01,116801.0,25547.02537182852,1663.1107610380047,False,-103.56717026,32.17466117,off_band,,529.0,,BS2_S,none
3002542087,HEARNS 27 STATE COM #401H,EOG,30,Lea,BS2_S,BS2_S,keep,False,,True,11200.0,True,4545.0,2015-06-01,50983.0,11217.381738173817,2302.532216621227,False,-103.5632668,32.1740757,off_band,,623.0,,BS2_S,none
3002542093,PRYOR DBR FEDERAL STATE COM #001H,Permian Resources,30,Lea,BS2_S,BS2_S,keep,True,,False,10485.0,False,4103.0,2016-09-01,74490.0,18155.00853034365,1038.8374278426634,False,-103.43107624,32.33389356,agree,,11.5,11.5,BS2_S,none
3002542110,FEARLESS BSF FEDERAL COM #002H,EOG,30,Lea,BS2_S,BS2_S,keep,True,,False,10887.0,False,4344.0,2017-06-01,177419.0,40842.31123388582,2633.1509026654417,False,-103.63843437,32.10116426,off_band,,1111.0,,BS2_S,none
3002542132,LAGUNA 16 STATE #009H,Devon,30,Lea,BS2_S,BS2_S,keep,True,,False,9623.0,False,4435.0,2016-03-19,74939.0,16897.18151071026,1391.638532673241,False,-103.77732189,32.57318484,agree,,92.0,92.0,BS2_S,none
3002542136,GAUCHO 21 FEDERAL #003H,Devon,30,Lea,BS2_S,BS2_S,keep,False,,True,10385.0,False,4287.0,2015-11-01,149182.0,34798.69372521577,2243.8363877679612,False,-103.48088666,32.37689122,agree,,12.0,12.0,BS2_S,none
3002542137,GAUCHO 21 FEDERAL #004H,Devon,30,Lea,BS2_S,BS2_S,keep,True,,False,10333.0,False,4074.0,2015-11-01,185739.0,45591.31075110457,1719.6819192522842,False,-103.47788744,32.37700257,agree,,43.0,43.0,BS2_S,none
3002542154,BROWN BEAR 36 STATE #502H,EOG,30,Lea,BS2_S,BS2_S,keep,True,,False,10915.0,False,4573.0,2015-03-01,85160.0,18622.348567679863,2354.0511977454203,False,-103.5333171,32.08699021,agree,,14.0,14.0,BS2_S,none
3002542156,LOMAS ROJAS 26 STATE COM #501H,EOG,30,Lea,BS2_S,BS2_S,keep,True,,False,10850.0,False,4461.0,2016-05-21,153919.0,34503.250392288726,2062.948693793489,False,-103.53640833,32.10156853,agree,,52.0,52.0,BS2_S,none
3002542157,LOMAS ROJAS 26 STATE COM #502H,EOG,30,Lea,BS2_S,BS2_S,keep,True,,False,10843.0,False,4461.0,2016-05-20,133537.0,29934.319659269222,2077.821128226634,False,-103.5385553,32.10168218,agree,,59.0,59.0,BS2_S,none
3002542158,JOLLY ROGER 16 STATE #502H,EOG,30,Lea,BS2_S,BS2_S,keep,True,,False,10950.0,False,4591.0,2015-02-01,97658.0,21271.61838379438,1147.2690409387865,False,-103.47811978,32.21761077,off_band,,319.0,,BS2_S,none
3002542159,JOLLY ROGER 16 STATE #503H,EOG,30,Lea,BS2_S,BS2_S,keep,True,,False,10836.0,False,4581.0,2015-02-01,103788.0,22656.188605108055,1120.9484718849963,False,-103.47910168,32.21768499,off_band,,205.0,,BS2_S,none
3002542172,SLICK MESA 27 STATE #003H,Marshall & Winston,30,Lea,BS2_S,BS2_S,keep,True,,False,10408.0,False,4320.0,2015-05-17,18034.0,4174.537037037037,3085.5051569258067,False,-103.45937955,32.45014772,agree,,5.0,5.0,BS2_S,none
3002542200,KING AIR 8 FEDERAL COM #004H,ConocoPhillips,30,Lea,BS2_S,BS2_S,keep,True,,False,9260.0,False,4330.0,2015-03-03,37664.0,8698.38337182448,1609.2555225148683,False,-103.79450422,32.67516863,agree,,9.0,9.0,BS2_S,none
3002542209,LUSK DEEP UNIT A #027H,ConocoPhillips,30,Lea,BS2_S,BS2_S,keep,True,,False,9269.0,False,4119.0,2015-01-11,84796.0,20586.550133527555,1237.6055474314826,False,-103.8058514,32.65899788,agree,,2.0,2.0,BS2_S,none
3002542210,LUSK DEEP UNIT A #032H,ConocoPhillips,30,Lea,BS2_S,BS2_S,keep,True,,False,9298.0,False,4067.0,2015-03-07,83854.0,20618.146053602162,1624.2158990626565,False,-103.78779183,32.64467709,agree,,21.0,21.0,BS2_S,none
3002542214,RESOLUTE BTO FEDERAL #001H,EOG,30,Lea,BS2_S,BS2_S,keep,True,,False,10783.0,False,4268.0,2015-06-13,45725.0,10713.448922211808,2412.225259704757,False,-103.62130703,32.14483475,off_band,,295.0,,BS2_S,none
3002542216,CHINCOTEAGUE 32 STATE COM #003H,Devon,30,Lea,BS2_S,BS2_S,keep,False,,False,10500.0,True,4449.0,2016-12-22,176543.0,39681.50146100247,1708.7734999405245,False,-103.69899623,32.17418888,agree,,100.5,100.5,BS2_S,none
3002542219,CHINCOTEAGUE 32 STATE COM #006H,Devon,30,Lea,BS2_S,BS2_S,keep,True,,False,10692.0,False,4559.0,2017-07-08,127768.0,28025.444176354464,2303.7301984847536,False,-103.690521805,32.17365627,agree,,91.5,91.5,BS2_S,none
3002542230,ABE STATE #003H,ConocoPhillips,30,Lea,BS2_S,BS2_S,keep,True,,False,11009.0,False,4528.0,2017-02-01,101530.0,22422.703180212015,1134.334679405102,False,-103.5881347,32.4490685,off_band,,956.0,,BS2_S,none
3002542263,CHINCOTEAGUE 32 STATE COM #002H,Devon,30,Lea,BS2_S,BS2_S,keep,True,,False,10634.0,False,4265.0,2016-12-22,149837.0,35131.77022274325,2019.1274518309897,False,-103.70249923,32.17368604,off_band,,471.0,,BS2_S,none
3002542264,CHINCOTEAGUE 32 STATE COM #005H,Devon,30,Lea,BS2_S,BS2_S,keep,True,,False,10687.0,False,4829.0,2017-07-09,157234.0,32560.364464692484,2204.046198659323,False,-103.69460469,32.17418066,agree,,86.5,86.5,BS2_S,none
3002542265,RUM RUNNER 2 FEDERAL COM #003H,Occidental,30,Lea,BS2_S,BS2_S,keep,True,,False,10769.0,False,4296.0,2015-04-01,32777.0,7629.655493482309,556.6708362571316,False,-103.64553006,32.41897202,off_band,,525.0,,BS2_S,none
3002542269,RIDGE RUNNER 7 STATE #002H,Occidental,30,Lea,BS2_S,BS2_S,keep,True,,False,10868.0,False,4177.0,2015-04-01,104221.0,24951.161120421355,286.1419483597356,False,-103.61136692,32.40892011,off_band,,456.0,,BS2_S,none
3002542283,SEA SNAKE 35 STATE #003H,Devon,30,Lea,BS2_S,BS2_S,keep,True,,False,11089.0,False,4495.0,2015-07-03,180810.0,40224.69410456063,1211.0004977600797,False,-103.54148597,32.26095945,off_band,,1376.0,,BS2_S,none
3002542285,SEA SNAKE 35 STATE #004H,Devon,30,Lea,BS2_S,BS2_S,keep,True,,False,11089.0,False,4377.0,2015-07-01,124667.0,28482.293808544666,1270.5848380084544,False,-103.53727141,32.25483942,off_band,,1392.0,,BS2_S,none
3002542291,GADWALL 35 FEDERAL #005H,ConocoPhillips,30,Lea,BS2_S,BS2_S,keep,True,class BS2_S->BS3_C rejected (precision 0.33),False,10970.0,False,4188.0,2015-03-02,40466.0,9662.368672397326,4007.314782780606,False,-103.6382893,32.17425982,flag,BS3_C,30.5,,BS3_C,none
3002542318,ANTELOPE RIDGE 11 24 34 FEDERAL #003H,Chevron,30,Lea,BS2_S,BS2_S,keep,True,,False,11114.0,False,3012.0,2015-05-13,36488.0,12114.209827357237,1423.0980048235035,False,-103.44619692,32.23098565,off_band,,647.0,,BS2_S,none
3002542322,NEPTUNE 10 STATE COM #501H,EOG,30,Lea,BS2_S,BS2_S,keep,True,,False,11185.0,False,4545.0,2015-07-01,227367.0,50025.74257425743,1166.0839083947978,False,-103.55288801,32.23219182,off_band,,940.5,,BS2_S,none
3002542323,NEPTUNE 10 STATE COM #502H,EOG,30,Lea,BS2_S,BS2_S,keep,True,,False,11205.0,False,4545.0,2015-07-01,209621.0,46121.23212321232,1237.953258499864,False,-103.55568624,32.22553251,off_band,,475.5,,BS2_S,none
3002542350,OSPREY 20 STATE COM #006H,ConocoPhillips,30,Lea,BS2_S,BS2_S,keep,True,,False,10968.0,False,9328.0,2015-07-09,166731.0,17874.249571183533,1028.5309870390029,False,-103.48977388,32.45685917,agree,,28.0,28.0,BS3_C,none
3002542353,RANGER STATE 33 20 35 RN #122H,Matador,30,Lea,BS2_S,BS2_S,keep,True,,False,10823.0,False,4035.0,2015-05-01,72262.0,17908.798017348203,859.0960670892032,False,-103.46474333,32.52887466,agree,,120.0,120.0,BS2_S,none
3002542358,IGLOO 19 STATE #004H,3r Operating,30,Lea,BS2_S,BS2_S,keep,True,,False,10758.0,False,4523.0,2016-11-08,96774.0,21395.97612204289,764.6165292330585,False,-103.49394641,32.55842919,agree,,37.0,37.0,BS2_S,none
3002542366,ANTELOPE 9 B2MD STATE COM #001H,Mewbourne,30,Lea,BS2_S,BS2_S,keep,True,,False,10335.0,False,4120.0,2015-06-03,108025.0,26219.660194174758,879.0928025919926,False,-103.48170738,32.31902267,agree,,85.0,85.0,BS2_S,none
3002542368,DUNKEL 7 STATE #002H,Texas Standard Operating Nm,30,Lea,BS2_S,BS2_S,keep,True,,False,9082.0,False,4565.0,2015-06-04,16235.0,3556.407447973713,1156.0209424083769,False,-103.3955781,32.76190097,no_evidence,,,,BS3_C,none
3002542386,FRAZIER 34 STATE COM #501H,EOG,30,Lea,BS2_S,BS2_S,keep,True,,False,11164.0,False,4524.0,2015-06-01,121738.0,26909.372236958443,1173.134107673857,False,-103.55337402,32.18787045,off_band,,558.0,,BS2_S,none
3002542387,FRAZIER 34 STATE COM #502H,EOG,30,Lea,BS2_S,BS2_S,keep,True,,False,10910.0,False,4475.0,2015-06-01,92543.0,20680.0,1151.572782382244,False,-103.55435551,32.18855913,off_band,,293.0,,BS2_S,none
3002542388,FRAZIER 34 STATE COM #503H,EOG,30,Lea,BS2_S,BS2_S,keep,True,,False,11151.0,False,4291.0,2015-06-01,93567.0,21805.406665113027,1178.5031047270938,False,-103.55687742,32.18790825,off_band,,567.0,,BS2_S,none
3002542428,MERLIN STATE COM #003H,ConocoPhillips,30,Lea,BS2_S,BS2_S,keep,True,,False,10929.0,False,5290.0,2015-05-19,115744.0,21879.773156899813,998.4189245230855,False,-103.49413273,32.43649468,agree,,12.0,12.0,BS2_S,none
3002542445,LYCHEE BWS STATE COM #001H,ConocoPhillips,30,Lea,BS2_S,BS2_S,keep,True,,False,10515.0,False,6830.0,2016-07-26,289225.0,42346.26647144949,1676.4525888149365,True,-103.45554749,32.46826064,off_band,,733.0,,BS2_S,none
3002542452,STRATOJET 31 STATE COM #006H,ConocoPhillips,30,Lea,BS2_S,BS2_S,keep,True,,False,10822.0,False,4189.0,2015-07-07,134918.0,32207.686798758652,1211.2616552276197,False,-103.4947866,32.52990175,agree,,43.0,43.0,BS2_S,none
3002542465,NORTH THISTLE 34 STATE COM #001H,Devon,30,Lea,BS2_S,BS2_S,keep,True,,False,10991.0,False,4098.0,2015-12-07,33189.0,8098.8286969253295,2541.7457591370635,False,-103.5673034,32.34885417,off_band,,662.0,,BS2_S,none
3002542467,FEDERAL 30 #123H,Matador,30,Lea,BS2_S,BS2_S,keep,True,,False,9976.0,False,4388.0,2017-12-04,123166.0,28068.824065633547,845.9152688241885,False,-103.70034765,32.63108127,agree,,29.0,29.0,BS2_S,none
3002542475,TRIONYX 6 FEDERAL #009H,Devon,30,Lea,BS2_S,BS2_S,keep,True,,False,10441.0,False,4318.0,2015-12-23,105640.0,24465.0301065308,2596.5354032563423,False,-103.71981646,32.15912526,off_band,,1219.0,,BS2_S,none
3002542476,TRIONYX 6 FEDERAL #010H,Devon,30,Lea,BS2_S,BS2_S,keep,True,,False,10467.0,False,4303.0,2015-12-23,80536.0,18716.244480594934,3669.812257872256,False,-103.72080084,32.15957799,off_band,,1288.5,,BS2_S,none
3002542486,THISTLE UNIT #072H,Devon,30,Lea,BS2_S,BS2_S,keep,True,,False,11064.0,False,4203.0,2015-08-01,59767.0,14220.080894599096,1348.553549617682,False,-103.55985577,32.27606639,agree,,171.0,171.0,BS2_S,none
3002542500,DRAGON 36 STATE #501H,EOG,30,Lea,BS2_S,BS2_S,keep,True,,False,11167.0,False,4574.0,2015-06-01,94553.0,20671.840839527766,1708.3857730584964,False,-103.51823417,32.17414871,off_band,,510.5,,BS2_S,none
3002542501,DRAGON 36 STATE #502H,EOG,30,Lea,BS2_S,BS2_S,keep,True,,False,11190.0,False,4557.0,2015-06-01,106340.0,23335.527759490895,1762.883204814745,False,-103.52092663,32.17402622,off_band,,495.0,,BS2_S,none
3002542515,REBEL 20 FEDERAL #001H,Devon,30,Lea,BS2_S,BS2_S,keep,True,,False,10751.0,False,4681.0,2017-10-07,72176.0,15418.927579577014,2489.3731988472623,False,-103.70335255,32.20291565,off_band,,1331.0,,BS2_S,none
3002542516,PAINT 33 FEDERAL #001H,Devon,30,Lea,BS2_S,BS2_S,keep,True,,False,10751.0,False,4473.0,2015-09-01,177583.0,39701.09546165884,2163.8557744829177,False,-103.6838753,32.1672519,off_band,,354.0,,BS2_S,none
3002542524,SL EAST 30 FEDERAL COM #002H,ConocoPhillips,30,Lea,BS2_S,BS2_S,keep,True,,False,9326.0,False,4421.0,2016-02-28,118169.0,26729.020583578374,1530.604473254407,False,-103.79822369,32.63132487,agree,,9.0,9.0,BS2_S,none
3002542583,SOURSOP 5 STATE COM #002H,Permian Resources,30,Lea,BS2_S,BS2_S,keep,True,,False,10163.0,False,3756.0,2015-10-14,84253.0,22431.576144834933,1276.8328724199732,False,-103.39279276,32.42139746,agree,,66.0,66.0,BS2_S,none
3002542591,PAINT 33 FEDERAL #002H,Devon,30,Lea,BS2_S,BS2_S,keep,True,card verdict REJECT (BS2_S->BS3_S),False,10775.0,False,4423.0,2015-09-01,157430.0,35593.48858241013,2140.5195960109254,False,-103.68174818,32.17406818,flag,BS3_S,0.0,141.0,BS2_S,none
3002542623,BLACK MAMBA 15 STATE COM #007H,Devon,30,Lea,BS2_S,BS2_S,keep,True,class BS2_S->BS3_C rejected (precision 0.33),False,11256.0,False,4452.0,2016-01-06,75566.0,16973.49505840072,1318.8735674774368,False,-103.55530286,32.30483655,flag,BS3_C,24.0,97.0,BS2_S,none
3002542630,BLACK MAMBA 15 STATE COM #008H,Devon,30,Lea,BS2_S,BS2_S,keep,True,,False,10917.0,False,4525.0,2016-01-06,56361.0,12455.469613259667,1401.8913787902982,False,-103.55413672,32.30470487,agree,,258.0,258.0,BS2_S,none
3002542631,BLACK MAMBA 15 STATE COM #009H,Devon,30,Lea,BS2_S,BS2_S,keep,True,,False,11143.0,False,4403.0,2016-01-06,58735.0,13339.76833976834,1522.448284668426,False,-103.55339485,32.30581055,agree,,37.0,37.0,BS2_S,none
3002542636,BATTLE 34 FEDERAL #004H,ConocoPhillips,30,Lea,BS2_S,BS2_S,keep,True,,False,10978.0,False,4460.0,2017-08-01,131628.0,29513.004484304933,837.9600085088279,False,-103.56591984,32.4357674,off_band,,1042.0,,BS2_S,none
3002542650,ANTELOPE 9 B2NC STATE COM #001H,Mewbourne,30,Lea,BS2_S,BS2_S,keep,True,,False,10343.0,False,4224.0,2016-08-01,115794.0,27413.352272727272,918.0441128210442,False,-103.47711641,32.31895123,agree,,87.0,87.0,BS2_S,none
3002542652,JACKSON UNIT #030H,Jonah Energy,30,Lea,BS2_S,BS2_S,keep,True,,False,10865.0,False,4531.0,2018-05-22,110015.0,24280.512028249836,939.2355587874381,False,-103.57194356,32.20293847,agree,,242.0,242.0,BS2_S,none
3002542693,TAYLOR DRAW 7 FEDERAL COM #002Y,Devon,30,Lea,BS2_S,BS2_S,keep,True,,False,9266.0,False,4421.0,2015-10-04,64842.0,14666.817462112645,1223.6821813022423,False,-103.80591875,32.66890925,agree,,6.0,6.0,BS2_S,none
3002542695,LONE WOLF 36 B2DA STATE COM #001H,Mewbourne,30,Lea,BS2_S,BS2_S,keep,True,,False,9580.0,False,4380.0,2015-12-03,62992.0,14381.735159817352,864.5701041402083,False,-103.7203578,32.70964398,agree,,51.0,51.0,BS2_S,none
3002542699,EK 29 BS2 FEDERAL COM #003H,Paloma Permian Assetco,30,Lea,BS2_S,BS2_S,keep,True,,False,9880.0,False,4550.0,2016-11-03,114403.0,25143.516483516483,1005.6204819803677,False,-103.58444827,32.71884396,agree,,66.5,66.5,BS3_C,none
3002542700,EK 29 BS2 FEDERAL COM #004H,Paloma Permian Assetco,30,Lea,BS2_S,BS2_S,keep,True,,False,9944.0,False,4550.0,2016-11-08,89021.0,19565.054945054948,1078.026533065232,False,-103.58878612,32.71869518,agree,,18.0,18.0,BS2_S,none
3002542701,EK 30 BS2 FEDERAL COM #001H,Paloma Permian Assetco,30,Lea,BS2_S,BS2_S,keep,True,,False,9949.0,False,4590.0,2018-01-17,78538.0,17110.675381263616,905.0141332857979,False,-103.59297408,32.7186534,agree,,23.0,23.0,BS2_S,none
3002542719,CONINE 03 20 35 RN #121H,Matador,30,Lea,BS2_S,BS2_S,keep,True,,False,10397.0,False,4495.0,2015-12-03,64340.0,14313.681868743048,731.6910164749767,False,-103.4450636,32.6083248,agree,,53.0,53.0,BS2_S,none
3002542731,TAYBERRIES 13 STATE #501H,EOG,30,Lea,BS2_S,BS2_S,keep,True,,False,10015.0,False,4484.0,2016-06-01,64454.0,14374.21944692239,700.9495143823502,False,-103.40946555,32.57309598,no_evidence,,,,BS3_C,none
3002542735,TOUR BUS 23 STATE #502H,Permian Resources,30,Lea,BS2_S,BS2_S,keep,True,,False,10416.0,False,4609.0,2016-04-01,138717.0,30096.9841614233,1316.118428166699,False,-103.44827362,32.37705496,agree,,26.0,26.0,BS2_S,none
3002542769,REBEL 20 FEDERAL #005H,Devon,30,Lea,BS2_S,BS2_S,keep,True,,False,10740.0,False,3967.0,2016-08-01,102571.0,25856.062515754977,1635.1600354876134,False,-103.7034322,32.2029409,off_band,,1342.0,,BS2_S,none
3002542788,SCOOTER FEDERAL COM #002H,ConocoPhillips,30,Lea,BS2_S,BS2_S,keep,True,,False,9683.0,False,4296.0,2015-12-14,148263.0,34511.87150837989,944.618684364946,False,-103.63671261,32.73294835,agree,,4.0,4.0,BS2_S,none
3002542793,CRAZY WOLF 1 2 B2CD FEDERAL COM #001H,Mewbourne,30,Lea,BS2_S,BS2_S,keep,True,,False,9649.0,False,7085.0,2016-01-01,51009.0,7199.576570218772,503.57779999607914,True,-103.73279157,32.69492197,agree,,30.0,30.0,BS2_S,none
3002542794,CHARRO FEDERAL COM #001H,ConocoPhillips,30,Lea,BS2_S,BS2_S,keep,True,,False,10972.0,False,4211.0,2015-11-23,37078.0,8805.034433626217,1580.4789902367982,False,-103.651831,32.2030575,off_band,,999.5,,BS2_S,none
3002542825,PAPAYA 10 STATE #502H,EOG,30,Lea,BS2_S,BS2_S,keep,True,,False,10743.0,False,4408.0,2016-07-01,113281.0,25698.956442831215,729.4691960699499,False,-103.46462315,32.49270374,agree,,2.0,2.0,BS2_S,none
3002542831,NORTH THISTLE 2 35 FEDERAL #001H,Devon,30,Lea,BS2_S,BS2_S,keep,True,,False,10959.0,False,4594.0,2017-11-24,41302.0,8990.422289943404,1341.7994285990994,False,-103.54168866,32.34707196,off_band,,159.0,,BS3_S,none
3002542858,LUSK DEEP UNIT A #026Y,ConocoPhillips,30,Lea,BS2_S,BS2_S,keep,True,,False,9253.0,False,4046.0,2016-02-23,96860.0,23939.693524468614,1659.931860417097,False,-103.80786914,32.64658076,agree,,23.5,23.5,BS2_S,none
3002542904,WARBLER STATE COM #002Y,SM Energy,30,Lea,BS2_S,BS2_S,keep,True,,False,10964.0,False,4143.0,2016-05-01,115851.0,27963.07023895728,1438.5546952551122,False,-103.57951209,32.44965593,no_evidence,,,,BS2_S,none
3002542917,STARCASTER 18 FEDERAL COM #003H,BTA Oil,30,Lea,BS2_S,BS2_S,keep,True,,False,10424.0,False,4266.0,2016-02-04,146138.0,34256.44631973746,1894.6612106365217,False,-103.50706892,32.30429206,off_band,,1008.0,,BS2_S,none
3002542932,OUTRIDER FEDERAL #006H,Exxon Mobil,30,Lea,BS2_S,BS2_S,keep,True,,False,10793.0,False,4019.0,2016-03-01,107350.0,26710.624533466034,1706.0456450861668,False,-103.664487,32.188544,off_band,,853.0,,BS3_S,none
3002542933,BOOMSLANG 14 23 FEDERAL #004H,Devon,30,Lea,BS2_S,BS2_S,keep,True,,False,11283.0,False,9489.0,2018-02-09,167801.0,17683.739066287282,1429.1273591933302,True,-103.54079426,32.21002692,agree,,126.5,126.5,BS2_S,none
3002542959,LEA UNIT #057H,Devon,30,Lea,BS2_S,BS2_S,keep,True,,False,10457.0,False,6682.0,2016-09-01,29474.0,4410.954803950914,1846.3052181583769,True,-103.52492295,32.58330918,agree,,1.0,1.0,BS2_S,none
3002542975,E LIVINGSTON 31 FEDERAL #007H,Matador,30,Lea,BS2_S,BS2_S,keep,True,,False,10292.0,False,3928.0,2016-03-12,162008.0,41244.39918533605,1516.709051404869,False,-103.7169238,32.3543255,off_band,,360.5,,BS2_S,none
3002542977,ELAND 32 18 33 RN STATE COM #123H,Matador,30,Lea,BS2_S,BS2_S,keep,True,,False,9770.0,False,4704.0,2017-02-25,50849.0,10809.736394557824,505.33933804007944,False,-103.68271157,32.70374575,agree,,49.5,49.5,BS2_S,none
3002542982,STRAY CAT 8 FEDERAL COM #001H,Devon,30,Lea,BS2_S,BS2_S,keep,True,,False,10450.0,False,4385.0,2016-10-21,207959.0,47425.085518814136,2183.502517323126,False,-103.70349402,32.31926479,agree,,24.0,24.0,BS2_S,none
3002542985,LEA UNIT #035H,Devon,30,Lea,BS2_S,BS2_S,keep,True,,False,10462.0,False,7201.0,2016-10-01,100008.0,13888.071101235939,750.069994400448,True,-103.51990606,32.56920948,agree,,0.5,0.5,BS2_S,none
3002542996,REBEL 20 FEDERAL #007H,Devon,30,Lea,BS2_S,BS2_S,keep,True,,False,10799.0,False,4346.0,2017-10-16,132169.0,30411.642890013805,2035.6059287730104,False,-103.6949458,32.2030978,agree,,159.0,159.0,BS2_S,none
3002542999,ROMEO FEDERAL COM #001H,Permian Resources,30,Lea,BS2_S,BS2_S,keep,True,,False,11210.0,False,4204.0,2017-08-02,160646.0,38212.65461465271,1384.6283131855134,False,-103.4651517,32.20264833,off_band,,794.0,,BS2_S,none
3002543001,SMALLS FEDERAL #001H,ConocoPhillips,30,Lea,BS2_S,BS2_S,keep,True,,False,10330.0,False,4207.0,2016-06-22,229618.0,54579.98573805562,1254.9016192110375,False,-103.4681965,32.36240846,agree,,35.0,35.0,BS2_S,none
3002543005,FOGHORN 32 STATE #501H,EOG,30,Lea,BS2_S,BS2_S,keep,True,,False,10942.0,False,4378.0,2016-12-01,168900.0,38579.259936043854,1547.3475429248076,False,-103.58707996,32.34851509,off_band,,1431.5,,BS2_S,none
3002543027,WHITE DOVE 17 FEDERAL COM #002H,Devon,30,Lea,BS2_S,BS2_S,keep,True,,False,10434.0,False,4418.0,2018-08-31,96887.0,21930.058850158443,2502.6370926956147,False,-103.49635977,32.30454353,off_band,,998.0,,BS2_S,none
3002543028,WHITE DOVE 17 FEDERAL COM #003H,Devon,30,Lea,BS2_S,BS2_S,keep,True,,False,10554.0,False,4647.0,2018-08-31,92554.0,19916.935657413385,1625.0621258940726,False,-103.49341977,32.30583791,agree,,118.0,118.0,BS2_S,none
3002543033,BELL LAKE UNIT NORTH #230H,Kaiser Francis,30,Lea,BS2_S,BS2_S,keep,True,,False,10226.0,False,7451.0,2018-04-02,316556.0,42485.03556569588,2123.213586221711,True,-103.50275415,32.34329379,agree,,129.0,129.0,BS2_S,none
3002543034,BELL LAKE SOUTH UNIT #263H,Kaiser Francis,30,Lea,BS2_S,BS2_S,keep,True,,False,10596.0,False,7463.0,2017-06-28,311605.0,41753.31636071285,1572.173103769195,True,-103.50035619,32.25656092,off_band,,1188.0,,BS2_S,none
3002543068,SMALLS FEDERAL #007H,ConocoPhillips,30,Lea,BS2_S,BS2_S,keep,True,,False,10125.0,False,4369.0,2017-01-25,299445.0,68538.5671778439,1588.29501243968,False,-103.47918121,32.36313317,agree,,237.0,237.0,BS2_S,none
3002543069,SMALLS FEDERAL #008H,ConocoPhillips,30,Lea,BS2_S,BS2_S,keep,True,,False,10362.0,False,4281.0,2017-01-20,416908.0,97385.65755664564,1896.782983296075,False,-103.48229158,32.36277273,agree,,8.0,8.0,BS2_S,none
3002543070,SOUTHERN CALIFORNIA 29 FEDERAL #019H,Devon,30,Lea,BS2_S,BS2_S,keep,True,,False,9188.0,False,4286.0,2018-02-15,83683.0,19524.731684554365,2331.2739744034034,False,-103.78794451,32.62762291,agree,,147.0,147.0,BS2_S,none
3002543071,DRIVER 14 STATE COM #502H,EOG,30,Lea,BS2_S,BS2_S,keep,True,,False,11185.0,False,4451.0,2016-09-01,154600.0,34733.76769265334,1171.0090556274256,False,-103.54945962,32.30464266,agree,,26.0,26.0,BS2_S,none
3002543076,LEA UNIT #036H,Devon,30,Lea,BS2_S,BS2_S,keep,True,,False,10462.0,False,7004.0,2017-09-01,126406.0,18047.68703597944,1034.3259022514753,True,-103.51678447,32.56968863,agree,,0.5,0.5,BS2_S,none
3002543090,DUO SONIC 29 FEDERAL #004H,ConocoPhillips,30,Lea,BS2_S,BS2_S,keep,True,,False,10960.0,False,4030.0,2016-10-28,91730.0,22761.786600496278,3498.3429630437154,False,-103.38311971,32.10113193,off_band,,1413.5,,BS2_S,none
3002543092,LEA UNIT #037H,Devon,30,Lea,BS2_S,BS2_S,keep,True,,False,10434.0,False,6981.0,2017-09-01,136894.0,19609.511531299242,1097.2577322599968,True,-103.51113411,32.56852569,agree,,28.5,28.5,BS2_S,none
3002543093,LEA UNIT #040H,Devon,30,Lea,BS2_S,BS2_S,keep,True,,False,10430.0,False,7110.0,2017-07-01,86212.0,12125.457102672293,1080.7312207117338,True,-103.50756832,32.56852442,no_evidence,,,,BS2_S,none
3002543124,LUSK DEEP UNIT A #031H,ConocoPhillips,30,Lea,BS2_S,BS2_S,keep,True,,False,9344.0,False,4553.0,2016-11-17,56533.0,12416.648363716231,1729.7507650398882,False,-103.78905382,32.65203514,agree,,71.5,71.5,BS2_S,none
3002543135,CRAZY WOLF 1 2 B2MM FEDERAL COM #001H,Permian Resources,30,Lea,BS2_S,BS2_S,keep,True,,False,9660.0,False,6450.0,2018-01-01,106615.0,16529.457364341084,635.5672278760024,True,-103.73357843,32.68306681,agree,,29.0,29.0,BS2_S,none
3002543137,CHILI PARLOR 17 FEDERAL #002H,ConocoPhillips,30,Lea,BS2_S,BS2_S,keep,True,,False,10961.0,False,4531.0,2017-03-01,67003.0,14787.684837784154,1174.5742727937554,False,-103.58781039,32.3915885,off_band,,973.0,,BS2_S,none
3002543138,CHILI PARLOR 17 FEDERAL #003H,ConocoPhillips,30,Lea,BS2_S,BS2_S,keep,True,,False,10886.0,False,4494.0,2017-10-01,127098.0,28281.708945260347,1361.6028576374138,False,-103.5932935,32.39206661,off_band,,418.5,,BS2_S,none
3002543143,LEA UNIT #045H,Devon,30,Lea,BS2_S,BS2_S,keep,True,,False,10458.0,False,4544.0,2017-05-01,42514.0,9356.073943661971,2290.2338053347135,False,-103.52002049,32.58774441,agree,,1.5,1.5,BS2_S,none
3002543145,LEA UNIT #047H,Devon,30,Lea,BS2_S,BS2_S,keep,True,,False,10521.0,False,4749.0,2017-01-01,101424.0,21356.917245735942,382.33554188357783,False,-103.51556235,32.58798446,agree,,64.0,64.0,BS2_S,none
3002543159,REBEL 20 FEDERAL #008H,Devon,30,Lea,BS2_S,BS2_S,keep,True,,False,10787.0,False,4563.0,2017-10-21,116940.0,25627.876397107164,626.5349752009578,False,-103.69030775,32.2030902,off_band,,1298.0,,BS2_S,none
3002543167,SQUINTS FEDERAL COM #007H,ConocoPhillips,30,Lea,BS2_S,BS2_S,keep,True,,False,10376.0,False,9830.0,2020-08-11,540133.0,54947.40590030519,1378.051331801612,True,-103.45951654,32.37016689,agree,,20.0,20.0,BS2_S,none
3002543168,SQUINTS FEDERAL COM #008H,ConocoPhillips,30,Lea,BS2_S,BS2_S,keep,False,,False,10200.0,True,9839.0,2020-08-10,387799.0,39414.473015550364,1374.1319601133578,True,-103.46375206,32.37012901,agree,,196.0,196.0,BS2_S,none
3002543169,SPRUCE GOOSE FEDERAL COM #003H,ConocoPhillips,30,Lea,BS2_S,BS2_S,keep,True,,False,9254.0,False,4619.0,2016-11-14,50076.0,10841.307642346828,1107.876028436776,False,-103.80485314,32.67682888,agree,,11.0,11.0,BS2_S,none
3002543176,ARABIAN 30 19 FEDERAL COM #001H,Devon,30,Lea,BS2_S,BS2_S,keep,True,,False,10469.0,False,7030.0,2017-11-17,198807.0,28279.800853485063,2709.175230248432,True,-103.72088432,32.11257575,agree,,29.5,29.5,BS2_S,none
3002543179,RASPBERRY STATE COM #001H,ConocoPhillips,30,Lea,BS2_S,BS2_S,keep,True,,False,10918.0,False,9739.0,2016-10-03,316276.0,32475.20279289455,1102.0690789057658,True,-103.55262803,32.45744353,no_evidence,,,,BS2_S,none
3002543187,MORAB 29 20 FEDERAL COM #001H,Devon,30,Lea,BS2_S,BS2_S,keep,True,,False,10359.0,False,6748.0,2017-04-17,145000.0,21487.848251333726,2660.441379310345,True,-103.70371285,32.11187578,off_band,,1245.0,,BS2_S,none
3002543196,BIG CAT 16 9 STATE FEDERAL COM #001H,Devon,30,Lea,BS2_S,BS2_S,keep,False,,True,10618.0,False,7775.0,2019-10-19,389504.0,50096.97749196142,2193.6283067696354,True,-103.68610243,32.3158026,agree,,91.0,91.0,BS2_S,none
3002543213,STARCASTER 18 FEDERAL COM #002H,BTA Oil,30,Lea,BS2_S,BS2_S,keep,True,,False,10438.0,False,4379.0,2017-01-06,123688.0,28245.7182005024,995.3673759782679,False,-103.51112349,32.30431102,off_band,,987.0,,BS2_S,none
3002543233,BOBWHITE 12 STATE COM #002H,ConocoPhillips,30,Lea,BS2_S,BS2_S,keep,True,,False,10926.0,False,4285.0,2018-06-13,150627.0,35152.15869311552,1100.732272434557,False,-103.52395632,32.49333514,agree,,12.0,12.0,BS2_S,none
3002543234,VITALIZER STATE #001H,Permian Resources,30,Lea,BS2_S,BS2_S,keep,True,,False,10923.0,False,3810.0,2016-10-04,140459.0,36865.87926509186,857.4530645953623,False,-103.48223078,32.43487416,no_evidence,,,,BS3_C,none
3002543235,BIRDDOG 20 17 B2ED STATE COM #001H,Mewbourne,30,Lea,BS2_S,BS2_S,keep,True,,False,10920.0,False,6565.0,2016-10-01,233937.0,35633.96801218583,734.3772041190578,True,-103.4987948,32.47577977,agree,,20.0,20.0,BS2_S,none
3002543236,BLUE KRAIT 23 14 FEDERAL #002H,Devon,30,Lea,BS2_S,BS2_S,keep,True,,False,11229.0,False,9108.0,2018-02-01,145334.0,15956.741326306543,1169.230875087729,True,-103.54565584,32.21108867,agree,,72.0,72.0,BS2_S,none
3002543238,BLUE KRAIT 23 FEDERAL #004H,Devon,30,Lea,BS2_S,BS2_S,keep,False,,True,11171.0,False,4267.0,2018-02-12,79045.0,18524.724630888213,2710.4307672844584,False,-103.53582804,32.20310916,off_band,,545.0,,BS2_S,none
3002543240,BLACK HORSE FEDERAL COM 20 33 07 SB #001H,ConocoPhillips,30,Lea,BS2_S,BS2_S,keep,True,,False,9902.0,False,9460.0,2017-08-17,151094.0,15971.881606765328,695.9641018174117,True,-103.70847282,32.59520681,off_band,,747.0,,BS2_S,none
3002543246,RIO BLANCO 4 33 FEDERAL COM #003H,Devon,30,Lea,BS2_S,BS2_S,keep,True,,False,10326.0,False,7028.0,2019-04-03,220117.0,31320.005691519636,1291.8266194796404,True,-103.48241649,32.34469434,off_band,,956.0,,BS2_S,none
3002543251,HAMON A FEDERAL COM #010H,Devon,30,Lea,BS2_S,BS2_S,keep,True,,False,10314.0,False,4513.0,2018-01-15,54909.0,12166.851318413474,1868.6007758290991,False,-103.6067368,32.58755889,off_band,,585.0,,BS2_S,none
3002543253,HAMON A FEDERAL COM #012H,Devon,30,Lea,BS2_S,BS2_S,keep,True,,False,10293.0,False,4509.0,2018-03-12,57452.0,12741.62785540031,1884.7037526979043,False,-103.60198762,32.58761364,off_band,,605.5,,BS2_S,none
3002543276,BILBREY 34 27 B2NC FEDERAL COM #001H,Mewbourne,30,Lea,BS2_S,BS2_S,keep,True,,False,10690.0,False,9652.0,2017-03-02,167254.0,17328.42934106921,1166.5610388989203,True,-103.66449432,32.44230872,off_band,,767.0,,BS2_S,none
3002543293,ELAND 32 18 33 RN STATE COM #124H,Matador,30,Lea,BS2_S,BS2_S,keep,True,,False,9801.0,False,4580.0,2017-02-25,88449.0,19312.008733624454,739.8613890490565,False,-103.67772949,32.70399787,agree,,19.5,19.5,BS2_S,none
3002543302,DAGGER STATE COM #504H,Matador,30,Lea,BS2_S,BS2_S,keep,True,,False,10922.0,False,7426.0,2017-04-11,311174.0,41903.31268516024,982.3764196237474,True,-103.60498161,32.460743,off_band,,431.5,,BS2_S,none
3002543309,BOOMSLANG 14 23 FEDERAL #003H,Devon,30,Lea,BS2_S,BS2_S,keep,True,,False,11287.0,False,9590.0,2017-12-16,167006.0,17414.598540145984,1650.8508676334982,True,-103.5504353,32.21010772,off_band,,393.5,,BS2_S,none
3002543310,WARBLER STATE COM #004H,SM Energy,30,Lea,BS2_S,BS2_S,keep,True,,False,11128.0,False,9828.0,2016-09-12,165237.0,16812.881562881565,1244.666751393453,True,-103.57036936,32.45711405,no_evidence,,,,BS2_S,none
3002543338,STEALTH FEDERAL COM #004H,ConocoPhillips,30,Lea,BS2_S,BS2_S,keep,True,,False,9389.0,False,4748.0,2016-12-05,123152.0,25937.65796124684,1235.1321943614396,False,-103.78091556,32.66093876,agree,,91.0,91.0,BS2_S,none
3002543363,ZIA HILLS UNIT 2532 BS #404H,ConocoPhillips,30,Lea,BS2_S,BS2_S,keep,True,,False,10662.0,False,6961.0,2019-09-16,213186.0,30625.772159172535,2129.389359526423,True,-103.6298038,32.00986185,agree,,17.5,17.5,BS3_C,none
3002543364,ZIA HILLS UNIT 2532 BS #402H,ConocoPhillips,30,Lea,BS2_S,BS2_S,keep,True,,False,10701.0,False,6614.0,2019-07-24,311491.0,47095.70607801633,2097.4602797512607,True,-103.62410173,32.00962624,agree,,50.5,50.5,BS2_S,none
3002543388,STARCASTER 18 FEDERAL COM #001H,BTA Oil,30,Lea,BS2_S,BS2_S,keep,True,,False,10590.0,False,4391.0,2017-03-24,98062.0,22332.498291960826,944.5860781954274,False,-103.51501152,32.30449232,agree,,152.0,152.0,BS2_S,none
3002543390,LUSK DEEP UNIT A #033H,ConocoPhillips,30,Lea,BS2_S,BS2_S,keep,True,,False,9277.0,False,4864.0,2016-10-19,112651.0,23160.15625,1025.6455779353935,False,-103.80288875,32.64634106,agree,,4.5,4.5,BS2_S,none
3002543393,PERRO LOCO 22 B2PA FEDERAL #001H,Mewbourne,30,Lea,BS2_S,BS2_S,keep,True,,False,10382.0,False,4569.0,2017-07-01,91906.0,20115.12365944408,1178.9872260788197,False,-103.45209639,32.37728018,off_band,,636.0,,BS2_S,none
3002543409,LEA SOUTH 25 FEDERAL COM 2BS #010H,Permian Resources,30,Lea,BS2_S,BS2_S,keep,True,,False,10690.0,False,4170.0,2017-11-03,191424.0,45905.03597122302,813.8268973587429,False,-103.51536564,32.54435867,agree,,78.5,78.5,BS2_S,none
3002543454,NEPTUNE 10 STATE COM #503H,EOG,30,Lea,BS2_S,BS2_S,keep,True,,False,11231.0,False,9659.0,2017-04-01,369494.0,38253.856506884775,1297.7369050647642,True,-103.56076953,32.23931988,agree,,60.5,60.5,BS2_S,none
3002543455,NEPTUNE 10 STATE COM #504H,EOG,30,Lea,BS2_S,BS2_S,keep,True,,False,11194.0,False,9652.0,2017-04-01,352920.0,36564.44260256941,1304.0745778080018,True,-103.56376139,32.23945722,agree,,18.0,18.0,BS2_S,none
3002543456,NEPTUNE 10 STATE COM #505H,EOG,30,Lea,BS2_S,BS2_S,keep,True,,False,11229.0,False,9750.0,2017-04-01,362586.0,37188.307692307695,1223.7924244179312,True,-103.56680315,32.239592,agree,,40.5,40.5,BS2_S,none
3002543488,GRAMMA 27 STATE #003H,3r Operating,30,Lea,BS2_S,BS2_S,keep,True,,False,10413.0,False,3883.0,2017-03-17,29870.0,7692.505794488797,2236.6253766320724,False,-103.4556635,32.4499355,agree,,26.5,26.5,BS2_S,none
3002543496,OPHELIA 27 #503H,EOG,30,Lea,BS2_S,BS2_S,keep,True,,False,11002.0,False,4435.0,2017-04-01,126944.0,28623.224351747464,2540.104297958155,False,-103.56149037,32.02149081,agree,,58.5,58.5,BS2_S,none
3002543503,GERONIMO FEDERAL COM #011H,ConocoPhillips,30,Lea,BS2_S,BS2_S,keep,True,,False,9981.0,False,9858.0,2017-06-06,429838.0,43602.96206127003,1002.5940005304324,True,-103.70949816,32.62388416,agree,,12.0,12.0,BS2_S,none
3002543506,TRES EQUIS STATE #006H,Devon,30,Lea,BS2_S,BS2_S,keep,True,,False,10962.0,False,4638.0,2017-03-26,119307.0,25723.803363518757,2075.1171347867266,False,-103.60747295,32.24685895,off_band,,1323.5,,BS2_S,none
3002543549,CONVOY 28 STATE COM #501H,EOG,30,Lea,BS2_S,BS2_S,keep,True,,False,11109.0,False,9390.0,2017-06-03,290463.0,30933.226837060705,1338.6214423179545,True,-103.57278217,32.18102536,agree,,26.0,26.0,BS2_S,none
3002543554,WEST GRAMA RIDGE 8 5 FEDERAL #002H,Devon,30,Lea,BS2_S,BS2_S,keep,True,,False,10812.0,False,9547.0,2017-04-01,284875.0,29839.2165078035,1273.7305835892935,True,-103.49452262,32.41400831,no_evidence,,,,BS2_S,none
3002543564,DAGGER STATE COM #506H,Matador,30,Lea,BS2_S,BS2_S,keep,False,,True,11000.0,True,7483.0,2018-10-06,121268.0,16205.799812909263,576.8215852492001,True,-103.60804257,32.46109225,off_band,,353.5,,BS2_S,none
3002543586,SPEEDY 16 STATE COM #501H,EOG,30,Lea,BS2_S,BS2_S,keep,True,,False,10899.0,False,4451.0,2017-04-05,154417.0,34692.65333632892,1002.5515325385159,False,-103.58446113,32.39167281,off_band,,911.0,,BS2_S,none
3002543593,NAGUSS 30 STATE COM #501H,EOG,30,Lea,BS2_S,BS2_S,keep,True,,False,11097.0,False,9741.0,2017-07-01,176812.0,18151.31916641002,912.0647919824446,True,-103.51584155,32.44257455,agree,,154.5,154.5,BS2_S,none
3002543608,GRAMA RIDGE 8 STATE COM #003H,ConocoPhillips,30,Lea,BS2_S,BS2_S,keep,True,,False,10525.0,False,4490.0,2017-12-31,78176.0,17411.135857461024,1815.0967048710602,False,-103.48619849,32.40600112,off_band,,794.0,,BS2_S,none
3002543610,GRAMA RIDGE 8 STATE COM #005H,ConocoPhillips,30,Lea,BS2_S,BS2_S,keep,True,,False,10673.0,False,4478.0,2017-12-28,144103.0,32180.21438142028,1410.5743808248267,False,-103.4907297,32.40706585,off_band,,656.0,,BS2_S,none
3002543627,DAGGER STATE COM #505H,Matador,30,Lea,BS2_S,BS2_S,keep,True,,False,11037.0,False,7469.0,2018-10-01,210222.0,28145.936537689115,972.4006050746353,True,-103.6042469,32.44009583,off_band,,845.0,,BS2_S,none
3002543629,DAGGER STATE COM #508H,Matador,30,Lea,BS2_S,BS2_S,keep,True,,False,10986.0,False,7553.0,2018-10-07,172281.0,22809.612074672317,958.9623928349615,True,-103.61006214,32.46078853,off_band,,367.5,,BS2_S,none
3002543666,FLOWMASTER 24 34 15 SB #004H,ConocoPhillips,30,Lea,BS2_S,BS2_S,keep,True,,False,11152.0,False,4530.0,2018-08-01,136351.0,30099.558498896247,1318.4428423700597,False,-103.46431008,32.21672729,off_band,,521.0,,BS2_S,none
3002543667,FLOWMASTER 24 34 15 SB #008H,ConocoPhillips,30,Lea,BS2_S,BS2_S,keep,True,,False,11194.0,False,4586.0,2018-08-01,88994.0,19405.582206716095,1135.2563094141178,False,-103.46114976,32.2174612,off_band,,563.0,,BS2_S,none
3002543774,ARABIAN 30 19 FEDERAL COM #003H,Devon,30,Lea,BS2_S,BS2_S,keep,True,,False,10436.0,False,7124.0,2017-11-04,178166.0,25009.264458169568,2931.6480136501914,True,-103.71121555,32.11222063,no_evidence,,,,BS2_S,none
3002543775,MORAB 29 20 FEDERAL COM #002H,Devon,30,Lea,BS2_S,BS2_S,keep,True,,False,10227.0,False,7199.0,2018-11-09,131789.0,18306.570356994027,2843.1052667521567,True,-103.69839096,32.11239729,off_band,,1114.0,,BS2_S,none
3002543776,MORAB 29 20 FEDERAL COM #003H,Devon,30,Lea,BS2_S,BS2_S,keep,True,,False,10366.0,False,7218.0,2018-11-07,132271.0,18325.15932391244,2845.2495255951794,True,-103.69722174,32.1122797,off_band,,235.0,,BS2_S,none
3002543788,ARABIAN 30 19 FEDERAL COM #004H,Devon,30,Lea,BS2_S,BS2_S,keep,True,,False,10213.0,False,7029.0,2017-11-06,193309.0,27501.63607910087,3515.552819579016,True,-103.70916661,32.11218098,agree,,188.0,188.0,BS2_S,none
3002543793,NECTARINE 13 STATE COM #501H,EOG,30,Lea,BS2_S,BS2_S,keep,True,,False,10894.0,False,6976.0,2017-08-01,151134.0,21664.85091743119,680.1844720579089,True,-103.53359238,32.47524704,agree,,74.0,74.0,BS2_S,none
3002543823,GRAMA RIDGE EAST 34 2BS STATE COM #008H,Permian Resources,30,Lea,BS2_S,BS2_S,keep,True,,False,10341.0,False,4200.0,2018-08-11,121894.0,29022.380952380954,1757.8633895023545,False,-103.45562975,32.43635301,off_band,,879.0,,BS2_S,none
3002543829,BUFFALO WEST 2 STATE 2BS COM #002H,Permian Resources,30,Lea,BS2_S,BS2_S,keep,True,,False,9888.0,False,4591.0,2018-02-14,48937.0,10659.33347854498,656.3336534728325,False,-103.63953405,32.68968984,agree,,87.0,87.0,BS2_S,none
3002543830,BUFFALO WEST 2 STATE 2BS COM #003H,Permian Resources,30,Lea,BS2_S,BS2_S,keep,True,,False,9931.0,False,4380.0,2018-02-10,42499.0,9702.96803652968,504.529518341608,False,-103.63748316,32.68930631,agree,,44.0,44.0,BS2_S,none
3002543831,BUFFALO WEST 2 STATE 2BS COM #004H,Permian Resources,30,Lea,BS2_S,BS2_S,keep,True,,False,9976.0,False,4591.0,2018-02-07,55559.0,12101.720758004793,549.7039183570619,False,-103.63416022,32.68944449,agree,,33.0,33.0,BS2_S,none
3002543836,COTTON DRAW 9L FEDERAL #004H,Devon,30,Lea,BS2_S,BS2_S,keep,True,,False,10594.0,False,4083.0,2017-12-24,245905.0,60226.549106049475,1977.9955673939123,False,-103.686034,32.14555556,off_band,,511.0,,BS2_S,none
3002543837,COTTON DRAW 9L FEDERAL #005H,Devon,30,Lea,BS2_S,BS2_S,keep,True,,False,10529.0,False,4899.0,2018-09-01,189438.0,38668.70789957134,2350.019531456202,False,-103.68105953,32.14541481,off_band,,576.0,,BS2_S,none
3002543849,BOBWHITE 12 STATE COM #007H,ConocoPhillips,30,Lea,BS2_S,BS2_S,keep,True,,False,10596.0,False,4285.0,2018-06-23,124606.0,29079.57992998833,1049.8210359051732,False,-103.52249619,32.49247814,agree,,321.0,321.0,BS2_S,none
3002543870,GRAMA 8817 16 9 FEDERAL #004H,BTA Oil,30,Lea,BS2_S,BS2_S,keep,True,,False,10440.0,False,9707.0,2019-02-26,436108.0,44927.165962707324,1335.15551193741,True,-103.47373936,32.39896803,off_band,,879.0,,BS2_S,none
3002543871,GRAMA 8817 16 9 FEDERAL #005H,BTA Oil,30,Lea,BS2_S,BS2_S,keep,True,,False,10463.0,False,9733.0,2019-02-28,363180.0,37314.29158532826,1480.9433338840245,True,-103.46744945,32.39225596,agree,,89.5,89.5,BS2_S,none
3002543872,BILBREY 34 27 B2MD FEDERAL COM #001H,Mewbourne,30,Lea,BS2_S,BS2_S,keep,True,,False,10769.0,False,9722.0,2017-11-01,134120.0,13795.515326064597,896.5031315240084,True,-103.66957854,32.44249201,agree,,73.5,73.5,BS2_S,none
3002543883,EK 30 BS2 FEDERAL COM #002H,Paloma Permian Assetco,30,Lea,BS2_S,BS2_S,keep,True,,False,9926.0,False,4590.0,2018-01-19,92505.0,20153.59477124183,764.2830117290957,False,-103.59709724,32.70875802,agree,,20.5,20.5,BS3_C,none
3002543884,EK 31 BS2 FEDERAL COM #001H,Paloma Permian Assetco,30,Lea,BS2_S,BS2_S,keep,True,,False,10018.0,False,4674.0,2017-12-22,84777.0,18137.997432605902,962.6903523361289,False,-103.59396858,32.70428939,agree,,83.0,83.0,BS2_S,none
3002543891,TENDERLOIN FEDERAL COM #004H,ConocoPhillips,30,Lea,BS2_S,BS2_S,keep,True,,False,10878.0,False,9609.0,2018-02-06,365693.0,38057.34207513789,1134.3066451914583,True,-103.5325035,32.414125,agree,,106.0,106.0,BS2_S,none
3002543898,BIRDDOG 20 17 B2FC STATE COM #001H,Mewbourne,30,Lea,BS2_S,BS2_S,keep,True,,False,10924.0,False,7110.0,2017-12-01,223074.0,31374.683544303796,731.8782108179348,True,-103.49430766,32.47535103,agree,,16.0,16.0,BS2_S,none
3002543906,GAZELLE 32 STATE COM 2BS #001H,Permian Resources,30,Lea,BS2_S,BS2_S,keep,True,,False,9762.0,False,4571.0,2018-02-11,91370.0,19989.061474513237,175.23257086571084,False,-103.69086181,32.70408625,agree,,39.0,39.0,BS2_S,none
3002543909,MERCHANT STATE UNIT #503H,Matador,30,Lea,BS2_S,BS2_S,keep,True,,False,11003.0,False,9531.0,2018-02-17,219649.0,23045.74546217606,726.1357893730452,True,-103.54450397,32.4278222,agree,,25.0,25.0,BS2_S,none
3002543914,COTTON DRAW UNIT #507H,Devon,30,Lea,BS2_S,BS2_S,keep,True,,False,10474.0,False,9583.0,2018-04-18,277634.0,28971.512052593134,1903.2179055879324,True,-103.71557943,32.13794857,agree,,8.5,8.5,BS2_S,none
3002543915,COTTON DRAW UNIT #508H,Devon,30,Lea,BS2_S,BS2_S,keep,False,,True,10510.0,False,9736.0,2018-05-09,341275.0,35052.896466721446,2086.317485898469,True,-103.71125642,32.1384091,agree,,0.5,0.5,BS2_S,none
3002543916,COTTON DRAW UNIT #509H,Devon,30,Lea,BS2_S,BS2_S,keep,True,,False,10477.0,False,9375.0,2018-05-14,382601.0,40810.77333333333,1997.3418783536897,True,-103.70728227,32.13760042,agree,,78.0,78.0,BS2_S,none
3002543918,BILBREY 34 27 B2PA FEDERAL COM #001H,Mewbourne,30,Lea,BS2_S,BS2_S,keep,True,,False,10719.0,False,9989.0,2021-04-01,278102.0,27840.824907398135,1448.7777865675184,True,-103.6570162,32.44268055,off_band,,475.0,,BS2_S,none
3002543926,HEARNS 34 STATE COM #504H,EOG,30,Lea,BS2_S,BS2_S,keep,True,,False,11138.0,False,9693.0,2017-12-01,235664.0,24312.80305375013,1378.7468599361803,True,-103.55906885,32.1812571,off_band,,561.0,,BS2_S,none
3002543934,TOUR BUS 23 STATE #503H,Permian Resources,30,Lea,BS2_S,BS2_S,keep,True,,False,10446.0,False,4101.0,2017-12-01,89235.0,21759.32699341624,1318.305597579425,False,-103.44315769,32.37666101,agree,,62.0,62.0,BS2_S,none
3002543935,TOUR BUS 23 STATE #504H,Permian Resources,30,Lea,BS2_S,BS2_S,keep,True,,False,10422.0,False,3956.0,2017-12-01,113960.0,28806.87563195147,1414.5489645489645,False,-103.44087023,32.37988526,no_evidence,,,,BS2_S,none
3002543938,COTTON DRAW UNIT #506H,Devon,30,Lea,BS2_S,BS2_S,keep,False,,False,10400.0,True,9664.0,2018-05-04,262125.0,27123.86175496689,2087.6795422031473,True,-103.71985071,32.13802414,agree,,75.0,75.0,BS2_S,none
3002544012,RANGER 33 STATE COM #123H,Matador,30,Lea,BS2_S,BS2_S,keep,True,,False,10792.0,False,4386.0,2018-01-02,105815.0,24125.62699498404,385.86211784718614,False,-103.45982655,32.5294292,no_evidence,,,,BS2_S,none
3002544020,BELL LAKE UNIT SOUTH #219H,Kaiser Francis,30,Lea,BS2_S,BS2_S,keep,True,,False,10991.0,False,7476.0,2018-09-01,265864.0,35562.332798287855,1585.581349863088,True,-103.53317832,32.25645988,off_band,,1279.0,,BS2_S,none
3002544023,LEA UNIT #055H,Devon,30,Lea,BS2_S,BS2_S,keep,True,,False,10450.0,False,7313.0,2018-05-09,56892.0,7779.570627649392,352.8264079308163,True,-103.52827598,32.5833,agree,,10.0,10.0,BS2_S,none
3002544025,LEA UNIT #060H,Devon,30,Lea,BS2_S,BS2_S,keep,False,,True,10500.0,True,7411.0,2018-02-27,165348.0,22311.1590878424,1076.0577690688729,True,-103.50334757,32.56927127,no_evidence,,,,BS2_S,none
3002544042,MESA VERDE BONE SPRING UNIT #006H,Occidental,30,Lea,BS2_S,BS2_S,keep,False,,True,10580.0,False,9484.0,2018-05-04,273390.0,28826.44453816955,1812.670543911628,True,-103.69529427,32.22447479,off_band,,583.0,,BS2_S,none
3002544043,ABE STATE #001H,ConocoPhillips,30,Lea,BS2_S,BS2_S,keep,True,,False,11104.0,False,5219.0,2024-03-03,28903.0,5538.034106150603,1139.6740822751963,False,-103.59245844,32.44911231,off_band,,1008.0,,BS3_C,none
3002544053,MAMBA 30 STATE COM #501H,EOG,30,Lea,BS2_S,BS2_S,keep,True,,False,11155.0,False,4533.0,2018-11-01,128184.0,28277.96161482462,1780.4484178992698,False,-103.60459795,32.18770455,agree,,66.0,66.0,BS2_S,none
3002544064,MESA VERDE BONE SPRING UNIT #004H,Occidental,30,Lea,BS2_S,BS2_S,keep,True,,False,10447.0,False,9902.0,2018-05-07,272472.0,27516.865279741465,1744.9572800140932,True,-103.69057089,32.22489245,off_band,,532.0,,BS2_S,none
3002544065,MESA VERDE BONE SPRING UNIT #007H,Occidental,30,Lea,BS2_S,BS2_S,keep,False,,True,10560.0,False,9751.0,2018-05-04,325217.0,33352.16900830684,1979.4506437240366,True,-103.69818217,32.22469408,off_band,,603.0,,BS2_S,none
3002544072,DATE 14 STATE COM #602H,EOG,30,Lea,BS2_S,BS2_S,keep,True,,False,10969.0,False,9576.0,2020-10-09,208873.0,21812.13450292398,810.7462429323082,True,-103.54146969,32.48701209,agree,,52.0,52.0,BS2_S,none
3002544143,ANTLER 17 STATE 2BS #003H,Permian Resources,30,Lea,BS2_S,BS2_S,keep,True,,False,10407.0,False,4380.0,2018-06-09,68577.0,15656.849315068494,816.1920177318926,False,-103.39609568,32.39172477,agree,,43.5,43.5,BS2_S,none
3002544145,BOUNDARY RAIDER 6 7 FEDERAL COM #211H,Devon,30,Lea,BS2_S,BS2_S,keep,True,,False,10328.0,False,9809.0,2018-04-24,331729.0,33818.839840962384,1193.320451332262,True,-103.72053073,32.32597754,agree,,110.0,110.0,BS2_S,none
3002544146,BOUNDARY RAIDER 6 7 FEDERAL COM #212H,Devon,30,Lea,BS2_S,BS2_S,keep,True,,False,10417.0,False,9788.0,2018-04-01,374362.0,38247.03718839395,1844.2416698276,True,-103.71596004,32.32569062,agree,,25.5,25.5,BS2_S,none
3002544147,BOUNDARY RAIDER 6 7 FEDERAL COM #213H,Devon,30,Lea,BS2_S,BS2_S,keep,True,,False,10466.0,False,9854.0,2018-04-23,504097.0,51156.58615790542,2118.711279773536,True,-103.71238935,32.32607393,agree,,36.5,36.5,BS2_S,none
3002544148,TOQUE STATE COM #501H,Matador,30,Lea,BS2_S,BS2_S,keep,True,,False,10838.0,False,7815.0,2020-03-18,221059.0,28286.500319897634,1035.388742371946,True,-103.6133621,32.4960026,agree,,101.5,101.5,BS2_S,none
3002544149,FEDERAL 30 #124H,Matador,30,Lea,BS2_S,BS2_S,keep,True,,False,10020.0,False,4369.0,2018-03-01,130090.0,29775.692378118565,691.5366284879699,False,-103.6960538,32.63081975,agree,,27.0,27.0,BS2_S,none
3002544157,OUTLAND 14 23 STATE COM 2BS #002H,Permian Resources,30,Lea,BS2_S,BS2_S,keep,True,,False,10392.0,False,7084.0,2018-11-15,152525.0,21530.914737436477,1696.2596295689232,True,-103.44604147,32.47554751,off_band,,872.0,,BS2_S,none
3002544158,OUTLAND 14 23 STATE COM 2BS #003H,Permian Resources,30,Lea,BS2_S,BS2_S,keep,True,,False,10356.0,False,7113.0,2018-11-15,143515.0,20176.43750878673,2224.0811065045464,True,-103.44376833,32.47525665,off_band,,908.0,,BS2_S,none
3002544161,RED TANK 30 31 STATE COM #024Y,Occidental,30,Lea,BS2_S,BS2_S,keep,False,,True,10877.0,False,9064.0,2018-02-01,323516.0,35692.40953221536,901.763745842555,True,-103.60427129,32.3549464,off_band,,1420.5,,BS2_S,none
3002544178,GAUCHO 21 FEDERAL #006H,Devon,30,Lea,BS2_S,BS2_S,keep,True,,False,10396.0,False,4516.0,2019-02-01,278177.0,61598.095659875995,1469.9382048120442,False,-103.46769115,32.37777804,agree,,25.5,25.5,BS2_S,none
3002544184,MESA VERDE BONE SPRING UNIT #008H,Occidental,30,Lea,BS2_S,BS2_S,keep,False,,True,10566.0,False,9875.0,2018-05-04,338731.0,34301.873417721516,1878.8566738798634,True,-103.70122129,32.22424097,off_band,,597.0,,BS2_S,none
3002544185,MESA VERDE BONE SPRING UNIT #005H,Occidental,30,Lea,BS2_S,BS2_S,keep,True,,False,10449.0,False,9902.0,2018-05-07,268279.0,27093.415471621895,1745.637936625677,True,-103.69194324,32.22487717,off_band,,544.0,,BS2_S,none
3002544186,MESA VERDE BONE SPRING UNIT #012H,Occidental,30,Lea,BS2_S,BS2_S,keep,False,,False,10700.0,True,7185.0,2018-08-20,219893.0,30604.453723034097,1564.5063735544106,True,-103.71466952,32.22472788,off_band,,1229.0,,BS2_S,none
3002544187,MESA VERDE BONE SPRING UNIT #011H,Occidental,30,Lea,BS2_S,BS2_S,keep,True,,False,10444.0,False,7693.0,2018-08-08,341258.0,44359.547640712335,1705.5043398250004,True,-103.70935312,32.22521161,off_band,,1167.0,,BS2_S,none
3002544188,MESA VERDE BONE SPRING UNIT #010H,Occidental,30,Lea,BS2_S,BS2_S,keep,False,,True,10517.0,False,10272.0,2018-08-08,300784.0,29281.931464174457,1856.0295760412787,True,-103.70652176,32.22526372,agree,,69.0,69.0,BS2_S,none
3002544190,MESA VERDE BONE SPRING UNIT #015H,Occidental,30,Lea,BS2_S,BS2_S,keep,True,,False,10421.0,False,4727.0,2018-09-01,212393.0,44931.88068542416,2008.0605293018132,False,-103.72052564,32.21767585,off_band,,1508.0,,BS2_S,none
3002544191,MESA VERDE BONE SPRING UNIT #014H,Occidental,30,Lea,BS2_S,BS2_S,keep,True,,False,10703.0,False,4727.0,2018-09-01,200225.0,42357.732176856356,2077.922337370458,False,-103.71868027,32.21897337,off_band,,1226.0,,BS2_S,none
3002544192,MESA VERDE BONE SPRING UNIT #013H,Occidental,30,Lea,BS2_S,BS2_S,keep,True,,False,10383.0,False,4572.0,2018-08-20,255639.0,55914.04199475065,1643.5246578182516,False,-103.7152907,32.2174916,off_band,,1546.0,,BS2_S,none
3002544194,MESA VERDE BONE SPRING UNIT #009H,Occidental,30,Lea,BS2_S,BS2_S,keep,True,,False,10392.0,False,9835.0,2018-05-04,297972.0,30297.10218607016,1826.2991153531204,True,-103.7029945,32.22381205,off_band,,612.0,,BS2_S,none
3002544197,GAZELLE 32 STATE COM 2BS #002Y,Permian Resources,30,Lea,BS2_S,BS2_S,keep,True,,False,9793.0,False,4381.0,2018-02-11,55998.0,12782.013238986532,80.37787063823708,False,-103.68782076,32.70366232,agree,,26.5,26.5,BS2_S,none
3002544270,BOBWHITE 12 STATE COM #012H,ConocoPhillips,30,Lea,BS3_C,BS2_S,reassign,True,class BS3_C->BS2_S (precision 0.90) + sql/23 concurs + GOR none,False,11031.0,False,4318.0,2018-07-16,124679.0,28874.247336729968,913.1289150538583,False,-103.52169637,32.49286626,flag,BS2_S,114.0,,BS2_S,none
3002544321,RAM 3 B2PA STATE COM #002H,Mewbourne,30,Lea,BS2_S,BS2_S,keep,True,,False,10247.0,False,4407.0,2018-08-01,139453.0,31643.521670070342,1826.5508809419662,False,-103.45096673,32.42064878,off_band,,945.5,,BS2_S,none
3002544356,VACA DRAW 20 17 FEDERAL #010H,Devon,30,Lea,BS2_S,BS2_S,keep,True,,False,10410.0,False,9914.0,2022-01-21,314638.0,31736.735928989307,2576.656347930002,True,-103.59582523,32.12332248,ambiguous_lith,BS2_C,91.5,,BS2_S,none
3002544383,BANDIT 29 STATE COM #501H,EOG,30,Lea,BS2_S,BS2_S,keep,True,,False,11133.0,False,7088.0,2018-06-01,177033.0,24976.439051918736,1438.2516254031734,True,-103.58699039,32.18326921,off_band,,366.0,,BS2_S,none
3002544384,BANDIT 29 STATE COM #502H,EOG,30,Lea,BS2_S,BS2_S,keep,True,,False,11118.0,False,7085.0,2018-06-01,219826.0,31026.958362738176,1479.6884808894308,True,-103.58921605,32.1850244,off_band,,371.5,,BS2_S,none
3002544410,LEA UNIT #049H,Devon,30,Lea,BS2_S,BS2_S,keep,True,,False,10463.0,False,4648.0,2018-05-09,47549.0,10229.99139414802,307.59847736019685,False,-103.51262121,32.58893358,agree,,6.0,6.0,BS2_S,none
3002544499,VITALIZER STATE #502H,Permian Resources,30,Lea,BS2_S,BS2_S,keep,True,,False,10495.0,False,4645.0,2018-05-22,87271.0,18788.15931108719,1297.7277675287323,False,-103.46778372,32.43573687,agree,,153.5,153.5,BS2_S,none
3002544501,FRUIT LOOP 29 STATE #503H,EOG,30,Lea,BS2_S,BS2_S,keep,True,,False,10965.0,False,4576.0,2021-01-19,103348.0,22584.79020979021,1212.8536594805898,False,-103.6006291,32.4496039,off_band,,886.0,,BS2_S,none
3002544520,UNCLE CHES 21 16 FEDERAL COM #128H,Matador,30,Lea,BS2_S,BS2_S,keep,True,,False,10669.0,False,9889.0,2021-03-19,309563.0,31303.771867731823,666.2553341323091,True,-103.45499608,32.56622725,no_evidence,,,,BS2_S,none
3002544526,BELL LAKE UNIT SOUTH #220H,Kaiser Francis,30,Lea,BS2_S,BS2_S,keep,True,,False,10956.0,False,7471.0,2018-09-01,296220.0,39649.31066791594,1572.8445074606711,True,-103.53170073,32.25650275,off_band,,1244.0,,BS2_S,none
3002544536,STREETCAR 15 FEDERAL #501H,EOG,30,Lea,BS2_S,BS2_S,keep,True,,False,10819.0,False,4671.0,2018-08-01,163057.0,34908.37079854421,1535.597981074103,False,-103.55297221,32.13056374,off_band,,228.0,,BS2_S,none
3002544559,MESA VERDE BONE SPRING UNIT #022H,Occidental,30,Lea,BS2_S,BS2_S,keep,True,,False,10522.0,False,10103.0,2018-12-01,360072.0,35640.10689894091,1711.204981225977,True,-103.68261526,32.22509656,off_band,,597.0,,BS2_S,none
3002544560,MESA VERDE BONE SPRING UNIT #023H,Occidental,30,Lea,BS2_S,BS2_S,keep,False,,True,10517.0,False,10353.0,2018-12-01,363287.0,35090.02221578287,1718.5668631137364,True,-103.68394972,32.22516398,off_band,,592.0,,BS2_S,none
3002544561,MESA VERDE BONE SPRING UNIT #024H,Occidental,30,Lea,BS2_S,BS2_S,keep,False,,True,10511.0,False,10353.0,2018-11-27,344227.0,33249.00994880711,1761.3871079258745,True,-103.68677286,32.22527307,off_band,,586.0,,BS2_S,none
3002544562,BANDIT 29 STATE COM #503H,EOG,30,Lea,BS2_S,BS2_S,keep,True,,False,11118.0,False,7008.0,2018-06-01,238953.0,34097.17465753425,1481.5926144471925,True,-103.59234646,32.18471338,agree,,38.0,38.0,BS2_S,none
3002544600,STRAY CAT 8 5 FEDERAL COM #213H,Devon,30,Lea,BS2_S,BS2_S,keep,True,,False,10527.0,False,9997.0,2019-02-25,443079.0,44321.19635890767,1861.9230430690689,True,-103.69447087,32.32659691,off_band,,1432.0,,BS2_S,none
3002544614,TOUR BUS 23 STATE #505H,Permian Resources,30,Lea,BS2_S,BS2_S,keep,True,,False,10220.0,False,4604.0,2018-07-01,149352.0,32439.617723718507,1676.3217097862766,False,-103.43534,32.3769205,agree,,164.0,164.0,BS2_S,none
3002544615,TOUR BUS 23 STATE #506H,Permian Resources,30,Lea,BS2_S,BS2_S,keep,True,,False,10455.0,False,4536.0,2018-07-01,129092.0,28459.435626102295,1287.0356025160352,False,-103.43335202,32.3765808,agree,,73.0,73.0,BS2_S,none
3002544616,MODELO 10 FEDERAL COM #501H,EOG,30,Lea,BS2_S,BS2_S,keep,True,,False,10533.0,False,7314.0,2022-05-25,243525.0,33295.73420836751,1762.3159839852171,True,-103.65506704,32.22807343,off_band,,844.0,,BS2_S,none
3002544626,BANDIT 29 STATE COM #504Y,EOG,30,Lea,BS2_S,BS2_S,keep,True,,False,11133.0,False,7043.0,2018-06-01,231949.0,32933.267073690185,1406.4298617368472,True,-103.59400218,32.18478903,off_band,,347.0,,BS2_S,none
3002544670,CONDOR 32 STATE #603H,EOG,30,Lea,BS2_S,BS2_S,keep,True,,False,11042.0,False,4873.0,2018-09-01,155028.0,31813.66714549559,1775.1115927445364,False,-103.49213705,32.08630195,off_band,,1379.5,,AVA_1,none
3002544694,DOMINATOR 25 FEDERAL COM #102H,ConocoPhillips,30,Lea,BS1_S,BS2_S,reassign,True,card verdict AGREE (BS1_S->BS2_S),False,10968.0,False,4774.0,2022-10-22,187410.0,39256.3887725178,2386.03062803479,False,-103.52023459,32.10164564,flag,BS2_S,40.0,,BS2_S,none
3002544703,DOMINATOR 25 FEDERAL COM #306H,ConocoPhillips,30,Lea,BS2_S,BS2_S,keep,True,,False,10959.0,False,4233.0,2022-10-16,177686.0,41976.37609260572,2602.596715554405,False,-103.52770226,32.10257592,agree,,44.0,44.0,BS2_S,none
3002544704,DOMINATOR 25 FEDERAL COM #308H,ConocoPhillips,30,Lea,BS2_S,BS2_S,keep,True,,False,10901.0,False,4623.0,2022-10-10,135636.0,29339.39000648929,2883.054646259105,False,-103.53158758,32.10225721,agree,,14.0,14.0,BS2_S,none
3002544706,DOMINATOR 25 FEDERAL COM #401H,ConocoPhillips,30,Lea,BS2_S,BS2_S,keep,True,,False,10978.0,False,4429.0,2022-10-14,136358.0,30787.536689997745,2283.9070681588173,False,-103.51855978,32.10267283,agree,,37.0,37.0,BS2_S,none
3002544734,LEA UNIT #063H,Devon,30,Lea,BS2_S,BS2_S,keep,True,,False,10565.0,False,4760.0,2018-10-01,314693.0,66111.97478991596,940.980574718853,False,-103.49818707,32.56852155,no_evidence,,,,BS2_S,none
3002544749,EL MAR 21 B2NC FEDERAL COM #001H,Mewbourne,30,Lea,BS2_S,BS2_S,keep,True,,False,10923.0,False,4789.0,2018-10-05,132349.0,27636.04092712466,2739.2877921253653,False,-103.57864804,32.02867497,off_band,,410.0,,BS2_S,none
3002544829,RIO BLANCO 4 33 FEDERAL COM #038H,Devon,30,Lea,BS2_S,BS2_S,keep,True,,False,10348.0,False,7460.0,2019-04-05,192406.0,25791.689008042893,1266.852385060757,True,-103.48005558,32.34452975,off_band,,934.0,,BS2_S,none
3002544830,RIO BLANCO 4 33 FEDERAL COM #039H,Devon,30,Lea,BS2_S,BS2_S,keep,False,,True,10160.0,False,7092.0,2019-04-11,196296.0,27678.510998307953,1281.0755186045565,True,-103.47264984,32.34493862,agree,,190.0,190.0,BS2_S,none
3002544851,MINIS 1 FEDERAL COM WCA #010H,Permian Resources,30,Lea,BS2_S,BS2_S,keep,False,,True,10665.0,False,7101.0,2019-10-20,74130.0,10439.374735952682,1480.5881559422635,True,-103.62701089,32.5108668,agree,,71.5,71.5,BS2_S,none
3002544857,MINIS 1 FEDERAL COM 2BS #011H,Permian Resources,30,Lea,BS2_S,BS2_S,keep,True,,False,10720.0,False,7320.0,2019-01-11,111958.0,15294.8087431694,1123.0282784615658,True,-103.62682329,32.51016122,agree,,33.0,33.0,BS2_S,none
3002544858,DOMINATOR 25 FEDERAL COM #304H,ConocoPhillips,30,Lea,BS2_S,BS2_S,keep,True,,False,10941.0,False,4492.0,2022-10-12,177634.0,39544.523597506675,2584.589661889053,False,-103.52465263,32.10215933,agree,,26.0,26.0,BS2_S,none
3002544861,CHEDDAR FEDERAL COM #501H,Permian Resources,30,Lea,BS2_S,BS2_S,keep,False,,True,10608.0,False,9795.0,2022-08-05,166929.0,17042.266462480857,1599.9616603466145,True,-103.70397933,32.42730758,agree,,64.0,64.0,BS2_S,none
3002544934,TACO CAT 27 34 FEDERAL COM #021H,Occidental,30,Lea,BS2_S,BS2_S,keep,True,,False,10849.0,False,10092.0,2019-02-04,331202.0,32818.27189853349,1179.488650430855,True,-103.66941203,32.35525822,agree,,96.0,96.0,BS3_C,none
3002544937,CARL MOTTEK FEDERAL #125H,Matador,30,Lea,BS2_S,BS2_S,keep,True,,False,10830.0,False,4742.0,2019-03-01,170965.0,36053.35301560523,1089.5036995876349,False,-103.4975351,32.21746222,off_band,,229.0,,BS2_S,none
3002544941,GAZELLE 22 B2MD FEDERAL COM #002H,Mewbourne,30,Lea,BS2_S,BS2_S,keep,True,,False,10462.0,False,4810.0,2018-10-01,104883.0,21805.197505197506,1336.14599124739,False,-103.46523116,32.29037841,agree,,8.0,8.0,BS2_S,none
3002544951,BANDIT 29 STATE COM #505H,EOG,30,Lea,BS2_S,BS2_S,keep,True,,False,11150.0,False,6109.0,2018-10-04,201109.0,32920.11785889671,1587.2089265025434,True,-103.59661515,32.18398752,agree,,74.5,74.5,BS2_S,none
3002544952,BANDIT 29 STATE COM #506H,EOG,30,Lea,BS2_S,BS2_S,keep,True,,False,11143.0,False,7361.0,2018-10-05,208816.0,28367.884798261104,1531.3960616044747,True,-103.59918743,32.18464982,agree,,64.5,64.5,BS2_S,none
3002544953,BANDIT 29 STATE COM #507H,EOG,30,Lea,BS2_S,BS2_S,keep,True,,False,11175.0,False,7516.0,2018-10-08,219419.0,29193.587014369346,1623.2094759341717,True,-103.60183829,32.18470161,agree,,95.0,95.0,BS2_S,none
3002544955,MAMBA 30 STATE COM #502H,EOG,30,Lea,BS2_S,BS2_S,keep,True,,False,11163.0,False,4533.0,2018-11-01,127477.0,28121.99426428414,1675.90231963413,False,-103.60751268,32.1885401,agree,,74.0,74.0,BS2_S,none
3002544956,MAMBA 30 STATE COM #503H,EOG,30,Lea,BS2_S,BS2_S,keep,True,,False,11146.0,False,4734.0,2018-11-01,129250.0,27302.492606675118,1750.4216634429401,False,-103.60898285,32.18904905,agree,,58.0,58.0,BS2_S,none
3002544962,RIO BLANCO 4 33 FEDERAL COM #005H,Devon,30,Lea,BS2_S,BS2_S,keep,True,,False,10365.0,False,7362.0,2019-04-11,227296.0,30874.218962238523,1187.2888216246656,True,-103.46773915,32.34486444,off_band,,926.0,,BS2_S,none
3002544967,JUICE BUD STATE COM #502H,EOG,30,Lea,BS2_S,BS2_S,keep,True,,False,10976.0,False,6844.0,2018-09-01,211743.0,30938.486265341904,923.213518274512,True,-103.510035,32.46893836,agree,,44.0,44.0,BS2_S,none
3002544968,ANTELOPE 9 B2PA STATE #002H,Mewbourne,30,Lea,BS2_S,BS2_S,keep,True,,False,10328.0,False,5018.0,2019-01-01,192239.0,38309.88441610203,1303.590842648994,False,-103.46706664,32.31868167,agree,,128.0,128.0,BS2_S,none
3002544974,SAVAGE 2 STATE COM #501H,EOG,30,Lea,BS2_S,BS2_S,keep,True,,False,10545.0,False,4501.0,2018-11-01,438178.0,97351.2552766052,2470.1559640146243,False,-103.65309974,32.1592458,off_band,,404.0,,BS2_S,none
3002544979,FLUFFY CAT 16 21 STATE FEDERAL COM #218H,Devon,30,Lea,BS2_S,BS2_S,keep,True,,False,10734.0,False,7724.0,2019-03-29,209898.0,27174.77990678405,1729.0493477784448,True,-103.67409664,32.29350913,agree,,55.5,55.5,BS2_S,none
3002544984,FLAGLER 8 FEDERAL #017H,Devon,30,Lea,BS2_S,BS2_S,keep,True,,False,10754.0,False,4917.0,2020-01-24,111406.0,22657.311368720766,976.5093442004919,False,-103.58689666,32.14519767,off_band,,717.0,,BS2_S,none
3002544990,FLAGLER 8 FEDERAL COM #014H,Devon,30,Lea,BS2_S,BS2_S,keep,True,,False,11021.0,False,4198.0,2020-01-16,102693.0,24462.36303001429,2023.4972198689297,False,-103.60152825,32.14543989,off_band,,533.0,,BS2_S,none
3002545003,FLAGLER 8 FEDERAL #020H,Devon,30,Lea,BS2_S,BS2_S,keep,True,,False,11017.0,False,4901.0,2020-02-02,124032.0,25307.48826770047,1472.9747162022704,False,-103.59309748,32.14552624,off_band,,1366.0,,BS2_S,none
3002545006,DIAMONDBACK 24 25 FEDERAL COM 2BS #001H,Permian Resources,30,Lea,BS2_S,BS2_S,keep,True,,False,10035.0,False,10447.0,2018-12-20,226798.0,21709.390255575763,670.3630543479219,True,-103.71830613,32.63780588,agree,,56.5,56.5,BS3_C,none
3002545009,BILBREY 34 27 B2OB FEDERAL COM #002H,Mewbourne,30,Lea,BS2_S,BS2_S,keep,True,,False,10732.0,False,9974.0,2018-12-01,136366.0,13672.147583717666,955.1721103500872,True,-103.65915517,32.44268078,off_band,,488.0,,BS2_S,none
3002545012,AO 6 #502H,Matador,30,Lea,BS2_S,BS2_S,keep,True,,False,10839.0,False,4471.0,2019-01-01,156823.0,35075.59830015656,1071.2012906270127,False,-103.61216748,32.4144877,off_band,,622.0,,BS2_S,none
3002545019,COACHMAN FEE #014H,ConocoPhillips,30,Lea,BS2_S,BS2_S,keep,True,,False,11021.0,False,4510.0,2018-11-09,135462.0,30035.920177383592,4084.8429817956326,False,-103.3791428,32.11568919,off_band,,1365.0,,BS2_S,none
3002545026,AO 6 STATE COM #501H,Matador,30,Lea,BS2_S,BS2_S,keep,True,,False,10713.0,False,4826.0,2019-01-01,142734.0,29576.046415250727,953.9913405355417,False,-103.61249186,32.41694063,off_band,,496.0,,BS2_S,none
3002545027,MERCHANT STATE UNIT #506Y,Matador,30,Lea,BS2_S,BS2_S,keep,True,,False,11044.0,False,9801.0,2018-11-30,136667.0,13944.189368431793,1039.5413669722757,True,-103.53564464,32.42798069,agree,,86.0,86.0,BS2_S,none
3002545059,CAST AWAY 6 B2BW STATE COM UNIT #001H,Mewbourne,30,Lea,BS2_S,BS2_S,keep,True,,False,9894.0,False,7508.0,2019-03-10,65913.0,8779.035695258392,1274.8623185107642,True,-103.40532269,32.51147284,no_evidence,,,,BS2_S,none
3002545063,MORTAL KOMBAT 36 STATE COM #502H,Permian Resources,30,Lea,BS2_S,BS2_S,keep,True,,False,10481.0,False,3953.0,2018-10-01,132936.0,33629.14242347584,1616.4620569296503,False,-103.43112685,32.34909984,agree,,13.0,13.0,BS2_S,none
3002545064,ALLEY CAT 17 FEDERAL COM #211H,Devon,30,Lea,BS2_S,BS2_S,keep,True,,False,10503.0,False,4654.0,2019-02-07,198315.0,42611.73184357542,1897.7888712401987,False,-103.70314204,32.30416329,agree,,20.0,20.0,BS2_S,none
3002545065,ALLEY CAT 17 FEDERAL COM #212H,Devon,30,Lea,BS2_S,BS2_S,keep,True,,False,10509.0,False,4635.0,2019-02-07,236867.0,51103.991370010786,1558.300649731706,False,-103.69881987,32.30411213,off_band,,154.0,,BS2_S,none
3002545066,ALLEY CAT 17 20 FEDERAL COM #215H,Devon,30,Lea,BS2_S,BS2_S,keep,True,,False,10550.0,False,10317.0,2019-03-06,431871.0,41860.1337598139,1713.9631973436512,True,-103.69113969,32.29740362,off_band,,361.5,,BS2_S,none
3002545067,ALLEY CAT 17 20 FEDERAL COM #216H,Devon,30,Lea,BS2_S,BS2_S,keep,True,,False,10537.0,False,10055.0,2019-02-15,405944.0,40372.35206364993,1630.8678044262263,True,-103.6955044,32.29692951,off_band,,348.5,,BS2_S,none
3002545068,BOUNDARY RAIDER 5 FEDERAL #231H,Devon,30,Lea,BS2_S,BS2_S,keep,True,,False,10421.0,False,4883.0,2018-12-28,178730.0,36602.49846405898,1931.4440776590388,False,-103.70197349,32.32619747,agree,,45.0,45.0,BS2_S,none
3002545069,FLUFFY CAT 16 21 STATE FEDERAL COM #212H,Devon,30,Lea,BS2_S,BS2_S,keep,True,,False,10663.0,False,7696.0,2019-10-19,315123.0,40946.33575883576,1849.9792144654627,True,-103.68689226,32.29371459,off_band,,474.5,,BS2_S,none
3002545079,BELL LAKE UNIT NORTH #101H,Kaiser Francis,30,Lea,BS2_S,BS2_S,keep,True,,False,10842.0,False,7506.0,2019-04-07,220451.0,29369.970690114573,1390.667313824841,True,-103.5319865,32.32323495,off_band,,536.0,,BS2_S,none
3002545087,CAPER 20 29 B2CN FEDERAL COM #001H,Mewbourne,30,Lea,BS2_S,BS2_S,keep,True,,False,10513.0,False,10060.0,2019-02-02,227041.0,22568.68787276342,1076.5764773763328,True,-103.69893575,32.45714709,agree,,45.0,45.0,BS2_S,none
3002545150,STRAY CAT 8 5 FEDERAL COM #212Y,Devon,30,Lea,BS2_S,BS2_S,keep,True,,False,10482.0,False,9904.0,2019-02-20,405854.0,40978.796445880456,1908.9795837912156,True,-103.69830399,32.32706649,off_band,,1477.0,,BS2_S,none
3002545152,GAUCHO UNIT #037H,Devon,30,Lea,BS2_S,BS2_S,keep,True,,False,10373.0,False,4394.0,2019-03-08,186704.0,42490.66909421939,2512.892064444254,False,-103.49824427,32.36258708,agree,,29.0,29.0,BS2_S,none
3002545155,AIRSTREAM 24 STATE COM #501H,Permian Resources,30,Lea,BS2_S,BS2_S,keep,True,,False,10265.0,False,5073.0,2019-01-01,124370.0,24516.06544451015,1952.35989386508,False,-103.43087627,32.37721625,agree,,135.0,135.0,BS2_S,none
3002545157,GAUCHO UNIT #153H,Devon,30,Lea,BS2_S,BS2_S,keep,True,,False,10344.0,False,7164.0,2019-03-06,315541.0,44045.36571747627,2158.965079023011,True,-103.49405132,32.36666941,agree,,26.0,26.0,BS2_S,none
3002545158,GAUCHO UNIT #152H,Devon,30,Lea,BS2_S,BS2_S,keep,True,,False,10377.0,False,7428.0,2019-03-04,332732.0,44794.29186860528,1966.0086796581031,True,-103.48985421,32.36655372,agree,,12.5,12.5,BS2_S,none
3002545161,BUFFALO 12 1 FEDERAL 2BS COM #005H,Permian Resources,30,Lea,BS2_S,BS2_S,keep,True,,False,9725.0,False,12063.0,2021-01-18,198426.0,16449.1420044765,1095.4512009514883,True,-103.61143674,32.68269348,ambiguous_lith,BS2_C,39.0,,BS2_C,none
3002545178,BELL LAKE UNIT SOUTH #201H,Kaiser Francis,30,Lea,BS2_S,BS2_S,keep,True,,False,10962.0,False,7702.0,2022-04-14,276070.0,35843.93663983381,2236.950773354584,True,-103.53339129,32.23608973,no_evidence,,,,BS2_S,none
3002545179,BELL LAKE UNIT SOUTH #202H,Kaiser Francis,30,Lea,BS2_S,BS2_S,keep,True,,False,10968.0,False,7532.0,2022-04-14,380129.0,50468.53425385024,2021.1717601130142,True,-103.5294548,32.23605128,no_evidence,,,,BS2_S,none
3002545181,AIRSTREAM 24 STATE COM #502H,Permian Resources,30,Lea,BS2_S,BS2_S,keep,True,,False,10593.0,False,10393.0,2019-01-01,271493.0,26122.678726065624,1626.9075077442144,True,-103.4282854,32.3699077,agree,,193.0,193.0,BS2_S,none
3002545185,FEARLESS 23 FEDERAL COM #505H,EOG,30,Lea,BS2_S,BS2_S,keep,True,,False,10589.0,False,10023.0,2019-12-01,342098.0,34131.2980145665,2149.138550941543,True,-103.64643171,32.1076936,off_band,,599.5,,BS2_S,none
3002545186,FEARLESS 23 FEDERAL COM #506H,EOG,30,Lea,BS2_S,BS2_S,keep,True,,False,10876.0,False,10149.0,2019-12-01,327934.0,32311.951916444967,2549.1562326565713,True,-103.64872945,32.10755695,off_band,,312.5,,BS2_S,none
3002545202,VAN DOO DAH 28 33 FEDERAL COM #231H,Devon,30,Lea,BS2_S,BS2_S,keep,True,,False,10607.0,False,10333.0,2019-05-21,309705.0,29972.41846511178,2734.892881936036,True,-103.68747976,32.09413505,agree,,241.0,241.0,BS3_C,none
3002545205,VAN DOO DAH 28 33 FEDERAL COM #236H,Devon,30,Lea,BS2_S,BS2_S,keep,True,,False,10491.0,False,10018.0,2019-05-26,195632.0,19528.049510880413,4290.719309724381,True,-103.67368267,32.09402408,off_band,,309.0,,BS2_S,none
3002545206,COTTON DRAW UNIT #298H,Devon,30,Lea,BS2_S,BS2_S,keep,True,,False,10574.0,False,10315.0,2020-10-01,394028.0,38199.51526902569,2391.4848690955973,True,-103.67351107,32.12325973,agree,,41.0,41.0,BS2_S,none
3002545207,HUCKLEBERRY STATE COM #505H,ConocoPhillips,30,Lea,BS2_S,BS2_S,keep,True,,False,10785.0,False,9965.0,2019-12-04,179334.0,17996.387355745108,1240.127360121338,True,-103.56364614,32.47158514,no_evidence,,,,BS2_S,none
3002545208,HUCKLEBERRY STATE COM #506H,ConocoPhillips,30,Lea,BS2_S,BS2_S,keep,True,,False,11028.0,False,8997.0,2019-12-04,157318.0,17485.606313215518,1261.4640409870453,True,-103.56581253,32.47185395,no_evidence,,,,BS2_S,none
3002545209,HUCKLEBERRY STATE COM #507H,ConocoPhillips,30,Lea,BS2_S,BS2_S,keep,True,,False,10867.0,False,10056.0,2019-12-04,101962.0,10139.419252187748,1068.6530275985172,True,-103.5679223,32.47142328,no_evidence,,,,BS2_S,none
3002545216,FEARLESS 23 FEDERAL COM #507H,EOG,30,Lea,BS2_S,BS2_S,keep,True,,False,10514.0,False,10005.0,2019-12-01,234247.0,23412.993503248377,3161.163216604695,True,-103.65095415,32.10878255,off_band,,321.5,,BS2_S,none
3002545217,FEARLESS 23 FEDERAL COM #508H,EOG,30,Lea,BS2_S,BS2_S,keep,True,,False,10843.0,False,10037.0,2019-12-01,342618.0,34135.49865497659,2431.346280697453,True,-103.6532168,32.10829245,off_band,,337.0,,BS2_S,none
3002545231,HUCKLEBERRY STATE COM #501H,ConocoPhillips,30,Lea,BS2_S,BS2_S,keep,True,,False,10791.0,False,10088.0,2019-12-04,114923.0,11392.04996034893,1046.7182374285392,True,-103.55497173,32.47128518,agree,,178.0,178.0,BS2_S,none
3002545232,HUCKLEBERRY STATE COM #502H,ConocoPhillips,30,Lea,BS2_S,BS2_S,keep,True,,False,11032.0,False,10059.0,2019-12-04,206201.0,20499.154985585046,1122.4872818269553,True,-103.55718707,32.47132737,agree,,63.5,63.5,BS2_S,none
3002545233,HUCKLEBERRY STATE COM #503H,ConocoPhillips,30,Lea,BS2_S,BS2_S,keep,True,,False,10805.0,False,10068.0,2019-12-04,140341.0,13939.312673818036,1101.4813917529445,True,-103.55923654,32.47133527,agree,,170.0,170.0,BS2_S,none
3002545234,HUCKLEBERRY STATE COM #504H,ConocoPhillips,30,Lea,BS2_S,BS2_S,keep,True,,False,11008.0,False,9902.0,2019-12-04,185244.0,18707.735810947284,1204.71378290255,True,-103.56154024,32.47131858,no_evidence,,,,BS2_S,none
3002545236,VAN DOO DAH 28 33 FEDERAL COM #235H,Devon,30,Lea,BS2_S,BS2_S,keep,True,,False,10621.0,False,9890.0,2019-05-26,213593.0,21596.86552072801,3387.114746269775,True,-103.67784821,32.09390908,agree,,200.5,200.5,BS3_C,none
3002545237,MARWARI 21 16 STATE FEDERAL COM #237H,Devon,30,Lea,BS2_S,BS2_S,keep,True,,False,10491.0,False,10352.0,2020-10-07,392818.0,37946.09737248841,2429.7206339831678,True,-103.67795379,32.12304484,off_band,,379.0,,BS2_S,none
3002545238,GAUCHO 21 FEDERAL #007H,Devon,30,Lea,BS2_S,BS2_S,keep,True,,False,10398.0,False,4795.0,2019-02-01,253038.0,52771.22002085506,1719.492724412934,False,-103.47155925,32.37757471,agree,,21.5,21.5,BS2_S,none
3002545240,MAMBA 30 STATE COM #505H,EOG,30,Lea,BS2_S,BS2_S,keep,True,,False,11074.0,False,4739.0,2019-04-11,145173.0,30633.67799113737,1867.9299869810502,False,-103.61553323,32.18913593,agree,,10.5,10.5,BS2_S,none
3002545241,MAMBA 30 STATE COM #506H,EOG,30,Lea,BS2_S,BS2_S,keep,True,,False,11073.0,False,4573.0,2019-04-11,166165.0,36336.10321452001,1921.692293804351,False,-103.61720453,32.18903872,agree,,5.0,5.0,BS2_S,none
3002545265,DUCK HUNT 1 STATE COM #501H,Permian Resources,30,Lea,BS2_S,BS2_S,keep,True,,False,10592.0,False,6912.0,2019-06-01,203892.0,29498.26388888889,1523.164224197124,True,-103.41643244,32.32169474,off_band,,781.0,,BS2_S,none
3002545283,INLAND 26 23 B2PI STATE COM #001H,Mewbourne,30,Lea,BS2_S,BS2_S,keep,True,,False,10365.0,False,7379.0,2021-03-01,182604.0,24746.442607399378,2000.3833431907296,True,-103.43375619,32.45390978,agree,,67.0,67.0,BS2_S,none
3002545286,E LIVINGSTON 31 FEDERAL #008H,Matador,30,Lea,BS2_S,BS2_S,keep,True,,False,10311.0,False,4355.0,2019-03-11,136972.0,31451.664753157293,966.5187045527553,False,-103.71249385,32.34815464,agree,,90.0,90.0,BS2_S,none
3002545287,LOMAS ROJAS 26 STATE COM #503H,EOG,30,Lea,BS2_S,BS2_S,keep,False,,True,10878.0,False,4616.0,2018-11-01,164580.0,35654.24610051993,2167.4504800097216,False,-103.54260686,32.1010994,agree,,23.0,23.0,BS2_S,none
3002545288,LOMAS ROJAS 26 STATE COM #504H,EOG,30,Lea,BS2_S,BS2_S,keep,True,,False,10873.0,False,4631.0,2018-11-01,164996.0,35628.589937378536,1973.2963223350869,False,-103.5455262,32.10098423,agree,,28.0,28.0,BS2_S,none
3002545342,CHAROLAIS 28 21 B2NC STATE COM #001H,Mewbourne,30,Lea,BS2_S,BS2_S,keep,True,,False,10130.0,False,10068.0,2019-07-21,124421.0,12358.065156932857,835.9842791811672,True,-103.46551064,32.63884244,off_band,,541.5,,BS2_S,none
3002545355,BATTLE 34 SB FEE #015H,ConocoPhillips,30,Lea,BS2_S,BS2_S,keep,False,,True,11020.0,False,4578.0,2024-02-27,82373.0,17993.228484054172,1081.9200466172167,False,-103.55819148,32.43473311,agree,,42.0,42.0,BS2_S,none
3002545400,DOLLY VARDEN 25 24 B2ED STATE COM #001H,Mewbourne,30,Lea,BS2_S,BS2_S,keep,True,,False,10210.0,False,7407.0,2019-11-05,265907.0,35899.419468070744,1687.0973686288814,True,-103.4303009,32.46071125,agree,,122.0,122.0,BS2_S,none
3002545401,DOLLY VARDEN 25 24 B2FC STATE COM #001H,Mewbourne,30,Lea,BS2_S,BS2_S,keep,True,,False,10233.0,False,7336.0,2020-12-01,221198.0,30152.399127589964,2112.6863714861797,True,-103.42547737,32.46118646,agree,,99.0,99.0,BS2_S,none
3002545402,DOLLY VARDEN 25 24 B2GB STATE COM #001H,Mewbourne,30,Lea,BS2_S,BS2_S,keep,True,,False,10067.0,False,7509.0,2020-12-01,249595.0,33239.445998135576,1832.889280634628,True,-103.42203215,32.4610352,agree,,248.0,248.0,BS2_S,none
3002545406,JADE 34 3 2BS FEDERAL COM #004H,Permian Resources,30,Lea,BS2_S,BS2_S,keep,True,,False,10137.0,False,9539.0,2022-12-10,154911.0,16239.752594611595,865.7745415109321,True,-103.65803645,32.6094545,agree,,7.0,7.0,BS2_S,none
3002545408,JADE 34 3 1BS FEDERAL COM #006H,Permian Resources,30,Lea,BS2_S,BS2_S,keep,False,,True,10140.0,False,9855.0,2022-12-07,210846.0,21394.82496194825,1384.0196162127809,True,-103.65548861,32.60909158,agree,,0.5,0.5,BS2_S,none
3002545414,DOS EQUIS 11 14 FEDERAL COM #005H,Devon,30,Lea,BS2_S,BS2_S,keep,True,,False,10780.0,False,9391.0,2022-09-28,327379.0,34860.930678309014,1713.8515298782145,True,-103.64554209,32.22348598,off_band,,1578.0,,BS2_S,none
3002545416,DOS EQUIS 13 FEDERAL COM #009H,Devon,30,Lea,BS2_S,BS2_S,keep,True,,False,11067.0,False,4361.0,2019-07-02,182311.0,41804.86127035083,1293.4436210651031,False,-103.63048955,32.2167839,off_band,,946.0,,BS2_S,none
3002545417,DOS EQUIS 13 FEDERAL COM #010H,Devon,30,Lea,BS2_S,BS2_S,keep,True,,False,11048.0,False,4676.0,2020-02-19,217067.0,46421.51411462789,1527.979840325798,False,-103.6347347,32.21710912,off_band,,955.5,,BS2_S,none
3002545447,MERCHANT STATE UNIT #512H,Matador,30,Lea,BS2_S,BS2_S,keep,True,,False,10924.0,False,9900.0,2019-04-24,212568.0,21471.515151515152,1061.1945353957321,True,-103.53658862,32.42795705,agree,,57.0,57.0,BS2_S,none
3002545505,FEARLESS 26 FEDERAL COM #503H,EOG,30,Lea,BS2_S,BS2_S,keep,True,,False,10595.0,False,10094.0,2019-11-01,247597.0,24529.126213592233,2646.8939445954516,True,-103.64199545,32.0938543,off_band,,821.0,,BS2_S,none
3002545510,BELL LAKE UNIT NORTH #219H,Kaiser Francis,30,Lea,BS2_S,BS2_S,keep,True,,False,10860.0,False,7666.0,2021-07-28,233161.0,30414.949126010957,1751.7938248677951,True,-103.53339775,32.34440319,off_band,,219.0,,BS2_S,none
3002545512,BRAD LUMMIS FEDERAL COM #121H,Matador,30,Lea,BS2_S,BS2_S,keep,True,,False,11326.0,False,4777.0,2020-01-01,158937.0,33271.29997906636,2267.10583438721,False,-103.44736491,32.20244657,agree,,124.0,124.0,BS2_S,none
3002545531,CO YETI 15 22 FEDERAL COM #051H,Chevron,30,Lea,BS2_S,BS2_S,keep,False,,True,10409.0,False,10186.0,2021-03-06,365366.0,35869.42862752798,2030.7171439050157,True,-103.66171833,32.12277314,off_band,,297.0,,BS2_S,none
3002545533,CO YETI 15 22 FEDERAL COM #053H,Chevron,30,Lea,BS2_S,BS2_S,keep,True,,False,10695.0,False,10567.0,2021-03-04,402519.0,38092.079114223525,1965.0227691115201,True,-103.65862544,32.12325142,off_band,,241.5,,BS3_S,none
3002545535,CO YETI 15 22 FEDERAL COM #055H,Chevron,30,Lea,BS2_S,BS2_S,keep,True,,False,10394.0,False,10276.0,2021-03-02,319077.0,31050.700661736082,1852.098396311862,True,-103.65545219,32.12292778,off_band,,282.0,,BS2_S,none
3002545579,DAGGER LAKE 5 STATE COM #501H,Matador,30,Lea,BS2_S,BS2_S,keep,True,,False,10868.0,False,7635.0,2019-08-11,126456.0,16562.671905697447,1052.9433162522932,True,-103.601924,32.430989,off_band,,956.0,,BS2_S,none
3002545602,JAMES 20 29 FEDERAL COM #037H,Devon,30,Lea,BS2_S,BS2_S,keep,True,,False,10543.0,False,9500.0,2020-02-03,220126.0,23171.157894736843,1355.9234256743864,True,-103.70416989,32.28223602,off_band,,1170.0,,BS2_S,none
3002545603,JAMES 20 29 FEDERAL COM #038H,Devon,30,Lea,BS2_S,BS2_S,keep,False,,True,10550.0,False,9661.0,2023-04-01,373068.0,38615.878273470655,2398.3938584922857,True,-103.69816976,32.28189089,off_band,,631.0,,BS2_S,none
3002545626,HEARNS 34 STATE COM #502H,EOG,30,Lea,BS2_S,BS2_S,keep,True,,False,10885.0,False,9885.0,2019-07-05,303160.0,30668.689934243805,1796.8927299115978,True,-103.56464677,32.18176082,agree,,207.5,207.5,BS2_S,none
3002545628,HEARNS 34 STATE COM #503H,EOG,30,Lea,BS2_S,BS2_S,keep,False,,True,10919.0,False,9910.0,2019-07-05,242480.0,24468.213925327953,1626.0557571758495,True,-103.56150606,32.18158963,off_band,,342.0,,BS2_S,none
3002545645,GHOST RIDER 22 15 FEDERAL COM #201H,Permian Resources,30,Lea,BS2_S,BS2_S,keep,True,,False,10572.0,False,7348.0,2019-11-20,265609.0,36147.11486118672,1768.016144031264,True,-103.6556127,32.20715074,off_band,,610.0,,BS2_S,none
3002545646,GAZELLE 22 B2NC FEDERAL COM #002H,Mewbourne,30,Lea,BS2_S,BS2_S,keep,True,,False,10409.0,False,4925.0,2019-10-01,145503.0,29543.756345177666,1343.0925822835268,False,-103.46051933,32.29031882,agree,,47.0,47.0,BS2_S,none
3002545672,SAVAGE 2 STATE COM #503H,EOG,30,Lea,BS2_S,BS2_S,keep,True,,False,10556.0,False,4568.0,2019-08-01,280086.0,61314.79859894921,3255.0430939068715,False,-103.64934476,32.15898466,off_band,,398.5,,BS2_S,none
3002545678,DONKEY KONG 1 FEDERAL COM #501H,Permian Resources,30,Lea,BS2_S,BS2_S,keep,False,,True,10300.0,True,7264.0,2022-01-29,145090.0,19973.8436123348,1553.0360465917706,True,-103.41613491,32.34528413,agree,,217.0,217.0,BS2_S,none
3002545679,DONKEY KONG 1 FEDERAL COM #502H,Permian Resources,30,Lea,BS2_S,BS2_S,keep,False,,True,10300.0,True,7182.0,2022-01-29,146855.0,20447.646895015318,2200.510707841068,True,-103.41912789,32.34561339,agree,,216.0,216.0,BS2_S,none
3002545680,DONKEY KONG 1 FEDERAL COM #503H,Permian Resources,30,Lea,BS2_S,BS2_S,keep,False,,True,10300.0,True,7264.0,2022-01-29,120307.0,16562.087004405286,1718.1876366296226,True,-103.42211341,32.34538726,agree,,194.0,194.0,BS2_S,none
3002545693,SAVAGE 2 STATE COM #506H,EOG,30,Lea,BS2_S,BS2_S,keep,True,,False,10620.0,False,4587.0,2019-08-02,204128.0,44501.41704817964,2123.1041307414957,False,-103.64337043,32.159082,off_band,,378.0,,BS2_S,none
3002545695,SAVAGE 2 STATE COM #508H,EOG,30,Lea,BS2_S,BS2_S,keep,True,,False,10696.0,False,4751.0,2019-08-02,138247.0,29098.5055777731,1804.950559505812,False,-103.63846859,32.15922467,off_band,,333.0,,BS2_S,none
3002545699,CHINCOTEAGUE 8 5 FEDERAL COM #231H,Devon,30,Lea,BS2_S,BS2_S,keep,True,,False,10248.0,False,7463.0,2019-11-18,289955.0,38852.33820179552,2492.8730320222103,True,-103.70286936,32.15605721,off_band,,857.0,,BS2_S,none
3002545700,CHINCOTEAGUE 8 5 FEDERAL COM #232H,Devon,30,Lea,BS2_S,BS2_S,keep,True,,False,10592.0,False,7356.0,2019-11-23,298645.0,40598.83088635128,2149.0900567563494,True,-103.7009893,32.15581132,off_band,,513.0,,BS2_S,none
3002545701,CHINCOTEAGUE 8 5 FEDERAL COM #233H,Devon,30,Lea,BS2_S,BS2_S,keep,True,,False,10609.0,False,7609.0,2019-11-24,310844.0,40852.148771192005,2107.7164108041334,True,-103.69538288,32.15606395,off_band,,496.0,,BS2_S,none
3002545702,CHINCOTEAGUE 8 5 FEDERAL COM #234H,Devon,30,Lea,BS2_S,BS2_S,keep,True,,False,10317.0,False,7101.0,2019-11-27,252325.0,35533.72764399381,2495.0203111067076,True,-103.693508,32.15596826,off_band,,788.0,,BS2_S,none
3002545703,DAGGER LAKE 5 STATE COM #503H,Matador,30,Lea,BS2_S,BS2_S,keep,True,,False,10953.0,False,7849.0,2019-08-11,139363.0,17755.510256083577,1220.8979427825177,True,-103.600821,32.4309825,off_band,,929.0,,BS2_S,none
3002545704,GRUMPY CAT 15 FEDERAL #213H,Devon,30,Lea,BS2_S,BS2_S,keep,True,,False,10705.0,False,4658.0,2019-11-13,250677.0,53816.444826105624,1576.5945818722898,False,-103.65878657,32.30446454,agree,,10.5,10.5,BS2_S,none
3002545726,BIG CAT 16 9 STATE FEDERAL COM #213H,Devon,30,Lea,BS2_S,BS2_S,keep,True,,False,10607.0,False,7666.0,2019-10-24,297171.0,38764.80563527263,1883.0471344781288,True,-103.68193448,32.31527471,agree,,80.0,80.0,BS2_S,none
3002545727,BIG CAT 16 9 STATE FEDERAL COM #215H,Devon,30,Lea,BS2_S,BS2_S,keep,True,,False,10661.0,False,7843.0,2019-12-04,245728.0,31330.868290195078,1756.6007943742675,True,-103.67843291,32.31514261,off_band,,421.0,,BS2_S,none
3002545728,FLUFFY CAT 16 21 STATE FEDERAL COM #216H,Devon,30,Lea,BS2_S,BS2_S,keep,True,,False,10689.0,False,7327.0,2019-12-04,398551.0,54394.84099904463,2755.903259557748,True,-103.67835818,32.29317402,agree,,23.5,23.5,BS2_S,none
3002545729,FLUFFY CAT 16 21 STATE FEDERAL COM #214H,Devon,30,Lea,BS2_S,BS2_S,keep,True,,False,10668.0,False,7173.0,2019-10-24,512766.0,71485.57089084065,2341.53590526673,True,-103.68255499,32.29319214,off_band,,428.0,,BS2_S,none
3002545730,GRUMPY CAT 15 22 FEDERAL COM #211H,Devon,30,Lea,BS2_S,BS2_S,keep,True,,False,10708.0,False,10033.0,2019-11-06,197854.0,19720.322934316755,1442.9579386820585,True,-103.66957588,32.29689473,agree,,29.5,29.5,BS2_S,none
3002545731,GRUMPY CAT 15 22 FEDERAL COM #212H,Devon,30,Lea,BS2_S,BS2_S,keep,True,,False,10723.0,False,9821.0,2019-11-06,237275.0,24159.963343855004,1478.4743441154778,True,-103.66474948,32.29685217,agree,,29.0,29.0,BS2_S,none
3002545732,GRUMPY CAT 15 FEDERAL #214H,Devon,30,Lea,BS2_S,BS2_S,keep,True,,False,10699.0,False,4747.0,2019-11-15,229291.0,48302.29618706551,1713.7305868961275,False,-103.65628146,32.30456058,agree,,24.0,24.0,BS2_S,none
3002545755,LOMAS ROJAS 26 STATE COM #505H,EOG,30,Lea,BS2_S,BS2_S,keep,True,,False,10855.0,False,4586.0,2019-08-01,140141.0,30558.438726559092,2542.5321640347934,False,-103.54833168,32.10103061,agree,,19.0,19.0,BS2_S,none
3002545756,LOMAS ROJAS 26 STATE COM #506H,EOG,30,Lea,BS2_S,BS2_S,keep,True,,False,10827.0,False,4569.0,2019-08-01,127616.0,27930.838257824467,2548.3638415245737,False,-103.54946976,32.10061671,agree,,46.5,46.5,BS2_S,none
3002545769,GHOST RIDER 22 15 FEDERAL COM #202H,Permian Resources,30,Lea,BS2_S,BS2_S,keep,True,,False,10934.0,False,7357.0,2019-11-20,205015.0,27866.65760500204,1816.5841523790941,True,-103.65677228,32.20715186,off_band,,983.0,,BS2_S,none
3002545770,GHOST RIDER 22 15 FEDERAL COM #203H,Permian Resources,30,Lea,BS2_S,BS2_S,keep,True,,False,10575.0,False,7209.0,2019-12-11,343049.0,47586.21167984464,2045.4658080915553,True,-103.66086905,32.20764375,off_band,,624.0,,BS2_S,none
3002545771,GHOST RIDER 22 15 FEDERAL COM #204H,Permian Resources,30,Lea,BS2_S,BS2_S,keep,True,,False,10748.0,False,6900.0,2019-12-11,213703.0,30971.449275362316,2099.8769320037622,True,-103.66126315,32.2071995,off_band,,797.0,,BS2_S,none
3002545772,GHOST RIDER 22 15 FEDERAL COM #205H,Permian Resources,30,Lea,BS2_S,BS2_S,keep,True,,False,10517.0,False,7272.0,2019-12-11,324329.0,44599.69746974698,1937.4431518612273,True,-103.6636113,32.2072217,off_band,,566.0,,AVA_1,none
3002545773,GHOST RIDER 22 15 FEDERAL COM #206H,Permian Resources,30,Lea,BS2_S,BS2_S,keep,True,,False,10953.0,False,7461.0,2019-12-11,346370.0,46424.0718402359,1787.3920951583566,True,-103.66570217,32.20677782,off_band,,1002.0,,AVA_1,none
3002545774,RED RAIDER 25 STATE COM #501H,EOG,30,Lea,BS2_S,BS2_S,keep,True,,False,11152.0,False,9983.0,2019-12-01,404990.0,40567.96554142041,1899.8839477517963,True,-103.52425802,32.19639369,agree,,5.0,5.0,BS2_S,none
3002545775,RED RAIDER 25 STATE COM #502H,EOG,30,Lea,BS2_S,BS2_S,keep,True,,False,10959.0,False,9951.0,2019-12-01,270856.0,27218.97296754095,1953.8610922408955,True,-103.5209973,32.19594226,agree,,198.5,198.5,BS2_S,none
3002545776,RED RAIDER 25 STATE COM #503H,EOG,30,Lea,BS2_S,BS2_S,keep,True,,False,11163.0,False,9905.0,2019-12-01,328436.0,33158.606764260476,1787.4075923467585,True,-103.51836712,32.19644488,agree,,15.0,15.0,BS2_S,none
3002545779,AIRSTREAM 24 STATE COM #503H,Permian Resources,30,Lea,BS2_S,BS2_S,keep,True,,False,10341.0,False,10254.0,2019-10-01,167296.0,16315.194070606594,1251.5361993114002,True,-103.42516832,32.36999598,off_band,,572.0,,BS2_S,none
3002545780,AIRSTREAM 24 STATE COM #504H,Permian Resources,30,Lea,BS2_S,BS2_S,keep,True,,False,10585.0,False,10174.0,2019-10-01,222984.0,21917.043444073126,1266.2119255193197,True,-103.42275398,32.37088195,agree,,206.0,206.0,BS2_S,none
3002545781,AIRSTREAM 24 STATE COM #505H,Permian Resources,30,Lea,BS2_S,BS2_S,keep,True,,False,10379.0,False,10132.0,2019-10-01,203615.0,20096.229767074616,1410.7212140559388,True,-103.41927542,32.36984171,agree,,16.0,16.0,BS2_S,none
3002545782,AIRSTREAM 24 STATE COM #506H,Permian Resources,30,Lea,BS2_S,BS2_S,keep,True,,False,10617.0,False,10171.0,2019-10-01,156176.0,15355.029004031068,1186.366663251716,True,-103.41640192,32.36978885,agree,,238.0,238.0,BS2_S,none
3002545804,WILD WEASEL 15 FEDERAL COM #710H,EOG,30,Lea,BS2_S,BS2_S,keep,True,,False,11137.0,False,10179.0,2023-06-07,186553.0,18327.24236172512,4023.4625012730967,True,-103.45065601,32.10845837,ambiguous_lith,BS2_C,92.5,,BS2_C,none
3002545814,SAVAGE 2 STATE COM #505Y,EOG,30,Lea,BS2_S,BS2_S,keep,True,,False,10633.0,False,4627.0,2019-08-01,202815.0,43832.937108277496,2662.9539235263665,False,-103.64606503,32.15919907,off_band,,338.0,,BS2_S,none
3002545838,LIPPIZZAN 4 FEDERAL #002H,Devon,30,Lea,BS2_S,BS2_S,keep,True,,False,10423.0,False,4900.0,2019-11-07,201444.0,41111.02040816326,2647.2716983379996,False,-103.68113355,32.1592523,off_band,,682.0,,BS2_S,none
3002545859,BELL LAKE UNIT SOUTH #206H,Kaiser Francis,30,Lea,BS2_S,BS2_S,keep,True,,False,10883.0,False,7569.0,2022-05-03,325719.0,43033.2936979786,2117.908381150624,True,-103.5212212,32.23584038,no_evidence,,,,BS2_S,none
3002545860,BELL LAKE UNIT SOUTH #208H,Kaiser Francis,30,Lea,BS2_S,BS2_S,keep,True,,False,10862.0,False,7770.0,2022-04-01,354785.0,45660.875160875155,2149.183308200741,True,-103.51302171,32.23636443,agree,,39.0,39.0,BS2_S,none
3002545868,GREEN DRAKE 16 FEDERAL COM #501H,EOG,30,Lea,BS2_S,BS2_S,keep,True,,False,11014.0,False,7482.0,2022-08-20,124609.0,16654.504143277198,1871.999614795079,True,-103.57181446,32.11945087,agree,,166.0,166.0,BS2_S,none
3002545908,BELL LAKE UNIT SOUTH #207H,Kaiser Francis,30,Lea,BS2_S,BS2_S,keep,True,,False,10953.0,False,7553.0,2022-04-01,332503.0,44022.640010591815,2141.884434125406,True,-103.51707,32.23600234,agree,,31.0,31.0,BS2_S,none
3002545914,OUTLAND STATE UNIT 11 2 2BS #002H,Permian Resources,30,Lea,BS2_S,BS2_S,keep,True,,False,10470.0,False,7320.0,2019-07-19,79588.0,10872.677595628415,821.5183193446248,True,-103.43598263,32.49724793,agree,,78.5,78.5,BS2_S,none
3002545924,AVOGATO 30 31 STATE COM #021H,Occidental,30,Lea,BS2_S,BS2_S,keep,True,,False,10757.0,False,9853.0,2019-11-15,253346.0,25712.5748502994,1053.1091866459308,True,-103.6167024,32.35502179,off_band,,1270.0,,BS2_S,none
3002545925,AVOGATO 30 31 STATE COM #022H,Occidental,30,Lea,BS2_S,BS2_S,keep,True,,False,10891.0,False,10024.0,2019-11-15,257994.0,25737.629688747005,1039.0164112343698,True,-103.6153092,32.35502727,off_band,,1404.0,,BS2_S,none
3002545926,AVOGATO 30 31 STATE COM #023H,Occidental,30,Lea,BS2_S,BS2_S,keep,True,,False,10769.0,False,10024.0,2019-11-15,284921.0,28423.882681564246,1588.4192460366207,True,-103.6138495,32.35503412,off_band,,1282.0,,BS2_S,none
3002545937,GREEN DRAKE 16 FEDERAL COM #502H,EOG,30,Lea,BS2_S,BS2_S,keep,True,,False,10803.0,False,7447.0,2022-08-20,123666.0,16606.150127568148,1900.7730499894878,True,-103.57158802,32.11937607,off_band,,282.0,,BS2_S,none
3002545960,AVOGATO 30 31 STATE COM #024H,Occidental,30,Lea,BS2_S,BS2_S,keep,True,,False,10961.0,False,10375.0,2019-11-01,245336.0,23646.843373493975,1254.1331072488342,True,-103.6093995,32.3551495,agree,,112.0,112.0,BS2_S,none
3002545961,AVOGATO 30 31 STATE COM #025H,Occidental,30,Lea,BS2_S,BS2_S,keep,True,,False,10784.0,False,10324.0,2019-11-01,300000.0,29058.50445563735,1236.3566666666666,True,-103.60713325,32.35563428,off_band,,1327.5,,BS2_S,none
3002545978,DILLON 31 FEDERAL COM #505H,EOG,30,Lea,BS2_S,BS2_S,keep,True,,False,11152.0,False,7602.0,2023-01-14,244173.0,32119.573796369372,2196.319822420988,True,-103.50466438,32.17782766,agree,,42.0,42.0,BS2_S,none
3002546021,CARNE ASADA STATE COM #501H,Permian Resources,30,Lea,BS2_S,BS2_S,keep,True,,False,10308.0,False,7505.0,2019-11-01,217512.0,28982.27848101266,1401.9364448857993,True,-103.4055874,32.41756959,no_evidence,,,,BS2_S,none
3002546032,ADDER 31 STATE #504H,EOG,30,Lea,BS2_S,BS2_S,keep,True,,False,10774.0,False,4735.0,2019-11-01,129926.0,27439.493136219644,1822.0217662361651,False,-103.60976415,32.17466314,off_band,,241.0,,BS2_S,none
3002546033,ADDER 31 STATE #505H,EOG,30,Lea,BS2_S,BS2_S,keep,True,,False,11087.0,False,4815.0,2019-11-01,170797.0,35471.85877466251,1922.5981720990414,False,-103.60813841,32.17440288,off_band,,554.0,,BS2_S,none
3002546035,ADDER 31 STATE #507H,EOG,30,Lea,BS2_S,BS2_S,keep,True,,False,10784.0,False,4635.0,2019-11-01,137186.0,29597.842502696873,1787.4856034872364,False,-103.60663093,32.17440435,off_band,,245.0,,BS2_S,none
3002546037,TAIPAN 31 STATE #502H,EOG,30,Lea,BS2_S,BS2_S,keep,True,,False,11048.0,False,4725.0,2019-11-01,156255.0,33069.84126984127,1700.3103900675178,False,-103.61797453,32.17489826,off_band,,509.0,,BS2_S,none
3002546059,SOUTH RIDGE 8030 2 11 STATE COM #001H,BTA Oil,30,Lea,BS2_S,BS2_S,keep,True,,False,10437.0,False,7115.0,2020-11-10,246453.0,34638.51018973999,1617.2454788539803,True,-103.44828666,32.32358616,agree,,15.5,15.5,BS2_S,none
3002546060,SOUTH RIDGE 8030 2 11 STATE COM #002H,BTA Oil,30,Lea,BS2_S,BS2_S,keep,True,,False,10473.0,False,7653.0,2020-11-10,306151.0,40004.05069907226,1726.6773585583585,True,-103.44330896,32.32265619,off_band,,430.5,,BS2_S,none
3002546061,SAND CHUTE 4 9 B2AP FEDERAL COM #001H,Mewbourne,30,Lea,BS2_S,BS2_S,keep,True,,False,10249.0,False,7540.0,2019-09-01,175783.0,23313.39522546419,590.4894102387603,True,-103.45585251,32.59420151,agree,,270.0,270.0,BS2_S,none
3002546064,ASADERO 3 STATE COM #503H,EOG,30,Lea,BS2_S,BS2_S,keep,True,,False,10703.0,False,7162.0,2019-08-01,114224.0,15948.6177045518,470.0675864967082,True,-103.45874417,32.51213377,agree,,17.0,17.0,BS2_S,none
3002546078,ARES 4 STATE #503H,EOG,30,Lea,BS2_S,BS2_S,keep,True,,False,11178.0,False,4805.0,2019-08-02,242003.0,50364.828303850154,1216.2948393201737,False,-103.5716848,32.24705245,agree,,26.5,26.5,BS2_S,none
3002546099,TAIPAN 31 STATE #503H,EOG,30,Lea,BS2_S,BS2_S,keep,False,,True,11021.0,False,4718.0,2019-11-01,120856.0,25615.938957185248,1754.9480373336864,False,-103.6155536,32.17367178,off_band,,482.0,,BS2_S,none
3002546102,GREEN DRAKE 16 FEDERAL COM #504H,EOG,30,Lea,BS2_S,BS2_S,keep,True,,False,10796.0,False,7459.0,2022-08-03,174799.0,23434.64271350047,2465.4374452943093,True,-103.57697589,32.11865982,off_band,,281.5,,BS2_C,none
3002546115,VACA DRAW 20 17 FEDERAL #031H,Devon,30,Lea,BS2_S,BS2_S,keep,False,,True,10725.0,False,9894.0,2022-02-09,326626.0,33012.53284819082,2413.9015265165663,True,-103.59905507,32.12385404,off_band,,223.5,,BS2_S,none
3002546136,HAGBERRY 9 STATE COM #501H,Permian Resources,30,Lea,BS2_S,BS2_S,keep,True,,False,10346.0,False,7147.0,2019-10-01,222277.0,31100.741569889466,1742.1505598869878,True,-103.3801325,32.4023135,agree,,61.0,61.0,BS2_S,none
3002546190,SEVERUS 31 5 FEDERAL COM #009H,Exxon Mobil,30,Lea,BS2_S,BS2_S,keep,True,,False,10671.0,False,7239.0,2020-02-15,245446.0,33906.06437353225,955.5706754235148,True,-103.59353226,32.52663087,agree,,4.0,4.0,BS2_S,none
3002546211,GETTY 5 FEDERAL COM #501H,EOG,30,Lea,BS2_S,BS2_S,keep,True,,False,10761.0,False,7349.0,2020-03-02,201026.0,27354.197850047625,1589.734661188105,True,-103.5872782,32.16335056,off_band,,238.0,,BS2_S,none
3002546212,GETTY 5 FEDERAL COM #502H,EOG,30,Lea,BS2_S,BS2_S,keep,True,,False,11022.0,False,7236.0,2020-03-02,223491.0,30885.986733001657,1603.0757390677925,True,-103.58842648,32.16389348,off_band,,321.5,,BS2_S,none
3002546213,GETTY 5 FEDERAL COM #503H,EOG,30,Lea,BS2_S,BS2_S,keep,True,,False,10761.0,False,7344.0,2020-03-02,206447.0,28110.97494553377,1603.0167549056175,True,-103.59003869,32.16365394,off_band,,230.0,,BS2_S,none
3002546214,GETTY 5 FEDERAL COM #504H,EOG,30,Lea,BS2_S,BS2_S,keep,True,,False,11039.0,False,7340.0,2020-03-02,215221.0,29321.662125340597,1666.9841697603858,True,-103.59084825,32.1634166,off_band,,508.0,,BS2_S,none
3002546215,GETTY 5 FEDERAL COM #505H,EOG,30,Lea,BS2_S,BS2_S,keep,True,,False,10746.0,False,7261.0,2020-03-02,198971.0,27402.69935270624,1591.5434912625458,True,-103.59110121,32.16321526,off_band,,215.0,,BS2_S,none
3002546216,GETTY 5 FEDERAL COM #506H,EOG,30,Lea,BS2_S,BS2_S,keep,True,,False,11042.0,False,7344.0,2020-03-02,232873.0,31709.286492374726,1608.8211170895725,True,-103.5953789,32.16365208,off_band,,503.0,,BS2_S,none
3002546223,SEVERUS 31 5 FEDERAL COM #011H,Exxon Mobil,30,Lea,BS2_S,BS2_S,keep,True,,False,10676.0,False,7603.0,2020-02-10,203827.0,26808.759700118375,801.5621090434535,True,-103.60212736,32.52604118,agree,,9.0,9.0,BS2_S,none
3002546224,SEVERUS 31 5 FEDERAL COM #012H,Exxon Mobil,30,Lea,BS2_S,BS2_S,keep,True,,False,10667.0,False,4694.0,2020-02-17,163096.0,34745.63272262463,853.0681316525237,False,-103.60638198,32.52914443,agree,,4.0,4.0,BS3_C,none
3002546249,PURRITO 18 FEDERAL COM #213H,Devon,30,Lea,BS2_S,BS2_S,keep,True,,False,10381.0,False,4222.0,2020-09-16,142075.0,33651.11321648508,1629.1113848319549,False,-103.71168553,32.30331068,agree,,87.5,87.5,BS2_S,none
3002546263,REBEL 9 16 B2IP STATE COM #001H,Mewbourne,30,Lea,BS2_S,BS2_S,keep,True,,False,10779.0,False,7482.0,2020-08-03,156140.0,20868.75167067629,1218.3232996029205,True,-103.46799176,32.48229072,no_evidence,,,,BS2_S,none
3002546295,RED HILLS 32 5 FEDERAL COM #156H,Devon,30,Lea,BS2_S,BS2_S,keep,True,,False,11001.0,False,9815.0,2020-11-30,326202.0,33235.0483953133,2195.8357091618077,True,-103.59670388,32.07925292,off_band,,1039.0,,BS3_S,none
3002546300,RAIDER FEDERAL COM #502H,Permian Resources,30,Lea,BS2_S,BS2_S,keep,True,,False,11114.0,False,9747.0,2021-04-30,194384.0,19942.956807222734,1440.1030949049305,True,-103.47363553,32.21088036,off_band,,706.0,,BS2_S,none
3002546301,RAIDER FEDERAL COM #503H,Permian Resources,30,Lea,BS2_S,BS2_S,keep,True,,False,11140.0,False,10015.0,2021-04-30,177073.0,17680.77883175237,1625.0642390426547,True,-103.46762331,32.21061893,off_band,,509.0,,BS2_S,none
3002546326,RED HILLS 32 5 FEDERAL COM #157H,Devon,30,Lea,BS2_S,BS2_S,keep,True,,False,10334.0,False,9817.0,2020-11-30,346633.0,35309.463176123056,2234.971857843887,True,-103.59596015,32.07938881,off_band,,372.0,,BS2_C,none
3002546335,RODNEY ROBINSON FEDERAL #122H,Matador,30,Lea,BS2_S,BS2_S,keep,True,,False,11173.0,False,10088.0,2020-04-01,349006.0,34596.153846153844,1415.3567560443087,True,-103.61392547,32.32645052,off_band,,1364.0,,BS2_S,none
3002546346,DUCK HUNT 1 STATE COM #502H,Permian Resources,30,Lea,BS2_S,BS2_S,keep,True,,False,10598.0,False,7429.0,2019-12-01,251692.0,33879.66078880065,1292.8460181491664,True,-103.42055839,32.32239657,off_band,,792.0,,BS2_S,none
3002546349,LAGUNA 23 2BS FEDERAL COM #004H,Permian Resources,30,Lea,BS2_S,BS2_S,keep,True,,False,10540.0,False,4800.0,2019-12-07,73651.0,15343.958333333334,862.0792657261952,False,-103.538039,32.558561,agree,,66.0,66.0,BS2_S,none
3002546352,AZTEC 14 23 2BS FEDERAL COM #004H,Permian Resources,30,Lea,BS2_S,BS2_S,keep,True,,False,10889.0,False,9788.0,2022-03-01,238308.0,24346.95545565999,1353.420783188143,True,-103.65285124,32.47156649,agree,,252.0,252.0,BS2_S,none
3002546368,DATE 14 STATE COM #506H,EOG,30,Lea,BS2_S,BS2_S,keep,True,,False,10914.0,False,9985.0,2020-10-09,180221.0,18049.173760640962,607.0713179929087,True,-103.54675244,32.48700133,off_band,,775.5,,BS2_S,none
3002546369,DATE 14 STATE COM #507H,EOG,30,Lea,BS2_S,BS2_S,keep,True,,False,10940.0,False,9941.0,2020-10-10,144815.0,14567.447942862891,831.7301384525084,True,-103.54818555,32.48701216,agree,,14.0,14.0,BS2_S,none
3002546370,DATE 14 STATE COM #508H,EOG,30,Lea,BS2_S,BS2_S,keep,True,,False,10968.0,False,9975.0,2020-10-10,221958.0,22251.428571428572,873.5121058939078,True,-103.54967392,32.48702984,agree,,39.5,39.5,BS2_S,none
3002546371,RODNEY ROBINSON FEDERAL #121H,Matador,30,Lea,BS2_S,BS2_S,keep,True,,False,11146.0,False,9974.0,2020-04-01,370586.0,37155.20352917586,1375.0816274764832,True,-103.61868392,32.32633331,off_band,,1337.0,,BS2_S,none
3002546375,SEVERUS 31 5 FEDERAL COM #010H,Exxon Mobil,30,Lea,BS2_S,BS2_S,keep,True,,False,10653.0,False,7527.0,2020-02-01,170439.0,22643.682742128338,881.7758846273447,True,-103.59780907,32.52593787,agree,,18.0,18.0,BS2_S,none
3002546389,GEM 36 STATE COM #503H,EOG,30,Lea,BS2_S,BS2_S,keep,True,,False,10954.0,False,4685.0,2020-11-14,143450.0,30618.99679829242,2783.5622168002787,False,-103.63003443,32.08647223,off_band,,1178.0,,BS2_S,none
3002546390,GEM 36 STATE COM #504H,EOG,30,Lea,BS2_S,BS2_S,keep,True,,False,10945.0,False,4629.0,2020-11-14,118560.0,25612.44329228775,2853.0448717948716,False,-103.62696648,32.08648973,off_band,,1157.0,,BS2_S,none
3002546391,GEM 36 STATE COM #505H,EOG,30,Lea,BS2_S,BS2_S,keep,True,,False,10952.0,False,4624.0,2020-11-14,151972.0,32865.916955017296,2756.6130603005818,False,-103.63332681,32.08643762,off_band,,1176.0,,BS2_S,none
3002546392,GEM 36 STATE COM #506H,EOG,30,Lea,BS2_S,BS2_S,keep,True,,False,10899.0,False,4603.0,2020-11-15,168715.0,36653.26960677819,2549.103517766648,False,-103.63621235,32.08651284,off_band,,1126.5,,BS2_S,none
3002546401,WINNEBAGO 30 STATE COM #501H,Permian Resources,30,Lea,BS2_S,BS2_S,keep,True,,False,10315.0,False,9894.0,2020-03-01,156994.0,15867.596523145341,2247.0476578722755,True,-103.4138829,32.37037811,off_band,,524.0,,BS2_S,none
3002546402,WINNEBAGO 30 STATE COM #502H,Permian Resources,30,Lea,BS2_S,BS2_S,keep,True,,False,10357.0,False,9915.0,2020-03-01,196502.0,19818.65859808371,2095.6275254195884,True,-103.41177947,32.37041704,off_band,,566.0,,BS2_S,none
3002546403,WINNEBAGO 30 STATE COM #503H,Permian Resources,30,Lea,BS2_S,BS2_S,keep,True,,False,10316.0,False,9825.0,2020-03-01,196549.0,20004.987277353688,2056.6474517804722,True,-103.4096949,32.3705941,off_band,,525.0,,BS2_S,none
3002546404,WINNEBAGO 30 STATE COM #504H,Permian Resources,30,Lea,BS2_S,BS2_S,keep,True,,False,10517.0,False,4243.0,2020-03-01,124230.0,29278.812161206693,2157.876519359253,False,-103.40757276,32.36371049,off_band,,680.5,,BS2_S,none
3002546411,IGLOO 19 24 STATE FEDERAL COM #012H,3r Operating,30,Lea,BS2_S,BS2_S,keep,True,,False,10837.0,False,7435.0,2020-12-28,94366.0,12692.131809011433,662.8340715935824,True,-103.50924048,32.55248651,off_band,,919.0,,BS2_S,none
3002546413,MUSTANG 8 17 FEDERAL COM #236H,Devon,30,Lea,BS2_S,BS2_S,keep,False,,True,10200.0,True,7236.0,2020-10-07,346804.0,47927.58430071863,2281.3750706450905,True,-103.69920257,32.13354102,agree,,284.0,284.0,BS2_S,none
3002546414,MUSTANG 8 17 FEDERAL COM #237H,Devon,30,Lea,BS2_S,BS2_S,keep,True,,False,10533.0,False,7563.0,2020-10-09,344179.0,45508.26391643527,2185.194332019095,True,-103.69555081,32.13358719,off_band,,502.0,,BS2_S,none
3002546421,BELL LAKE UNIT SOUTH #213H,Kaiser Francis,30,Lea,BS2_S,BS2_S,keep,True,,False,10852.0,False,7302.0,2022-02-01,371562.0,50884.963023829085,1429.2742530183389,True,-103.49972725,32.23568854,agree,,25.0,25.0,BS2_S,none
3002546423,LYCHEE STATE COM #503H,ConocoPhillips,30,Lea,BS2_S,BS2_S,keep,True,,False,10651.0,False,9927.0,2020-02-26,193695.0,19511.93714113025,1061.6123286610393,True,-103.46055502,32.4721343,off_band,,613.0,,BS2_S,none
3002546431,MUSTANG 8 17 FEDERAL COM #235H,Devon,30,Lea,BS2_S,BS2_S,keep,True,,False,10162.0,False,7244.0,2020-10-07,293737.0,40549.00607399227,2236.7423920037313,True,-103.70217745,32.13431365,agree,,369.0,369.0,BS2_S,none
3002546432,UNCLE CHES 21 16 FEDERAL COM #122H,Matador,30,Lea,BS2_S,BS2_S,keep,True,,False,10702.0,False,10329.0,2022-01-16,320442.0,31023.525994772,668.3268735059698,True,-103.46529229,32.56620469,no_evidence,,,,BS2_S,none
3002546468,WOOL HEAD 20 STATE COM #507H,Matador,30,Lea,BS2_S,BS2_S,keep,True,,False,10513.0,False,6973.0,2020-06-12,243448.0,34912.949949806396,1602.0546482205646,True,-103.593155,32.4683535,off_band,,463.5,,BS2_S,none
3002546470,WOOL HEAD 20 STATE COM #509H,Matador,30,Lea,BS2_S,BS2_S,keep,True,,False,10995.0,False,7142.0,2020-06-15,195769.0,27410.94931391767,1410.5348650705678,True,-103.5924219,32.46873064,off_band,,945.5,,BS2_S,none
3002546480,IGLOO 19 24 STATE FEDERAL COM #013H,3r Operating,30,Lea,BS2_S,BS2_S,keep,True,,False,10822.0,False,7699.0,2021-01-28,90413.0,11743.473178334849,776.5033789388694,True,-103.50894886,32.55600983,off_band,,934.0,,BS2_S,none
3002546483,WOOL HEAD 20 STATE COM #554H,Matador,30,Lea,BS2_S,BS2_S,keep,True,,False,11108.0,False,7080.0,2020-06-06,216748.0,30614.12429378531,1340.6075257903187,True,-103.58862668,32.46842129,off_band,,1055.0,,BS2_S,none
3002546490,WOOL HEAD 20 STATE COM #510H,Matador,30,Lea,BS2_S,BS2_S,keep,True,,False,10458.0,False,7110.0,2020-06-12,198426.0,27908.016877637132,1039.274087065203,True,-103.58849033,32.46843499,off_band,,405.0,,BS1_S,none
3002546491,WOOL HEAD 20 STATE COM #511H,Matador,30,Lea,BS2_S,BS2_S,keep,True,,False,10864.0,False,7196.0,2020-06-15,128709.0,17886.186770428016,1284.7042553356798,True,-103.58914481,32.46843636,off_band,,811.0,,BS2_S,none
3002546492,WOOL HEAD 20 STATE COM #512H,Matador,30,Lea,BS2_S,BS2_S,keep,True,,False,11022.0,False,7251.0,2020-06-18,92105.0,12702.385877809958,1251.4847185277672,True,-103.58792185,32.46843499,off_band,,969.0,,BS2_S,none
3002546498,BIG MOOSE FEDERAL COM #505H,Matador,30,Lea,BS2_S,BS2_S,keep,True,,False,10676.0,False,6369.0,2020-09-14,155118.0,24355.157795572304,1448.1298108536728,True,-103.633099,32.49151418,off_band,,351.0,,BS2_S,none
3002546514,BRAD LUMMIS COM #122H,Matador,30,Lea,BS2_S,BS2_S,keep,True,,False,11239.0,False,4721.0,2020-01-01,129548.0,27440.7964414319,2412.9203075307996,False,-103.44293221,32.20290762,agree,,6.0,6.0,BS2_S,none
3002546515,BIG EDDY UNIT 29W VADER #100H,Exxon Mobil,30,Lea,BS2_S,BS2_S,keep,True,,False,9641.0,False,10215.0,2021-04-01,236426.0,23144.982868330884,1251.998511162055,True,-103.79696594,32.57876929,agree,,55.0,55.0,BS2_S,none
3002546516,BIG EDDY UNIT 29W VADER #101H,Exxon Mobil,30,Lea,BS2_S,BS2_S,keep,True,,False,9675.0,False,10227.0,2021-04-01,255059.0,24939.767282683093,1391.1055873346952,True,-103.79679264,32.57516623,agree,,38.0,38.0,BS3_C,none
3002546536,GRAMA RIDGE EAST 34 2BS STATE COM #007H,Permian Resources,30,Lea,BS2_S,BS2_S,keep,True,,False,10482.0,False,4483.0,2022-03-01,132696.0,29599.821548070486,1829.8893711943088,False,-103.45962499,32.4347291,agree,,141.0,141.0,BS2_S,none
3002546537,GRAMA RIDGE EAST 34 2BS STATE COM #009H,Permian Resources,30,Lea,BS2_S,BS2_S,keep,True,,False,10342.0,False,4380.0,2020-06-08,163125.0,37243.150684931505,2267.4452107279694,False,-103.45059936,32.43619376,agree,,1.0,1.0,BS2_S,none
3002546539,GRAMA RIDGE EAST 34 2BS STATE COM #006H,Permian Resources,30,Lea,BS2_S,BS2_S,keep,True,,False,10490.0,False,4843.0,2022-03-01,112334.0,23195.1269874045,1298.084284366265,False,-103.46371925,32.43505155,agree,,149.0,149.0,BS2_S,none
3002546541,BIG EDDY UNIT 29W VADER #102H,Exxon Mobil,30,Lea,BS2_S,BS2_S,keep,True,,False,9696.0,False,10279.0,2021-04-14,249631.0,24285.533612219086,1404.6893214384431,True,-103.79683656,32.57150326,agree,,18.0,18.0,BS3_C,none
3002546542,BIG EDDY UNIT 29W VADER #104H,Exxon Mobil,30,Lea,BS2_S,BS2_S,keep,True,,False,9715.0,False,9893.0,2021-04-01,234719.0,23725.76569291418,1556.4142655686162,True,-103.79750316,32.56423586,agree,,2.0,2.0,BS3_C,none
3002546543,BIG EDDY UNIT 29E VADER #107H,Exxon Mobil,30,Lea,BS2_S,BS2_S,keep,True,,False,9741.0,False,5022.0,2021-04-01,124706.0,24831.939466348067,1795.7917020833,False,-103.77137889,32.56051451,agree,,10.0,10.0,BS2_S,none
3002546547,BIG MOOSE FEDERAL COM #506H,Matador,30,Lea,BS2_S,BS2_S,keep,True,,False,10753.0,False,6378.0,2020-09-13,148871.0,23341.329570398244,1561.2644504302382,True,-103.6350871,32.49209255,off_band,,271.5,,BS2_S,none
3002546564,VALIANT 24 FEDERAL COM #502H,EOG,30,Lea,BS2_S,BS2_S,keep,True,,False,10846.0,False,7394.0,2021-05-01,269068.0,36390.04598322965,2598.960114171882,True,-103.6336605,32.1045407,off_band,,1065.5,,BS2_S,none
3002546566,VALIANT 24 FEDERAL COM #503H,EOG,30,Lea,BS2_S,BS2_S,keep,True,,False,10875.0,False,7484.0,2021-05-01,244559.0,32677.57883484767,2506.6793698044235,True,-103.63098361,32.10487544,off_band,,1094.5,,BS2_S,none
3002546589,BELL LAKE UNIT SOUTH #209H,Kaiser Francis,30,Lea,BS2_S,BS2_S,keep,True,,False,10901.0,False,7731.0,2022-03-07,340751.0,44075.9280817488,1693.9818225038225,True,-103.50889323,32.23565658,agree,,18.0,18.0,BS2_S,none
3002546590,BELL LAKE UNIT SOUTH #211H,Kaiser Francis,30,Lea,BS2_S,BS2_S,keep,True,,False,10878.0,False,7558.0,2022-02-01,317375.0,41991.92908176767,1576.4348168570302,True,-103.50496716,32.23617065,agree,,2.0,2.0,BS2_S,none
3002546592,BELL LAKE UNIT SOUTH #217H,Kaiser Francis,30,Lea,BS2_S,BS2_S,keep,True,,False,10862.0,False,7557.0,2022-01-01,324178.0,42897.71073177187,1242.5550160714176,True,-103.4884827,32.23610739,agree,,8.5,8.5,BS2_S,none
3002546593,BELL LAKE UNIT SOUTH #218H,Kaiser Francis,30,Lea,BS2_S,BS2_S,keep,True,,False,10856.0,False,7589.0,2022-01-01,233986.0,30832.257214389247,1213.944424025369,True,-103.48488707,32.23581942,agree,,32.5,32.5,BS2_S,none
3002546603,MARWARI 21 16 STATE FEDERAL COM #234Y,Devon,30,Lea,BS2_S,BS2_S,keep,True,,False,10598.0,False,9718.0,2020-09-28,398652.0,41022.02099197365,2418.3648896782156,True,-103.68334446,32.12401062,off_band,,1223.0,,BS2_S,none
3002546604,PYTHON 36 STATE COM #501H,EOG,30,Lea,BS2_S,BS2_S,keep,True,class BS2_S->BS3_C rejected (precision 0.33),False,11017.0,False,4549.0,2020-09-29,61928.0,13613.541437678612,4533.40976618008,False,-103.63586795,32.17463821,flag,BS3_C,77.5,,BS3_C,none
3002546606,PYTHON 36 STATE COM #503H,EOG,30,Lea,BS2_S,BS2_S,keep,True,,False,11018.0,False,4631.0,2020-09-29,132328.0,28574.389980565753,2985.830663200532,False,-103.63152775,32.17455984,off_band,,1326.5,,BS3_C,none
3002546607,PYTHON 36 STATE COM #504H,EOG,30,Lea,BS2_S,BS2_S,keep,True,,False,10761.0,False,4630.0,2020-09-28,149492.0,32287.688984881206,2710.2587429427663,False,-103.62949595,32.1747053,off_band,,1069.5,,BS2_S,none
3002546609,PYTHON 36 STATE #506H,EOG,30,Lea,BS2_S,BS2_S,keep,True,,False,10737.0,False,4623.0,2020-09-29,127584.0,27597.663854639843,2764.986205166792,False,-103.62543119,32.17431484,off_band,,1035.0,,BS2_S,none
3002546610,PYTHON 36 STATE #507H,EOG,30,Lea,BS2_S,BS2_S,keep,True,,False,11055.0,False,4555.0,2020-09-29,99120.0,21760.702524698132,1930.9826472962066,False,-103.62302153,32.17479949,off_band,,898.0,,BS3_C,none
3002546611,PYTHON 36 STATE #508H,EOG,30,Lea,BS2_S,BS2_S,keep,True,,False,10749.0,False,4863.0,2020-09-29,117340.0,24129.138391939134,2382.981080620419,False,-103.6212738,32.17432196,off_band,,609.0,,BS2_S,none
3002546625,BELL LAKE UNIT SOUTH #234H,Kaiser Francis,30,Lea,BS2_S,BS2_S,keep,True,,False,10724.0,False,7597.0,2020-09-04,255830.0,33675.13492167961,1880.358050267756,True,-103.4896065,32.25754818,off_band,,1031.5,,BS2_S,none
3002546627,BELL LAKE UNIT SOUTH #236H,Kaiser Francis,30,Lea,BS2_S,BS2_S,keep,True,,False,10805.0,False,7534.0,2020-09-06,274758.0,36469.07353331563,2002.1946585722708,True,-103.48483406,32.25719645,off_band,,761.0,,BS2_S,none
3002546633,BELL LAKE UNIT SOUTH #233H,Kaiser Francis,30,Lea,BS2_S,BS2_S,keep,True,,False,10701.0,False,7587.0,2020-09-01,272977.0,35979.570317648606,1656.139528238643,True,-103.49443854,32.25737629,off_band,,865.0,,BS2_S,none
3002546643,MARWARI 21 16 STATE FEDERAL COM #233Y,Devon,30,Lea,BS2_S,BS2_S,keep,False,,False,10500.0,True,9637.0,2020-09-28,309620.0,32128.255681228595,2466.6914282023126,True,-103.68573195,32.1236454,off_band,,463.0,,BS2_S,none
3002546654,BIG EDDY UNIT 29W VADER #105H,Exxon Mobil,30,Lea,BS2_S,BS2_S,keep,True,,False,9713.0,False,10204.0,2021-04-01,186261.0,18253.72402979224,1786.5629412491073,True,-103.79699005,32.56066239,agree,,12.0,12.0,BS3_C,none
3002546655,BIG EDDY UNIT 29E VADER #106H,Exxon Mobil,30,Lea,BS2_S,BS2_S,keep,True,,False,9731.0,False,5002.0,2021-04-01,96047.0,19201.719312275087,1847.7203868939166,False,-103.77129154,32.56413432,agree,,35.0,35.0,BS2_S,none
3002546669,SEINFELD GIPPLE FEDERAL UNIT #134H,SM Energy,30,Lea,BS2_S,BS2_S,keep,True,,False,12274.0,False,10106.0,2020-08-19,182429.0,18051.55353255492,1069.4078244138816,True,-103.36611516,32.18148726,off_band,,502.0,,OTHER,none
3002546693,ICY 18 FEDERAL #506H,EOG,30,Lea,BS2_S,BS2_S,keep,True,,False,10688.0,False,6938.0,2023-05-12,136346.0,19652.0611127126,2139.762075895149,True,-103.61634037,32.12600597,off_band,,267.5,,BS3_S,none
3002546696,MERCHANT STATE UNIT #501H,Matador,30,Lea,BS2_S,BS2_S,keep,True,,False,11154.0,False,9818.0,2020-12-02,243671.0,24818.802200040744,913.8305337935167,True,-103.55067956,32.42745357,off_band,,190.0,194.0,BS2_S,none
3002546700,MERCHANT STATE UNIT #509H,Matador,30,Lea,BS2_S,BS2_S,keep,True,,False,10809.0,False,9775.0,2020-12-02,368483.0,37696.470588235294,1005.4303726359153,True,-103.54965214,32.42729423,agree,,170.5,170.5,BS2_S,none
3002546702,MERCHANT STATE UNIT #510H,Matador,30,Lea,BS2_S,BS2_S,keep,True,,False,10769.0,False,9653.0,2020-12-02,124761.0,12924.583031182015,1345.548689093547,True,-103.5463997,32.42728425,agree,,210.5,210.5,BS2_S,none
3002546705,ICY 7 FEDERAL #301H,EOG,30,Lea,BS2_S,BS2_S,keep,False,,False,11000.0,True,7393.0,2023-12-28,184282.0,24926.552143919926,3390.515622795498,True,-103.60571498,32.12721184,off_band,,234.0,,BS2_S,none
3002546720,SOMBRERO 18 2BS FEDERAL COM #004H,Permian Resources,30,Lea,BS2_S,BS2_S,keep,True,,False,11053.0,False,4725.0,2022-03-01,84028.0,17783.703703703704,996.5487694577998,False,-103.61442222,32.4782483,off_band,,300.5,,BS2_S,none
3002546744,BELL LAKE NORTH UNIT #234H,Kaiser Francis,30,Lea,BS2_S,BS2_S,keep,True,,False,10356.0,False,7620.0,2021-03-31,262323.0,34425.5905511811,1645.3036904884436,True,-103.49005103,32.3443111,agree,,19.0,19.0,BS2_S,none
3002546751,BIG EDDY UNIT 29W VADER #103H,Exxon Mobil,30,Lea,BS2_S,BS2_S,keep,True,,False,9725.0,False,10278.0,2021-04-01,205979.0,20040.766686125706,1564.0235169604668,True,-103.79704527,32.56786883,agree,,12.0,12.0,BS3_C,none
3002546787,PURRITO 18 19 FEDERAL COM #211H,Devon,30,Lea,BS2_S,BS2_S,keep,True,,False,10394.0,False,9963.0,2020-09-25,209968.0,21074.776673692664,1620.9470014478397,True,-103.71855831,32.29673734,agree,,101.0,101.0,BS2_S,none
3002546788,PURRITO 18 19 FEDERAL COM #212H,Devon,30,Lea,BS2_S,BS2_S,keep,True,,False,10427.0,False,9431.0,2020-09-25,179670.0,19051.002014632595,1571.7704680803695,True,-103.71571097,32.29608727,agree,,96.0,96.0,BS2_S,none
3002546811,TALCO STATE FEDERAL COM #127H,SM Energy,30,Lea,BS2_S,BS2_S,keep,True,,False,11106.0,False,10037.0,2022-05-15,148510.0,14796.253860715353,3127.3786277018385,True,-103.37349161,32.03586828,agree,,30.0,30.0,BS2_S,none
3002546815,MAXUS 8026 FEDERAL #003H,BTA Oil,30,Lea,BS2_S,BS2_S,keep,False,,True,10375.0,False,7631.0,2020-09-24,284679.0,37305.595596907355,1322.011809792784,True,-103.45478806,32.3442071,agree,,59.5,59.5,BS2_S,none
3002546816,MAXUS 8026 FEDERAL #004H,BTA Oil,30,Lea,BS2_S,BS2_S,keep,True,,False,10432.0,False,7408.0,2020-09-24,262588.0,35446.544276457884,1336.8394595335658,True,-103.45178926,32.34419658,agree,,47.0,47.0,BS2_S,none
3002546817,MAXUS 8026 FEDERAL #005H,BTA Oil,30,Lea,BS2_S,BS2_S,keep,True,,False,10079.0,False,7403.0,2021-07-26,248467.0,33563.01499392139,1480.216688735325,True,-103.46188365,32.34418835,agree,,286.0,286.0,BS2_C,none
3002546818,MAXUS 8026 FEDERAL #006H,BTA Oil,30,Lea,BS2_S,BS2_S,keep,True,,False,9903.0,False,7615.0,2021-07-26,287786.0,37791.98949441891,1505.2017818795912,True,-103.46026551,32.34421306,agree,,528.0,528.0,BS2_C,none
3002546827,EAGLE CLAW 5 8 FEDERAL COM #003H,3r Operating,30,Lea,BS2_S,BS2_S,keep,False,,True,10572.0,False,7470.0,2022-12-07,267901.0,35863.587684069615,599.811124258588,True,-103.48713921,32.59843503,agree,,48.0,48.0,BS2_S,none
3002546828,EAGLE CLAW 5 8 FEDERAL COM #004H,3r Operating,30,Lea,BS2_S,BS2_S,keep,True,,False,10649.0,False,7445.0,2022-12-07,146738.0,19709.603760913364,669.7379002030831,True,-103.48111594,32.5988114,agree,,58.0,58.0,BS2_S,none
3002546886,BELL LAKE UNIT NORTH #236H,Kaiser Francis,30,Lea,BS2_S,BS2_S,keep,True,,False,10280.0,False,7610.0,2021-03-28,190035.0,24971.74770039422,1485.5631857289447,True,-103.48624265,32.344502,agree,,51.5,51.5,BS2_S,none
3002546912,BELL LAKE UNIT NORTH #231H,Kaiser Francis,30,Lea,BS2_S,BS2_S,keep,True,,False,10319.0,False,7326.0,2021-04-03,381729.0,52106.06060606061,2311.742099761873,True,-103.49879388,32.34361647,agree,,34.5,34.5,BS2_S,none
3002546918,VALIANT 24 FEDERAL COM #504H,EOG,30,Lea,BS2_S,BS2_S,keep,True,,False,10901.0,False,7416.0,2021-05-01,242896.0,32752.966558791806,2715.7137210987416,True,-103.62755514,32.1049164,off_band,,1120.5,,BS2_S,none
3002546931,INLAND 26 23 B2OJ STATE COM #001H,Mewbourne,30,Lea,BS2_S,BS2_S,keep,True,,False,10365.0,False,7320.0,2021-03-01,229247.0,31317.89617486339,1666.9880085671787,True,-103.43849172,32.4538879,agree,,23.0,23.0,BS2_S,none
3002546934,TACO CAT 27 34 FEDERAL COM #025H,Occidental,30,Lea,BS2_S,BS2_S,keep,True,,False,10821.0,False,10301.0,2022-01-23,176932.0,17176.196485778077,1604.7747157099902,True,-103.65992785,32.35552001,agree,,11.0,11.0,BS2_S,none
3002546935,TACO CAT 27 34 FEDERAL COM #026H,Occidental,30,Lea,BS2_S,BS2_S,keep,True,,False,10657.0,False,10301.0,2022-01-23,250507.0,24318.70692165809,1454.514245110915,True,-103.6558479,32.3555882,agree,,158.5,158.5,BS2_S,none
3002546949,TACO CAT 27 34 FEDERAL COM #024H,Occidental,30,Lea,BS2_S,BS2_S,keep,False,,True,10720.0,False,10301.0,2022-01-23,162869.0,15810.98922434715,1662.127231087561,True,-103.66454064,32.35563633,agree,,90.0,90.0,BS2_S,none
3002546957,NORTH RIDGE 8040 FEDERAL COM #001H,BTA Oil,30,Lea,BS2_S,BS2_S,keep,True,,False,10431.0,False,7400.0,2020-10-13,277754.0,37534.32432432433,1372.149455993433,True,-103.44715193,32.34403479,agree,,42.0,42.0,BS2_S,none
3002546958,NORTH RIDGE 8040 FEDERAL COM #002H,BTA Oil,30,Lea,BS2_S,BS2_S,keep,True,,False,10516.0,False,7393.0,2020-10-13,256437.0,34686.460165020966,1649.44216318238,True,-103.44262513,32.34396868,off_band,,705.0,,BS2_S,none
3002546959,NORTH RIDGE 8040 FEDERAL COM #003H,BTA Oil,30,Lea,BS2_S,BS2_S,keep,True,,False,10512.0,False,7460.0,2020-10-22,146269.0,19607.10455764075,1632.266577333543,True,-103.43819614,32.34424458,off_band,,690.5,,BS2_S,none
3002546960,NORTH RIDGE 8040 FEDERAL COM #004H,BTA Oil,30,Lea,BS2_S,BS2_S,keep,True,,False,10519.0,False,7405.0,2020-10-22,193630.0,26148.54827819041,1601.6423074936736,True,-103.43352755,32.34401545,agree,,36.0,36.0,BS2_S,none
3002546970,YUKON 20 FEDERAL COM #504H,EOG,30,Lea,BS2_S,BS2_S,keep,True,,False,11143.0,False,9999.0,2022-04-15,183372.0,18339.033903390336,1304.97022446175,True,-103.48897094,32.19525387,off_band,,816.5,,BS2_S,none
3002546973,YUKON 20 FEDERAL COM #503H,EOG,30,Lea,BS2_S,BS2_S,keep,True,,False,10952.0,False,10004.0,2022-04-15,145250.0,14519.192323070773,1365.2943201376936,True,-103.49649988,32.19544687,agree,,162.5,162.5,BS2_S,none
3002546975,YUKON 20 FEDERAL COM #505H,EOG,30,Lea,BS2_S,BS2_S,keep,True,,False,10935.0,False,10109.0,2022-04-15,180451.0,17850.52923137798,1439.7204781353387,True,-103.49954433,32.19516575,agree,,179.5,179.5,BS2_S,none
3002546978,BIG STAG FEDERAL COM #503H,Matador,30,Lea,BS2_S,BS2_S,keep,True,,False,10820.0,False,6053.0,2021-11-22,83133.0,13734.181397654054,1797.5412892593795,True,-103.62526071,32.49117435,agree,,83.5,83.5,BS2_S,none
3002546983,BELL LAKE NORTH UNIT #233H,Kaiser Francis,30,Lea,BS2_S,BS2_S,keep,True,,False,10352.0,False,7388.0,2021-04-01,363808.0,49243.09691391446,1931.7552115401531,True,-103.49393283,32.3442582,agree,,9.5,9.5,BS2_S,none
3002547046,LOCO DINERO 36 STATE COM #004H,Marshall & Winston,30,Lea,BS2_S,BS2_S,keep,True,,False,10993.0,False,4721.0,2021-07-29,142125.0,30104.850667231516,1309.7836411609499,False,-103.53349747,32.43489551,agree,,12.0,12.0,BS2_S,none
3002547064,BIG BUCKS FEDERAL COM #501H,Matador,30,Lea,BS2_S,BS2_S,keep,False,,True,10880.0,False,6247.0,2021-11-01,61508.0,9846.006082919801,2498.585549847174,True,-103.62098357,32.49132441,agree,,127.0,127.0,BS2_S,none
3002547066,BIG STAG FEDERAL COM #504H,Matador,30,Lea,BS2_S,BS2_S,keep,False,,True,10795.0,False,6160.0,2021-11-15,88824.0,14419.48051948052,1672.6672971269027,True,-103.62984942,32.4910453,agree,,42.0,42.0,BS2_S,none
3002547068,PAC-MAN 36 FEDERAL COM #501H,Permian Resources,30,Lea,BS2_S,BS2_S,keep,True,,False,10364.0,False,9849.0,2022-01-27,210183.0,21340.542187024064,1789.3597484097193,True,-103.42499804,32.32555894,off_band,,553.0,,BS2_S,none
3002547069,PAC-MAN 36 FEDERAL COM #502H,Permian Resources,30,Lea,BS2_S,BS2_S,keep,False,,True,10500.0,True,9826.0,2022-01-20,215717.0,21953.69428048036,1637.7012474677472,True,-103.42835297,32.32572879,off_band,,694.0,,BS2_S,none
3002547070,PAC-MAN 36 FEDERAL COM #503H,Permian Resources,30,Lea,BS2_S,BS2_S,keep,True,,False,10305.0,False,9752.0,2022-01-20,187399.0,19216.468416735028,1704.3420722629257,True,-103.43031017,32.32598861,agree,,193.5,193.5,BS2_S,none
3002547072,ANTELOPE 9 B2OB STATE COM #002H,Mewbourne,30,Lea,BS2_S,BS2_S,keep,True,,False,10389.0,False,4801.0,2022-05-31,77165.0,16072.693188918976,1390.980366746582,False,-103.47291059,32.31932499,agree,,48.0,48.0,BS2_S,none
3002547081,DOS EQUIS 11 14 FEDERAL COM #023H,Devon,30,Lea,BS2_S,BS2_S,keep,True,,False,11003.0,False,9190.0,2022-09-28,358414.0,39000.43525571273,1640.4493128058614,True,-103.64769878,32.22323846,off_band,,1342.5,,BS2_S,none
3002547097,MODELO 3 FEDERAL COM #526H,EOG,30,Lea,BS2_S,BS2_S,keep,True,,False,10989.0,False,7427.0,2022-05-25,129837.0,17481.75575602531,2000.7470905828077,True,-103.660863,32.2295688,off_band,,252.5,,BS2_S,none
3002547100,LESLIE FEDERAL COM #123H,Matador,30,Lea,BS2_S,BS2_S,keep,True,,False,11020.0,False,10241.0,2022-11-20,286847.0,28009.66702470462,2384.298946825311,True,-103.38803848,32.13798925,agree,,124.0,124.0,BS2_S,none
3002547101,LESLIE FEDERAL COM #124H,Matador,30,Lea,BS2_S,BS2_S,keep,True,,False,10956.0,False,9897.0,2022-11-21,271336.0,27415.98464181065,2463.1711236253204,True,-103.38356235,32.13801875,agree,,188.0,188.0,BS2_S,none
3002547130,ORRTANNA 20 FEDERAL COM #501H,EOG,30,Lea,BS2_S,BS2_S,keep,False,,True,10648.0,False,9880.0,2024-12-07,171839.0,17392.611336032387,2695.849021467769,True,-103.59764053,32.03688034,agree,,206.5,206.5,BS2_S,none
3002547131,ORRTANNA 20 FEDERAL #209H,EOG,30,Lea,BS2_S,BS2_S,keep,False,,True,10649.0,False,9849.0,2024-12-06,145606.0,14783.835922428674,3146.6835157891846,True,-103.59206808,32.03677705,agree,,192.0,192.0,BS2_S,none
3002547132,ORRTANNA 20 FEDERAL COM #503H,EOG,30,Lea,BS2_S,BS2_S,keep,False,,True,10660.0,False,9868.0,2024-12-07,152735.0,15477.807053100933,2953.114872164206,True,-103.5891038,32.03667252,agree,,175.0,175.0,BS2_S,none
3002547133,PEGASUS 3 FEDERAL COM #504H,EOG,30,Lea,BS2_S,BS2_S,keep,True,,False,11005.0,False,10124.0,2021-10-25,227810.0,22501.975503753456,1635.93345331636,True,-103.65928487,32.25487405,off_band,,272.0,,BS3_C,none
3002547134,PEGASUS 3 FEDERAL COM #511H,EOG,30,Lea,BS2_S,BS2_S,keep,False,,True,10660.0,False,9944.0,2022-04-11,220355.0,22159.59372485921,1630.7231512786186,True,-103.66999272,32.25426621,agree,,23.5,23.5,BS2_S,none
3002547160,VALIANT 24 FEDERAL COM #505H,EOG,30,Lea,BS2_S,BS2_S,keep,True,,False,10907.0,False,7308.0,2021-04-30,168771.0,23094.0065681445,2914.511379324647,True,-103.62455015,32.1045972,off_band,,1124.0,,BS3_C,none
3002547162,DOUBLE ABJ 16 FEDERAL COM #501H,ConocoPhillips,30,Lea,BS2_S,BS2_S,keep,True,,False,10553.0,False,9792.0,2023-02-27,313492.0,32015.11437908497,1597.8525767802687,True,-103.6721704,32.22579538,off_band,,638.0,,BS2_S,none
3002547168,DOUBLE ABJ 16 FEDERAL COM #702H,ConocoPhillips,30,Lea,BS2_S,BS2_S,keep,True,,False,10785.0,False,9654.0,2023-02-27,392024.0,40607.416614874666,2970.0400995857394,True,-103.67826036,32.22612512,off_band,,425.0,,BS2_S,none
3002547175,VALIANT 24 FEDERAL COM #506H,EOG,30,Lea,BS2_S,BS2_S,keep,True,,False,10908.0,False,7398.0,2021-04-30,193075.0,26098.269802649367,2108.1393240968537,True,-103.62093672,32.10492929,off_band,,1070.0,,BS2_S,none
3002547182,RED HILLS FEDERAL #206H,Kaiser Francis,30,Lea,BS2_S,BS2_S,keep,True,,False,10928.0,False,9791.0,2021-01-01,277151.0,28306.710244101727,2097.5497111682803,True,-103.60429692,32.07936327,off_band,,1045.5,,BS2_S,none
3002547188,ICY 7 FEDERAL #513H,EOG,30,Lea,BS2_S,BS2_S,keep,True,,False,10745.0,False,7207.0,2023-12-28,128645.0,17850.006937699458,2410.812701620739,True,-103.60525836,32.12605004,off_band,,294.0,,BS2_S,none
3002547199,MARGARITA 13 FEDERAL COM #005H,Matador,30,Lea,BS2_S,BS2_S,keep,True,,False,11076.0,False,11007.0,2023-08-18,156986.0,14262.378486417734,991.9292166180423,True,-103.62730327,32.46517973,off_band,,768.0,,BS3_C,none
3002547200,MARGARITA 13 FEDERAL COM #006H,Matador,30,Lea,BS2_S,BS2_S,keep,False,,True,10730.0,False,11650.0,2023-08-19,171092.0,14686.008583690986,991.0048395015547,True,-103.6252064,32.46638051,off_band,,676.0,,BS2_S,none
3002547201,MARGARITA 13 FEDERAL COM #007H,Matador,30,Lea,BS2_S,BS2_S,keep,False,,True,10900.0,True,11702.0,2023-08-29,199159.0,17019.22748248163,1217.5397546683805,True,-103.62306192,32.46612145,off_band,,850.0,,BS2_S,none
3002547202,MARGARITA 13 FEDERAL COM #008H,Matador,30,Lea,BS2_S,BS2_S,keep,False,,True,10730.0,False,11730.0,2023-08-30,139376.0,11882.011935208866,1100.9068993226954,True,-103.62101913,32.46620628,off_band,,680.0,,BS2_S,none
3002547207,RED HILLS FEDERAL #201H,Kaiser Francis,30,Lea,BS2_S,BS2_S,keep,True,,False,10737.0,False,9728.0,2021-01-01,260006.0,26727.590460526317,2246.7173834449973,True,-103.61647885,32.07919474,agree,,199.5,199.5,BS2_S,none
3002547208,RED HILLS FEDERAL #203H,Kaiser Francis,30,Lea,BS2_S,BS2_S,keep,True,,False,10989.0,False,9595.0,2021-01-01,350624.0,36542.36581552892,2017.3034361595328,True,-103.61261591,32.07850151,agree,,52.5,52.5,BS2_S,none
3002547209,RIGHT MEOW 31 6 FEDERAL COM #234H,Devon,30,Lea,BS2_S,BS2_S,keep,False,,True,10678.0,False,9700.0,2021-01-22,115435.0,11900.515463917525,1691.5580196647463,True,-103.70784137,32.2530006,off_band,,770.0,,BS2_S,none
3002547210,RIGHT MEOW 31 30 FEDERAL COM #230H,Devon,30,Lea,BS2_S,BS2_S,keep,True,,False,10392.0,False,9836.0,2021-01-25,166873.0,16965.534770231803,1759.1641547763868,True,-103.71693275,32.2683939,off_band,,1044.0,,BS2_S,none
3002547211,RIGHT MEOW 31 30 FEDERAL COM #231H,Devon,30,Lea,BS2_S,BS2_S,keep,True,,False,10512.0,False,10352.0,2021-01-19,227594.0,21985.510046367854,1974.239215445047,True,-103.72086504,32.26800734,off_band,,1141.0,,BS2_S,none
3002547212,RIGHT MEOW 31 30 FEDERAL COM #232H,Devon,30,Lea,BS2_S,BS2_S,keep,False,,True,10418.0,False,9909.0,2021-01-25,205611.0,20749.924311232215,1705.2638234335711,True,-103.71507629,32.26873876,off_band,,1070.0,,BS2_S,none
3002547224,BIG EDDY UNIT DI BB JABBA #100H,Exxon Mobil,30,Lea,BS2_S,BS2_S,keep,True,,False,9803.0,False,15542.0,2023-06-13,308480.0,19848.153390811993,1088.4076763485477,False,-103.78829455,32.55698136,agree,,75.0,75.0,BS3_C,none
3002547225,BIG EDDY UNIT DI BB JABBA #101H,Exxon Mobil,30,Lea,BS2_S,BS2_S,keep,True,,False,9803.0,False,15796.0,2023-06-14,287694.0,18213.09192200557,1168.8460656113787,False,-103.78776856,32.55710426,agree,,75.0,75.0,BS3_C,none
3002547227,BIG EDDY UNIT DI BB JABBA #103H,Exxon Mobil,30,Lea,BS2_S,BS2_S,keep,False,,True,9807.0,False,15620.0,2023-05-23,202268.0,12949.295774647886,1241.7287954594894,False,-103.78840475,32.54612909,agree,,10.0,10.0,BS3_C,none
3002547228,RED HILLS FEDERAL #205H,Kaiser Francis,30,Lea,BS2_S,BS2_S,keep,True,,False,10783.0,False,9730.0,2021-02-01,246606.0,25344.91264131552,2001.6463508592653,True,-103.60825844,32.07948278,agree,,166.5,166.5,BS2_S,none
3002547230,MODELO 3 FEDERAL COM #528H,EOG,30,Lea,BS2_S,BS2_S,keep,True,,False,11010.0,False,6195.0,2022-05-25,224922.0,36307.021791767555,1548.7457874285308,True,-103.66375556,32.22681257,off_band,,200.0,,BS2_S,none
3002547232,MODELO 3 FEDERAL COM #529H,EOG,30,Lea,BS2_S,BS2_S,keep,True,,False,10956.0,False,7485.0,2022-05-26,119008.0,15899.532398129591,1645.393586985749,True,-103.6626673,32.22953325,off_band,,278.5,,BS2_S,none
3002547233,MODELO 3 FEDERAL COM #531H,EOG,30,Lea,BS2_S,BS2_S,keep,True,,False,10710.0,False,9002.0,2022-09-24,237742.0,26409.908909131304,1715.75489396068,True,-103.66817434,32.22683439,off_band,,500.0,,BS2_S,none
3002547234,MODELO 10 FEDERAL COM #523H,EOG,30,Lea,BS2_S,BS2_S,keep,True,,False,11036.0,False,7386.0,2022-05-25,123781.0,16758.868128892496,1749.6627107552856,True,-103.65752826,32.22809491,off_band,,205.5,,BS3_C,none
3002547240,MODELO 10 FEDERAL COM #522H,EOG,30,Lea,BS2_S,BS2_S,keep,True,,False,10710.0,False,7401.0,2022-05-25,220307.0,29767.193622483446,1706.3098312808943,True,-103.6562936,32.22817591,off_band,,531.5,,BS2_S,none
3002547242,PEGASUS 3 FEDERAL COM #502H,EOG,30,Lea,BS2_S,BS2_S,keep,True,,False,10493.0,False,10094.0,2021-10-25,545227.0,54014.95938181097,1708.3343268033314,True,-103.65639355,32.254467,off_band,,776.0,,BS2_S,none
3002547243,PEGASUS 3 FEDERAL COM #503H,EOG,30,Lea,BS2_S,BS2_S,keep,True,,False,10675.0,False,10090.0,2021-10-25,384061.0,38063.52824578791,1659.2468383928594,True,-103.6571266,32.2544847,off_band,,594.0,,BS2_S,none
3002547246,PEGASUS 3 FEDERAL COM #505H,EOG,30,Lea,BS2_S,BS2_S,keep,True,,False,10539.0,False,10126.0,2021-10-25,293558.0,28990.519454868652,1831.4574973259118,True,-103.6606967,32.25422389,ambiguous_lith,BS2_C,39.0,,BS2_S,none
3002547247,PEGASUS 3 FEDERAL COM #506H,EOG,30,Lea,BS2_S,BS2_S,keep,True,,False,10697.0,False,10102.0,2021-10-25,278907.0,27609.087309443672,1467.5070901770125,True,-103.66216735,32.25419186,off_band,,197.0,,BS2_S,none
3002547248,PEGASUS 3 FEDERAL COM #507H,EOG,30,Lea,BS2_S,BS2_S,keep,False,,True,10675.0,False,9850.0,2022-04-11,372129.0,37779.593908629446,1895.6034063456489,True,-103.66429638,32.25432471,off_band,,175.0,,BS2_S,none
3002547249,PEGASUS 3 FEDERAL COM #508H,EOG,30,Lea,BS2_S,BS2_S,keep,False,,True,10675.0,False,9963.0,2022-04-11,313419.0,31458.295694068052,1815.209033274945,True,-103.66571999,32.25436437,off_band,,175.0,,BS2_S,none
3002547250,PEGASUS 3 FEDERAL COM #509H,EOG,30,Lea,BS2_S,BS2_S,keep,False,,True,10665.0,False,9905.0,2022-04-12,151633.0,15308.732963149925,1705.7104983743643,True,-103.66714335,32.25451798,off_band,,165.0,,BS2_S,none
3002547251,PEGASUS 3 FEDERAL COM #510H,EOG,30,Lea,BS2_S,BS2_S,keep,False,,True,10665.0,False,9963.0,2022-04-12,332632.0,33386.73090434608,1924.6554751196518,True,-103.66855679,32.25435133,agree,,24.0,24.0,BS2_S,none
3002547270,BIG EDDY UNIT DI BB JABBA #104H,Exxon Mobil,30,Lea,BS2_S,BS2_S,keep,True,,False,9828.0,False,15769.0,2023-05-23,209416.0,13280.233369268819,1212.786988577759,False,-103.78859877,32.54235576,agree,,25.0,25.0,BS2_S,none
3002547275,GALLEON 21 FEDERAL #501H,EOG,30,Lea,BS2_S,BS2_S,keep,True,,False,11035.0,False,4448.0,2023-08-07,97124.0,21835.43165467626,1212.5221366500557,False,-103.48067226,32.2037937,off_band,,434.0,,BS2_S,none
3002547276,GALLEON 21 FEDERAL #502H,EOG,30,Lea,BS2_S,BS2_S,keep,True,,False,10793.0,False,4520.0,2023-08-07,113821.0,25181.63716814159,1406.664850950176,False,-103.47911927,32.20384825,off_band,,407.0,,BS2_S,none
3002547277,GALLEON 21 FEDERAL #503H,EOG,30,Lea,BS2_S,BS2_S,keep,True,,False,11068.0,False,4646.0,2023-08-07,99041.0,21317.477399913903,1119.6777092315303,False,-103.47746978,32.20384628,off_band,,666.5,,BS2_S,none
3002547286,DOUBLE ABJ 16 FEDERAL COM #502H,ConocoPhillips,30,Lea,BS2_S,BS2_S,keep,True,,False,10786.0,False,10302.0,2023-02-27,355770.0,34534.07105416424,1656.8682013660512,True,-103.67443703,32.22514712,off_band,,424.0,,BS2_S,none
3002547295,CABALLO 23 FEDERAL #501H,EOG,30,Lea,BS2_S,BS2_S,keep,True,,False,10874.0,False,7138.0,2023-05-30,156781.0,21964.275707481087,1892.1871910499358,True,-103.54392977,32.12033253,agree,,1.0,1.0,BS3_S,none
3002547298,CABALLO 23 FEDERAL #504H,EOG,30,Lea,BS2_S,BS2_S,keep,True,,False,10868.0,False,6991.0,2023-05-30,188617.0,26979.9742526105,2058.6161374637495,True,-103.5467872,32.12069759,agree,,5.0,5.0,BS3_S,none
3002547306,CATTY SHACK 6 7 FEDERAL COM #210H,Devon,30,Lea,BS2_S,BS2_S,keep,True,,False,10643.0,False,10504.0,2021-01-19,281531.0,26802.26580350343,1642.785341578725,True,-103.7186171,32.23931175,off_band,,1421.0,,BS2_S,none
3002547307,CATTY SHACK 6 7 FEDERAL COM #211H,Devon,30,Lea,BS2_S,BS2_S,keep,True,,False,10454.0,False,10361.0,2021-01-19,422035.0,40733.03735160699,1828.855426682621,True,-103.72169155,32.23923066,off_band,,1321.0,,BS2_S,none
3002547308,CATTY SHACK 6 7 FEDERAL COM #212H,Devon,30,Lea,BS2_S,BS2_S,keep,True,,False,10451.0,False,10363.0,2021-01-25,279393.0,26960.629161439738,1683.6606500520772,True,-103.71555899,32.23919537,off_band,,1297.0,,BS2_S,none
3002547309,RIGHT MEOW 31 7 FEDERAL COM #233H,Devon,30,Lea,BS2_S,BS2_S,keep,False,,True,10664.0,False,12416.0,2021-01-22,196375.0,15816.28543814433,1722.8618714194781,True,-103.71171757,32.24909081,off_band,,739.0,,BS2_S,none
3002547327,DESERT ROSE 17 8 FEDERAL COM #003H,3r Operating,30,Lea,BS2_S,BS2_S,keep,True,,False,10904.0,False,7581.0,2023-09-23,182944.0,24131.908719166335,726.2768934755991,True,-103.48454119,32.57700179,no_evidence,,,,BS2_S,none
3002547330,DESERT ROSE 17 8 FEDERAL COM #010H,3r Operating,30,Lea,BS2_S,BS2_S,keep,True,,False,10570.0,False,7721.0,2023-09-23,106702.0,13819.712472477659,584.64696069427,True,-103.47400893,32.57676345,agree,,132.0,132.0,BS2_S,none
3002547334,MODELO 3 FEDERAL COM #525H,EOG,30,Lea,BS2_S,BS2_S,keep,True,,False,10691.0,False,7407.0,2022-05-25,192641.0,26007.965438099094,1789.5567402577851,True,-103.6600166,32.22812778,off_band,,550.5,,BS2_S,none
3002547340,UNCLE CHES 21 16 FEDERAL COM #127H,Matador,30,Lea,BS2_S,BS2_S,keep,True,,False,10745.0,False,10059.0,2021-03-19,308313.0,30650.46227259171,658.7947961973708,True,-103.45926458,32.56607936,no_evidence,,,,BS2_S,none
3002547348,RODNEY ROBINSON FEDERAL COM #123H,Matador,30,Lea,BS2_S,BS2_S,keep,True,,False,11046.0,False,10125.0,2022-03-12,254286.0,25114.666666666668,1330.2698536293778,True,-103.60869063,32.32700625,off_band,,1237.0,,BS2_S,none
3002547349,RODNEY ROBINSON FEDERAL COM #124H,Matador,30,Lea,BS2_S,BS2_S,keep,False,,True,11090.0,False,9979.0,2022-03-11,298363.0,29899.088084978455,1403.2872708747398,True,-103.6038572,32.3272395,no_evidence,,,,BS2_S,none
3002547370,ANTIETAM 9 FEDERAL COM #501H,EOG,30,Lea,BS2_S,BS2_S,keep,True,,False,11079.0,False,7267.0,2021-02-07,214463.0,29511.903123709923,1324.867226514597,True,-103.5846309,32.14098131,off_band,,563.0,,BS2_S,none
3002547372,ANTIETAM 9 FEDERAL COM #503H,EOG,30,Lea,BS2_S,BS2_S,keep,True,,False,11085.0,False,7409.0,2021-02-07,173507.0,23418.410041841,1507.068879065398,True,-103.58034154,32.14104259,off_band,,894.0,,BS2_S,none
3002547373,ANTIETAM 9 FEDERAL COM #504H,EOG,30,Lea,BS2_S,BS2_S,keep,True,,False,10813.0,False,7268.0,2021-02-07,191905.0,26404.10016510732,1800.5054584299523,True,-103.5782793,32.14104632,off_band,,622.0,,BS2_S,none
3002547374,ANTIETAM 9 FEDERAL COM #505H,EOG,30,Lea,BS2_S,BS2_S,keep,True,,False,11088.0,False,7153.0,2021-02-07,208697.0,29176.149867188593,1573.5587957661107,True,-103.5773442,32.1405329,off_band,,558.0,,BS2_S,none
3002547375,ANTIETAM 9 FEDERAL COM #506H,EOG,30,Lea,BS2_S,BS2_S,keep,True,,False,10848.0,False,7275.0,2021-02-07,227857.0,31320.549828178697,1382.020302207086,True,-103.574108,32.14096016,off_band,,259.0,,BS2_S,none
3002547419,MUSKIE 23 11 FEDERAL COM #009H,Devon,30,Lea,BS2_S,BS2_S,tvd_suspect,False,"card verdict REJECT (BS2_S->WCA): TVD wrong, tag right; TVD not evidence",True,12800.0,True,12663.0,2024-10-21,202282.0,15974.25570559899,5705.020713657172,True,-103.44720184,32.04766389,flag,WCA_1,18.0,,WCA_1,own
3002547429,WAR EAGLE FEDERAL COM #504H,ConocoPhillips,30,Lea,BS2_S,BS2_S,keep,True,,False,10321.0,False,9839.0,2021-08-23,264995.0,26933.123284886675,920.1041529085454,True,-103.61153761,32.59581503,agree,,58.0,58.0,BS2_S,none
3002547435,BIG BUCKS FEDERAL COM #502H,Matador,30,Lea,BS2_S,BS2_S,keep,False,,True,10871.0,False,6048.0,2021-11-14,74817.0,12370.535714285714,2010.7462207787,True,-103.62390378,32.4910617,agree,,118.0,118.0,BS2_S,none
3002547440,MERCILESS 13 FEDERAL COM #501H,EOG,30,Lea,BS2_S,BS2_S,keep,True,,False,10607.0,False,7414.0,2022-09-02,215023.0,29002.29295926625,2384.889058379801,True,-103.63463569,32.12663791,off_band,,1687.5,,BS2_S,none
3002547441,MERCILESS 13 FEDERAL COM #502H,EOG,30,Lea,BS2_S,BS2_S,keep,True,,False,10895.0,False,7128.0,2022-09-02,262885.0,36880.61167227834,2211.6020313064646,True,-103.63338711,32.12605704,off_band,,425.5,,BS2_S,none
3002547442,MERCILESS 13 FEDERAL COM #503H,EOG,30,Lea,BS2_S,BS2_S,keep,True,,False,10615.0,False,7448.0,2022-08-30,244739.0,32859.69387755102,2356.0977204287015,True,-103.6322087,32.12669624,off_band,,164.0,,BS2_S,none
3002547443,MERCILESS 13 FEDERAL COM #504H,EOG,30,Lea,BS2_S,BS2_S,keep,True,,False,10912.0,False,7337.0,2022-08-30,254635.0,34705.60174458225,2081.544171068392,True,-103.630703,32.1267161,off_band,,461.0,,BS3_C,none
3002547444,MERCILESS 13 FEDERAL COM #505H,EOG,30,Lea,BS2_S,BS2_S,keep,False,,True,10555.0,False,7319.0,2022-08-30,196478.0,26844.924169968574,2321.8935453333197,True,-103.62882454,32.12621108,ambiguous_lith,BS2_C,104.0,,BS2_S,none
3002547445,MERCILESS 13 FEDERAL COM #506H,EOG,30,Lea,BS2_S,BS2_S,keep,True,,False,10649.0,False,7435.0,2022-08-31,193162.0,25980.09414929388,1826.5549124569015,True,-103.62708089,32.12651228,off_band,,198.0,,BS2_S,none
3002547446,MERCILESS 13 FEDERAL COM #507H,EOG,30,Lea,BS2_S,BS2_S,keep,True,,False,10969.0,False,7417.0,2022-08-31,250885.0,33825.6707563705,1887.0877095083404,True,-103.62587136,32.12660228,off_band,,518.0,,BS3_C,none
3002547448,MERCILESS 13 FEDERAL COM #509H,EOG,30,Lea,BS2_S,BS2_S,keep,True,,False,10885.0,False,7128.0,2022-09-02,267015.0,37460.01683501684,2011.9731101248994,True,-103.63586337,32.12691106,off_band,,1409.5,,BS3_C,none
3002547458,TALON 5 8 FEDERAL #002H,3r Operating,30,Lea,BS2_S,BS2_S,keep,True,,False,10591.0,False,7473.0,2021-12-24,152133.0,20357.687675632278,578.7567457422124,True,-103.47729036,32.59825079,agree,,12.0,12.0,BS2_S,none
3002547459,TALON 5 8 FEDERAL #003H,3r Operating,30,Lea,BS2_S,BS2_S,keep,True,,False,10588.0,False,7833.0,2021-12-24,81351.0,10385.67598621218,580.3985199936079,True,-103.47385571,32.59833594,agree,,3.0,3.0,BS2_S,none
3002547481,ANTIETAM 9 FEDERAL COM #507H,EOG,30,Lea,BS2_S,BS2_S,keep,True,,False,11115.0,False,7150.0,2021-02-07,208543.0,29166.853146853147,1508.4323137194726,True,-103.57191564,32.14084115,off_band,,563.5,,BS2_S,none
3002547482,ANTIETAM 9 FEDERAL COM #508H,EOG,30,Lea,BS2_S,BS2_S,keep,True,,False,10862.0,False,7283.0,2021-02-08,211584.0,29051.76438280928,1783.0176194797339,True,-103.56982029,32.14079049,off_band,,273.0,,BS2_S,none
3002547495,PANZA 36 FEDERAL COM #501H,EOG,30,Lea,BS2_S,BS2_S,keep,True,,False,10897.0,False,4619.0,2020-11-13,134953.0,29216.930071444036,3070.6394077938244,False,-103.63877868,32.0863708,off_band,,1124.5,,BS3_C,none
3002547515,STREETCAR 15 FEDERAL #504H,EOG,30,Lea,BS2_S,BS2_S,keep,True,,False,10851.0,False,4751.0,2021-07-26,129778.0,27315.9334876868,2253.1399775000386,False,-103.56073002,32.13088068,off_band,,315.5,,BS2_S,none
3002547516,STREETCAR 15 FEDERAL #505H,EOG,30,Lea,BS2_S,BS2_S,keep,True,,False,10830.0,False,4549.0,2021-07-26,141658.0,31140.47043306221,1977.0362422171709,False,-103.56414221,32.13112357,off_band,,301.5,,BS2_S,none
3002547517,STREETCAR 15 FEDERAL #506H,EOG,30,Lea,BS2_S,BS2_S,keep,True,,False,10813.0,False,4604.0,2021-07-26,118723.0,25786.92441355343,1952.7050360924168,False,-103.56765858,32.13115644,off_band,,284.5,,BS2_S,none
3002547543,LOST TANK 30 19 FEDERAL COM #022H,Occidental,30,Lea,BS2_S,BS2_S,keep,True,,False,10609.0,False,10232.0,2024-07-22,209164.0,20442.14229867084,1178.3624333059227,True,-103.71763967,32.36980044,off_band,,729.5,,BS2_S,none
3002547562,BELL LAKE UNIT NORTH #221H,Kaiser Francis,30,Lea,BS2_S,BS2_S,keep,True,,False,10728.0,False,7435.0,2021-08-04,317379.0,42687.155346334905,2254.865633832106,True,-103.52763409,32.3444138,off_band,,347.0,,BS2_S,none
3002547581,FIGHTING OKRA 18 19 FEDERAL #026H,Devon,30,Lea,BS2_S,BS2_S,keep,True,,False,13299.0,False,9833.0,2025-01-11,193577.0,19686.46394793044,2252.6436508469496,True,-103.50436918,32.03600727,off_band,,341.0,,WCB_2,none
3002547597,RESOLUTE 12 FEDERAL COM #502H,EOG,30,Lea,BS2_S,BS2_S,keep,True,,False,10561.0,False,10117.0,2022-04-23,225591.0,22298.210932094495,2323.452620007004,True,-103.6349272,32.1533218,off_band,,444.0,,BS2_S,none
3002547599,RESOLUTE 12 FEDERAL COM #504H,EOG,30,Lea,BS2_S,BS2_S,keep,True,,False,10629.0,False,10161.0,2022-04-23,346256.0,34076.96092904241,1899.2248509773117,True,-103.63244645,32.1531449,off_band,,1333.0,,BS2_S,none
3002547603,RESOLUTE 12 FEDERAL COM #752H,EOG,30,Lea,BS2_S,BS2_S,keep,False,,True,10895.0,False,9964.0,2022-11-26,186108.0,18678.04094741068,7640.101446471941,True,-103.63226174,32.1663479,off_band,,1203.5,,BS3_C,none
3002547625,BELL LAKE UNIT SOUTH #223H,Kaiser Francis,30,Lea,BS2_S,BS2_S,keep,True,,False,10846.0,False,7794.0,2023-01-28,436082.0,55950.987939440594,2559.6516251530675,True,-103.52275476,32.25750937,off_band,,1122.5,,BS2_S,none
3002547626,BELL LAKE UNIT SOUTH #224H,Kaiser Francis,30,Lea,BS2_S,BS2_S,keep,True,,False,10715.0,False,7804.0,2023-01-28,404755.0,51865.06919528447,2200.652246420674,True,-103.5186928,32.25747784,no_evidence,,,,BS2_S,none
3002547629,WILD SALSA FEDERAL COM #215H,Permian Resources,30,Lea,BS2_S,BS2_S,keep,True,,False,10838.0,False,10352.0,2021-11-01,389629.0,37638.04095826893,1237.705612261921,True,-103.62399312,32.29737552,off_band,,1015.5,,BS2_S,none
3002547632,WILD SALSA FEDERAL COM #224H,Permian Resources,30,Lea,BS2_S,BS2_S,keep,True,,False,11147.0,False,10349.0,2021-11-01,444107.0,42913.03507585274,1286.070699178351,True,-103.62725824,32.29743682,off_band,,1054.0,,BS2_S,none
3002547636,WILD SALSA FEDERAL COM #226H,Permian Resources,30,Lea,BS2_S,BS2_S,keep,True,,False,11091.0,False,10355.0,2021-11-01,400946.0,38720.038628681796,1413.9011238421133,True,-103.62143968,32.29654396,off_band,,1110.0,,BS2_S,none
3002547645,DOS EQUIS 11 14 FEDERAL COM #024H,Devon,30,Lea,BS2_S,BS2_S,keep,True,,False,10776.0,False,9985.0,2023-01-25,241738.0,24210.11517275914,2212.060164310121,True,-103.64921767,32.22424287,off_band,,1569.5,,BS2_S,none
3002547654,WEST GRAMA RIDGE 7 6 FEDERAL COM #001H,Devon,30,Lea,BS2_S,BS2_S,keep,True,,False,10930.0,False,9511.0,2021-11-10,354831.0,37307.43349805488,1275.593169706142,True,-103.506008,32.413996,no_evidence,,,,BS3_C,none
3002547664,GETTY 5 FEDERAL COM #507H,EOG,30,Lea,BS2_S,BS2_S,keep,True,,False,10756.0,False,7446.0,2021-05-11,165335.0,22204.539349986568,2339.8917349623493,True,-103.59714007,32.16344874,off_band,,217.0,,BS2_S,none
3002547665,GETTY 5 FEDERAL COM #508H,EOG,30,Lea,BS2_S,BS2_S,keep,True,,False,11073.0,False,7367.0,2021-05-11,193295.0,26237.953033799375,2227.082956103365,True,-103.59781905,32.16339345,off_band,,534.0,,BS2_S,none
3002547666,GETTY 5 FEDERAL COM #509H,EOG,30,Lea,BS2_S,BS2_S,keep,True,,False,10745.0,False,7456.0,2021-05-11,179615.0,24089.994635193132,1802.5777357124962,True,-103.59949165,32.1635644,off_band,,206.0,,BS2_C,none
3002547667,GETTY 5 FEDERAL COM #510H,EOG,30,Lea,BS2_S,BS2_S,keep,True,,False,11046.0,False,7500.0,2021-05-11,216128.0,28817.066666666666,1704.4621705655907,True,-103.60179945,32.16346669,off_band,,513.0,,BS2_S,none
3002547687,MAGIC CAT 30 FEDERAL COM #212H,Devon,30,Lea,BS2_S,BS2_S,keep,True,,False,10746.0,False,4736.0,2021-09-07,60764.0,12830.236486486487,2892.9793956948192,False,-103.70826175,32.27577125,off_band,,503.0,,BS2_S,none
3002547689,MAGIC CAT 30 FEDERAL COM #211H,Devon,30,Lea,BS2_S,BS2_S,keep,True,,False,10692.0,False,4696.0,2021-09-07,129493.0,27575.170357751278,1662.4759639517195,False,-103.7104555,32.2757722,off_band,,1266.5,,BS2_S,none
3002547719,RUTHLESS 11 FEDERAL COM #505H,EOG,30,Lea,BS2_S,BS2_S,keep,True,,False,10602.0,False,10104.0,2022-04-18,232880.0,23048.297703879653,2010.8038474750945,True,-103.64407994,32.13734372,off_band,,369.0,,BS2_S,none
3002547720,RUTHLESS 11 FEDERAL COM #507H,EOG,30,Lea,BS2_S,BS2_S,keep,True,,False,10490.0,False,9984.0,2022-04-18,224498.0,22485.777243589746,1692.4204224536522,True,-103.64214195,32.1371551,off_band,,481.0,,BS2_S,none
3002547722,RUTHLESS 11 FEDERAL COM #509H,EOG,30,Lea,BS2_S,BS2_S,keep,True,,False,10608.0,False,10026.0,2022-04-18,170060.0,16961.899062437664,1549.2532047512643,True,-103.63805703,32.13737591,off_band,,1723.0,,BS2_S,none
3002547730,BELL LAKE UNIT SOUTH #225H,Kaiser Francis,30,Lea,BS2_S,BS2_S,keep,True,,False,10718.0,False,7494.0,2023-02-15,387614.0,51723.24526287697,2290.5700000515976,True,-103.5149108,32.25728836,off_band,,1409.5,,BS2_S,none
3002547731,BELL LAKE UNIT SOUTH #226H,Kaiser Francis,30,Lea,BS2_S,BS2_S,keep,True,,False,10663.0,False,7537.0,2023-02-15,398038.0,52811.1980894255,2360.8173089001552,True,-103.51090212,32.25715338,off_band,,1464.5,,BS2_S,none
3002547748,RUTHLESS 11 FEDERAL COM #501H,EOG,30,Lea,BS2_S,BS2_S,keep,True,,False,10515.0,False,9990.0,2022-01-18,394025.0,39441.94194194194,2397.929065414631,True,-103.65316173,32.13747794,agree,,87.0,87.0,BS2_S,none
3002547750,RUTHLESS 11 FEDERAL COM #504H,EOG,30,Lea,BS2_S,BS2_S,keep,True,class BS2_S->BS3_C rejected (precision 0.33),False,10889.0,False,10058.0,2022-01-18,369732.0,36759.99204613243,2144.6588339662244,True,-103.648744,32.13727516,flag,BS3_C,59.0,284.5,BS3_C,none
3002547751,RUTHLESS 11 FEDERAL COM #513H,EOG,30,Lea,BS2_S,BS2_S,keep,True,,False,10567.0,False,10037.0,2022-01-18,301536.0,30042.442961044137,2058.805582086384,True,-103.64754398,32.1370585,off_band,,382.0,,BS2_S,none
3002547771,BELL LAKE UNIT NORTH #227H,Kaiser Francis,30,Lea,BS2_S,BS2_S,keep,True,,False,10306.0,False,7453.0,2021-06-09,373476.0,50110.82785455521,2385.074275187696,True,-103.5104103,32.34486555,off_band,,981.0,,BS2_S,none
3002547786,ANTIETAM 9 FEDERAL COM #502Y,EOG,30,Lea,BS2_S,BS2_S,keep,True,,False,10821.0,False,7386.0,2021-02-07,172508.0,23356.07906850799,2356.499408723074,True,-103.58257715,32.14096417,off_band,,794.0,,BS2_S,none
3002547797,BELL LAKE UNIT SOUTH #230H,Kaiser Francis,30,Lea,BS2_S,BS2_S,keep,True,,False,10778.0,False,7556.0,2023-01-25,399572.0,52881.418740074114,2198.2671458460554,True,-103.50340494,32.25717835,no_evidence,,,,BS2_S,none
3002547821,GREEN BERET FEDERAL COM #701H,ConocoPhillips,30,Lea,BS2_S,BS2_S,tvd_suspect,False,"card verdict REJECT (BS2_S->WCA): TVD wrong, tag right; TVD not evidence",True,12641.0,False,7338.0,2021-08-01,194973.0,26570.31888798038,4022.490293527822,True,-103.38493209,32.11147521,flag,WCA_1,4.0,,WCXY,none
3002547835,DR PI UNIT #021H,Occidental,30,Lea,BS2_S,BS2_S,keep,True,,False,10519.0,False,9827.0,2024-03-15,211069.0,21478.477663579935,1189.2982863423808,True,-103.72145976,32.39959164,off_band,,1182.0,,BS2_S,none
3002547838,BELL LAKE UNIT NORTH #209H,Kaiser Francis,30,Lea,BS2_S,BS2_S,keep,True,,False,10333.0,False,7862.0,2022-10-11,386380.0,49145.25566013737,2541.4669496350743,True,-103.51064115,32.32283193,agree,,91.0,91.0,BS2_S,none
3002547839,BELL LAKE UNIT NORTH #223H,Kaiser Francis,30,Lea,BS2_S,BS2_S,keep,True,,False,10539.0,False,7531.0,2021-09-07,328237.0,43584.78289735759,2284.1056919238235,True,-103.52184077,32.34416405,no_evidence,,,,BS2_S,none
3002547840,BELL LAKE UNIT NORTH #224H,Kaiser Francis,30,Lea,BS2_S,BS2_S,keep,True,,False,10659.0,False,7537.0,2021-09-07,336633.0,44664.057317234976,2175.7700522527502,True,-103.51903763,32.34419181,off_band,,422.0,,BS2_S,none
3002547841,BELL LAKE UNIT NORTH #225H,Kaiser Francis,30,Lea,BS2_S,BS2_S,keep,True,,False,10446.0,False,7559.0,2021-06-29,338855.0,44828.01957930943,2184.3620427616534,True,-103.51631994,32.34354742,off_band,,850.0,,BS2_S,none
3002547845,BELL LAKE UNIT NORTH #228H,Kaiser Francis,30,Lea,BS2_S,BS2_S,keep,True,,False,10337.0,False,7602.0,2021-06-25,253745.0,33378.71612733491,2559.2464876155195,True,-103.50725723,32.34420172,agree,,18.0,18.0,BS2_S,none
3002547846,BELL LAKE UNIT NORTH #229H,Kaiser Francis,30,Lea,BS2_S,BS2_S,keep,True,,False,10167.0,False,7331.0,2021-06-25,217559.0,29676.57891147183,2471.9915057524627,True,-103.50504347,32.34398561,agree,,186.5,186.5,BS2_S,none
3002547865,WINTERFELL 6 5 B2GH FEDERAL COM #001H,Mewbourne,30,Lea,BS2_S,BS2_S,keep,False,,True,8568.0,False,7565.0,2021-07-01,247373.0,32699.669530733645,584.3079074919251,True,-103.7919773,32.77823178,no_evidence,,,,BS2_S,none
3002547866,WINTERFELL 5 6 B2PO FEDERAL COM #001H,Mewbourne,30,Lea,BS2_S,BS2_S,keep,False,,True,8759.0,False,7379.0,2021-10-15,282244.0,38249.62732077517,1053.8541120448974,True,-103.79328657,32.77072379,no_evidence,,,,BS2_S,none
3002547867,DR PI UNIT #024H,Occidental,30,Lea,BS2_S,BS2_S,keep,True,,False,10638.0,False,9337.0,2024-03-17,286683.0,30703.973439006106,1556.9531503437595,True,-103.71255594,32.3997361,off_band,,1063.0,,BS2_S,none
3002547869,JUPITER 19 FEDERAL COM #501H,EOG,30,Lea,BS2_S,BS2_S,keep,True,,False,11174.0,False,7355.0,2021-08-26,270622.0,36794.289598912306,1378.7349143824226,True,-103.51531655,32.19894729,off_band,,558.0,,BS2_S,none
3002547870,JUPITER 19 FEDERAL COM #502H,EOG,30,Lea,BS2_S,BS2_S,keep,True,,False,11141.0,False,7410.0,2021-08-26,265188.0,35787.85425101215,1324.8525574309547,True,-103.5126784,32.19915203,off_band,,519.0,,BS2_S,none
3002547872,JUPITER 19 FEDERAL COM #403H,EOG,30,Lea,BS2_S,BS2_S,keep,False,,True,10950.0,False,7275.0,2022-04-03,162843.0,22383.917525773195,2054.7459823265353,True,-103.51126207,32.19873206,off_band,,332.0,,BS2_S,none
3002547875,JUPITER 19 FEDERAL COM #507H,EOG,30,Lea,BS2_S,BS2_S,keep,True,,False,11150.0,False,7524.0,2021-08-27,309485.0,41133.040935672514,1287.9719534064657,True,-103.51009984,32.19928362,off_band,,528.0,,BS2_S,none
3002547876,JUPITER 19 FEDERAL COM #508H,EOG,30,Lea,BS2_S,BS2_S,keep,True,,False,11142.0,False,7350.0,2021-08-26,317665.0,43219.72789115646,1074.2480285835707,True,-103.5056624,32.19881045,off_band,,532.5,,BS2_S,none
3002547877,JUPITER 19 FEDERAL COM #509H,EOG,30,Lea,BS2_S,BS2_S,keep,True,,False,11156.0,False,7322.0,2021-08-26,234563.0,32035.372848948376,1382.2086177274336,True,-103.50436344,32.1990449,off_band,,546.5,,BS2_S,none
3002547878,JUPITER 19 FEDERAL COM #510H,EOG,30,Lea,BS2_S,BS2_S,keep,True,,False,11102.0,False,7354.0,2021-08-26,260586.0,35434.59341854773,1236.2176018665623,True,-103.50150547,32.19917085,off_band,,501.0,,BS2_S,none
3002547894,HAWK 35 FEDERAL #581H,EOG,30,Lea,BS2_S,BS2_S,keep,False,,True,11160.0,False,9944.0,2024-04-23,122941.0,12363.334674175383,2640.331541145753,True,-103.54385611,32.18177797,off_band,,533.0,,BS2_S,none
3002547900,HAWK 35 FEDERAL #501H,EOG,30,Lea,BS2_S,BS2_S,keep,True,,False,10980.0,False,10031.0,2022-11-08,144455.0,14400.857342239058,1668.3257761932782,True,-103.55020586,32.18165861,off_band,,370.5,,BS2_S,none
3002547901,HAWK 35 FEDERAL #502H,EOG,30,Lea,BS2_S,BS2_S,keep,True,,False,11144.0,False,9878.0,2022-11-08,189798.0,19214.21340352298,1685.1283996670145,True,-103.5485708,32.1820639,off_band,,534.5,,BS2_S,none
3002547902,HAWK 35 FEDERAL #503H,EOG,30,Lea,BS2_S,BS2_S,keep,False,,True,11093.0,False,9951.0,2022-11-08,154761.0,15552.306300874283,1539.9810029658636,True,-103.54632056,32.18203845,off_band,,466.0,,BS2_S,none
3002547903,HAWK 35 FEDERAL #504H,EOG,30,Lea,BS2_S,BS2_S,keep,True,,False,11226.0,False,10087.0,2022-11-08,156305.0,15495.687518588282,1651.6938037810692,True,-103.5468798,32.18162082,off_band,,599.0,,BS2_S,none
3002547904,HAWK 35 FEDERAL #505H,EOG,30,Lea,BS2_S,BS2_S,keep,False,,True,11068.0,False,10176.0,2022-11-08,183733.0,18055.52279874214,1550.1515786494533,True,-103.54205246,32.18129746,off_band,,441.0,,BS2_S,none
3002547905,HAWK 35 FEDERAL #506H,EOG,30,Lea,BS2_S,BS2_S,keep,True,,False,11184.0,False,9793.0,2023-04-22,147593.0,15071.275400796487,1702.1335700202585,True,-103.5377919,32.18213714,off_band,,556.0,,BS2_S,none
3002547942,LOST TANK 30 19 FEDERAL COM #021H,Occidental,30,Lea,BS2_S,BS2_S,keep,True,,False,10634.0,False,10109.0,2024-07-18,214367.0,21205.559402512612,1386.4867260352573,True,-103.72164622,32.36953935,off_band,,754.5,,BS2_S,none
3002547958,CHORIZO 12 STATE COM #501H,Permian Resources,30,Lea,BS2_S,BS2_S,keep,True,,False,10444.0,False,10762.0,2021-03-14,301245.0,27991.544322616617,1580.9955351956048,True,-103.43013169,32.42122553,agree,,128.5,128.5,BS2_S,none
3002547959,CHORIZO 12 STATE COM #502H,Permian Resources,30,Lea,BS2_S,BS2_S,keep,True,,False,10221.0,False,9642.0,2021-03-13,199906.0,20732.83551130471,1648.7399077566456,True,-103.4279038,32.41967926,agree,,94.5,94.5,BS2_S,none
3002547960,CHORIZO 12 STATE COM #503H,Permian Resources,30,Lea,BS2_S,BS2_S,keep,True,,False,10417.0,False,9773.0,2021-03-13,313016.0,32028.650363245673,1379.8144503795334,True,-103.42489689,32.4197336,agree,,105.0,105.0,BS2_S,none
3002547971,VALIANT 24 FEDERAL COM #509H,EOG,30,Lea,BS2_S,BS2_S,keep,True,,False,10656.0,False,7380.0,2021-05-01,228875.0,31012.872628726287,2870.8902239213544,True,-103.62936386,32.10489376,off_band,,355.0,,BS2_S,none
3002547972,VALIANT 24 FEDERAL COM #510H,EOG,30,Lea,BS2_S,BS2_S,keep,True,,False,10671.0,False,7334.0,2021-04-30,185796.0,25333.515134987727,2758.8430321427804,True,-103.62590923,32.10467342,off_band,,888.0,,BS2_S,none
3002547989,VALIANT 24 FEDERAL COM #511H,EOG,30,Lea,BS2_S,BS2_S,keep,True,,False,10667.0,False,7321.0,2021-04-29,185525.0,25341.483403906568,2198.6848133674707,True,-103.62267956,32.10486777,off_band,,884.0,,BS2_S,none
3002548022,BELL LAKE UNIT NORTH #226H,Kaiser Francis,30,Lea,BS2_S,BS2_S,keep,True,,False,10598.0,False,7514.0,2021-06-29,315984.0,42052.701623635876,2188.1772494809866,True,-103.51281228,32.34407252,off_band,,698.0,,BS2_S,none
3002548029,CASTLE BLACK 6 1 B2FE FEDERAL COM #001H,Mewbourne,30,Lea,BS2_S,BS2_S,keep,False,,True,8603.0,False,7751.0,2021-07-01,295050.0,38066.055992775124,689.2526690391459,True,-103.81880301,32.7782402,no_evidence,,,,BS2_S,none
3002548030,HAWK 35 FEDERAL #509H,EOG,30,Lea,BS2_S,BS2_S,keep,True,,False,10977.0,False,9744.0,2023-04-22,153024.0,15704.433497536947,1860.1787954830615,True,-103.54242278,32.18228265,off_band,,350.0,,BS2_S,none
3002548031,HAWK 35 FEDERAL #510H,EOG,30,Lea,BS2_S,BS2_S,keep,True,,False,11198.0,False,9677.0,2023-04-21,193914.0,20038.64834142813,1609.094753344266,True,-103.54069318,32.18220753,off_band,,571.0,,BS2_S,none
3002548034,HAWK 35 FEDERAL #514H,EOG,30,Lea,BS2_S,BS2_S,keep,True,,False,10988.0,False,9645.0,2023-04-23,125080.0,12968.377397615346,1777.5183882315318,True,-103.53620386,32.18228361,off_band,,360.0,,BS2_S,none
3002548038,DIAMONDBACK 24 25 FEDERAL COM 2BS #005H,Permian Resources,30,Lea,BS2_S,BS2_S,keep,True,,False,10017.0,False,9880.0,2021-03-30,157332.0,15924.29149797571,600.1894083848168,True,-103.71394016,32.63786739,agree,,38.5,38.5,BS3_C,none
3002548085,HAWK 35 FEDERAL #512H,EOG,30,Lea,BS2_S,BS2_S,keep,True,,False,10978.0,False,9936.0,2023-04-21,170410.0,17150.764895330114,1726.7296520157267,True,-103.53926659,32.18197272,off_band,,350.0,,BS2_S,none
3002548108,EL CAMPEON FEDERAL COM #214H,Permian Resources,30,Lea,BS2_S,BS2_S,keep,True,,False,10975.0,False,7569.0,2022-01-01,233729.0,30879.772757299514,2968.6517291393025,True,-103.38485832,32.0109063,agree,,148.0,148.0,BS2_S,none
3002548121,CATTLEMEN FEDERAL COM #213H,Permian Resources,30,Lea,BS2_S,BS2_S,keep,False,,True,11131.0,False,7900.0,2022-10-01,112871.0,14287.468354430379,3586.7140363778117,True,-103.38625393,32.03261539,agree,,25.0,25.0,BS2_S,none
3002548152,LONESOME DOVE FEDERAL COM #213H,Permian Resources,30,Lea,BS2_S,BS2_S,keep,True,,False,11115.0,False,8058.0,2023-05-13,118098.0,14655.994043186896,4303.510643702688,True,-103.38677305,32.05402935,agree,,16.0,16.0,BS2_S,none
3002548157,DR PI UNIT #022H,Occidental,30,Lea,BS2_S,BS2_S,keep,True,,False,10424.0,False,9766.0,2024-05-01,190108.0,19466.311693630963,1259.6155869295349,True,-103.71716416,32.39968742,off_band,,1184.5,,BS2_S,none
3002548159,DR PI UNIT #025H,Occidental,30,Lea,BS2_S,BS2_S,keep,True,,False,10564.0,False,9436.0,2024-03-18,206131.0,21845.16744383213,1462.526257574067,True,-103.70754591,32.39995586,off_band,,1189.0,,BS2_S,none
3002548177,BELL LAKE UNIT SOUTH #204H,Kaiser Francis,30,Lea,BS2_S,BS2_S,keep,True,,False,10790.0,False,7975.0,2022-04-27,348452.0,43693.040752351095,2067.4813173693938,True,-103.52649281,32.23594797,no_evidence,,,,BS2_S,none
3002548202,BELL LAKE UNIT SOUTH #214H,Kaiser Francis,30,Lea,BS2_S,BS2_S,keep,True,,False,10922.0,False,7523.0,2022-01-01,284940.0,37875.84740130267,1152.3338246648418,True,-103.49687393,32.23615966,agree,,58.5,58.5,BS2_S,none
3002548214,FALCON 36 FEDERAL COM #501H,EOG,30,Lea,BS2_S,BS2_S,keep,True,,False,11216.0,False,10301.0,2021-05-24,412214.0,40016.891563925834,1718.4035476718404,True,-103.52758436,32.19594879,off_band,,600.0,,BS2_S,none
3002548215,FALCON 36 FEDERAL COM #502H,EOG,30,Lea,BS2_S,BS2_S,keep,True,,False,11196.0,False,10310.0,2021-05-24,337898.0,32773.811833171676,1786.3704431514836,True,-103.53005079,32.19577928,agree,,33.0,33.0,BS2_S,none
3002548216,FALCON 36 FEDERAL COM #503H,EOG,30,Lea,BS2_S,BS2_S,keep,True,,False,11194.0,False,10268.0,2021-05-24,275327.0,26814.082586677057,1807.0221954258027,True,-103.5336266,32.19589741,off_band,,568.0,,BS2_S,none
3002548223,RUTHLESS 11 FEDERAL COM #503H,EOG,30,Lea,BS2_S,BS2_S,keep,True,,False,10535.0,False,10121.0,2022-01-18,339201.0,33514.57365872937,2235.300013856091,True,-103.65022332,32.13748291,agree,,72.0,72.0,BS2_S,none
3002548257,BELL LAKE UNIT SOUTH #216H,Kaiser Francis,30,Lea,BS2_S,BS2_S,keep,True,,False,10899.0,False,7532.0,2022-01-01,349198.0,46361.92246415294,1108.205087085264,True,-103.49235327,32.23622671,agree,,37.0,37.0,BS2_S,none
3002548263,TENDERLOIN FEDERAL COM #501H,ConocoPhillips,30,Lea,BS2_S,BS2_S,keep,False,,True,10860.0,False,9938.0,2021-09-24,267261.0,26892.83558059972,1090.15531633871,True,-103.51861522,32.41285325,agree,,64.0,64.0,BS2_S,none
3002548265,TENDERLOIN FEDERAL COM #503H,ConocoPhillips,30,Lea,BS2_S,BS2_S,keep,False,,True,10860.0,False,10020.0,2021-09-24,260540.0,26001.996007984035,1066.8649727489062,True,-103.5271654,32.41290992,agree,,67.0,67.0,BS2_S,none
3002548282,DR PI UNIT #121H,Occidental,30,Lea,BS2_S,BS2_S,keep,True,,False,10705.0,False,10226.0,2022-12-29,154779.0,15135.830236651673,1469.663197203755,True,-103.70398919,32.39873356,agree,,126.0,126.0,BS2_S,none
3002548321,BEDLINGTON FEDERAL COM #501H,ConocoPhillips,30,Lea,BS2_S,BS2_S,keep,True,,False,10641.0,False,10375.0,2022-08-30,337127.0,32494.168674698798,1718.616426450566,True,-103.65108176,32.26863117,off_band,,644.0,,BS2_S,none
3002548322,BEDLINGTON FEDERAL COM #502H,ConocoPhillips,30,Lea,BS2_S,BS2_S,keep,True,,False,10898.0,False,10320.0,2022-08-30,333212.0,32287.98449612403,1924.5825480474894,True,-103.64973629,32.26863129,off_band,,391.0,,BS2_S,none
3002548334,BEDLINGTON FEDERAL COM #503H,ConocoPhillips,30,Lea,BS2_S,BS2_S,keep,True,,False,10932.0,False,9913.0,2022-08-30,414854.0,41849.49056794109,2087.0185655676455,True,-103.64880854,32.26908161,off_band,,357.0,,BS2_S,none
3002548401,LOVE SHACK FEDERAL COM #111H,Permian Resources,30,Lea,BS2_S,BS2_S,keep,True,,False,11099.0,False,10244.0,2021-08-02,253259.0,24722.66692698165,3231.2454838722415,True,-103.3968565,32.05072829,agree,,37.0,37.0,BS1_S,none
3002548405,HAGBERRY 9 STATE COM #502H,Permian Resources,30,Lea,BS2_S,BS2_S,keep,True,,False,10334.0,False,9746.0,2021-05-12,180631.0,18533.86004514673,1835.0393896950136,True,-103.37573897,32.39834772,agree,,78.0,78.0,BS2_S,none
3002548406,HAGBERRY 9 STATE COM #503H,Permian Resources,30,Lea,BS2_S,BS2_S,keep,True,,False,10281.0,False,9795.0,2021-05-30,119235.0,12173.047473200613,1639.2837673501908,True,-103.37249576,32.39829942,agree,,126.0,126.0,BS2_S,none
3002548429,GIN AND TECTONIC FEDERAL COM #502H,ConocoPhillips,30,Lea,BS2_S,BS2_S,keep,False,,True,10675.0,False,9875.0,2023-08-17,187773.0,19014.98734177215,2256.836712413393,True,-103.69219593,32.25446883,off_band,,579.0,,BS2_S,none
3002548430,GIN AND TECTONIC FEDERAL COM #503H,ConocoPhillips,30,Lea,BS2_S,BS2_S,keep,False,,True,10525.0,False,9903.0,2023-08-17,125171.0,12639.70513985661,2344.2570563469176,True,-103.69518501,32.25445003,off_band,,627.0,,BS2_S,none
3002548431,GIN AND TECTONIC FEDERAL COM #504H,ConocoPhillips,30,Lea,BS2_S,BS2_S,keep,True,,False,10489.0,False,9834.0,2023-08-17,214895.0,21852.24730526744,1303.3295330277576,True,-103.69950925,32.25404155,off_band,,598.0,,BS2_S,none
3002548432,GIN AND TECTONIC FEDERAL COM #505H,ConocoPhillips,30,Lea,BS2_S,BS2_S,keep,True,,False,10788.0,False,9955.0,2023-08-17,233694.0,23475.037669512807,1235.8340393848366,True,-103.7007731,32.25454712,agree,,275.5,275.5,BS2_S,none
3002548433,GIN AND TECTONIC FEDERAL COM #506H,ConocoPhillips,30,Lea,BS2_S,BS2_S,keep,True,,False,10505.0,False,9808.0,2023-08-17,217017.0,22126.529363784666,1448.951003838409,True,-103.70398226,32.25426256,off_band,,615.0,,BS2_S,none
3002548465,DAGGER STATE COM #510H,Matador,30,Lea,BS2_S,BS2_S,keep,False,,True,10623.0,False,7843.0,2022-01-01,114024.0,14538.314420502358,1188.2498421384971,True,-103.61307,32.46033327,off_band,,570.0,,BS2_S,none
3002548473,AZTEC 14 23 2BS FEDERAL COM #006H,Permian Resources,30,Lea,BS2_S,BS2_S,keep,True,,False,10919.0,False,9987.0,2022-03-01,270022.0,27037.348553119056,1265.3672663708883,True,-103.64874557,32.47189426,off_band,,624.0,,BS2_S,none
3002548495,BELL LAKE UNIT NORTH #206H,Kaiser Francis,30,Lea,BS2_S,BS2_S,keep,True,,False,10690.0,False,8375.0,2022-09-09,511104.0,61027.34328358209,1891.6326227147508,True,-103.51906448,32.32431431,no_evidence,,,,BS2_S,none
3002548515,RAGIN CAJUN 12 13 FEDERAL COM #009H,Devon,30,Lea,BS2_S,BS2_S,keep,True,,False,11234.0,False,9670.0,2024-08-14,223369.0,23099.172699069284,4452.5113153571,True,-103.42217245,32.04947043,agree,,28.0,28.0,BS2_S,none
3002548519,BELL LAKE UNIT NORTH #216H,Kaiser Francis,30,Lea,BS2_S,BS2_S,keep,True,,False,10401.0,False,7564.0,2022-11-29,297623.0,39347.303014278164,1723.1161570174347,True,-103.49359967,32.32301241,agree,,25.0,25.0,BS2_S,none
3002548521,BELL LAKE UNIT NORTH #217H,Kaiser Francis,30,Lea,BS2_S,BS2_S,keep,True,,False,10430.0,False,7656.0,2022-12-09,286694.0,37446.969696969696,1391.7905502033527,True,-103.48998276,32.32265411,agree,,47.5,47.5,BS2_S,none
3002548522,BELL LAKE UNIT NORTH #218H,Kaiser Francis,30,Lea,BS2_S,BS2_S,keep,True,,False,10462.0,False,7647.0,2022-12-09,266753.0,34883.35294886884,1351.7523701701575,True,-103.48594611,32.32258599,agree,,73.0,73.0,BS2_S,none
3002548526,BELL LAKE UNIT NORTH #214H,Kaiser Francis,30,Lea,BS2_S,BS2_S,keep,True,,False,10328.0,False,8004.0,2022-11-18,338362.0,42274.112943528235,2365.38086428145,True,-103.49701195,32.32378266,agree,,61.0,61.0,BS2_S,none
3002548527,GAVILON FEDERAL COM #706H,Matador,30,Lea,BS2_S,BS2_S,keep,True,,False,10513.0,False,10385.0,2023-05-05,110544.0,10644.583533943187,780.5217831813577,True,-103.67253614,32.53696929,off_band,,752.0,,BS3_C,none
3002548548,SOUTH RIDGE 8030 2 11 STATE COM #005H,BTA Oil,30,Lea,BS2_S,BS2_S,keep,True,,False,10206.0,False,7715.0,2022-03-07,126743.0,16428.127025275437,2157.002753603749,True,-103.44570537,32.32297489,off_band,,157.0,268.0,BS2_S,none
3002548549,BELL LAKE UNIT NORTH #207H,Kaiser Francis,30,Lea,BS2_S,BS2_S,keep,True,,False,10467.0,False,7711.0,2022-09-19,387092.0,50199.97406302684,1855.1713804470255,True,-103.5157046,32.3227911,off_band,,612.0,,BS2_S,none
3002548550,BELL LAKE UNIT NORTH #208H,Kaiser Francis,30,Lea,BS2_S,BS2_S,keep,True,,False,10422.0,False,7931.0,2022-09-19,401099.0,50573.572059008955,2008.4143814868648,True,-103.51192921,32.32315464,agree,,21.0,21.0,BS2_S,none
3002548551,BELL LAKE UNIT NORTH #210H,Kaiser Francis,30,Lea,BS2_S,BS2_S,keep,True,,False,10355.0,False,7800.0,2022-10-11,378439.0,48517.820512820515,2869.6381715415164,True,-103.50502996,32.32301513,agree,,56.5,56.5,BS2_S,none
3002548556,BELL LAKE UNIT NORTH #212H,Kaiser Francis,30,Lea,BS2_S,BS2_S,keep,True,,False,10376.0,False,7844.0,2022-10-31,349761.0,44589.622641509435,2958.880492679287,True,-103.5011853,32.32300757,agree,,25.0,25.0,BS2_S,none
3002548572,WINNEBAGO 30 STATE COM #505H,Permian Resources,30,Lea,BS2_S,BS2_S,keep,True,,False,10310.0,False,10227.0,2021-10-24,145743.0,14250.80668817835,2557.6459932895577,True,-103.403305,32.370231,off_band,,519.0,,BS2_S,none
3002548573,WINNEBAGO 30 STATE COM #506H,Permian Resources,30,Lea,BS2_S,BS2_S,keep,False,,True,10531.0,False,9788.0,2021-10-24,156807.0,16020.331017572538,2506.310305024648,True,-103.40178378,32.37083544,off_band,,740.0,,BS2_S,none
3002548574,WINNEBAGO 30 STATE COM #507H,Permian Resources,30,Lea,BS2_S,BS2_S,keep,True,,False,10297.0,False,10219.0,2021-10-28,163914.0,16040.121342597122,2355.6621154995914,True,-103.4005415,32.3702215,off_band,,506.0,,BS2_S,none
3002548576,BRIDGE STATE UNIT 28 #506H,Permian Resources,30,Lea,BS2_S,BS2_S,keep,True,,False,10550.0,False,9855.0,2023-06-21,230376.0,23376.5601217656,2020.7920963989304,True,-103.37772925,32.37084655,agree,,147.0,147.0,BS2_S,none
3002548601,DAGGER LAKE 5 STATE COM #513H,Matador,30,Lea,BS2_S,BS2_S,keep,False,,False,10300.0,True,8398.0,2021-07-01,107128.0,12756.3705644201,1782.316481218729,True,-103.60052552,32.43093558,off_band,,388.0,,BS2_S,none
3002548603,WOOL HEAD 20 STATE #501H,Matador,30,Lea,BS2_S,BS2_S,keep,False,,True,10560.0,False,7241.0,2021-08-01,158619.0,21905.676011600608,1272.0292020501959,True,-103.60210354,32.4687603,off_band,,507.0,,BS2_C,none
3002548610,TALCO STATE FEDERAL COM #125H,SM Energy,30,Lea,BS2_S,BS2_S,keep,True,,False,11091.0,False,10216.0,2022-05-15,146785.0,14368.148003132343,3477.065095207276,True,-103.37798346,32.03594966,agree,,45.0,45.0,BS2_S,none
3002548613,STREETCAR 15 FEDERAL #502Y,EOG,30,Lea,BS2_S,BS2_S,keep,True,,False,10844.0,False,4719.0,2021-07-26,136505.0,28926.679381224836,2393.6412585619573,False,-103.55703344,32.13081238,off_band,,255.0,,BS2_S,none
3002548692,SOLOMON FEDERAL COM #505H,Permian Resources,30,Lea,BS2_S,BS2_S,keep,False,,True,11213.0,False,7194.0,2021-10-15,396198.0,55073.39449541284,1541.2445292505263,True,-103.44989285,32.17526777,agree,,34.5,34.5,BS2_S,none
3002548742,JACKSON UNIT #821H,Jonah Energy,30,Lea,BS2_S,BS2_S,keep,True,,False,11052.0,False,10186.0,2021-10-15,0.0,0.0,,False,-103.56553069,32.21047021,agree,,90.5,90.5,BS2_S,none
3002548745,SENILE FELINES 18 7 STATE COM #021H,Occidental,30,Lea,BS2_S,BS2_S,keep,False,,True,10952.0,False,10151.0,2023-03-08,368142.0,36266.5747217023,1253.714599257895,True,-103.61838705,32.39971524,off_band,,399.0,,BS2_S,none
3002548746,SENILE FELINES 18 7 STATE COM #022H,Occidental,30,Lea,BS2_S,BS2_S,keep,False,,True,10992.0,False,10151.0,2023-03-08,228249.0,22485.370899418776,1414.8890027995742,True,-103.61495187,32.39992283,off_band,,345.5,,BS2_S,none
3002548748,SENILE FELINES 18 7 STATE COM #024H,Occidental,30,Lea,BS2_S,BS2_S,keep,True,,False,10694.0,False,10118.0,2023-03-04,196085.0,19379.818145878635,1278.2058801030166,True,-103.61155712,32.39929089,off_band,,477.0,,BS2_S,none
3002548749,SENILE FELINES 18 7 STATE COM #025H,Occidental,30,Lea,BS2_S,BS2_S,keep,True,,False,10942.0,False,10143.0,2023-03-03,173086.0,17064.576555259784,1246.0048761887153,True,-103.60809515,32.39954247,off_band,,382.0,,BS2_S,none
3002548750,SENILE FELINES 18 7 STATE COM #026H,Occidental,30,Lea,BS2_S,BS2_S,keep,True,,False,10676.0,False,10184.0,2023-03-03,175230.0,17206.40219952867,1283.604405638304,True,-103.6065021,32.3994987,off_band,,459.0,,BS2_S,none
3002548804,SILVER FEDERAL COM #501H,Matador,30,Lea,BS2_S,BS2_S,keep,True,,False,10084.0,False,9748.0,2024-02-08,57094.0,5856.996306934756,985.8128700038533,True,-103.6746932,32.59542132,no_evidence,,,,BS2_S,none
3002548827,DAGGER LAKE SOUTH 8 FEDERAL COM #502H,Matador,30,Lea,BS2_S,BS2_S,keep,True,,False,10534.0,False,7219.0,2024-04-24,210866.0,29209.86286189223,1370.4912124287462,True,-103.60197205,32.41080591,off_band,,317.0,,BS2_S,none
3002548828,DAGGER LAKE SOUTH 8 FEDERAL COM #506H,Matador,30,Lea,BS2_S,BS2_S,keep,False,,True,10615.0,False,7232.0,2024-04-30,200448.0,27716.814159292036,1978.5330858876118,True,-103.5977517,32.41059204,off_band,,398.0,,BS2_S,none
3002548829,DAGGER LAKE SOUTH 8 FEDERAL COM #508H,Matador,30,Lea,BS2_S,BS2_S,keep,True,,False,10577.0,False,7291.0,2024-04-30,180182.0,24712.93375394322,1138.4322518342565,True,-103.59628417,32.41048172,off_band,,360.0,,BS2_S,none
3002548830,DAGGER LAKE SOUTH 8 FEDERAL COM #516H,Matador,30,Lea,BS2_S,BS2_S,keep,True,,False,10974.0,False,7314.0,2024-04-30,283065.0,38701.80475799836,1104.3081977637646,True,-103.58711011,32.41040809,off_band,,284.0,,BS2_S,none
3002548837,JEFE 29 FEDERAL COM #502H,EOG,30,Lea,BS2_S,BS2_S,keep,True,,False,10337.0,False,7344.0,2021-12-12,253680.0,34542.48366013072,2914.9440239672026,True,-103.70182301,32.08970572,agree,,15.5,15.5,BS2_S,none
3002548840,JEFE 29 FEDERAL COM #505H,EOG,30,Lea,BS2_S,BS2_S,keep,True,,False,10372.0,False,7427.0,2021-12-12,143225.0,19284.367847044567,3317.786699249433,True,-103.69793448,32.09027233,off_band,,957.0,,BS2_S,none
3002548841,JEFE 29 FEDERAL COM #506H,EOG,30,Lea,BS2_S,BS2_S,keep,True,,False,10371.0,False,7143.0,2021-12-12,121183.0,16965.280694386114,3651.7993447925865,True,-103.69298159,32.0896715,off_band,,950.0,,BS2_S,none
3002548897,DAGGER STATE COM #512H,Matador,30,Lea,BS2_S,BS2_S,keep,True,,False,10990.0,False,7873.0,2022-01-01,103440.0,13138.574876159024,995.0599381283836,True,-103.61665291,32.46062817,off_band,,363.5,,BS2_S,none
3002548898,DAGGER STATE COM #514H,Matador,30,Lea,BS2_S,BS2_S,keep,False,,True,10550.0,False,7806.0,2022-01-01,137490.0,17613.37432744043,1024.3217688559168,True,-103.61877874,32.46073587,off_band,,500.0,,BS2_S,none
3002548925,SILVER FEDERAL COM #503H,Matador,30,Lea,BS2_S,BS2_S,keep,False,,True,9937.0,False,9958.0,2022-12-27,101512.0,10194.014862422175,758.9841595082355,True,-103.66974359,32.59570904,agree,,180.5,180.5,BS2_S,none
3002548926,SILVER FEDERAL COM #504H,Matador,30,Lea,BS2_S,BS2_S,keep,True,,False,10098.0,False,9821.0,2024-02-22,44198.0,4500.356379187456,812.344449975112,True,-103.66608167,32.59565725,agree,,39.0,39.0,BS2_S,none
3002548947,DR PI UNIT #123H,Occidental,30,Lea,BS2_S,BS2_S,keep,True,,False,10594.0,False,10226.0,2022-12-29,188173.0,18401.427733229026,1209.37116376951,True,-103.69995351,32.399533,agree,,44.0,44.0,BS2_S,none
3002548949,DR PI UNIT #125H,Occidental,30,Lea,BS2_S,BS2_S,keep,True,,False,10728.0,False,10126.0,2022-12-18,173750.0,17158.79913095003,850.1237410071942,True,-103.69223988,32.39888706,off_band,,542.5,,BS2_S,none
3002548950,DR PI UNIT #126H,Occidental,30,Lea,BS2_S,BS2_S,keep,True,,False,10657.0,False,10126.0,2022-12-18,286342.0,28277.89847916255,1197.5015890089473,True,-103.68935994,32.3989769,off_band,,450.0,,BS2_S,none
3002548984,AUDACIOUS 19 FEDERAL #502H,EOG,30,Lea,BS2_S,BS2_S,keep,True,,False,10922.0,False,7383.0,2022-01-01,208248.0,28206.420154408774,2639.727632438247,True,-103.6171871,32.10468137,off_band,,1073.0,,BS2_S,none
3002548985,AUDACIOUS 19 FEDERAL #503H,EOG,30,Lea,BS2_S,BS2_S,keep,True,,False,10713.0,False,7394.0,2022-01-01,200294.0,27088.720584257506,2858.9573327209005,True,-103.61533556,32.10482296,off_band,,225.0,,BS2_S,none
3002548986,AUDACIOUS 19 FEDERAL #505H,EOG,30,Lea,BS2_S,BS2_S,keep,True,,False,10696.0,False,7374.0,2022-01-01,175924.0,23857.33658801193,2621.205747936609,True,-103.61218034,32.10487984,off_band,,257.0,,BS2_S,none
3002548987,AUDACIOUS 19 FEDERAL COM #506H,EOG,30,Lea,BS2_S,BS2_S,keep,True,,False,10927.0,False,7415.0,2022-01-01,199301.0,26878.084962913013,2446.6309752585285,True,-103.61051482,32.10481787,off_band,,488.0,,BS2_S,none
3002548988,AUDACIOUS 19 FEDERAL COM #507H,EOG,30,Lea,BS2_S,BS2_S,keep,True,,False,10699.0,False,7403.0,2022-01-01,167656.0,22647.03498581656,2501.3718566588727,True,-103.60891514,32.10472378,off_band,,260.0,,BS2_S,none
3002548989,AUDACIOUS 19 FEDERAL COM #508H,EOG,30,Lea,BS2_S,BS2_S,keep,True,,False,10933.0,False,7384.0,2022-01-01,170284.0,23061.21343445287,2455.6211975288343,True,-103.60719722,32.10468672,off_band,,543.0,,BS2_S,none
3002548990,AUDACIOUS 19 FEDERAL COM #509H,EOG,30,Lea,BS2_S,BS2_S,keep,True,,False,10655.0,False,7417.0,2022-01-01,220218.0,29690.98018066604,2440.486245447693,True,-103.60576695,32.10501175,off_band,,781.0,,BS2_S,none
3002548991,AUDACIOUS 19 FEDERAL COM #510H,EOG,30,Lea,BS2_S,BS2_S,keep,True,,False,10926.0,False,7430.0,2022-01-02,296461.0,39900.538358008074,2212.476514617437,True,-103.60397242,32.10482781,off_band,,1052.0,,BS2_S,none
3002548993,ANDERSON FEDERAL COM #502H,Matador,30,Lea,BS2_S,BS2_S,keep,True,,False,10505.0,False,6694.0,2022-05-01,91073.0,13605.16880788766,1379.9150132311443,True,-103.64688144,32.43672097,agree,,220.5,220.5,BS2_S,none
3002549003,ANDERSON FEDERAL COM #603H,Matador,30,Lea,BS2_S,BS2_S,keep,True,,False,10495.0,False,6400.0,2022-05-01,65364.0,10213.125,1357.5515574322258,True,-103.64090661,32.4371862,agree,,230.5,230.5,BS2_S,none
3002549005,AUDACIOUS 19 FEDERAL #504H,EOG,30,Lea,BS2_S,BS2_S,keep,True,,False,10918.0,False,7447.0,2022-01-01,193622.0,26000.0,2786.58933385669,True,-103.61382969,32.10497967,off_band,,430.0,,BS2_S,none
3002549009,ALMOST EDDY 30 FEDERAL COM #504H,EOG,30,Lea,BS2_S,BS2_S,keep,False,,True,10430.0,False,7312.0,2022-08-27,196346.0,26852.57111597374,2879.9771831358926,True,-103.71643135,32.08983104,agree,,96.0,96.0,BS2_S,none
3002549010,ALMOST EDDY 30 FEDERAL #505H,EOG,30,Lea,BS2_S,BS2_S,keep,True,,False,10286.0,False,7444.0,2022-08-27,207601.0,27888.36646963998,2970.20727260466,True,-103.71355868,32.09010326,agree,,49.5,49.5,BS2_S,none
3002549011,ALMOST EDDY 30 FEDERAL #506H,EOG,30,Lea,BS2_S,BS2_S,keep,False,,True,10430.0,False,7309.0,2022-08-28,117052.0,16014.776303187851,2675.78512114274,True,-103.71260976,32.08989748,agree,,96.0,96.0,BS2_S,none
3002549012,ALMOST EDDY 30 FEDERAL #507H,EOG,30,Lea,BS2_S,BS2_S,keep,True,,False,10297.0,False,7362.0,2022-08-29,260229.0,35347.59576202119,2708.19163121712,True,-103.7102871,32.09002159,agree,,40.0,40.0,BS2_S,none
3002549014,ALMOST EDDY 30 FEDERAL #509H,EOG,30,Lea,BS2_S,BS2_S,keep,True,,False,10334.0,False,7448.0,2022-08-29,268218.0,36012.08378088077,2536.809610093282,True,-103.70691888,32.09017272,agree,,3.0,3.0,BS2_S,none
3002549015,JULIET FEDERAL COM #513H,Permian Resources,30,Lea,BS2_S,BS2_S,keep,False,,True,11138.0,False,6308.0,2021-10-27,206040.0,32663.284717818642,1358.954571927781,True,-103.46116303,32.19893293,agree,,2.0,2.0,BS2_S,none
3002549016,JULIET FEDERAL COM #514H,Permian Resources,30,Lea,BS2_S,BS2_S,keep,True,,False,11133.0,False,7080.0,2021-10-27,265586.0,37512.146892655364,1544.3735739082633,True,-103.45880216,32.1998882,agree,,13.0,13.0,BS2_S,none
3002549049,PONY EXPRESS FEDERAL COM #504H,Matador,30,Lea,BS2_S,BS2_S,keep,False,,False,10400.0,True,10397.0,2023-04-12,104490.0,10050.014427238626,786.3049095607236,True,-103.66677435,32.56572762,no_evidence,,,,BS3_C,none
3002549122,SHEBA FEDERAL COM #506H,Permian Resources,30,Lea,BS2_S,BS2_S,keep,False,,True,11253.0,False,7135.0,2021-10-15,317835.0,44545.90049053959,1673.7992983780894,True,-103.45269313,32.20023853,agree,,59.0,59.0,BS2_S,none
3002549142,JEFF HART FEDERAL COM #121H,Matador,30,Lea,BS2_S,BS2_S,keep,False,,True,10460.0,False,9884.0,2022-08-23,228391.0,23107.14285714286,1602.0202197109343,True,-103.43120905,32.28348299,off_band,,310.0,,BS2_S,none
3002549143,JEFF HART FEDERAL COM #122H,Matador,30,Lea,BS2_S,BS2_S,keep,False,,True,10434.0,False,9897.0,2022-08-31,246799.0,24936.748509649387,1592.4173112532872,True,-103.4269436,32.28359131,off_band,,284.0,,BS2_S,none
3002549144,JEFF HART FEDERAL COM #123H,Matador,30,Lea,BS2_S,BS2_S,keep,False,,True,10431.0,False,9891.0,2022-09-11,252908.0,25569.5076332019,2145.527227292138,True,-103.42017034,32.28359044,off_band,,578.0,,BS2_S,none
3002549153,INLAND 26 23 B2ML STATE COM #001H,Mewbourne,30,Lea,BS2_S,BS2_S,keep,False,,True,10384.0,False,7244.0,2021-12-01,153522.0,21192.987299834345,2018.9484243300635,True,-103.44773576,32.45417383,agree,,28.0,28.0,BS2_S,none
3002549160,LEA SOUTH 25 FEDERAL COM 2BS #009H,Permian Resources,30,Lea,BS2_S,BS2_S,keep,True,,False,10684.0,False,5139.0,2021-09-16,184813.0,35962.83323603814,614.9350965570604,False,-103.52059241,32.54404071,agree,,79.5,79.5,BS2_S,none
3002549183,MARGARITA 13 FEDERAL COM #010H,Matador,30,Lea,BS2_S,BS2_S,keep,False,,True,10900.0,True,11136.0,2023-08-13,320945.0,28820.49209770115,1148.555048372774,True,-103.63055917,32.46551453,off_band,,592.0,,BS2_S,none
3002549184,MARGARITA 13 FEDERAL COM #011H,Matador,30,Lea,BS2_S,BS2_S,keep,False,,True,10900.0,True,11119.0,2023-08-19,282036.0,25365.23068621279,1572.2921896495484,True,-103.62631379,32.46534416,off_band,,592.0,,BS2_S,none
3002549185,MARGARITA 13 FEDERAL COM #012H,Matador,30,Lea,BS2_S,BS2_S,keep,True,,False,10478.0,False,12658.0,2023-08-29,172304.0,13612.261020698374,1655.1792181261028,True,-103.62209319,32.46756588,off_band,,428.0,510.0,BS2_S,none
3002549192,INLAND 26 23 B2NK STATE COM #001H,Mewbourne,30,Lea,BS2_S,BS2_S,keep,False,,True,10379.0,False,7384.0,2022-01-01,171767.0,23262.05308775731,1837.1223808997072,True,-103.44236667,32.45383965,agree,,27.0,27.0,BS2_S,none
3002549222,BRIDGE STATE UNIT 29 #501H,Permian Resources,30,Lea,BS2_S,BS2_S,keep,True,,False,10411.0,False,10254.0,2021-10-29,198600.0,19368.051492100643,2233.872104733132,True,-103.3964305,32.37013,off_band,,631.0,,BS2_S,none
3002549223,BRIDGE STATE UNIT 29 #502H,Permian Resources,30,Lea,BS2_S,BS2_S,keep,True,,False,10395.0,False,10273.0,2021-10-29,232737.0,22655.212693468315,1851.398789191233,True,-103.39458317,32.37024389,off_band,,615.0,,BS2_S,none
3002549234,DIAMOND 31 FEDERAL COM #501H,EOG,30,Lea,BS2_S,BS2_S,keep,False,,True,10864.0,False,7314.0,2022-05-31,143620.0,19636.313918512442,1962.5609246623033,True,-103.51643281,32.17827547,off_band,,234.5,290.5,BS2_C,none
3002549235,DIAMOND 31 FEDERAL COM #502H,EOG,30,Lea,BS2_S,BS2_S,keep,True,,False,10940.0,False,7421.0,2022-05-31,152261.0,20517.58523110093,1737.4639599109423,True,-103.5139679,32.1781023,agree,,212.0,212.0,BS2_S,none
3002549236,DIAMOND 31 FEDERAL COM #503H,EOG,30,Lea,BS2_S,BS2_S,keep,False,,True,11000.0,True,9950.0,2022-05-31,255008.0,25628.94472361809,1861.4553268917055,True,-103.50905456,32.18170926,agree,,141.5,141.5,BS2_S,none
3002549237,DIAMOND 31 FEDERAL COM #504H,EOG,30,Lea,BS2_S,BS2_S,keep,False,,True,10864.0,False,7441.0,2022-05-26,340024.0,45696.008600994486,1714.9936475072348,True,-103.50980608,32.1780299,off_band,,254.5,278.0,BS2_C,none
3002549238,DILLON 31 FEDERAL COM #502H,EOG,30,Lea,BS2_S,BS2_S,keep,False,,True,11075.0,False,7275.0,2023-01-14,180613.0,24826.529209621993,2162.684856571786,True,-103.50338544,32.1784306,agree,,55.5,55.5,BS2_S,none
3002549239,DILLON 31 FEDERAL COM #503H,EOG,30,Lea,BS2_S,BS2_S,keep,True,,False,11075.0,False,7290.0,2023-01-14,176379.0,24194.650205761318,2197.2116861984705,True,-103.5057831,32.17834983,agree,,66.5,66.5,BS2_S,none
3002549240,DILLON 31 FEDERAL COM #504H,EOG,30,Lea,BS2_S,BS2_S,keep,True,,False,11158.0,False,7416.0,2023-01-14,265010.0,35734.8975188781,2142.6323534960943,True,-103.50763636,32.17818445,agree,,17.0,17.0,BS2_S,none
3002549264,BROADSIDE 13 24 FEDERAL COM #025H,Devon,30,Lea,BS2_S,BS2_S,keep,True,,False,11210.0,False,10277.0,2022-03-01,216972.0,21112.386883331714,3633.4688346883468,True,-103.52048801,32.21076385,off_band,,604.0,,BS2_S,none
3002549267,CABRA NINO 14 11 B2MD STATE COM #001H,Mewbourne,30,Lea,BS2_S,BS2_S,keep,True,,False,10334.0,False,9863.0,2022-04-01,414456.0,42021.29169623846,1494.3950624432991,True,-103.44811259,32.39971493,off_band,,716.0,,BS2_S,none
3002549268,CABRA NINO 14 11 B2MD STATE COM #002H,Mewbourne,30,Lea,BS2_S,BS2_S,keep,True,,False,10045.0,False,10230.0,2022-04-01,363047.0,35488.46529814272,1753.0429944332277,True,-103.44503266,32.39918057,agree,,318.5,318.5,BS2_S,none
3002549269,CABRA NINO 14 11 B2NC STATE COM #001H,Mewbourne,30,Lea,BS2_S,BS2_S,keep,False,,True,10338.0,False,9891.0,2022-04-01,367101.0,37114.64968152866,1552.8178893547008,True,-103.44213197,32.39947935,agree,,10.0,10.0,BS2_S,none
3002549270,DAGGER LAKE SOUTH 8 FEDERAL COM #504H,Matador,30,Lea,BS2_S,BS2_S,keep,True,,False,10905.0,False,7207.0,2024-04-25,160009.0,22201.887054252813,1202.3698666949983,True,-103.59916287,32.41084074,off_band,,419.0,,BS2_S,none
3002549280,DRAGON 36 STATE #504H,EOG,30,Lea,BS2_S,BS2_S,keep,True,,False,11234.0,False,4812.0,2022-01-19,100371.0,20858.47880299252,2101.4436440804616,False,-103.52480346,32.17524645,off_band,,570.0,,BS2_S,none
3002549281,DRAGON 36 STATE #505H,EOG,30,Lea,BS2_S,BS2_S,keep,True,,False,11157.0,False,4836.0,2022-01-20,97406.0,20141.85277088503,2162.6696507402007,False,-103.52598125,32.17510885,off_band,,462.0,,BS2_S,none
3002549282,DRAGON 36 STATE #509H,EOG,30,Lea,BS2_S,BS2_S,keep,True,,False,11206.0,False,4810.0,2022-01-20,79840.0,16598.7525987526,2241.0445891783565,False,-103.53041229,32.17453228,off_band,,511.0,,BS2_S,none
3002549283,DRAGON 36 STATE #510H,EOG,30,Lea,BS2_S,BS2_S,keep,True,,False,11266.0,False,4836.0,2022-01-18,115238.0,23829.197684036393,1902.9226470435099,False,-103.53350271,32.17402373,off_band,,550.5,,BS2_S,none
3002549288,EIDER 35 FEDERAL COM #502H,ConocoPhillips,30,Lea,BS2_S,BS2_S,keep,True,,False,10634.0,False,15114.0,2023-06-21,452122.0,29914.11935953421,2517.490854238458,False,-103.64872421,32.18934317,off_band,,629.0,,BS2_S,none
3002549305,JENNINGS 27 B2AP FEDERAL COM #001H,Mewbourne,30,Lea,BS2_S,BS2_S,keep,True,,False,10469.0,False,4517.0,2022-02-01,129987.0,28777.285809165372,2983.967627531984,False,-103.65575743,32.10069974,off_band,,287.0,,BS2_S,none
3002549308,VACA DRAW 9418 10 FEDERAL #028H,BTA Oil,30,Lea,BS2_S,BS2_S,keep,False,,True,10869.0,False,4627.0,2024-08-01,124176.0,26837.259563432028,1306.0092127303183,False,-103.55288429,32.14433045,off_band,,257.5,,BS2_S,none
3002549310,VACA DRAW 9418 10 FEDERAL #030H,BTA Oil,30,Lea,BS2_S,BS2_S,keep,False,,True,11116.0,False,4737.0,2024-08-01,120912.0,25525.015832805573,1110.3695249437608,False,-103.55491916,32.14433323,off_band,,299.0,,BS2_S,none
3002549314,VACA DRAW 9418 10 FEDERAL #034H,BTA Oil,30,Lea,BS2_S,BS2_S,keep,True,,False,10575.0,False,5125.0,2024-07-30,127628.0,24903.024390243903,1256.0018177829315,False,-103.55863452,32.14492846,ambiguous_lith,BS2_C,18.0,,BS2_S,none
3002549317,VACA DRAW 9418 10 FEDERAL #037H,BTA Oil,30,Lea,BS2_S,BS2_S,keep,True,,False,11159.0,False,4739.0,2023-05-16,154459.0,32593.163114581137,1280.093746560576,False,-103.5625172,32.1449301,off_band,,256.0,,BS2_S,none
3002549319,VACA DRAW 9418 10 FEDERAL #039H,BTA Oil,30,Lea,BS2_S,BS2_S,keep,True,,False,10876.0,False,4850.0,2022-11-08,139956.0,28856.907216494845,1188.087684700906,False,-103.56556697,32.14474345,off_band,,286.0,,BS2_S,none
3002549330,GOLDEN TEE 31 FEDERAL COM #502H,Devon,30,Lea,BS2_S,BS2_S,keep,True,,False,10592.0,False,7777.0,2022-01-02,147555.0,18973.254468303974,2094.2834875131307,True,-103.41114143,32.34473883,agree,,73.0,73.0,BS2_S,none
3002549331,GOLDEN TEE 31 FEDERAL COM #505H,Devon,30,Lea,BS2_S,BS2_S,keep,True,,False,10590.0,False,7212.0,2022-12-20,96224.0,13342.207432057683,1407.5386597938145,True,-103.40321431,32.34365411,agree,,26.0,26.0,BS2_S,none
3002549332,GOLDEN TEE 31 FEDERAL COM #506H,Devon,30,Lea,BS2_S,BS2_S,keep,False,,False,10500.0,True,7194.0,2022-12-20,134903.0,18752.15457325549,1738.286027738449,True,-103.39924677,32.34468864,agree,,91.0,91.0,BS2_S,none
3002549345,DILLON 31 FEDERAL COM #501H,EOG,30,Lea,BS2_S,BS2_S,keep,True,,False,11075.0,False,7290.0,2023-01-14,271954.0,37305.07544581618,1552.1338167484207,True,-103.50151979,32.17845365,agree,,55.5,55.5,BS2_S,none
3002549363,WINTERFELL 5 6 B2IJ FEDERAL COM #001H,Mewbourne,30,Lea,BS2_S,BS2_S,keep,False,,True,8692.0,False,7374.0,2021-10-15,294871.0,39987.93056685652,1038.8814091585812,True,-103.79339068,32.77479097,no_evidence,,,,BS2_S,none
3002549365,GOLDEN TEE 31 FEDERAL COM #501H,Devon,30,Lea,BS2_S,BS2_S,keep,True,,False,10620.0,False,7492.0,2022-01-02,131181.0,17509.476775226907,2169.773061647647,True,-103.41362582,32.34421319,agree,,103.0,103.0,BS2_S,none
3002549382,UNCLE CHES 21 16 FEDERAL COM #125H,Matador,30,Lea,BS2_S,BS2_S,keep,True,,False,10757.0,False,9879.0,2022-01-16,309481.0,31327.15861929345,720.3770182983769,True,-103.46980629,32.56614273,agree,,65.0,65.0,BS2_S,none
3002549403,RODNEY ROBINSON FEDERAL COM #023H,Matador,30,Lea,BS2_S,BS2_S,keep,True,,False,10654.0,False,10082.0,2023-03-03,151172.0,14994.247173179925,1778.8677797475723,True,-103.6093069,32.32710587,off_band,,845.0,,BS2_S,none
3002549404,ANDERSON FEDERAL COM #506H,Matador,30,Lea,BS2_S,BS2_S,keep,False,,True,10450.0,False,6402.0,2022-06-15,268420.0,41927.52264917213,1679.1371730869532,True,-103.64839029,32.43724291,off_band,,206.0,269.0,BS2_C,none
3002549406,GOLDEN TEE 31 FEDERAL COM #504H,Devon,30,Lea,BS2_S,BS2_S,keep,False,,True,10500.0,True,7000.0,2022-12-20,94372.0,13481.714285714286,1429.9368456745644,True,-103.40873199,32.34461179,agree,,36.0,36.0,BS2_S,none
3002549416,SPANISH BAY 18 19 FEDERAL COM #521H,Mewbourne,30,Lea,BS2_S,BS2_S,keep,False,,True,9939.0,False,9700.0,2024-01-15,263754.0,27191.134020618556,804.7991689225566,True,-103.70954401,32.65305112,agree,,28.0,28.0,BS2_S,none
3002549422,NORTH WILSON DEEP UNIT #003H,Mewbourne,30,Lea,BS2_S,BS2_S,keep,False,,True,10123.0,False,10371.0,2022-03-01,206717.0,19932.214829813904,1167.8768557980234,True,-103.39681486,32.46463266,agree,,21.5,21.5,BS2_S,none
3002549423,NORTH WILSON DEEP UNIT #004H,Mewbourne,30,Lea,BS2_S,BS2_S,keep,False,,True,9910.0,False,10150.0,2022-03-01,162031.0,15963.645320197043,1239.8059630564521,True,-103.39241922,32.46469729,agree,,294.0,294.0,BS2_S,none
3002549428,ANDERSON FEDERAL COM #505H,Matador,30,Lea,BS2_S,BS2_S,keep,False,,True,10450.0,False,7759.0,2022-05-01,231925.0,29891.0942131718,1375.9232510509862,True,-103.65266405,32.43891631,off_band,,206.0,240.0,BS2_C,none
3002549435,BLACK SHEEP 4 33 B2NC FEDERAL COM #001H,Mewbourne,30,Lea,BS2_S,BS2_S,keep,False,,True,10592.0,False,9970.0,2022-08-01,149837.0,15028.786359077232,1400.768835467875,True,-103.47915605,32.42855213,no_evidence,,,,BS2_S,none
3002549437,BLACK SHEEP 4 33 B2OB FEDERAL COM #001H,Mewbourne,30,Lea,BS2_S,BS2_S,keep,False,,True,10322.0,False,9975.0,2022-10-01,209418.0,20994.285714285714,1974.3813807791116,True,-103.47063276,32.42855996,no_evidence,,,,BS2_S,none
3002549439,BLACK SHEEP 4 B2MD FEDERAL COM #002H,Mewbourne,30,Lea,BS2_S,BS2_S,keep,False,,True,10612.0,False,4645.0,2022-09-01,133417.0,28722.7125941873,994.7532923090761,False,-103.48199127,32.42149088,no_evidence,,,,BS2_S,none
3002549440,BLACK SHEEP 4 B2PA FEDERAL COM #002H,Mewbourne,30,Lea,BS2_S,BS2_S,keep,False,,True,10349.0,False,4644.0,2022-10-08,218476.0,47044.78897502153,1881.6391731814936,False,-103.46777404,32.42140127,no_evidence,,,,BS2_S,none
3002549444,INGA 33 FEDERAL COM #516H,EOG,30,Lea,BS2_S,BS2_S,keep,True,,False,10513.0,False,7098.0,2024-08-07,171040.0,24096.92871231333,1898.643592142189,True,-103.68670665,32.24925058,off_band,,622.0,,BS2_S,none
3002549448,INGA 33 FEDERAL COM #515H,EOG,30,Lea,BS2_S,BS2_S,keep,True,,False,10512.0,False,7104.0,2024-08-12,191614.0,26972.691441441442,1693.6340768419843,True,-103.6839536,32.24916481,off_band,,621.0,,BS2_S,none
3002549450,INGA 33 FEDERAL COM #514H,EOG,30,Lea,BS2_S,BS2_S,keep,True,,False,10503.0,False,6838.0,2024-08-12,182506.0,26689.967826849956,1777.8593580485026,True,-103.6797256,32.24884175,off_band,,612.0,,BS2_S,none
3002549452,INGA 33 FEDERAL COM #523H,EOG,30,Lea,BS2_S,BS2_S,keep,True,,False,10646.0,False,6835.0,2024-08-07,117011.0,17119.38551572787,1459.2388749775662,True,-103.6780598,32.24881667,off_band,,618.0,,BS2_S,none
3002549463,SAKER 6 7 FEDERAL #023H,Occidental,30,Lea,BS2_S,BS2_S,keep,False,,True,10740.0,False,9933.0,2026-07-01,,,,False,-103.41411927,32.23857481,off_band,,573.0,,BS2_S,none
3002549464,SAKER 6 7 FEDERAL #024H,Occidental,30,Lea,BS2_S,BS2_S,keep,False,,False,10715.0,False,10370.0,2026-06-22,,,,False,-103.40984,32.2390505,off_band,,1470.0,,BS2_S,none
3002549466,AUDACIOUS 19 FEDERAL #513H,EOG,30,Lea,BS2_S,BS2_S,keep,True,,False,10696.0,False,7213.0,2022-01-02,173130.0,24002.4954942465,2641.997343037024,True,-103.61887309,32.10466412,off_band,,858.0,,BS3_S,none
3002549495,DRAGON 36 STATE #507H,EOG,30,Lea,BS2_S,BS2_S,keep,True,,False,10973.0,False,4860.0,2022-01-21,124743.0,25667.283950617286,2480.8927154229095,False,-103.52901667,32.17438856,off_band,,303.5,,BS2_S,none
3002549496,DRAGON 36 STATE #508H,EOG,30,Lea,BS2_S,BS2_S,keep,True,,False,10920.0,False,4835.0,2022-01-20,133929.0,27699.896587383664,2070.880839847979,False,-103.5319658,32.1748722,off_band,,250.5,,BS2_S,none
3002549506,LOCO DINERO 36 STATE COM #007H,Marshall & Winston,30,Lea,BS2_S,BS2_S,keep,True,,False,10974.0,False,4768.0,2022-07-21,141803.0,29740.56208053691,1210.171858141224,False,-103.52421199,32.43487356,agree,,33.0,33.0,BS2_S,none
3002549533,EASTWATCH 4 3 B2EH FEDERAL COM #001H,Mewbourne,30,Lea,BS2_S,BS2_S,keep,True,,False,8550.0,False,10128.0,2022-01-15,329321.0,32515.896524486572,1056.580054111338,True,-103.76246913,32.77812791,no_evidence,,,,BS2_S,none
3002549534,SPANISH BAY 18 19 FEDERAL COM #523H,Mewbourne,30,Lea,BS2_S,BS2_S,keep,False,,True,9940.0,False,9901.0,2024-01-15,403150.0,40718.10928189072,823.9861093885651,True,-103.70499167,32.65278722,agree,,28.5,28.5,BS2_S,none
3002549540,CATTLEMEN FEDERAL COM #212H,Permian Resources,30,Lea,BS2_S,BS2_S,keep,True,,False,11157.0,False,7473.0,2023-05-18,129823.0,17372.27351799813,5480.746863036596,True,-103.39056264,32.03199104,agree,,58.0,58.0,BS2_S,none
3002549553,FRIZZLE FRY BS FEDERAL COM #501H,ConocoPhillips,30,Lea,BS2_S,BS2_S,keep,True,,False,10713.0,False,9493.0,2024-08-12,244056.0,25709.048772779945,1205.0676893827647,True,-103.67006861,32.38564791,off_band,,1539.0,,BS2_S,none
3002549555,FRIZZLE FRY BS FEDERAL COM #502H,ConocoPhillips,30,Lea,BS2_S,BS2_S,keep,False,,True,10677.0,False,9910.0,2024-08-12,305844.0,30862.15943491423,1155.1084866794836,True,-103.66791379,32.38504767,off_band,,1575.0,,BS2_S,none
3002549557,DAGGER LAKE SOUTH 8 FEDERAL COM #512H,Matador,30,Lea,BS2_S,BS2_S,keep,True,,False,10627.0,False,7304.0,2024-04-30,230365.0,31539.56736035049,1066.7983417619864,True,-103.59058876,32.41054155,off_band,,639.0,,BS2_S,none
3002549561,DAGGER LAKE SOUTH 8 FEDERAL COM #556H,Matador,30,Lea,BS2_S,BS2_S,keep,True,,False,10947.0,False,7571.0,2024-04-30,171922.0,22707.964601769912,1211.1946115098708,True,-103.59243535,32.41020525,off_band,,357.5,,BS2_S,none
3002549580,CHIMICHANGAS 12 STATE COM #501H,Permian Resources,30,Lea,BS2_S,BS2_S,keep,False,,True,10320.0,False,9829.0,2022-01-15,163803.0,16665.276223420493,1778.6670573799015,True,-103.42195117,32.39829207,agree,,147.0,147.0,BS2_S,none
3002549581,CHIMICHANGAS 12 STATE COM #502H,Permian Resources,30,Lea,BS2_S,BS2_S,keep,False,,True,10340.0,False,9920.0,2022-01-15,273060.0,27526.209677419356,1712.429502673405,True,-103.41910116,32.39825536,agree,,135.5,135.5,BS2_S,none
3002549582,CHIMICHANGAS 12 STATE COM #503H,Permian Resources,30,Lea,BS2_S,BS2_S,keep,False,,True,10360.0,False,9418.0,2022-01-15,263507.0,27979.08260777235,1356.3510646775987,True,-103.41625466,32.39794926,agree,,107.0,107.0,BS2_S,none
3002549583,QUESO BLANCO 13 STATE COM #501H,Permian Resources,30,Lea,BS2_S,BS2_S,keep,False,,True,10393.0,False,7156.0,2022-01-15,168117.0,23493.15259921744,1355.8236228340977,True,-103.43063328,32.39617358,off_band,,750.0,,BS2_S,none
3002549584,QUESO BLANCO 13 STATE COM #502H,Permian Resources,30,Lea,BS2_S,BS2_S,keep,False,,True,10187.0,False,7135.0,2022-01-15,151791.0,21274.14155571128,1487.3740867376853,True,-103.42762307,32.39608076,off_band,,531.0,,BS2_S,none
3002549585,QUESO BLANCO 13 STATE COM #503H,Permian Resources,30,Lea,BS2_S,BS2_S,keep,True,,False,10370.0,False,6491.0,2022-01-15,173875.0,26787.089816669235,1732.3191948238677,True,-103.42588689,32.39706213,off_band,,699.0,,BS2_S,none
3002549601,EASTWATCH 4 3 B2DA FEDERAL COM #001H,Mewbourne,30,Lea,BS2_S,BS2_S,keep,False,,True,8338.0,False,9920.0,2022-03-03,333068.0,33575.403225806454,1069.8415939087513,True,-103.76196919,32.78224962,no_evidence,,,,BS2_S,none
3002549627,NINA CORTELL FEDERAL COM #125H,Matador,30,Lea,BS2_S,BS2_S,keep,True,,False,10870.0,False,10070.0,2022-03-18,235117.0,23348.262164846077,1388.7256132053403,True,-103.66889796,32.41351794,agree,,22.0,22.0,BS2_S,none
3002549632,YUKON 20 FEDERAL COM #506H,EOG,30,Lea,BS2_S,BS2_S,keep,True,,False,11148.0,False,10061.0,2022-04-15,223016.0,22166.385051187757,1372.5607131326901,True,-103.49313177,32.19506706,agree,,42.0,42.0,BS2_S,none
3002549658,ANDERSON FEDERAL COM #702H,Matador,30,Lea,WCA_1,BS2_S,reassign,True,card verdict AGREE (WCA->BS2_S),False,10697.0,False,8068.0,2022-05-01,140479.0,17411.874070401587,2121.8687490656966,True,-103.64848905,32.43852961,flag,BS2_S,22.0,1323.0,BS2_S,own
3002549693,RAM 3 B2NC STATE COM #001H,Mewbourne,30,Lea,BS2_S,BS2_S,keep,False,,True,10109.0,False,4665.0,2022-08-03,134984.0,28935.476956055732,1674.4132637942275,False,-103.45918671,32.4215027,no_evidence,,,,BS2_S,none
3002549694,RAM 3 B2OB STATE COM #002H,Mewbourne,30,Lea,BS2_S,BS2_S,keep,False,,True,10109.0,False,4681.0,2022-08-09,73304.0,15659.901730399488,2638.846447669977,False,-103.45362589,32.42147304,off_band,,1093.0,,BS2_S,none
3002549695,RAM 3 B2OB STATE COM #003H,Mewbourne,30,Lea,BS2_S,BS2_S,keep,True,,False,10279.0,False,5056.0,2022-08-05,108934.0,21545.49050632911,2262.727890282189,False,-103.45642518,32.42096736,off_band,,923.0,,BS2_S,none
3002549700,FLORENCE 2314 STATE #123H,Matador,30,Lea,BS2_S,BS2_S,keep,False,,True,10200.0,True,9876.0,2022-08-12,191384.0,19378.695828270556,1159.934999790996,True,-103.43976859,32.29806389,agree,,241.5,241.5,BS2_S,none
3002549701,FLORENCE 2314 STATE #124H,Matador,30,Lea,BS2_S,BS2_S,keep,False,,False,10200.0,True,10353.0,2022-08-17,213118.0,20585.144402588623,1206.3692414530917,True,-103.43611261,32.29751946,off_band,,1168.0,,BS2_S,none
3002549709,SQUEEZE 2 STATE COM #003H,Permian Resources,30,Lea,BS2_S,BS2_S,keep,True,,False,10226.0,False,4698.0,2023-01-10,121598.0,25882.92890591741,2283.6230859060183,False,-103.4459645,32.42120825,agree,,115.0,115.0,BS2_S,none
3002549711,SQUEEZE 2 STATE COM #005H,Permian Resources,30,Lea,BS2_S,BS2_S,keep,False,,True,10325.0,False,4500.0,2023-01-06,178968.0,39770.666666666664,1406.1061195297484,False,-103.44168381,32.4213109,agree,,6.0,6.0,BS2_S,none
3002549712,BEL AIR 5 8 2BS FEDERAL COM #005H,Permian Resources,30,Lea,BS2_S,BS2_S,keep,True,,False,9921.0,False,8982.0,2022-06-29,206115.0,22947.56179024716,714.2469010018679,True,-103.69248255,32.68145042,agree,,45.0,45.0,BS2_S,none
3002549713,BEL AIR 5 8 2BS FEDERAL COM #006H,Permian Resources,30,Lea,BS2_S,BS2_S,keep,False,,True,10060.0,False,9891.0,2022-06-29,153289.0,15497.826306743504,571.9914670980958,True,-103.6881824,32.68130687,agree,,107.5,107.5,BS2_S,none
3002549715,WOOL HEAD 20 STATE COM #502H,Matador,30,Lea,BS2_S,BS2_S,keep,False,,True,10930.0,False,7256.0,2022-08-19,69803.0,9620.038588754134,1088.0048135466957,True,-103.59995445,32.46857877,off_band,,423.5,,BS2_S,none
3002549724,VACA DRAW 9418 10 FEDERAL #041H,BTA Oil,30,Lea,BS2_S,BS2_S,keep,False,,True,11095.0,False,4768.0,2022-11-09,112647.0,23625.62919463087,1571.910481415395,False,-103.56755265,32.14453965,off_band,,320.0,,BS2_S,none
3002549727,LOCO DINERO 36 STATE COM #009H,Marshall & Winston,30,Lea,BS2_S,BS2_S,keep,True,,False,10981.0,False,4759.0,2022-07-02,153035.0,32156.965749106952,1166.1776717744308,False,-103.52886325,32.43480185,agree,,23.5,23.5,BS2_S,none
3002549729,DIAMOND 31 FEDERAL COM #507H,EOG,30,Lea,BS2_S,BS2_S,keep,True,,False,11172.0,False,7434.0,2022-05-31,199147.0,26788.673661555018,1880.460162593461,True,-103.51255726,32.17812133,agree,,30.5,30.5,BS2_S,none
3002549737,CHEDDAR FEDERAL COM #502H,Permian Resources,30,Lea,BS2_S,BS2_S,keep,False,,True,10600.0,True,9654.0,2022-08-05,175217.0,18149.67888957945,1426.7394145545238,True,-103.70128913,32.42888003,agree,,72.0,72.0,BS2_S,none
3002549756,CO VIPER 4 33 FEDERAL #401H,Chevron,30,Lea,BS2_S,BS2_S,keep,False,,False,,False,8733.0,2023-12-01,216666.0,24810.030917210577,3754.262320807141,True,-103.67862687,32.16917443,no_position,,,,,none
3002549758,CO VIPER 4 33 FEDERAL #403H,Chevron,30,Lea,BS2_S,BS2_S,keep,False,,True,10457.0,False,8773.0,2023-12-01,379837.0,43296.135871423685,2356.497655573312,True,-103.67419581,32.16917443,off_band,,318.0,,BS2_S,none
3002549759,OUTLAND STATE UNIT #011H,Permian Resources,30,Lea,BS2_S,BS2_S,keep,True,,False,10630.0,False,7003.0,2023-08-16,196918.0,28119.091817792374,835.7488904010806,True,-103.44742026,32.49781065,off_band,,979.0,,BS2_S,none
3002549760,OUTLAND STATE UNIT #012H,Permian Resources,30,Lea,BS2_S,BS2_S,keep,True,,False,10553.0,False,6854.0,2023-08-16,206572.0,30138.89699445579,990.4198052010921,True,-103.44266254,32.49812468,off_band,,902.0,,BS2_S,none
3002549770,QUIJOTE 2 STATE COM #502H,EOG,30,Lea,BS2_S,BS2_S,keep,True,,False,10506.0,False,4783.0,2022-07-06,135877.0,28408.32113736149,3728.136476372013,False,-103.6397385,32.0720063,agree,,392.0,392.0,BS2_S,none
3002549772,QUIJOTE 2 STATE COM #504H,EOG,30,Lea,BS2_S,BS2_S,keep,True,,False,10501.0,False,4883.0,2022-07-07,117565.0,24076.38746672128,3860.5877599625737,False,-103.64325345,32.07198389,agree,,398.0,398.0,BS2_S,none
3002549773,QUIJOTE 2 STATE COM #505H,EOG,30,Lea,BS2_S,BS2_S,keep,True,,False,10851.0,False,4687.0,2022-07-06,119795.0,25558.992959248986,3493.150799282107,False,-103.64399378,32.07176465,off_band,,1148.5,,BS3_C,none
3002549782,CO GRIZZLY 3 34 FEDERAL #404H,Chevron,30,Lea,BS2_S,BS2_S,keep,False,,False,,False,10135.0,2023-08-09,226070.0,22305.870744943266,1847.9143628079798,True,-103.66821745,32.1663102,no_position,,,,,none
3002549783,CO GRIZZLY 3 34 FEDERAL #405H,Chevron,30,Lea,BS2_S,BS2_S,keep,False,,True,10481.0,False,10784.0,2023-08-09,281837.0,26134.736646884274,1679.013046548182,True,-103.66676326,32.16636543,off_band,,294.0,,BS2_S,none
3002549805,MANDELBAUM FEE #122H,SM Energy,30,Lea,BS2_S,BS2_S,keep,True,,False,11029.0,False,4886.0,2022-06-01,256393.0,52475.03069995906,1722.675736077038,False,-103.44357119,32.23226918,off_band,,1300.0,,BS3_C,none
3002549806,MANDELBAUM FEE #126H,SM Energy,30,Lea,BS2_S,BS2_S,keep,True,,False,11009.0,False,4979.0,2022-06-01,172859.0,34717.61397871058,2086.4519637392327,False,-103.43923155,32.23215264,off_band,,1546.0,,BS2_S,none
3002549869,TATANKA FEDERAL COM #651H,Devon,30,Lea,BS2_S,BS2_S,keep,False,,True,10770.0,False,9587.0,2025-10-01,,,,False,-103.34563358,32.06425304,no_evidence,,,,BS2_S,none
3002549870,TATANKA FEDERAL COM #652H,Devon,30,Lea,BS2_S,BS2_S,keep,False,,True,10739.0,False,9829.0,2025-10-01,,,,False,-103.34080406,32.06435709,no_evidence,,,,BS2_S,none
3002549872,TATANKA FEDERAL COM #654H,Devon,30,Lea,BS2_S,BS2_S,keep,False,,True,10710.0,False,9618.0,2025-10-01,,,,False,-103.33100758,32.06418314,no_evidence,,,,BS2_C,none
3002549898,SD 29 26 33 FEDERAL COM #421H,Chevron,30,Lea,BS2_S,BS2_S,keep,False,,True,10895.0,False,7192.0,2024-08-10,259424.0,36071.190211345944,1645.7767978290367,True,-103.60101451,32.01032085,agree,,181.0,181.0,BS2_S,none
3002549899,SD 29 26 33 FEDERAL COM #422H,Chevron,30,Lea,BS2_S,BS2_S,keep,True,,False,10658.0,False,7169.0,2024-08-10,281352.0,39245.64095410796,1809.4415536409906,True,-103.59818135,32.01018615,off_band,,480.0,,BS2_S,none
3002549900,SD 29 26 33 FEDERAL COM #423H,Chevron,30,Lea,BS2_S,BS2_S,keep,True,,False,10811.0,False,7014.0,2024-08-10,225191.0,32105.930995152554,1905.839931435981,True,-103.59534184,32.00999293,off_band,,298.0,,BS2_S,none
3002549902,MARGARITA 12 STATE COM #501H,Permian Resources,30,Lea,BS2_S,BS2_S,keep,True,,False,10346.0,False,7375.0,2023-06-12,209008.0,28340.067796610172,1663.515272142693,True,-103.42101654,32.42490726,agree,,34.0,34.0,BS2_S,none
3002549903,MARGARITA 12 STATE COM #502H,Permian Resources,30,Lea,BS2_S,BS2_S,keep,True,,False,10312.0,False,7206.0,2023-06-07,184064.0,25543.15847904524,1370.9687934631434,True,-103.41740556,32.42528832,agree,,13.5,13.5,BS2_S,none
3002549906,DL 10 15 OGOPOGO FEDERAL COM #422H,Chevron,30,Lea,BS2_S,BS2_S,keep,True,,False,11024.0,False,12596.0,2023-04-27,203921.0,16189.345824071133,1258.178412228265,True,-103.55750363,32.38728066,off_band,,1519.5,,BS2_S,none
3002549907,DL 10 15 OGOPOGO FEDERAL COM #423H,Chevron,30,Lea,BS2_S,BS2_S,keep,True,,False,10743.0,False,12552.0,2023-04-24,137521.0,10956.102613129382,1221.180765119509,True,-103.55603514,32.38728066,off_band,,1238.5,,BS2_S,none
3002549908,DL 10 15 OGOPOGO FEDERAL COM #424H,Chevron,30,Lea,BS2_S,BS2_S,keep,True,,False,11040.0,False,10611.0,2023-04-26,221320.0,20857.60060314768,1350.3976143141153,True,-103.55544995,32.3898825,off_band,,1535.5,,BS2_S,none
3002549942,DAGGER STATE COM #518H,Matador,30,Lea,BS2_S,BS2_S,keep,True,,False,10366.0,False,7817.0,2022-10-24,69392.0,8877.062811820391,1985.7620474982707,True,-103.61020828,32.46067838,off_band,,313.0,,BS1_S,none
3002549949,MODELO 3 FEDERAL COM #530H,EOG,30,Lea,BS2_S,BS2_S,keep,True,,False,10506.0,False,7696.0,2022-09-24,392197.0,50961.14864864865,1794.5420286233705,True,-103.6662295,32.2283363,off_band,,591.0,,BS2_S,none
3002549950,YEAH YEAH FEDERAL COM #501H,ConocoPhillips,30,Lea,BS2_S,BS2_S,keep,True,,False,10284.0,False,8443.0,2023-10-17,179348.0,21242.21248371432,2257.1425385284474,True,-103.45033595,32.39614544,agree,,92.0,92.0,BS2_S,none
3002549951,YEAH YEAH FEDERAL COM #502H,ConocoPhillips,30,Lea,BS2_S,BS2_S,keep,True,,False,10503.0,False,10166.0,2023-10-19,281176.0,27658.469407830024,1741.222579452016,True,-103.45382294,32.39853005,agree,,141.0,141.0,BS2_S,none
3002549952,YEAH YEAH FEDERAL COM #503H,ConocoPhillips,30,Lea,BS2_S,BS2_S,keep,True,,False,10283.0,False,10009.0,2023-10-21,295156.0,29489.059846138472,2130.1650652536287,True,-103.45444209,32.39823786,agree,,82.0,82.0,BS2_S,none
3002549953,YEAH YEAH FEDERAL COM #504H,ConocoPhillips,30,Lea,BS2_S,BS2_S,keep,True,,False,10365.0,False,10331.0,2023-10-19,314968.0,30487.658503533054,1834.3768255822813,True,-103.46179511,32.39866031,off_band,,928.0,,BS2_S,none
3002549954,YEAH YEAH FEDERAL COM #505H,ConocoPhillips,30,Lea,BS2_S,BS2_S,keep,False,,True,10240.0,False,9990.0,2023-10-21,135773.0,13590.890890890892,2371.148902948303,True,-103.463151,32.39823956,off_band,,1053.0,,BS2_S,none
3002549955,YEAH YEAH FEDERAL COM #601H,ConocoPhillips,30,Lea,BS2_S,BS2_S,keep,True,,False,10471.0,False,10202.0,2023-10-23,385075.0,37745.049990198,1767.663442186587,True,-103.45391097,32.39853005,agree,,109.0,109.0,BS2_S,none
3002549956,YEAH YEAH FEDERAL COM #602H,ConocoPhillips,30,Lea,BS2_S,BS2_S,keep,True,,False,10306.0,False,9759.0,2023-10-17,403496.0,41346.03955323291,1970.0914011539148,True,-103.45934438,32.39791215,off_band,,693.0,,BS2_S,none
3002549959,CASTLE BLACK 6 1 B2KL FEDERAL COM #001H,Mewbourne,30,Lea,BS2_S,BS2_S,keep,False,,True,8674.0,False,7786.0,2022-12-05,277846.0,35685.332648343174,863.4531359098205,True,-103.81865534,32.77446615,no_evidence,,,,BS2_S,none
3002549966,MESCALERO 7 6 2BS FEDERAL COM #004H,Permian Resources,30,Lea,BS2_S,BS2_S,keep,True,,False,9725.0,False,10455.0,2023-05-01,201546.0,19277.47489239598,953.340676570113,True,-103.60227088,32.68238245,ambiguous_lith,BS2_C,28.0,,BS2_C,none
3002550019,JADE 34 3 2BS FEDERAL COM #013H,Permian Resources,30,Lea,BS2_S,BS2_S,keep,True,,False,10144.0,False,10062.0,2022-12-11,189329.0,18816.239316239316,743.0663025738265,True,-103.65362502,32.60897875,agree,,18.5,18.5,BS2_S,none
3002550023,JADE 34 3 FEDERAL COM #018H,Permian Resources,30,Lea,BS2_S,BS2_S,keep,False,,True,10191.0,False,9933.0,2024-02-03,227787.0,22932.346723044397,793.6361600969327,True,-103.64820313,32.6088147,agree,,47.0,47.0,BS2_S,none
3002550027,CAPER 20 29 B2AP FEDERAL COM #001H,Mewbourne,30,Lea,BS2_S,BS2_S,keep,True,,False,10529.0,False,10443.0,2023-03-11,234168.0,22423.441539787418,1331.2621707492058,True,-103.6898923,32.45705048,agree,,76.0,76.0,BS2_S,none
3002550087,SD 18 19 FEDERAL COM #423H,Chevron,30,Lea,BS2_S,BS2_S,keep,True,,False,10862.0,False,10154.0,2024-07-22,302761.0,29816.919440614536,1846.2483609183482,True,-103.61268708,32.03572635,agree,,39.5,39.5,BS2_S,none
3002550088,SD 18 19 FEDERAL COM #424H,Chevron,30,Lea,BS2_S,BS2_S,keep,True,,False,10862.0,False,10143.0,2024-07-22,344855.0,33999.30986887509,1877.8066143741573,True,-103.60952028,32.03571797,off_band,,726.0,,BS2_S,none
3002550089,SD 18 19 FEDERAL COM #425H,Chevron,30,Lea,BS2_S,BS2_S,keep,True,,False,10847.0,False,10178.0,2024-07-21,354414.0,34821.575948123405,2932.982331397744,True,-103.60805774,32.03571797,off_band,,711.0,,BS2_S,none
3002550096,KESTREL 1 12 FEDERAL #021H,Occidental,30,Lea,BS2_S,BS2_S,keep,False,,True,10757.0,False,9984.0,2026-07-19,,,,False,-103.42249428,32.23852823,off_band,,290.0,,BS2_S,none
3002550097,KESTREL 1 12 FEDERAL #022H,Occidental,30,Lea,BS2_S,BS2_S,keep,False,,True,10748.0,False,9946.0,2026-07-21,,,,False,-103.41854891,32.23842773,off_band,,281.0,,BS2_S,none
3002550100,DEE OSBORNE 1930 STATE COM #121H,Matador,30,Lea,BS2_S,BS2_S,keep,True,,False,10216.0,False,10408.0,2022-12-05,183127.0,17594.830899308225,1332.9656467915709,True,-103.412536,32.457141,agree,,17.0,17.0,BS2_S,none
3002550101,DEE OSBORNE 1930 STATE COM #122H,Matador,30,Lea,BS2_S,BS2_S,keep,False,,True,10207.0,False,9886.0,2022-12-04,139024.0,14062.714950434958,1221.15605938543,True,-103.40931439,32.45643179,agree,,6.0,6.0,BS2_S,none
3002550102,DEE OSBORNE 1930 STATE COM #123H,Matador,30,Lea,BS2_S,BS2_S,keep,True,,False,10204.0,False,9850.0,2022-12-06,214362.0,21762.639593908632,1256.668625969155,True,-103.4050583,32.4567186,agree,,4.0,4.0,BS2_S,none
3002550103,DEE OSBORNE 1930 STATE COM #124H,Matador,30,Lea,BS2_S,BS2_S,keep,False,,True,10186.0,False,9889.0,2022-12-06,192992.0,19515.82566488017,1172.623735698889,True,-103.4009779,32.45638191,agree,,19.0,19.0,BS2_S,none
3002550122,DOS EQUIS 12 13 FEDERAL COM #050H,Devon,30,Lea,BS2_S,BS2_S,keep,True,,False,10750.0,False,9555.0,2025-10-01,,,,False,-103.6321823,32.22470055,off_band,,629.0,,BS2_S,none
3002550136,DOS EQUIS 12 13 FEDERAL COM #077H,Devon,30,Lea,BS2_S,BS2_S,keep,True,,False,10831.0,False,9406.0,2024-08-10,275044.0,29241.335317882204,2126.0961882462443,True,-103.62831856,32.2237032,agree,,172.0,172.0,BS2_S,none
3002550138,DOS EQUIS 12 13 FEDERAL COM #089H,Devon,30,Lea,BS2_S,BS2_S,keep,True,,False,10750.0,False,10198.0,2024-08-03,284767.0,27923.80858991959,2123.406153100605,True,-103.6243182,32.22466162,agree,,253.0,253.0,BS2_S,none
3002550141,CO GRIZZLY 3 10 FEDERAL #418H,Chevron,30,Lea,BS2_S,BS2_S,keep,False,,True,10491.0,False,10514.0,2023-08-11,233941.0,22250.42800076089,1813.7008903954415,True,-103.65601744,32.15228008,agree,,76.0,76.0,BS2_S,none
3002550142,SD 18 19 FEDERAL COM #426H,Chevron,30,Lea,BS2_S,BS2_S,keep,True,,False,10835.0,False,9932.0,2024-07-21,317703.0,31987.817156665325,2474.6760339058806,True,-103.6066319,32.0356607,agree,,19.5,19.5,BS2_S,none
3002550156,BRIDGE STATE UNIT 29 #503H,Permian Resources,30,Lea,BS2_S,BS2_S,keep,True,,False,10569.0,False,9722.0,2022-12-04,205776.0,21166.0152232051,2071.44176191587,True,-103.389228,32.37085449,agree,,168.0,168.0,BS2_S,none
3002550157,BRIDGE STATE UNIT 29 #504H,Permian Resources,30,Lea,BS2_S,BS2_S,keep,False,,True,10546.0,False,9911.0,2022-12-10,232568.0,23465.64423367975,2063.598603419215,True,-103.38564348,32.37071329,off_band,,777.0,,BS2_S,none
3002550158,BRIDGE STATE UNIT 29 #505H,Permian Resources,30,Lea,BS2_S,BS2_S,keep,True,,False,10574.0,False,10398.0,2022-12-06,231651.0,22278.418926716677,1751.6781710417827,True,-103.38413535,32.37007553,off_band,,793.0,,BS2_S,none
3002550159,ERIC CARTMAN 31 STATE COM #504H,Permian Resources,30,Lea,BS2_S,BS2_S,keep,True,,False,10206.0,False,5378.0,2023-06-08,155202.0,28858.683525474153,1379.2476901070863,False,-103.402575,32.4354115,agree,,15.5,15.5,BS2_S,none
3002550160,ERIC CARTMAN 31 STATE COM #505H,Permian Resources,30,Lea,BS2_S,BS2_S,keep,True,,False,10214.0,False,5152.0,2023-06-08,137507.0,26690.023291925467,1319.8746245645675,False,-103.40106728,32.43542233,agree,,3.5,3.5,BS2_S,none
3002550161,ERIC CARTMAN 31 STATE COM #506H,Permian Resources,30,Lea,BS2_S,BS2_S,keep,False,,True,10333.0,False,12611.0,2023-06-08,226857.0,17988.819284751407,1105.2381015353285,True,-103.39931104,32.42383505,agree,,104.0,104.0,BS2_S,none
3002550162,JACKSON UNIT #822H,Jonah Energy,30,Lea,BS2_S,BS2_S,keep,True,,False,10928.0,False,10247.0,2022-12-01,138376.0,13504.049965843662,1397.5689425912008,True,-103.56131805,32.21033654,agree,,214.0,214.0,BS2_S,none
3002550163,JACKSON UNIT #823H,Jonah Energy,30,Lea,BS2_S,BS2_S,keep,True,,False,11058.0,False,10161.0,2022-05-15,105309.0,10364.038972542072,1107.113352135145,True,-103.55697247,32.21052465,off_band,,505.0,,BS2_S,none
3002550164,JACKSON UNIT #824H,Jonah Energy,30,Lea,BS2_S,BS2_S,keep,True,,False,10973.0,False,9972.0,2022-05-15,96487.0,9675.79221821099,1295.946604205748,True,-103.5526931,32.21054657,agree,,169.0,169.0,BS2_S,none
3002550172,NORTH WILSON DEEP UNIT #006H,Mewbourne,30,Lea,BS2_S,BS2_S,keep,True,,False,10085.0,False,10762.0,2022-09-03,179226.0,16653.59598587623,1582.387600013391,True,-103.3875436,32.4650205,no_evidence,,,,BS2_S,none
3002550173,NORTH WILSON DEEP UNIT #007H,Mewbourne,30,Lea,BS2_S,BS2_S,keep,False,,True,9845.0,False,10401.0,2022-09-02,252552.0,24281.511393135275,1738.5409737400614,True,-103.38327528,32.46444456,no_evidence,,,,BS2_S,none
3002550178,VACA DRAW 20 17 FEDERAL #047H,Devon,30,Lea,BS2_S,BS2_S,keep,True,,False,10764.0,False,10176.0,2023-03-13,272861.0,26814.170597484277,2308.996155551728,True,-103.59095479,32.12363491,off_band,,253.0,,BS2_S,none
3002550196,CONVOY 28 STATE COM #502H,EOG,30,Lea,BS2_S,BS2_S,keep,True,,False,10908.0,False,9969.0,2022-11-15,106016.0,10634.56715819039,1844.3253848475701,True,-103.57112469,32.18078587,agree,,184.5,184.5,BS2_S,none
3002550208,RED HILLS 32 5 FEDERAL COM #158H,Devon,30,Lea,BS2_S,BS2_S,keep,True,,False,11020.0,False,10220.0,2023-09-20,223477.0,21866.634050880628,2302.1697982342703,True,-103.59384311,32.07946636,off_band,,1058.0,,BS3_S,none
3002550209,RED HILLS 32 5 FEDERAL COM #159H,Devon,30,Lea,BS2_S,BS2_S,keep,False,,True,10900.0,True,9785.0,2023-09-20,216578.0,22133.673990802246,2552.3506542677464,True,-103.59251765,32.07933437,off_band,,938.0,,BS3_S,none
3002550215,MOZZARELLA FEDERAL COM #504H,Permian Resources,30,Lea,BS2_S,BS2_S,keep,True,,False,10666.0,False,10304.0,2023-10-16,269890.0,26192.740683229815,1479.0655452221276,True,-103.69751714,32.42795561,off_band,,590.0,,BS2_S,none
3002550232,SD 29 26 33 FEDERAL COM #426H,Chevron,30,Lea,BS2_S,BS2_S,keep,False,,True,10958.0,False,7231.0,2024-07-27,281181.0,38885.493016180335,2345.9266451147128,True,-103.5867978,32.01028935,off_band,,445.0,,BS2_S,none
3002550234,OUTRIDER 27 FEDERAL COM #103H,Exxon Mobil,30,Lea,BS2_S,BS2_S,keep,True,,False,10829.0,False,11831.0,2025-02-11,256202.0,21655.143267686588,2010.6127196509005,True,-103.6684427,32.1979007,off_band,,889.0,,BS2_S,none
3002550236,OUTRIDER 27 FEDERAL COM #114H,Exxon Mobil,30,Lea,BS2_S,BS2_S,keep,False,,True,10607.0,False,11734.0,2025-02-06,304125.0,25918.271689108573,2006.132346896835,True,-103.66737669,32.19771299,off_band,,667.0,,BS2_S,none
3002550238,MAD DOG 26 35 B2CN STATE COM #001H,Mewbourne,30,Lea,BS2_S,BS2_S,keep,True,,False,10523.0,False,10290.0,2023-02-03,338064.0,32853.644314868805,1460.069690946093,True,-103.44466143,32.26818801,no_evidence,,,,BS2_S,none
3002550239,MAD DOG 26 35 B2DM STATE COM #001H,Mewbourne,30,Lea,BS2_S,BS2_S,keep,True,,False,10465.0,False,9984.0,2023-02-03,184814.0,18511.01762820513,1351.2883223132446,True,-103.4516454,32.26814775,no_evidence,,,,BS2_S,none
3002550255,OUTRIDER 27 FEDERAL #512H,Exxon Mobil,30,Lea,BS2_S,BS2_S,keep,False,,True,10468.0,False,10458.0,2023-08-01,232499.0,22231.6886593995,2825.964842859539,True,-103.67365489,32.19582233,off_band,,528.0,,BS2_S,none
3002550256,OUTRIDER 28 FEDERAL COM #407H,Exxon Mobil,30,Lea,BS2_S,BS2_S,keep,True,,False,10716.0,False,10138.0,2024-10-01,379732.0,37456.303018346814,1777.8617551325672,True,-103.67614692,32.19623001,off_band,,776.0,,BS2_S,none
3002550257,OUTRIDER 27 FEDERAL COM #701H,Exxon Mobil,30,Lea,BS2_S,BS2_S,keep,True,,False,10621.0,False,9892.0,2024-10-01,293711.0,29691.77112818439,1678.8407652420237,True,-103.67191742,32.19648314,off_band,,681.0,,BS2_S,none
3002550259,DOS EQUIS 11 14 FEDERAL COM #025H,Devon,30,Lea,BS2_S,BS2_S,keep,True,,False,10987.0,False,10029.0,2022-09-27,265199.0,26443.214677435437,1598.5128149050336,True,-103.65030765,32.22424287,off_band,,1353.0,,BS2_S,none
3002550265,STETSON 13 24 2BS FEDERAL COM #010H,Permian Resources,30,Lea,BS2_S,BS2_S,keep,True,,False,10266.0,False,10330.0,2022-11-09,169059.0,16365.827686350436,706.7355183693267,True,-103.6137065,32.6531031,off_band,,818.0,,BS2_S,none
3002550278,MEAT LOVER FEDERAL COM #601H,ConocoPhillips,30,Lea,BS2_S,BS2_S,keep,True,,False,11181.0,False,9885.0,2025-05-13,389279.0,39380.778958017196,1292.7540401614267,True,-103.6049995,32.29671823,agree,,94.0,94.0,BS2_S,none
3002550279,MEAT LOVER FEDERAL COM #602H,ConocoPhillips,30,Lea,BS2_S,BS2_S,keep,True,,False,10876.0,False,10030.0,2025-05-13,433238.0,43194.21734795613,1328.0760228788795,True,-103.60927796,32.29694586,agree,,215.0,215.0,BS2_S,none
3002550282,MEAT LOVER FEDERAL COM #605H,ConocoPhillips,30,Lea,BS2_S,BS2_S,keep,True,,False,11169.0,False,9903.0,2025-05-13,401474.0,40540.64424921741,1338.2709714701325,True,-103.61370112,32.29675365,off_band,,1032.0,,BS2_S,none
3002550283,MEAT LOVER FEDERAL COM #606H,ConocoPhillips,30,Lea,BS2_S,BS2_S,keep,True,,False,10861.0,False,10006.0,2025-05-13,274682.0,27451.728962622426,1490.1959356637858,True,-103.61757122,32.29697026,off_band,,1038.5,,BS2_S,none
3002550305,LLAMA MALL 26 35 FEDERAL COM #022H,Occidental,30,Lea,BS2_S,BS2_S,keep,True,,False,10810.0,False,10134.0,2024-04-04,404799.0,39944.64179988159,934.5650557437148,True,-103.65165745,32.35433424,agree,,11.0,11.0,BS2_S,none
3002550306,LLAMA MALL 26 35 FEDERAL COM #023H,Occidental,30,Lea,BS2_S,BS2_S,keep,True,,False,10696.0,False,10132.0,2024-04-04,541821.0,53476.2139755231,1011.1678949320901,True,-103.64744044,32.35461497,agree,,139.0,139.0,BS2_S,none
3002550307,LLAMA MALL 26 35 FEDERAL #024H,Occidental,30,Lea,BS2_S,BS2_S,keep,True,,False,10865.0,False,10151.0,2024-04-15,554726.0,54647.42389912324,1092.083298781741,True,-103.64327394,32.35414044,no_evidence,,,,BS2_S,none
3002550308,LLAMA MALL 26 35 FEDERAL #025H,Occidental,30,Lea,BS2_S,BS2_S,keep,True,,False,10725.0,False,9560.0,2024-04-16,433938.0,45391.00418410042,1281.5333066014039,True,-103.63903894,32.3544773,agree,,90.5,90.5,BS2_S,none
3002550328,KING EIDER 12 FEDERAL COM #501H,Permian Resources,30,Lea,BS2_S,BS2_S,keep,True,,False,10245.0,False,9777.0,2022-10-16,134607.0,13767.720159558146,595.191929097298,True,-103.41814329,32.59562277,no_evidence,,,,BS2_S,none
3002550329,GOUDA FEDERAL COM #404H,Permian Resources,30,Lea,BS2_S,BS2_S,keep,True,,False,10092.0,False,9753.0,2023-10-16,391843.0,40176.66359069005,2130.9759265828407,True,-103.6905095,32.428932,off_band,,188.0,589.0,BS2_C,none
3002550330,RED STAG 5 32 B2OB FEDERAL COM #001H,Mewbourne,30,Lea,BS2_S,BS2_S,keep,False,,True,10892.0,False,10321.0,2023-03-01,273203.0,26470.59393469625,1229.0421408256864,True,-103.48977818,32.42876696,agree,,31.0,31.0,BS2_S,none
3002550331,RED STAG 5 32 B2PA FEDERAL COM #001H,Mewbourne,30,Lea,BS2_S,BS2_S,keep,False,,True,10882.0,False,10338.0,2023-03-01,233949.0,22630.00580383053,1290.4008993413095,True,-103.48559604,32.42815901,no_evidence,,,,BS2_S,none
3002550338,HEARNS 34 STATE COM #505H,EOG,30,Lea,BS2_S,BS2_S,keep,True,,False,10963.0,False,4683.0,2022-11-11,48301.0,10314.114883621609,2674.0647191569533,False,-103.55679691,32.17447199,off_band,,372.0,,BS2_S,none
3002550339,HEARNS 34 STATE COM #506H,EOG,30,Lea,BS2_S,BS2_S,keep,True,,False,11185.0,False,4975.0,2022-11-10,104484.0,21001.80904522613,1790.1975422074192,False,-103.55485973,32.17424114,off_band,,594.0,,BS2_S,none
3002550340,DURANGO 2 STATE #501H,EOG,30,Lea,BS2_S,BS2_S,keep,True,,False,10982.0,False,4540.0,2022-10-09,81604.0,17974.449339207047,1641.966080094113,False,-103.5504025,32.15885309,off_band,,718.5,,BS2_S,none
3002550341,DURANGO 2 STATE #502H,EOG,30,Lea,BS2_S,BS2_S,keep,True,,False,11221.0,False,4379.0,2022-10-09,73770.0,16846.311943366065,1742.4156161041074,False,-103.54901243,32.1586224,off_band,,958.0,,BS2_S,none
3002550342,DURANGO 2 STATE #503H,EOG,30,Lea,BS2_S,BS2_S,keep,True,,False,11004.0,False,4624.0,2022-10-09,92425.0,19988.105536332183,1634.243981606708,False,-103.54756518,32.1590393,off_band,,741.0,,BS2_S,none
3002550343,DURANGO 2 STATE #504H,EOG,30,Lea,BS2_S,BS2_S,keep,True,,False,11226.0,False,4574.0,2022-10-09,77337.0,16907.958023611718,1525.3630215808732,False,-103.54605638,32.15896564,off_band,,945.0,,BS2_S,none
3002550344,DURANGO 2 STATE #505H,EOG,30,Lea,BS2_S,BS2_S,keep,True,,False,10996.0,False,4726.0,2022-10-09,82555.0,17468.260685569192,1700.987220640785,False,-103.54477299,32.15906879,off_band,,711.5,,BS2_S,none
3002550345,YUKON 20 FEDERAL COM #512H,EOG,30,Lea,BS2_S,BS2_S,keep,True,,False,11129.0,False,9736.0,2022-12-20,226527.0,23266.947411668036,1509.2064080661467,True,-103.48447955,32.19489332,off_band,,800.0,,BS2_S,none
3002550346,YUKON 20 FEDERAL COM #511H,EOG,30,Lea,BS2_S,BS2_S,keep,True,,False,10924.0,False,9805.0,2022-12-21,206918.0,21103.314635390107,1321.0305531659885,True,-103.48591201,32.19499995,agree,,184.0,184.0,BS2_S,none
3002550347,YUKON 20 FEDERAL COM #510H,EOG,30,Lea,BS2_S,BS2_S,keep,False,,False,11100.0,True,9657.0,2022-12-20,273143.0,28284.456870663766,1393.1969700852667,True,-103.48740097,32.19498881,agree,,0.0,0.0,BS2_S,none
3002550348,YUKON 20 FEDERAL COM #509H,EOG,30,Lea,BS2_S,BS2_S,keep,True,,False,10892.0,False,10182.0,2022-12-20,198319.0,19477.411117658612,1617.7824615896611,True,-103.48882136,32.19558841,agree,,210.0,210.0,BS2_S,none
3002550351,YUKON 20 FEDERAL COM #508H,EOG,30,Lea,BS2_S,BS2_S,keep,True,,False,11119.0,False,9789.0,2022-12-21,181314.0,18522.218817039535,1342.2184718223634,True,-103.49035646,32.19516775,agree,,17.0,17.0,BS2_S,none
3002550352,YUKON 20 FEDERAL COM #507H,EOG,30,Lea,BS2_S,BS2_S,keep,True,,False,10893.0,False,9909.0,2022-12-20,137945.0,13921.182763144616,1354.851571278408,True,-103.49163218,32.19519203,agree,,213.0,213.0,BS2_S,none
3002550355,HYPERION STATE #125H,Jonah Energy,30,Lea,BS2_S,BS2_S,keep,True,,False,10871.0,False,4448.0,2023-01-03,99685.0,22411.19604316547,1564.678738024778,False,-103.59967931,32.20217698,agree,,243.0,243.0,BS2_S,none
3002550356,HYPERION STATE #127H,Jonah Energy,30,Lea,BS2_S,BS2_S,keep,True,,False,10896.0,False,4870.0,2023-01-03,94279.0,19359.137577002053,1374.770627605299,False,-103.59536889,32.20299621,agree,,221.0,221.0,BS2_S,none
3002550358,HYPERION STATE COM #126H,Jonah Energy,30,Lea,BS2_S,BS2_S,keep,True,,False,10939.0,False,4770.0,2023-01-03,155041.0,32503.354297693917,1268.025877026077,False,-103.59106464,32.2030132,agree,,179.0,179.0,BS2_S,none
3002550359,HYPERION STATE COM #128H,Jonah Energy,30,Lea,BS2_S,BS2_S,keep,True,,False,10943.0,False,4783.0,2023-01-03,168483.0,35225.38155969057,1174.6585708943928,False,-103.5868326,32.20273685,agree,,175.0,175.0,BS2_S,none
3002550373,CO GRIZZLY 34 27 FEDERAL COM #416H,Chevron,30,Lea,BS2_S,BS2_S,keep,True,,False,10483.0,False,10389.0,2023-08-11,290294.0,27942.4391182982,1676.8758568899116,True,-103.66158572,32.15251318,agree,,78.5,78.5,BS2_S,none
3002550395,SD 29 26 33 FEDERAL COM #424H,Chevron,30,Lea,BS2_S,BS2_S,keep,True,,False,10947.0,False,5289.0,2024-07-27,299825.0,56688.409907354886,1707.7094972067039,False,-103.58871288,32.01214534,off_band,,434.0,,BS2_S,none
3002550402,CASTLE BLACK 6 1 B2NM FEDERAL COM #001H,Mewbourne,30,Lea,BS2_S,BS2_S,keep,False,,True,8737.0,False,7752.0,2022-12-05,226116.0,29168.7306501548,805.4494153443366,True,-103.81875899,32.77086528,no_evidence,,,,BS2_S,none
3002550407,SD 29 26 33 FEDERAL COM #425H,Chevron,30,Lea,BS2_S,BS2_S,keep,False,,True,10956.0,False,7118.0,2024-07-27,313965.0,44108.59792076426,1981.3864602742344,True,-103.58917137,32.00998109,off_band,,443.0,,BS2_S,none
3002550419,SAND CHUTE 4 9 B2DM FEDERAL COM #001H,Mewbourne,30,Lea,BS2_S,BS2_S,keep,False,,True,10312.0,False,10031.0,2023-03-26,121095.0,12072.076562655766,729.7906602254428,True,-103.46927855,32.59446869,off_band,,960.0,,BS2_S,none
3002550436,CORVETTE 4 33 FEDERAL COM #001H,Permian Resources,30,Lea,BS2_S,BS2_S,keep,True,,False,9939.0,False,10476.0,2023-04-11,244111.0,23301.928216876673,729.5492624256998,True,-103.67314424,32.69572122,no_evidence,,,,BS2_S,none
3002550437,CORVETTE 4 33 FEDERAL COM #002H,Permian Resources,30,Lea,BS2_S,BS2_S,keep,True,,False,9838.0,False,10440.0,2023-03-27,126601.0,12126.53256704981,720.2312777940143,True,-103.6708,32.69671875,no_evidence,,,,BS2_S,none
3002550438,BEL AIR 5 8 FEDERAL COM #223H,Permian Resources,30,Lea,BS2_S,BS2_S,keep,True,,False,10035.0,False,10762.0,2024-01-12,206041.0,19145.233228024532,653.898981270718,True,-103.68261401,32.68239895,agree,,96.0,96.0,BS2_S,none
3002550439,BIG EDDY UNIT BB HUX #200H,Exxon Mobil,30,Lea,BS2_S,BS2_S,keep,True,,False,9852.0,False,15828.0,2023-05-23,176462.0,11148.7237806419,1095.1762985798641,False,-103.78848106,32.53870148,agree,,49.0,49.0,BS3_C,none
3002550442,COONSKIN FEE #151H,SM Energy,30,Lea,BS2_S,BS2_S,keep,True,,False,11280.0,False,7504.0,2023-01-15,159803.0,21295.70895522388,3804.590652240571,True,-103.3788323,32.18472778,off_band,,738.0,,BS2_S,none
3002550453,DESERT ROSE 17 8 FEDERAL COM #007H,3r Operating,30,Lea,BS2_S,BS2_S,keep,True,,False,10692.0,False,7615.0,2023-09-23,87640.0,11508.86408404465,514.4682793245094,True,-103.47681158,32.57698473,off_band,,734.0,,BS2_S,none
3002550454,DESERT ROSE 17 8 FEDERAL COM #013H,3r Operating,30,Lea,BS2_S,BS2_S,keep,True,,False,10727.0,False,7619.0,2023-09-23,168531.0,22119.831998949994,419.9286778100171,True,-103.48226416,32.57699655,off_band,,699.0,,BS2_S,none
3002550458,CAPER 20 29 B2BO FEDERAL COM #001H,Mewbourne,30,Lea,BS2_S,BS2_S,keep,False,,True,10532.0,False,10391.0,2023-03-01,240334.0,23129.05398902897,1340.447044529696,True,-103.69411788,32.45701822,agree,,44.0,44.0,BS2_S,none
3002550473,PERRO LOCO 27 B2PA FEDERAL COM #001H,Mewbourne,30,Lea,BS2_S,BS2_S,keep,False,,True,10443.0,False,4630.0,2023-05-01,173971.0,37574.73002159827,1666.0995223341822,False,-103.45097919,32.36325817,agree,,27.0,27.0,BS2_S,none
3002550485,IBEX 15 10 B2OB FEDERAL COM #001H,Mewbourne,30,Lea,BS2_S,BS2_S,keep,True,,False,10484.0,False,10076.0,2022-12-01,198657.0,19715.859468042876,1503.0530009010506,True,-103.45583639,32.31211619,agree,,28.0,28.0,BS2_S,none
3002550486,IBEX 15 10 B2PA FEDERAL COM #001H,Mewbourne,30,Lea,BS2_S,BS2_S,keep,True,,False,10474.0,False,9881.0,2022-12-01,192027.0,19433.964173666634,1487.2648117191852,True,-103.4515883,32.31256177,agree,,11.5,11.5,BS2_S,none
3002550491,IBEX 15 10 FEDERAL COM #521H,Mewbourne,30,Lea,BS2_S,BS2_S,keep,True,,False,10509.0,False,9650.0,2023-09-04,193926.0,20095.958549222796,2518.290481936409,True,-103.46437985,32.3129673,agree,,62.5,62.5,BS2_S,none
3002550492,IBEX 15 10 FEDERAL COM #523H,Mewbourne,30,Lea,BS2_S,BS2_S,keep,False,,True,10487.0,False,9771.0,2023-09-06,199244.0,20391.362194248282,2167.7741864246855,True,-103.46008881,32.31213878,agree,,40.5,40.5,BS2_S,none
3002550497,DAUNTLESS 7 FEDERAL #513H,EOG,30,Lea,BS2_S,BS2_S,keep,True,,False,10757.0,False,9610.0,2023-09-04,403263.0,41962.85119667013,1910.8100668794311,True,-103.61585642,32.15331062,off_band,,1100.0,,BS2_S,none
3002550498,GOUDA FEDERAL COM #506H,Permian Resources,30,Lea,BS2_S,BS2_S,keep,True,,False,10690.0,False,9811.0,2023-10-16,221763.0,22603.506268474164,1458.971965566844,True,-103.69045869,32.42874707,agree,,21.0,21.0,BS2_S,none
3002550505,SALADO DRAW 16 9 B2OB FEDERAL COM #001H,Mewbourne,30,Lea,BS2_S,BS2_S,keep,True,,False,10810.0,False,9870.0,2023-04-06,167065.0,16926.545086119553,2592.3502828240507,True,-103.57593766,32.05134346,off_band,,411.0,,BS2_S,none
3002550506,SALADO DRAW 16 9 B2PA FEDERAL COM #001H,Mewbourne,30,Lea,BS2_S,BS2_S,keep,True,,False,10822.0,False,9719.0,2023-04-06,124948.0,12856.05514970676,2041.6573294490508,True,-103.57220801,32.05165258,off_band,,414.0,,BS2_S,none
3002550518,JADE 34 3 FEDERAL COM #009H,Permian Resources,30,Lea,BS2_S,BS2_S,keep,False,,True,10210.0,False,9933.0,2024-02-03,196844.0,19817.175072989026,777.3211273902176,True,-103.64392066,32.60860641,agree,,44.0,44.0,BS2_S,none
3002550525,PERLA VERDE 31 STATE COM #402H,Exxon Mobil,30,Lea,BS2_S,BS2_S,keep,True,,False,10598.0,False,10402.0,2024-03-01,100737.0,9684.387617765815,685.2497096399535,True,-103.49947177,32.62441712,off_band,,328.5,,BS2_S,none
3002550528,PERLA VERDE 31 STATE COM #401H,Exxon Mobil,30,Lea,BS2_S,BS2_S,keep,True,,False,10558.0,False,9811.0,2024-03-01,96127.0,9797.879930690042,664.4751214539099,True,-103.5028179,32.6244818,off_band,,365.0,,BS2_S,none
3002550529,PERLA VERDE 31 STATE COM #403H,Exxon Mobil,30,Lea,BS2_S,BS2_S,keep,False,,True,10546.0,False,5194.0,2024-03-01,161761.0,31143.81979206777,698.2461780033507,False,-103.49888874,32.61678381,off_band,,384.0,,BS2_S,none
3002550538,MARLAN DOWNEY STATE COM #122H,Matador,30,Lea,BS2_S,BS2_S,keep,True,,False,10526.0,False,12865.0,2023-01-11,170348.0,13241.197046249514,1563.5757390753047,True,-103.37527325,32.31514741,off_band,,650.5,,BS2_S,none
3002550600,DAUNTLESS 7 FEDERAL #507H,EOG,30,Lea,BS2_S,BS2_S,keep,True,,False,10734.0,False,9852.0,2023-01-11,179295.0,18198.84287454324,1547.6059008895954,True,-103.60998291,32.15292766,off_band,,1116.0,,BS2_S,none
3002550601,DAUNTLESS 7 FEDERAL #508H,EOG,30,Lea,BS2_S,BS2_S,keep,True,,False,11071.0,False,9679.0,2023-01-11,200816.0,20747.59789234425,1722.7561548880567,True,-103.60843961,32.15316352,off_band,,1326.0,,BS2_S,none
3002550602,DAUNTLESS 7 FEDERAL #511H,EOG,30,Lea,BS2_S,BS2_S,keep,True,,False,10755.0,False,9515.0,2023-01-13,142080.0,14932.212296374146,1720.2491554054054,True,-103.60397634,32.15323472,off_band,,1383.0,,BS2_S,none
3002550614,ANTERO 14 FEDERAL COM #501H,EOG,30,Lea,BS2_S,BS2_S,keep,True,,False,11128.0,False,7679.0,2023-03-02,152273.0,19829.795546295092,1838.461184845639,True,-103.54885971,32.14126005,off_band,,911.5,,BS2_S,none
3002550615,ANTERO 14 FEDERAL COM #301H,EOG,30,Lea,BS2_S,BS2_S,keep,True,,False,11105.0,False,7652.0,2023-03-02,276793.0,36172.634605331936,2739.903104486024,True,-103.54916309,32.14229541,off_band,,888.5,,BS2_S,none
3002550616,ANTERO 14 FEDERAL COM #503H,EOG,30,Lea,BS2_S,BS2_S,keep,True,,False,11145.0,False,7398.0,2023-03-02,148272.0,20042.173560421736,1793.5888097550448,True,-103.54655476,32.14180396,off_band,,928.5,,BS2_S,none
3002550617,ANTERO 14 FEDERAL COM #505H,EOG,30,Lea,BS2_S,BS2_S,keep,True,,False,10861.0,False,7707.0,2023-03-03,135624.0,17597.508758271702,1982.3630035981832,True,-103.54380927,32.14188221,off_band,,612.0,,BS2_S,none
3002550618,GRAMA RIDGE 116 35 SB STATE COM #201H,ConocoPhillips,30,Lea,BS2_S,BS2_S,keep,False,,True,10405.0,False,9866.0,2023-08-31,318478.0,32280.35678086357,1540.5145724351446,True,-103.43927301,32.42714595,agree,,68.5,68.5,BS2_S,none
3002550620,GRAMA RIDGE 116 35 SB STATE COM #203H,ConocoPhillips,30,Lea,BS2_S,BS2_S,keep,False,,True,10400.0,True,9983.0,2023-08-31,255170.0,25560.452769708503,1862.5661323823333,True,-103.4342427,32.42758341,agree,,68.0,68.0,BS2_S,none
3002550664,ANTERO 14 FEDERAL COM #511H,EOG,30,Lea,BS2_S,BS2_S,keep,True,,False,10893.0,False,7605.0,2023-03-02,194218.0,25538.198553583166,1651.7006662616236,True,-103.54207429,32.14140851,off_band,,629.0,,BS3_S,none
3002550665,DAUNTLESS 7 FEDERAL #509H,EOG,30,Lea,BS2_S,BS2_S,keep,True,,False,10717.0,False,2366.0,2023-01-11,188291.0,79581.99492814878,1803.803686846424,False,-103.60692994,32.14241403,off_band,,247.5,,BS2_S,none
3002550666,DAUNTLESS 7 FEDERAL #510H,EOG,30,Lea,BS2_S,BS2_S,keep,True,,False,11065.0,False,9856.0,2023-01-12,147285.0,14943.689123376624,2150.0152765047355,True,-103.60501068,32.15315456,off_band,,1332.0,,BS2_S,none
3002550676,RAILSPLITTER 15 22 FEDERAL COM #012H,Devon,30,Lea,BS2_S,BS2_S,keep,True,,False,11112.0,False,7387.0,2023-05-30,100812.0,13647.218085826453,5832.688568821172,True,-103.46492742,32.03181126,ambiguous_lith,BS2_C,4.0,,BS2_S,none
3002550677,RAILSPLITTER 15 22 FEDERAL COM #013H,Devon,30,Lea,BS2_S,BS2_S,keep,True,,False,11105.0,False,7438.0,2023-05-22,108190.0,14545.576767948374,6566.161382752565,True,-103.46340788,32.03181126,ambiguous_lith,BS2_C,11.0,,BS2_S,none
3002550702,GORDITA 6 STATE COM #501H,Permian Resources,30,Lea,BS2_S,BS2_S,keep,True,,False,10509.0,False,9728.0,2023-02-01,177288.0,18224.50657894737,2874.1764812057218,True,-103.41331431,32.39808491,agree,,83.5,83.5,BS2_S,none
3002550703,GORDITA 6 STATE COM #502H,Permian Resources,30,Lea,BS2_S,BS2_S,keep,True,,False,10484.0,False,9820.0,2023-02-01,238635.0,24300.91649694501,1875.3912879502168,True,-103.41058724,32.39806458,agree,,33.5,33.5,BS2_S,none
3002550704,GORDITA 6 STATE COM #503H,Permian Resources,30,Lea,BS2_S,BS2_S,keep,True,,False,10467.0,False,10057.0,2023-02-01,217926.0,21669.086208610915,1849.678331176638,True,-103.4077491,32.39845587,agree,,23.0,23.0,BS2_S,none
3002550705,TOSTADA 7 STATE COM #501H,Permian Resources,30,Lea,BS2_S,BS2_S,keep,True,,False,10484.0,False,7223.0,2023-02-01,167003.0,23121.00235359269,1864.3138147218913,True,-103.40504014,32.39471935,agree,,27.0,27.0,BS2_S,none
3002550706,TOSTADA 7 STATE COM #502H,Permian Resources,30,Lea,BS2_S,BS2_S,keep,True,,False,10509.0,False,7339.0,2023-02-01,211744.0,28851.88717808966,1913.574882877437,True,-103.40224267,32.3948152,agree,,58.5,58.5,BS2_S,none
3002550707,TOSTADA 7 STATE COM #503H,Permian Resources,30,Lea,BS2_S,BS2_S,keep,True,,False,10484.0,False,7228.0,2023-02-01,176142.0,24369.3967902601,1777.980265921813,True,-103.39942835,32.39475654,agree,,33.5,33.5,BS2_S,none
3002550733,CABALLO 23 FEDERAL #503H,EOG,30,Lea,BS2_S,BS2_S,keep,True,,False,10932.0,False,6870.0,2024-07-10,186864.0,27200.0,2158.8856066444046,True,-103.5357275,32.12088802,agree,,35.0,35.0,BS2_S,none
3002550736,CABALLO 23 FEDERAL #506H,EOG,30,Lea,BS2_S,BS2_S,keep,True,,False,10870.0,False,7308.0,2023-05-30,261554.0,35790.09304871374,1794.9830627709766,True,-103.54950381,32.12020786,agree,,2.0,2.0,BS2_S,none
3002550749,RED HILLS 32 5 FEDERAL COM #132H,Devon,30,Lea,BS2_S,BS2_S,keep,False,,True,10950.0,False,9551.0,2023-09-05,244066.0,25553.97340592608,3558.283415141806,True,-103.60178771,32.07863257,off_band,,1035.0,,BS2_S,none
3002550757,RAM 3 B2MD STATE COM #001H,Mewbourne,30,Lea,BS2_S,BS2_S,keep,True,,False,10102.0,False,5040.0,2023-06-01,132000.0,26190.47619047619,2697.848484848485,False,-103.46458674,32.4209431,no_evidence,,,,BS2_S,none
3002550761,RAM 3 B2MD STATE COM #002H,Mewbourne,30,Lea,BS2_S,BS2_S,keep,True,,False,10326.0,False,4417.0,2023-06-01,150903.0,34164.138555580714,2362.398361861593,False,-103.46453206,32.42201853,no_evidence,,,,BS2_S,none
3002550765,PAW SWAP 12 36 FEDERAL COM #011H,Occidental,30,Lea,BS2_S,BS2_S,keep,True,,False,10846.0,False,15454.0,2023-03-01,267168.0,17287.95133945904,1101.9957479937716,False,-103.63561805,32.42071153,off_band,,927.0,,BS2_S,none
3002550795,BROWN BEAR 36 STATE #504H,EOG,30,Lea,BS2_S,BS2_S,keep,True,,False,10969.0,False,4416.0,2023-04-06,72178.0,16344.65579710145,3423.522402948267,False,-103.53023871,32.08623424,agree,,61.0,61.0,BS2_S,none
3002550796,BROWN BEAR 36 STATE #505H,EOG,30,Lea,BS2_S,BS2_S,keep,True,,False,10973.0,False,4449.0,2023-04-06,95592.0,21486.176668914366,3247.6671688007364,False,-103.52738457,32.08605314,agree,,58.0,58.0,BS2_S,none
3002550805,BRAVOS 15 10 B2OB FEDERAL COM #001H,Mewbourne,30,Lea,BS3_S,BS2_S,reassign,False,card verdict AGREE (BS3_S->BS2_S),True,9512.0,False,9932.0,2023-03-03,409209.0,41201.06725734998,771.7010134185709,True,-103.64902196,32.75558915,flag,BS2_S,69.0,,BS2_S,none
3002550809,EL MAR 21 B2DM FEDERAL COM #001H,Mewbourne,30,Lea,BS2_S,BS2_S,keep,True,,False,10919.0,False,4350.0,2023-10-22,199781.0,45926.66666666667,2442.4094383349766,False,-103.58455074,32.02808358,off_band,,741.0,,BS2_S,none
3002550810,EL MAR 21 H3DM FEDERAL COM #002H,Mewbourne,30,Lea,BS2_S,BS2_S,keep,False,,True,10760.0,False,4644.0,2023-10-25,84790.0,18257.967269595178,2688.99634390848,False,-103.58155583,32.0283288,off_band,,247.0,,BS2_S,none
3002550823,BIG EDDY UNIT DI BB JABBA #102H,Exxon Mobil,30,Lea,BS2_S,BS2_S,keep,True,,False,9791.0,False,15293.0,2023-06-13,219831.0,14374.615837311188,1014.8523183718402,False,-103.78928964,32.54968434,agree,,50.0,50.0,BS2_S,none
3002550825,PAKSE SOUTH FEDERAL COM #221H,Permian Resources,30,Lea,BS2_S,BS2_S,keep,True,,False,9982.0,False,12354.0,2023-11-01,343785.0,27827.829043224865,969.7485346946493,True,-103.72521997,32.54671214,agree,,47.0,47.0,BS3_C,none
3002550828,PERRO LOCO 27 22 B2OB FEDERAL COM #002H,Mewbourne,30,Lea,BS2_S,BS2_S,keep,False,,True,10426.0,False,9887.0,2023-05-01,156486.0,15827.450187114393,2050.9438544023105,True,-103.45620487,32.37060845,agree,,30.0,30.0,BS2_S,none
3002550848,STEELHEAD 36 25 B2EL STATE COM #001H,Mewbourne,30,Lea,BS2_S,BS2_S,keep,True,,False,10352.0,False,5428.0,2023-09-01,178199.0,32829.58732498158,2136.740385748517,False,-103.42939995,32.44223206,agree,,33.0,33.0,BS2_S,none
3002550849,STEELHEAD 36 25 B2FK STATE COM #001H,Mewbourne,30,Lea,BS2_S,BS2_S,keep,True,,False,10332.0,False,5503.0,2023-09-01,208845.0,37951.11757223333,2210.8309990662933,False,-103.42719138,32.44223216,agree,,13.0,13.0,BS2_S,none
3002550850,MERCILESS 13 FEDERAL COM #512H,EOG,30,Lea,BS2_S,BS2_S,keep,True,,False,10977.0,False,7084.0,2023-05-12,181811.0,25665.01976284585,2182.7722195026704,True,-103.62031966,32.12602299,off_band,,556.5,,BS2_S,none
3002550851,THUNDERBIRD 3 10 FEDERAL COM #203H,3r Operating,30,Lea,BS2_S,BS2_S,keep,True,,False,10450.0,False,7257.0,2024-05-02,63523.0,8753.341601212622,746.1549360074304,True,-103.4513576,32.59841805,no_evidence,,,,BS2_S,none
3002550852,THUNDERBIRD 3 10 FEDERAL COM #204H,3r Operating,30,Lea,BS2_S,BS2_S,keep,True,,False,10450.0,False,7784.0,2024-05-01,113352.0,14562.178828365879,751.4291763709507,True,-103.44859211,32.59130111,no_evidence,,,,BS2_S,none
3002550865,WINTERFELL 6 5 B2BA FEDERAL COM #001H,Mewbourne,30,Lea,BS2_S,BS2_S,keep,False,,True,8362.0,False,7745.0,2023-04-05,171718.0,22171.46546158812,823.425616417615,True,-103.79288348,32.78249819,no_evidence,,,,BS2_S,none
3002550872,DRAGONSTONE 11 2 B2ML FEDERAL COM #001H,Mewbourne,30,Lea,BS2_S,BS2_S,keep,False,,True,9103.0,False,7272.0,2023-03-03,254798.0,35038.22882288229,1506.6013077025723,True,-103.74403185,32.76628648,no_evidence,,,,BS2_S,none
3002550873,DRAGONSTONE 11 2 FEDERAL COM #528H,Mewbourne,30,Lea,BS2_S,BS2_S,keep,False,,True,9278.0,False,7746.0,2023-09-02,132160.0,17061.709269300285,738.2869249394673,True,-103.7300401,32.76562188,no_evidence,,,,BS2_S,none
3002550878,DL 10 3 MORAG FEDERAL COM #410H,Chevron,30,Lea,BS2_S,BS2_S,keep,True,,False,10984.0,False,9616.0,2024-04-09,342192.0,35585.690515806986,1249.5090475522513,True,-103.55798862,32.41482542,off_band,,418.0,,BS2_S,none
3002550890,DL 10 3 MORAG FEDERAL COM #411H,Chevron,30,Lea,BS2_S,BS2_S,keep,True,,False,10984.0,False,9610.0,2024-04-09,165756.0,17248.283038501562,1407.5629238157292,True,-103.55644775,32.41482542,off_band,,418.0,,BS2_S,none
3002550891,DL 10 3 MORAG FEDERAL COM #412H,Chevron,30,Lea,BS2_S,BS2_S,keep,True,,False,10942.0,False,10390.0,2024-04-09,177321.0,17066.506256015397,1213.657716796093,True,-103.55285643,32.41342362,off_band,,460.0,,BS2_S,none
3002550899,LOE FEDERAL #501H,Devon,30,Lea,BS2_S,BS2_S,keep,True,,False,10572.0,False,9708.0,2025-06-01,175510.0,18078.90399670375,4264.0533302945705,True,-103.32749286,32.12405832,off_band,,1167.0,,BS3_S,none
3002550900,LOE FEDERAL #502H,Devon,30,Lea,BS2_S,BS2_S,keep,True,,False,10513.0,False,9700.0,2025-06-01,174987.0,18039.896907216495,5893.152062724659,True,-103.3227501,32.12422865,off_band,,1204.5,,BS3_S,none
3002550903,LOE FEDERAL COM #503H,Devon,30,Lea,BS2_S,BS2_S,keep,True,,False,10407.0,False,9633.0,2025-07-01,114326.0,11868.161528080556,4578.171194653884,True,-103.31834738,32.12433346,off_band,,1310.5,,BS1_S,none
3002550931,MERCILESS 13 FEDERAL COM #511H,EOG,30,Lea,BS2_S,BS2_S,keep,True,,False,10684.0,False,7320.0,2023-05-11,192821.0,26341.666666666664,2222.672841651065,True,-103.62156324,32.1264902,off_band,,263.5,,BS2_S,none
3002550932,ERIC CARTMAN 6 STATE COM #501H,Permian Resources,30,Lea,BS2_S,BS2_S,keep,True,,False,10319.0,False,9891.0,2023-06-08,298096.0,30138.10534829643,1300.7822983200042,True,-103.41393686,32.42894488,agree,,7.0,7.0,BS2_S,none
3002550933,ERIC CARTMAN 6 STATE COM #502H,Permian Resources,30,Lea,BS2_S,BS2_S,keep,False,,True,10320.0,False,9997.0,2023-06-08,242659.0,24273.181954586376,1291.0380410370108,True,-103.40977498,32.42874313,agree,,8.0,8.0,BS2_S,none
3002550935,STEELHEAD 36 25 B2GJ STATE COM #001H,Mewbourne,30,Lea,BS2_S,BS2_S,keep,False,,True,10348.0,False,5108.0,2023-09-01,189544.0,37107.28269381362,1999.9788967205504,False,-103.42136526,32.44274738,agree,,75.5,75.5,BS2_S,none
3002550958,LOCO DINERO 36 STATE COM #020H,Marshall & Winston,30,Lea,BS2_S,BS2_S,keep,False,,True,10662.0,False,4638.0,2023-12-08,78533.0,16932.514014661494,1675.588606063693,False,-103.53144542,32.43446907,agree,,312.0,312.0,BS2_S,none
3002550964,PERRO LOCO 27 B2PA FEDERAL COM #002H,Mewbourne,30,Lea,BS2_S,BS2_S,keep,False,,True,10206.0,False,4631.0,2023-05-01,146356.0,31603.54135175988,1747.6768974281888,False,-103.45042691,32.36325448,agree,,213.0,213.0,BS2_S,none
3002550965,MERCILESS 13 FEDERAL COM #510H,EOG,30,Lea,BS2_S,BS2_S,keep,True,,False,10986.0,False,6885.0,2023-05-11,198192.0,28786.056644880173,2266.403285702753,True,-103.62290138,32.12571754,off_band,,565.5,,BS3_C,none
3002550966,MERCILESS 13 FEDERAL COM #513H,EOG,30,Lea,BS2_S,BS2_S,keep,True,,False,10654.0,False,7085.0,2023-05-12,162410.0,22923.076923076922,2462.4161073825503,True,-103.62415638,32.12597311,off_band,,233.5,,BS1_S,none
3002550972,RED HILLS WEST 22 15 FEDERAL COM #502H,Mewbourne,30,Lea,BS2_S,BS2_S,keep,True,,False,10356.0,False,4607.0,2024-10-14,269166.0,58425.43954851313,2538.3592281343113,False,-103.66711739,32.02813193,off_band,,379.0,,BS3_C,none
3002550977,BEL AIR 5 8 FEDERAL COM #244H,Permian Resources,30,Lea,BS2_S,BS2_S,keep,True,,False,10016.0,False,9173.0,2024-01-13,209861.0,22878.12057124169,628.9591682113399,True,-103.67881675,32.68046885,agree,,46.0,46.0,BS2_S,none
3002550980,ZEUS 2 11 2BS FEDERAL COM #003H,3r Operating,30,Lea,BS2_S,BS2_S,keep,False,,True,10300.0,True,9838.0,2023-11-01,115735.0,11764.078064647287,706.6488097809652,True,-103.43544152,32.59431401,no_evidence,,,,BS2_S,none
3002550981,ZEUS 2 11 2BS FEDERAL COM #004H,3r Operating,30,Lea,BS2_S,BS2_S,keep,False,,True,10302.0,False,9872.0,2023-11-01,75648.0,7662.8849270664505,836.228320642978,True,-103.42902097,32.594269,no_evidence,,,,BS2_S,none
3002550982,RED HILLS 32 5 STATE COM #172H,Devon,30,Lea,BS2_S,BS2_S,keep,False,,True,10900.0,True,9802.0,2026-04-04,,,,False,-103.59193041,32.07904208,off_band,,938.0,,BS2_S,none
3002550993,RED HILLS WEST 22 15 FEDERAL COM #524H,Mewbourne,30,Lea,BS2_S,BS2_S,keep,False,,True,10555.0,False,10018.0,2024-10-14,326448.0,32586.144939109603,2699.462088908494,True,-103.66418859,32.03622137,off_band,,205.0,,BS2_S,none
3002550994,EMERALD FEDERAL COM #501H,Devon,30,Lea,BS2_S,BS2_S,keep,False,,True,9734.0,False,9960.0,2026-05-18,,,,False,-103.71014337,32.69708581,off_band,,742.0,,BS2_S,none
3002551011,GRAMA RIDGE STATE COM #201H,Pride Energy Company,30,Lea,BS2_S,BS2_S,keep,False,,False,,False,4938.0,2024-02-01,258224.0,52293.23612798704,776.4963752401017,False,-103.44605157,32.51495147,no_position,,,,,none
3002551012,GRAMA RIDGE STATE COM #202H,Pride Energy Company,30,Lea,BS2_S,BS2_S,keep,True,,False,10544.0,False,4941.0,2024-02-01,136307.0,27586.925723537744,776.3797897393384,False,-103.44384146,32.51495147,off_band,,893.0,,BS2_S,none
3002551015,BILL ALEXANDER STATE COM #124H,Matador,30,Lea,BS2_S,BS2_S,keep,False,,True,10242.0,False,7267.0,2023-12-10,174368.0,23994.49566533645,1249.8508900715728,True,-103.36522442,32.34523156,off_band,,428.5,,BS2_C,none
3002551023,CACHE RIVER 29 32 STATE COM #201H,V-F Petroleum,30,Lea,BS2_S,BS2_S,keep,False,,True,10185.0,False,7280.0,2023-12-15,166755.0,22905.906593406595,777.2540553506642,True,-103.39610679,32.43859112,agree,,19.0,19.0,BS2_S,none
3002551024,CACHE RIVER 29 32 STATE COM #202H,V-F Petroleum,30,Lea,BS2_S,BS2_S,keep,True,,False,10191.0,False,7577.0,2024-01-15,184459.0,24344.59548634024,717.8722642972151,True,-103.3914811,32.43885233,agree,,15.0,15.0,BS2_S,none
3002551088,GREEN DRAKE 16 FEDERAL COM #505H,EOG,30,Lea,BS2_S,BS2_S,keep,True,,False,11063.0,False,7086.0,2023-09-30,172442.0,24335.591306802144,1733.7945512114218,True,-103.57991179,32.11897647,off_band,,548.5,,BS2_S,none
3002551089,GREEN DRAKE 16 FEDERAL COM #506H,EOG,30,Lea,BS2_S,BS2_S,keep,True,,False,11072.0,False,7234.0,2023-09-30,175781.0,24299.28117224219,1705.1672251267203,True,-103.58301837,32.11901892,off_band,,557.0,,BS2_S,none
3002551119,MODELO 10 FEDERAL COM #212H,EOG,30,Lea,BS2_S,BS2_S,keep,True,,False,10987.0,False,6532.0,2024-01-25,182239.0,27899.41824862217,7428.552614972646,True,-103.65740945,32.2273581,off_band,,254.5,,BS2_S,none
3002551126,MORPHEUS 25 36 STATE COM #001H,3r Operating,30,Lea,BS2_S,BS2_S,keep,True,,False,10372.0,False,7789.0,2024-01-13,111553.0,14321.864167415586,856.1132376538507,True,-103.41682079,32.53321914,no_evidence,,,,BS2_S,none
3002551134,DINGO FEDERAL COM #115H,SM Energy,30,Lea,BS2_S,BS2_S,keep,True,,False,10473.0,False,7598.0,2023-06-15,131484.0,17305.080284285337,2647.166195126403,True,-103.42970025,32.2440658,agree,,556.0,556.0,BS2_S,none
3002551154,ROCK TRAIN 5 FEDERAL COM #508H,EOG,30,Lea,BS2_S,BS2_S,keep,True,,False,11332.0,False,15202.0,2025-04-01,319433.0,21012.564136297853,2126.627493089318,False,-103.48654384,32.14425993,off_band,,580.0,,BS2_S,none
3002551166,ALMOST EDDY 30 FEDERAL COM #511H,EOG,30,Lea,BS2_S,BS2_S,keep,True,,False,10286.0,False,7376.0,2023-09-22,197723.0,26806.263557483733,3272.886816404768,True,-103.72038433,32.09000524,agree,,39.0,39.0,BS2_S,none
3002551168,ALMOST EDDY 30 FEDERAL COM #513H,EOG,30,Lea,BS2_S,BS2_S,keep,True,,False,10293.0,False,7025.0,2023-09-22,164976.0,23484.128113879004,3733.6157986616236,True,-103.71696691,32.08943866,agree,,41.0,41.0,BS2_S,none
3002551188,NINA CORTELL FEDERAL COM #126H,Matador,30,Lea,BS2_S,BS2_S,keep,True,,False,10883.0,False,9781.0,2024-12-14,208421.0,21308.761885287804,1115.7752817614348,True,-103.66462033,32.41418122,agree,,27.0,27.0,BS2_S,none
3002551195,EAGLE STATE COM #501H,Devon,30,Lea,BS2_S,BS2_S,keep,True,,False,9954.0,False,8587.0,2023-10-03,94736.0,11032.490974729242,715.2508022293531,True,-103.45130735,32.68334477,off_band,,520.0,,BS3_C,none
3002551216,ZACH 17 8 FEDERAL COM #511H,Mewbourne,30,Lea,BS2_S,BS2_S,keep,False,,True,10914.0,False,10392.0,2024-01-08,325913.0,31361.913010007698,2219.4450666282105,True,-103.60176684,32.05061289,off_band,,383.0,,BS2_S,none
3002551217,ZACH 17 8 FEDERAL COM #522H,Mewbourne,30,Lea,BS2_S,BS2_S,keep,False,,True,10959.0,False,10359.0,2024-01-10,311185.0,30040.061782025292,2470.6428651766632,True,-103.5985267,32.05086263,off_band,,338.0,,BS3_S,none
3002551218,ZACH 17 8 B2NC FEDERAL COM #004H,Mewbourne,30,Lea,BS2_S,BS2_S,keep,False,,True,10644.0,False,9908.0,2026-03-02,,,,False,-103.59538146,32.0513897,agree,,184.5,184.5,BS2_S,none
3002551239,CACHE RIVER 29 32 STATE COM #203H,V-F Petroleum,30,Lea,BS2_S,BS2_S,keep,False,,True,10145.0,False,7276.0,2024-01-15,176519.0,24260.445299615174,814.0993320832318,True,-103.38754257,32.43852657,agree,,53.5,53.5,BS2_S,none
3002551249,CACHE RIVER 29 32 STATE COM #204H,V-F Petroleum,30,Lea,BS2_S,BS2_S,keep,True,,False,10090.0,False,7501.0,2024-01-15,187067.0,24938.94147447007,867.1385118700787,True,-103.38326038,32.438751,agree,,116.0,116.0,BS2_S,none
3002551271,DAUNTLESS 7 FEDERAL #515H,EOG,30,Lea,BS2_S,BS2_S,keep,True,,False,10753.0,False,9462.0,2023-09-04,271289.0,28671.4225322342,1751.8955799903424,True,-103.61146371,32.15300971,off_band,,1135.0,,BS2_S,none
3002551272,DAUNTLESS 7 FEDERAL #521H,EOG,30,Lea,BS2_S,BS2_S,keep,True,,False,10742.0,False,9808.0,2023-09-04,301437.0,30733.788743882546,1923.3040403135647,True,-103.61880441,32.15319232,off_band,,1085.0,,BS2_S,none
3002551279,RESOLUTE 12 FEDERAL COM #510H,EOG,30,Lea,BS2_S,BS2_S,keep,True,,False,10746.0,False,9860.0,2023-09-06,257979.0,26164.19878296146,1731.7804937611202,True,-103.6233754,32.1531265,agree,,4.0,4.0,BS2_S,none
3002551283,CRAZY GOAT 8711 14 11 STATE COM #003H,BTA Oil,30,Lea,BS2_S,BS2_S,keep,True,,False,10090.0,False,8935.0,2024-09-26,141669.0,15855.512031337437,2103.4453550176822,True,-103.43793277,32.40008866,agree,,272.0,272.0,BS2_S,none
3002551284,CRAZY GOAT 8711 14 11 STATE COM #004H,BTA Oil,30,Lea,BS2_S,BS2_S,keep,True,,False,10362.0,False,10070.0,2024-09-26,176430.0,17520.357497517376,1673.933004591056,True,-103.43535087,32.39932196,off_band,,719.0,,BS2_S,none
3002551290,SILVER FEDERAL COM #124H,Matador,30,Lea,BS2_S,BS2_S,keep,False,,True,10100.0,True,9888.0,2024-02-25,78258.0,7914.441747572815,938.2555138132842,True,-103.66112658,32.59547534,agree,,37.0,37.0,BS2_S,none
3002551297,BRIDGE STATE UNIT 28 #507H,Permian Resources,30,Lea,BS2_S,BS2_S,keep,True,,False,10466.0,False,9832.0,2023-06-21,241570.0,24569.772172497967,1837.7364738999047,True,-103.37451465,32.37064928,no_evidence,,,,BS2_S,none
3002551302,SPEYSIDE 18 FEDERAL #302H,Paloma Permian Assetco,30,Lea,BS2_S,BS2_S,keep,True,,False,9932.0,False,5046.0,2023-11-01,138106.0,27369.40150614348,1987.7702634208506,False,-103.50338803,32.39165563,agree,,472.5,472.5,BS2_S,none
3002551337,BELGIAN BLUE 28 21 STATE COM #501H,Mewbourne,30,Lea,BS2_S,BS2_S,keep,True,,False,9592.0,False,9955.0,2024-02-01,152595.0,15328.478151682571,626.7571021330974,True,-103.46944315,32.72679753,no_evidence,,,,BS3_C,none
3002551338,BELGIAN BLUE 28 21 STATE COM #523H,Mewbourne,30,Lea,BS2_S,BS2_S,keep,True,,False,9788.0,False,10312.0,2024-02-01,185749.0,18012.897595034912,519.9812650404579,True,-103.46487459,32.72607857,no_evidence,,,,BS3_C,none
3002551394,WOODY 22 FEDERAL COM #501H,Permian Resources,30,Lea,BS2_S,BS2_S,keep,True,,False,10310.0,False,7660.0,2023-09-16,278945.0,36415.79634464752,1112.5239742601589,True,-103.44929919,32.56977942,no_evidence,,,,BS2_S,none
3002551395,WOODY 22 FEDERAL COM #502H,Permian Resources,30,Lea,BS2_S,BS2_S,keep,True,,False,10581.0,False,7639.0,2023-09-16,179752.0,23530.828642492474,850.405002447817,True,-103.44642101,32.56984656,no_evidence,,,,BS2_S,none
3002551396,WOODY 22 FEDERAL COM #503H,Permian Resources,30,Lea,BS2_S,BS2_S,keep,True,,False,10233.0,False,7734.0,2023-09-16,271219.0,35068.399275924494,1249.075470376338,True,-103.44335656,32.56968504,no_evidence,,,,BS2_S,none
3002551397,WOODY 22 FEDERAL COM #504H,Permian Resources,30,Lea,BS2_S,BS2_S,keep,True,,False,10486.0,False,7713.0,2023-09-16,160043.0,20749.773110333204,759.5771136507063,True,-103.44047944,32.56909191,no_evidence,,,,BS2_S,none
3002551398,WOODY 22 FEDERAL COM #505H,Permian Resources,30,Lea,BS2_S,BS2_S,keep,True,,False,10174.0,False,7600.0,2023-09-16,171393.0,22551.71052631579,1169.586855939274,True,-103.43760193,32.56947868,no_evidence,,,,BS2_S,none
3002551401,SD 24 13 FEDERAL P365 #310H,Chevron,30,Lea,BS2_S,BS2_S,keep,False,,True,9926.0,False,9674.0,2025-04-14,255829.0,26445.007235890014,1743.1252907215367,True,-103.63153226,32.03695363,ambiguous,,109.5,915.0,BS1_S,none
3002551402,SD 24 13 FEDERAL P365 #421H,Chevron,30,Lea,BS2_S,BS2_S,keep,True,card verdict REJECT (BS2_S->BS3_S),False,10711.0,False,9869.0,2025-04-13,207528.0,21028.270341473297,2156.1186924174085,True,-103.63570277,32.0366331,flag,BS3_S,55.0,,BS2_S,none
3002551403,SD 24 13 FEDERAL P365 #422H,Chevron,30,Lea,BS2_S,BS2_S,keep,True,,False,10459.0,False,9928.0,2025-04-13,182781.0,18410.656728444803,1995.7216559708065,True,-103.63265438,32.03642055,off_band,,307.0,395.5,BS2_S,none
3002551433,FORGE FEDERAL COM #501H,Devon,30,Lea,BS2_S,BS2_S,keep,False,,True,10733.0,False,9732.0,2025-05-01,153484.0,15771.064529387588,4036.2773969925206,True,-103.3456384,32.09470067,off_band,,1535.0,,BS2_S,none
3002551437,SAND CHUTE 33 9 FEDERAL COM #506H,Mewbourne,30,Lea,BS2_S,BS2_S,keep,True,,False,10603.0,False,12697.0,2023-08-01,212210.0,16713.396865401275,521.4457377126431,True,-103.46013735,32.59817985,off_band,,664.0,,BS2_S,none
3002551438,NORTH THISTLE 3 34 STATE #501H,Devon,30,Lea,BS2_S,BS2_S,keep,False,,True,10900.0,True,4653.0,2024-12-29,118945.0,25563.077584354178,1060.95254109042,False,-103.56758646,32.334479,off_band,,1334.0,,BS2_S,none
3002551439,NORTH THISTLE 3 34 STATE COM #401H,Devon,30,Lea,BS2_S,BS2_S,keep,True,,False,10450.0,False,10331.0,2025-01-02,217341.0,21037.75045978124,1185.3124813081747,True,-103.56589605,32.34072817,agree,,580.5,580.5,BS2_S,none
3002551442,NORTH THISTLE 3 34 STATE COM #502H,Devon,30,Lea,BS2_S,BS2_S,keep,False,,True,10900.0,True,9815.0,2024-12-25,180205.0,18360.163015792154,1321.6503426652978,True,-103.56385824,32.34181184,off_band,,218.0,,BS2_S,none
3002551443,NORTH THISTLE 3 34 STATE COM #503H,Devon,30,Lea,BS2_S,BS2_S,keep,False,,True,10900.0,True,9888.0,2024-12-21,148164.0,14984.223300970873,1530.095029831808,True,-103.56363862,32.34183146,off_band,,218.0,,BS2_S,none
3002551447,PAKSE 4 SOUTH FEDERAL COM #433H,Permian Resources,30,Lea,BS2_S,BS2_S,keep,True,,False,10048.0,False,7676.0,2024-07-14,106930.0,13930.432516935904,1690.8351257832226,True,-103.71693786,32.55468652,agree,,113.0,113.0,BS3_C,none
3002551458,RESOLUTE 12 FEDERAL COM #206H,EOG,30,Lea,BS2_S,BS2_S,keep,True,,False,10699.0,False,10112.0,2023-09-06,205624.0,20334.651898734177,1716.2685289654903,True,-103.62633748,32.1528168,agree,,26.5,26.5,BS2_S,none
3002551462,NINA CORTELL FEDERAL COM #128H,Matador,30,Lea,BS2_S,BS2_S,keep,True,,False,10884.0,False,9791.0,2024-12-09,271680.0,27747.931774078235,1201.328769140165,True,-103.65612679,32.41378216,agree,,33.0,33.0,BS2_S,none
3002551466,SERPENTINE 35 26 FEDERAL COM #001H,Devon,30,Lea,BS2_S,BS2_S,keep,False,,True,11000.0,True,8350.0,2024-01-07,211654.0,25347.784431137727,1200.6765759210787,True,-103.55065872,32.35774257,off_band,,671.0,,BS2_S,none
3002551488,SERPENTINE 35 26 FEDERAL COM #011H,Devon,30,Lea,BS2_S,BS2_S,keep,False,,False,11000.0,True,8564.0,2024-01-06,234610.0,27394.90892106492,1422.1388687609224,True,-103.54755627,32.35918407,agree,,41.0,41.0,BS2_S,none
3002551503,SD 24 13 FEDERAL COM #424H,Chevron,30,Lea,BS2_S,BS2_S,keep,False,,True,10507.0,False,9511.0,2025-05-04,236475.0,24863.316160235518,1603.8735595728936,True,-103.62513327,32.03739335,off_band,,265.0,334.0,BS3_C,none
3002551504,SD 24 13 FEDERAL COM #426H,Chevron,30,Lea,BS2_S,BS2_S,keep,False,,True,10512.0,False,9390.0,2025-05-04,250678.0,26696.272630457934,1592.8920766880221,True,-103.6224408,32.03745535,off_band,,269.0,329.0,BS2_S,none
3002551514,NORTH THISTLE 3 34 STATE COM #504H,Devon,30,Lea,BS2_S,BS2_S,keep,True,class BS2_S->BS3_C rejected (precision 0.33),False,11070.0,False,9910.0,2024-12-27,232219.0,23432.79515640767,1000.9861380851696,True,-103.55653716,32.3402097,flag,BS3_C,49.5,,BS2_S,none
3002551515,NORTH THISTLE 3 34 STATE COM #505H,Devon,30,Lea,BS2_S,BS2_S,keep,False,,False,10900.0,True,10297.0,2024-12-23,243727.0,23669.709624162377,1151.210165472024,True,-103.55279993,32.34068505,off_band,,219.5,,BS2_S,none
3002551518,QUEEN KEELY STATE COM #193H,SM Energy,30,Lea,BS2_S,BS2_S,keep,True,,False,10737.0,False,9991.0,2024-03-01,159969.0,16011.310179161246,1246.1914495933588,True,-103.57640427,32.4566147,no_evidence,,,,BS2_S,none
3002551519,QUEEN KEELY STATE COM #195H,SM Energy,30,Lea,BS2_S,BS2_S,keep,False,,True,10924.0,False,9934.0,2024-03-01,112339.0,11308.536339842964,1208.0221472507321,True,-103.5806826,32.45618297,off_band,,870.0,,BS2_S,none
3002551528,SKY DWELLER 14 STATE COM #607H,Avant Operating II,30,Lea,BS2_S,BS2_S,keep,True,,False,10096.0,False,7620.0,2024-01-17,152814.0,20054.33070866142,474.4264268980591,True,-103.5326713,32.743835,off_band,,236.0,,BS3_S,none
3002551535,CATNIP EVERDEEN FEDERAL COM #502H,ConocoPhillips,30,Lea,BS2_S,BS2_S,keep,False,,True,10893.0,False,9867.0,2023-12-22,287320.0,29119.286510590857,1508.5688431017682,True,-103.65824642,32.32699291,off_band,,1592.5,,BS2_S,none
3002551543,MINIS 1 FEDERAL COM #214H,Permian Resources,30,Lea,BS2_S,BS2_S,keep,True,,False,10366.0,False,7361.0,2024-01-19,128027.0,17392.609699769055,1092.5664117725166,True,-103.62314935,32.51088496,agree,,387.0,387.0,BS2_S,none
3002551550,RAGIN CAJUN 12 13 FEDERAL COM #014H,Devon,30,Lea,BS2_S,BS2_S,keep,True,,False,11258.0,False,9708.0,2024-02-08,114967.0,11842.501030078285,4027.8253759774543,True,-103.430216,32.049938,agree,,38.0,38.0,BS2_S,none
3002551551,RAGIN CAJUN 12 13 FEDERAL COM #015H,Devon,30,Lea,BS2_S,BS2_S,keep,True,,False,11242.0,False,9791.0,2024-02-08,147131.0,15027.16780716985,3546.750854680523,True,-103.428681,32.0499465,agree,,22.0,22.0,BS2_S,none
3002551552,RAGIN CAJUN 12 13 FEDERAL COM #016H,Devon,30,Lea,BS2_S,BS2_S,keep,True,,False,11256.0,False,10036.0,2024-02-09,204477.0,20374.352331606216,3118.8251001335116,True,-103.42543707,32.04990264,agree,,36.0,36.0,BS2_S,none
3002551554,RAGIN CAJUN 12 13 FEDERAL COM #017H,Devon,30,Lea,BS2_S,BS2_S,keep,True,,False,11110.0,False,10073.0,2024-08-14,169674.0,16844.43561997419,4282.753987057534,True,-103.42041934,32.04988908,ambiguous_lith,BS2_C,21.0,124.0,BS2_S,suggest
3002551555,RAGIN CAJUN 12 13 FEDERAL COM #018H,Devon,30,Lea,BS2_S,BS2_S,keep,True,,False,11206.0,False,9653.0,2024-08-14,160173.0,16593.079871542526,4154.183289318425,True,-103.41655408,32.04993659,agree,,28.0,28.0,BS2_S,none
3002551556,RAGIN CAJUN 12 13 FEDERAL COM #019H,Devon,30,Lea,BS2_S,BS2_S,keep,True,,False,11110.0,False,10064.0,2024-08-08,148599.0,14765.401430842607,1355.0158480205116,True,-103.41701324,32.04989408,agree,,124.0,124.0,BS2_S,none
3002551559,NORTH THISTLE 3 34 STATE COM #404H,Devon,30,Lea,BS2_S,BS2_S,keep,True,,False,10450.0,False,10314.0,2024-12-31,192934.0,18706.03063796781,1739.1646884426798,True,-103.55382194,32.34068555,off_band,,121.0,,BS2_C,none
3002551576,MOZZARELLA FEDERAL COM #505H,Permian Resources,30,Lea,BS2_S,BS2_S,keep,True,,False,10672.0,False,10293.0,2023-10-16,291954.0,28364.325269600697,1510.5530323270104,True,-103.69392539,32.42799358,agree,,18.0,18.0,BS2_S,none
3002551581,QUEEN KEELY STATE COM #126H,SM Energy,30,Lea,BS2_S,BS2_S,keep,True,,False,11138.0,False,9882.0,2024-03-01,151686.0,15349.726775956284,1258.6395580343606,True,-103.57483079,32.45627364,no_evidence,,,,BS2_S,none
3002551589,QUEEN KEELY STATE COM #191H,SM Energy,30,Lea,BS2_S,BS2_S,keep,False,,True,10709.0,False,9962.0,2024-03-07,182164.0,18285.886368199157,1199.583891438484,True,-103.58442709,32.45639334,off_band,,655.5,,BS2_S,none
3002551590,QUEEN KEELY STATE COM #196H,SM Energy,30,Lea,BS2_S,BS2_S,keep,False,,True,10725.0,False,9974.0,2024-03-01,92916.0,9315.821134950871,1265.6485427698135,True,-103.57269535,32.45626404,no_evidence,,,,BS2_S,none
3002551606,MARLAN DOWNEY STATE COM #123H,Matador,30,Lea,BS2_S,BS2_S,keep,False,,True,10345.0,False,12502.0,2023-12-10,194234.0,15536.234202527596,1320.4742732992165,True,-103.37041519,32.31473228,off_band,,469.5,,BS2_S,none
3002551611,NINA CORTELL FEDERAL COM #127H,Matador,30,Lea,BS2_S,BS2_S,keep,True,,False,10874.0,False,8931.0,2024-12-11,267508.0,29952.748852312172,1153.3524231051033,True,-103.65993496,32.41510257,agree,,18.0,18.0,BS2_S,none
3002551632,LOCO DINERO 36 STATE COM #022H,Marshall & Winston,30,Lea,BS2_S,BS2_S,keep,False,,True,10620.0,False,4616.0,2023-12-06,99207.0,21491.984402079725,1678.8029070529296,False,-103.52719861,32.4343557,agree,,321.0,321.0,BS2_S,none
3002551646,DRAGONSTONE 11 2 FEDERAL COM #526H,Mewbourne,30,Lea,BS2_S,BS2_S,keep,False,,True,9280.0,False,7742.0,2023-09-04,85868.0,11091.190906742444,898.6351143615782,True,-103.73433419,32.7656172,no_evidence,,,,BS2_S,none
3002551649,CUTBOW 36 1 FEDERAL COM #501H,Devon,30,Lea,BS3_C,BS2_S,reassign,True,class BS3_C->BS2_S (precision 0.90) + sql/23 concurs + GOR none,False,9920.0,False,10208.0,2024-06-27,234610.0,22982.954545454548,865.8497080260859,True,-103.72715574,32.60924168,flag,BS2_S,20.0,,BS2_S,none
3002551650,CUTBOW 36 1 FEDERAL COM #502H,Devon,30,Lea,BS2_S,BS2_S,keep,True,,False,9955.0,False,11253.0,2024-06-27,221447.0,19678.930063094285,908.3482729501867,True,-103.72399648,32.6106677,agree,,30.0,30.0,BS2_S,none
3002551652,SD 24 13 FEDERAL COM #425H,Chevron,30,Lea,BS3_C,BS2_S,reassign,True,class BS3_C->BS2_S (precision 0.90) + sql/23 concurs + GOR none,False,10764.0,False,9744.0,2025-04-15,64441.0,6613.403119868637,1737.3876879626325,True,-103.62473071,32.03672163,flag,BS2_S,8.0,,BS2_S,none
3002551675,ANTERO 14 FEDERAL COM #517H,EOG,30,Lea,BS2_S,BS2_S,keep,True,,False,11205.0,False,7816.0,2023-10-14,140727.0,18004.989764585465,2103.5764281196925,True,-103.53606492,32.14129651,off_band,,544.0,,BS3_S,none
3002551688,ANTERO 14 FEDERAL COM #411H,EOG,30,Lea,BS2_S,BS2_S,keep,True,,False,10598.0,False,7194.0,2023-10-14,120770.0,16787.600778426466,2493.8146890784137,True,-103.54030522,32.14216338,off_band,,335.0,,BS2_C,none
3002551709,OUTRIDER 28 FEDERAL #405H,Exxon Mobil,30,Lea,BS2_S,BS2_S,keep,False,,True,10468.0,False,10475.0,2024-10-01,323421.0,30875.513126491645,1873.0416392256532,True,-103.68283946,32.19576497,off_band,,1320.0,,BS2_S,none
3002551719,ZACH 17 8 FEDERAL COM #524H,Mewbourne,30,Lea,BS2_S,BS2_S,keep,False,,True,10664.0,False,10371.0,2024-01-09,355888.0,34315.68797608717,2397.06874072742,True,-103.59583237,32.0506698,agree,,164.5,164.5,BS2_S,none
3002551721,INGA 33 FEDERAL COM #583H,EOG,30,Lea,BS2_S,BS2_S,keep,False,,True,10982.0,False,9968.0,2024-08-15,126985.0,12739.265650080257,2462.582194747411,True,-103.67128445,32.27386312,off_band,,267.0,,BS3_C,none
3002551722,INGA 33 FEDERAL COM #522H,EOG,30,Lea,BS2_S,BS2_S,keep,True,,False,10601.0,False,7313.0,2024-08-15,105672.0,14449.883768631205,1385.9868271632977,True,-103.67370909,32.24956496,off_band,,663.0,,BS2_C,none
3002551728,DOVETAIL 18 7 STATE COM #122H,Permian Resources,30,Lea,BS2_S,BS2_S,keep,True,,False,10027.0,False,9953.0,2025-01-22,285254.0,28660.10248166382,1862.2315550351616,True,-103.4095938,32.48667018,agree,,24.0,24.0,BS2_S,none
3002551731,DOVETAIL 18 7 STATE COM #121H,Permian Resources,30,Lea,BS2_S,BS2_S,keep,True,,False,10063.0,False,10019.0,2025-01-22,315045.0,31444.754965565426,1820.4002602802775,True,-103.41342817,32.48684662,no_evidence,,,,BS2_S,none
3002551739,COBALT 32 STATE #506H,EOG,30,Lea,BS2_S,BS2_S,keep,True,,False,11089.0,False,4359.0,2023-11-30,222150.0,50963.52374397798,2013.9455322979968,False,-103.4941822,32.17498272,off_band,,789.0,,BS2_S,none
3002551740,COBALT 32 STATE #508H,EOG,30,Lea,BS2_S,BS2_S,keep,True,,False,11110.0,False,4823.0,2023-11-30,169585.0,35161.72506738545,1770.7049562166465,False,-103.4973543,32.17438214,agree,,6.0,6.0,BS2_S,none
3002551743,COBALT 32 STATE COM #501H,EOG,30,Lea,BS3_S,BS2_S,reassign,True,card verdict AGREE (BS3_S->BS2_S),False,11060.0,False,4956.0,2023-11-29,144148.0,29085.552865213882,1790.0768654438493,False,-103.48475854,32.17420414,flag,BS2_S,59.0,,BS2_S,none
3002551744,COBALT 32 STATE COM #502H,EOG,30,Lea,BS3_S,BS2_S,reassign,True,card verdict AGREE (BS3_S->BS2_S),False,11060.0,False,4930.0,2023-11-29,109085.0,22126.774847870183,2148.2605307787503,False,-103.48552768,32.17424949,flag,BS2_S,54.5,,BS2_S,none
3002551745,COBALT 32 STATE COM #503H,EOG,30,Lea,BS2_S,BS2_S,keep,True,,False,11048.0,False,4421.0,2023-11-29,152631.0,34524.08957249491,1992.3803159253362,False,-103.48756155,32.17486749,agree,,81.0,81.0,BS2_S,none
3002551746,COBALT 32 STATE COM #505H,EOG,30,Lea,BS2_S,BS2_S,keep,True,,False,11078.0,False,4845.0,2023-11-29,173273.0,35763.26109391125,2019.0566331742396,False,-103.4906851,32.17415159,agree,,46.0,46.0,BS2_S,none
3002551752,STACK CATS 25 36 FEDERAL COM #022H,Occidental,30,Lea,BS2_S,BS2_S,keep,True,,False,10969.0,False,9937.0,2024-04-22,430735.0,43346.58347589816,1501.2269725004933,True,-103.63508901,32.35482884,agree,,159.0,159.0,BS2_S,none
3002551753,STACK CATS 25 36 FEDERAL COM #023H,Occidental,30,Lea,BS2_S,BS2_S,keep,True,,False,10739.0,False,10043.0,2024-04-22,342122.0,34065.717415115,1291.431126907945,True,-103.63218172,32.35496777,agree,,90.5,90.5,BS2_S,none
3002551754,STACK CATS 25 36 FEDERAL COM #024H,Occidental,30,Lea,BS2_S,BS2_S,keep,True,,False,10983.0,False,10288.0,2024-04-01,245474.0,23860.225505443235,1410.214523737748,True,-103.62862596,32.35519732,agree,,173.0,173.0,BS2_S,none
3002551755,STACK CATS 25 36 FEDERAL COM #025H,Occidental,30,Lea,BS2_S,BS2_S,keep,True,,False,10880.0,False,10232.0,2024-04-01,179636.0,17556.29397967162,1358.369146496248,True,-103.62474138,32.35543697,off_band,,1393.0,,BS2_S,none
3002551756,STACK CATS 25 36 FEDERAL COM #026H,Occidental,30,Lea,BS2_S,BS2_S,keep,False,,False,11000.0,True,10273.0,2024-04-01,110405.0,10747.10405918427,1443.9744576785472,True,-103.62161885,32.35562018,agree,,143.0,143.0,BS2_S,none
3002551767,TWEETY BIRD 17 FEDERAL COM #305H,EOG,30,Lea,BS2_S,BS2_S,keep,False,,True,11132.0,False,12573.0,2024-03-10,136851.0,10884.514435695537,1465.8716414202308,True,-103.60139373,32.32342227,off_band,,1323.0,,BS2_S,none
3002551768,TWEETY BIRD 17 FEDERAL COM #205H,EOG,30,Lea,BS2_S,BS2_S,keep,True,,False,11132.0,False,12573.0,2024-03-10,381017.0,30304.38240674461,4276.738308264461,True,-103.5997689,32.32361468,off_band,,1323.0,,BS2_S,none
3002551769,TWEETY BIRD 8 FEDERAL COM #306H,EOG,30,Lea,BS2_S,BS2_S,keep,False,,True,11132.0,False,9927.0,2024-03-10,171086.0,17234.411201772942,1282.9337292355892,True,-103.59754566,32.32715348,no_evidence,,,,BS2_S,none
3002551770,TWEETY BIRD 8 FEDERAL COM #206H,EOG,30,Lea,BS2_S,BS2_S,keep,False,,True,11132.0,False,9942.0,2024-03-10,351385.0,35343.49225507946,3775.7559372198584,True,-103.5955153,32.3271842,no_evidence,,,,BS2_S,none
3002551784,ALPHA WOLF 36 FEDERAL COM #501H,Devon,30,Lea,BS2_S,BS2_S,keep,True,,False,9619.0,False,9883.0,2025-04-03,226349.0,22902.863502984925,700.8336683616892,True,-103.72929177,32.70303307,agree,,24.0,24.0,BS2_S,none
3002551785,ALPHA WOLF 36 FEDERAL COM #502H,Devon,30,Lea,BS2_S,BS2_S,keep,True,,False,9608.0,False,9993.0,2025-04-04,166396.0,16651.255879115382,793.2642611601241,True,-103.72923212,32.70028232,agree,,35.0,35.0,BS2_S,none
3002551786,ALPHA WOLF 36 FEDERAL COM #503H,Devon,30,Lea,BS2_S,BS2_S,keep,True,,False,9643.0,False,9857.0,2025-04-28,102189.0,10367.150248554326,1021.2840912426974,True,-103.72937323,32.69767458,agree,,24.0,24.0,BS2_S,none
3002551800,NORTH BLONDIE 3 15 FEDERAL COM #006H,Devon,30,Lea,BS2_S,BS2_S,keep,True,,False,11070.0,False,12883.0,2024-10-14,218962.0,16996.19653807343,5179.337053918031,True,-103.46423646,32.06266539,off_band,,1504.0,,BS2_S,none
3002551805,PRETTY GOOD 20 FEDERAL COM #710H,EOG,30,Lea,BS2_S,BS2_S,keep,True,,False,10426.0,False,14928.0,2025-05-01,240238.0,16093.113612004288,1250.7388506397822,False,-103.70443799,32.36177445,off_band,,647.0,,BS2_S,none
3002551834,DURANGO 2 STATE #511H,EOG,30,Lea,BS2_S,BS2_S,keep,True,,False,10995.0,False,4553.0,2024-12-01,109396.0,24027.234790248185,1895.8737065340597,False,-103.53705932,32.15886004,off_band,,714.0,,BS3_S,none
3002551839,BATMAN FEDERAL COM #122H,Permian Resources,30,Lea,BS2_S,BS2_S,keep,True,,False,10070.0,False,9479.0,2024-02-01,179261.0,18911.383057284525,1277.9857303038586,True,-103.60498027,32.56464236,off_band,,481.0,,BS2_S,none
3002551840,BATMAN FEDERAL COM #123H,Permian Resources,30,Lea,BS2_S,BS2_S,keep,True,,False,10430.0,False,9903.0,2024-02-01,161131.0,16270.928001615672,1198.707883647467,True,-103.60278111,32.56494152,off_band,,662.0,,BS3_C,none
3002551841,BATMAN FEDERAL COM #124H,Permian Resources,30,Lea,BS2_S,BS2_S,keep,True,,False,10067.0,False,9968.0,2024-02-01,175846.0,17641.051364365972,1408.738327855055,True,-103.60056017,32.56522686,off_band,,478.0,,BS2_S,none
3002551842,BATMAN FEDERAL COM #125H,Permian Resources,30,Lea,BS2_S,BS2_S,keep,True,,False,10437.0,False,9890.0,2024-02-01,177796.0,17977.350859453996,1241.7433463070035,True,-103.59849266,32.5645488,off_band,,655.0,,BS2_S,none
3002551843,BATMAN FEDERAL COM #126H,Permian Resources,30,Lea,BS2_S,BS2_S,keep,True,,False,10079.0,False,9915.0,2024-02-01,155427.0,15675.945537065052,1187.72800092648,True,-103.5963513,32.5651615,off_band,,489.0,,BS2_S,none
3002551855,ICY 7 FEDERAL #512H,EOG,30,Lea,BS2_S,BS2_S,keep,True,,False,11030.0,False,7185.0,2023-12-28,135765.0,18895.615866388307,2352.469340404375,True,-103.60639592,32.12633068,off_band,,204.0,,BS2_S,none
3002551858,ICY 18 FEDERAL #103H,EOG,30,Lea,BS2_S,BS2_S,keep,True,,False,10703.0,False,7210.0,2023-12-29,123654.0,17150.346740638004,2921.8140941659794,True,-103.61263163,32.12639327,off_band,,282.5,,BS2_S,none
3002551860,ICY 18 FEDERAL #510H,EOG,30,Lea,BS2_S,BS2_S,keep,True,,False,11023.0,False,7006.0,2023-12-29,144614.0,20641.45018555524,2386.8021076797545,True,-103.60889398,32.12621609,off_band,,211.0,,BS3_C,none
3002551862,ICY 18 FEDERAL #742H,EOG,30,Lea,BS2_S,BS2_S,keep,True,,False,11009.0,False,7076.0,2023-12-29,154609.0,21849.773883550028,2001.1642271795304,True,-103.61160456,32.12603402,off_band,,225.0,,BS2_S,none
3002551863,ICY 18 FEDERAL #744H,EOG,30,Lea,BS2_S,BS2_S,keep,True,,False,10757.0,False,7195.0,2023-12-29,115795.0,16093.815149409313,2815.760611425364,True,-103.61005823,32.12649351,off_band,,336.5,,BS2_S,none
3002551878,ICY 18 FEDERAL #752H,EOG,30,Lea,BS2_S,BS2_S,keep,True,,False,10516.0,False,15041.0,2025-01-31,84912.0,5645.369323848149,4560.521481062748,False,-103.617368,32.1161745,ambiguous_lith,BS2_C,65.0,,BS2_S,suggest
3002551886,BATMAN FEDERAL COM #121H,Permian Resources,30,Lea,BS2_S,BS2_S,keep,True,,False,10406.0,False,9723.0,2024-02-01,220039.0,22630.77239535123,1180.1635164675354,True,-103.6070676,32.56476664,off_band,,686.0,,BS2_S,none
3002551926,RED HILLS UNIT #077H,Devon,30,Lea,BS2_S,BS2_S,keep,False,,True,10802.0,False,9400.0,2025-09-01,,,,False,-103.56980847,32.07864508,off_band,,871.0,,BS3_S,none
3002551928,RED HILLS UNIT #079H,Devon,30,Lea,BS2_S,BS2_S,keep,False,,True,10750.0,False,9620.0,2025-09-01,,,,False,-103.57252032,32.07878878,off_band,,1439.0,,BS2_S,none
3002551936,QUERECHO 23 26 FEDERAL COM #523H,Mewbourne,30,Lea,BS2_S,BS2_S,keep,False,,True,9625.0,False,9934.0,2024-01-09,375873.0,37837.02436078116,818.2072136067236,True,-103.73482662,32.72500743,no_evidence,,,,BS2_S,none
3002551960,RATTLESNAKE 28 FEDERAL COM #511H,EOG,30,Lea,BS2_S,BS2_S,keep,True,,False,10964.0,False,6922.0,2024-10-07,169442.0,24478.76336318983,3262.679855053647,True,-103.57423049,32.00998012,off_band,,713.0,,BS2_S,none
3002551965,RATTLESNAKE 28 FEDERAL COM #512H,EOG,30,Lea,BS2_S,BS2_S,keep,True,,False,10771.0,False,6841.0,2024-10-07,171264.0,25034.936412805146,3571.6612948430493,True,-103.57622004,32.00992565,off_band,,520.0,,BS2_S,none
3002551967,RATTLESNAKE 28 FEDERAL COM #513H,EOG,30,Lea,BS2_S,BS2_S,keep,True,,False,10971.0,False,6986.0,2024-10-07,190016.0,27199.54194102491,3181.821530818457,True,-103.5782298,32.01006255,off_band,,720.0,,BS2_S,none
3002551971,JAMES 20 29 FEDERAL COM #041H,Devon,30,Lea,BS2_S,BS2_S,keep,True,,False,10580.0,False,9770.0,2025-03-01,163888.0,16774.616171954964,2387.53905105926,True,-103.69810593,32.28193129,off_band,,647.0,,BS2_S,none
3002551977,OUTRIDER 28 FEDERAL #401H,Exxon Mobil,30,Lea,BS2_S,BS2_S,keep,False,,True,10870.0,False,10436.0,2024-10-01,330096.0,31630.509773859718,1822.5758567204691,True,-103.68711546,32.19573141,off_band,,1224.5,,BS2_S,none
3002551978,OUTRIDER 28 FEDERAL #402H,Exxon Mobil,30,Lea,BS2_S,BS2_S,keep,True,,False,10531.0,False,9785.0,2024-10-01,431726.0,44121.20592743996,1814.952076085295,True,-103.68551406,32.19673097,off_band,,1392.5,,BS2_S,none
3002551980,OUTRIDER 28 FEDERAL COM #404H,Exxon Mobil,30,Lea,BS2_S,BS2_S,keep,True,,False,10640.0,False,10223.0,2024-10-01,406298.0,39743.51951481953,1898.6113640726758,True,-103.68184303,32.19607124,off_band,,1492.0,,BS2_S,none
3002551981,OUTRIDER 28 FEDERAL COM #408H,Exxon Mobil,30,Lea,BS2_S,BS2_S,keep,True,,False,10610.0,False,9645.0,2024-10-01,472370.0,48975.635044064285,1745.8221309566654,True,-103.67533289,32.1970239,off_band,,670.0,,BS2_S,none
3002551982,OUTRIDER 28 FEDERAL COM #409H,Exxon Mobil,30,Lea,BS2_S,BS2_S,keep,True,,False,10839.0,False,9433.0,2024-10-01,351745.0,37288.7734548924,1807.573668424569,True,-103.67371302,32.19734658,off_band,,899.0,,BS2_S,none
3002551983,OUTRIDER 28 FEDERAL COM #410H,Exxon Mobil,30,Lea,BS2_S,BS2_S,keep,True,,False,10673.0,False,10203.0,2024-10-01,453283.0,44426.44320297951,1805.1482186625133,True,-103.67694875,32.19618714,off_band,,733.0,,BS2_S,none
3002552002,NORTH BLONDIE 3 15 FEDERAL COM #010H,Devon,30,Lea,BS2_S,BS2_S,keep,True,,False,11070.0,False,12923.0,2024-10-14,109567.0,8478.449276483789,1716.5843730320262,True,-103.45617461,32.06268877,off_band,,1447.0,,BS2_C,none
3002552015,JAMES 20 29 FEDERAL COM #042H,Devon,30,Lea,BS2_S,BS2_S,keep,True,,False,10876.0,False,9634.0,2025-03-01,181503.0,18839.838073489722,1933.4721740136526,True,-103.70071872,32.2817882,off_band,,373.0,,BS3_S,none
3002552022,MAD DOG 26 35 STATE COM #526H,Mewbourne,30,Lea,BS2_S,BS2_S,keep,False,,True,10463.0,False,9879.0,2024-07-26,274775.0,27814.05000506124,1727.0020926212355,True,-103.43827045,32.26778312,agree,,2.0,2.0,BS2_S,none
3002552023,MAD DOG 26 35 STATE COM #528H,Mewbourne,30,Lea,BS2_S,BS2_S,keep,False,,True,10503.0,False,9895.0,2024-07-26,222763.0,22512.683173319856,1757.338516719563,True,-103.4343801,32.26781905,agree,,38.0,38.0,BS2_S,none
3002552039,GREVEY COM #121H,Matador,30,Lea,BS2_S,BS2_S,keep,True,,False,11160.0,False,7446.0,2024-06-10,145189.0,19498.925597636317,3709.316821522292,True,-103.39483485,32.02479941,agree,,37.0,37.0,BS2_S,none
3002552071,AMAZING 19 FEDERAL #501H,EOG,30,Lea,BS2_S,BS2_S,keep,False,,True,10638.0,False,9964.0,2024-05-14,173685.0,17431.252509032518,1787.563692892305,True,-103.70640153,32.3690097,off_band,,706.5,,BS2_S,none
3002552072,AMAZING 19 FEDERAL #502H,EOG,30,Lea,BS2_S,BS2_S,keep,False,,True,10638.0,False,9951.0,2024-05-14,140621.0,14131.343583559443,1352.315799204955,True,-103.70799874,32.36926744,off_band,,706.5,,BS2_S,none
3002552073,AMAZING 19 FEDERAL #503H,EOG,30,Lea,BS2_S,BS2_S,keep,False,,True,10638.0,False,9949.0,2024-05-14,79118.0,7952.357020806111,1309.7272428524482,True,-103.71280817,32.36922382,off_band,,746.0,,BS2_S,none
3002552088,NORTH WILSON DEEP UNIT #010H,Mewbourne,30,Lea,BS2_S,BS2_S,keep,True,,False,9933.0,False,9863.0,2024-08-05,197550.0,20029.402818615024,2282.66767906859,True,-103.39609266,32.49448359,agree,,75.0,75.0,BS2_S,none
3002552089,NORTH WILSON DEEP UNIT #011H,Mewbourne,30,Lea,BS2_S,BS2_S,keep,False,,True,9701.0,False,10335.0,2024-08-05,192433.0,18619.545234639572,1987.408604553273,True,-103.39182717,32.49344203,agree,,302.0,302.0,BS2_S,none
3002552110,AZALEA 26 36 28 STATE COM #182H,Matador,30,Lea,BS2_S,BS2_S,keep,True,,False,10389.0,False,7245.0,2025-03-19,97470.0,13453.416149068324,9841.766697445368,True,-103.27103881,32.0106596,no_evidence,,,,BS3_S,none
3002552152,AMAZING 19 FEDERAL #505H,EOG,30,Lea,BS2_S,BS2_S,keep,False,,True,10638.0,False,9965.0,2024-05-14,136040.0,13651.78123432012,1506.9244339900029,True,-103.70960191,32.36934065,off_band,,746.0,,BS2_S,none
3002552183,LEA SOUTH 25 FEDERAL COM 2BS #013H,Permian Resources,30,Lea,BS2_S,BS2_S,keep,True,,False,10714.0,False,4865.0,2024-02-16,147636.0,30346.55704008222,840.6079817930586,False,-103.51138498,32.5445458,agree,,56.5,56.5,BS2_S,none
3002552184,LEA SOUTH 25 FEDERAL COM 2BS #014H,Permian Resources,30,Lea,BS2_S,BS2_S,keep,True,,False,10748.0,False,4560.0,2024-02-15,97215.0,21319.07894736842,813.9690376999434,False,-103.50642221,32.54494307,agree,,31.0,31.0,BS2_S,none
3002552196,BUTTERS STOTCH 17 STATE COM #122H,Permian Resources,30,Lea,BS2_S,BS2_S,keep,False,,False,10400.0,True,9931.0,2024-08-01,176516.0,17774.242271674557,1544.8627886423894,True,-103.39179954,32.39972153,off_band,,677.5,,BS2_S,none
3002552199,CASA BONITA 32 STATE COM #121H,Permian Resources,30,Lea,BS2_S,BS2_S,keep,True,,False,10378.0,False,10308.0,2024-08-02,199843.0,19387.1750097012,2092.9079327271907,True,-103.39609504,32.41344384,no_evidence,,,,BS2_S,none
3002552213,SANDRA JEAN 23 FEDERAL COM #501H,Devon,30,Lea,BS2_S,BS2_S,keep,True,,False,10511.0,False,5000.0,2024-04-24,66400.0,13280.0,1486.2198795180723,False,-103.62708373,32.55876044,agree,,87.0,87.0,BS2_S,none
3002552214,SANDRA JEAN 23 FEDERAL COM #502H,Devon,30,Lea,BS2_S,BS2_S,keep,True,,False,10484.0,False,5009.0,2024-04-24,128056.0,25565.182671191855,643.7339913787717,False,-103.62865124,32.55876059,agree,,69.0,69.0,BS2_S,none
3002552229,CAPER 20 29 FEDERAL COM #521H,Mewbourne,30,Lea,BS2_S,BS2_S,keep,True,,False,10511.0,False,10310.0,2024-12-29,244761.0,23740.15518913676,1550.7209073340932,True,-103.70426668,32.4568415,agree,,2.0,2.0,BS2_S,none
3002552264,PAKSE 3 SOUTH FEDERAL COM #302H,Permian Resources,30,Lea,BS2_S,BS2_S,keep,True,,False,10006.0,False,12544.0,2024-07-13,277767.0,22143.415178571428,1222.056615796693,True,-103.72081549,32.54693138,agree,,71.0,71.0,BS3_C,none
3002552268,PAKSE 4 SOUTH FEDERAL COM #223H,Permian Resources,30,Lea,BS2_S,BS2_S,keep,True,,False,9840.0,False,7676.0,2024-07-14,133305.0,17366.466909848878,1636.3077153895204,True,-103.71698655,32.55468791,agree,,142.0,142.0,BS2_S,none
3002552273,PAKSE 5 SOUTH FEDERAL COM #224H,Permian Resources,30,Lea,BS2_S,BS2_S,keep,False,,True,9865.0,False,7218.0,2024-07-12,176446.0,24445.27569963979,1303.7416546705508,True,-103.71220723,32.55396826,agree,,93.5,93.5,BS2_S,none
3002552276,DL 4 33 FEDERAL COM #402H,Chevron,30,Lea,BS2_S,BS2_S,keep,True,,False,10978.0,False,7831.0,2026-01-15,,,,False,-103.58128179,32.43184505,off_band,,964.0,,BS2_S,none
3002552277,DL 4 33 FEDERAL COM #403H,Chevron,30,Lea,BS2_S,BS2_S,keep,True,,False,10831.0,False,7821.0,2026-01-18,,,,False,-103.57979615,32.43184455,agree,,133.0,133.0,BS2_S,none
3002552278,DL 10 3 FEDERAL COM #407H,Chevron,30,Lea,BS2_S,BS2_S,keep,True,,False,10753.0,False,9999.0,2025-12-23,,,,False,-103.5669701,32.41402735,off_band,,1233.0,,BS2_S,none
3002552279,DL 10 3 FEDERAL COM #408H,Chevron,30,Lea,BS2_S,BS2_S,keep,True,,False,10912.0,False,10226.0,2025-12-22,,,,False,-103.56543656,32.4139993,off_band,,1392.0,,BS2_S,none
3002552280,DL 10 3 FEDERAL COM #409H,Chevron,30,Lea,BS2_S,BS2_S,keep,True,,False,10761.0,False,10296.0,2025-12-22,,,,False,-103.5638552,32.4139993,agree,,211.0,211.0,BS2_S,none
3002552281,DL 15 22 FEDERAL COM #419H,Chevron,30,Lea,BS2_S,BS2_S,keep,True,,False,10836.0,False,10920.0,2025-12-23,,,,False,-103.56695711,32.38504301,agree,,129.0,129.0,BS2_S,none
3002552282,DL 15 22 FEDERAL COM #420H,Chevron,30,Lea,BS2_S,BS2_S,keep,True,,False,10969.0,False,10915.0,2025-12-22,,,,False,-103.56552912,32.38504301,off_band,,1468.0,,BS2_S,none
3002552283,DL 15 22 FEDERAL COM #421H,Chevron,30,Lea,BS2_S,BS2_S,keep,True,,False,10840.0,False,10970.0,2025-12-22,,,,False,-103.56393912,32.38504301,agree,,125.0,125.0,BS2_S,none
3002552323,BRIDGE STATE UNIT 28 #508H,Permian Resources,30,Lea,BS2_S,BS2_S,keep,True,,False,10364.0,False,9899.0,2024-04-17,161977.0,16362.965956157186,2064.330120943097,True,-103.36937494,32.37063579,agree,,186.0,186.0,BS2_S,none
3002552325,QUEENIE FEDERAL COM #504H,ConocoPhillips,30,Lea,BS2_S,BS2_S,keep,True,,False,9703.0,False,10247.0,2024-06-11,263117.0,25677.466575583097,1031.9477646826317,True,-103.74655219,32.5805906,no_evidence,,,,BS3_C,none
3002552347,DL 4 33 FEDERAL COM #404H,Chevron,30,Lea,BS2_S,BS2_S,keep,True,,False,10972.0,False,10208.0,2025-02-13,319898.0,31337.970219435734,1001.5317382415645,True,-103.57707974,32.42853677,off_band,,1156.0,,BS2_S,none
3002552348,DL 4 33 FEDERAL COM #405H,Chevron,30,Lea,BS2_S,BS2_S,keep,False,,True,10713.0,False,10274.0,2025-02-13,210651.0,20503.309324508467,838.0828954051963,True,-103.57556959,32.42853677,agree,,255.0,255.0,BS2_S,none
3002552350,DL 9 16 FEDERAL COM #416H,Chevron,30,Lea,BS2_S,BS2_S,keep,True,,False,11095.0,False,10935.0,2025-02-13,348316.0,31853.3150434385,1047.721034922312,True,-103.57700006,32.39958031,off_band,,163.0,,BS3_C,none
3002552351,DL 9 16 FEDERAL COM #417H,Chevron,30,Lea,BS2_S,BS2_S,keep,False,,True,10813.0,False,10996.0,2025-02-13,256070.0,23287.559112404513,1228.6601319951576,True,-103.57549084,32.39958031,off_band,,825.0,,BS2_S,none
3002552483,DL 4 33 FEDERAL COM #401H,Chevron,30,Lea,BS2_S,BS2_S,keep,True,,False,10769.0,False,7930.0,2026-01-15,,,,False,-103.58277594,32.43184555,agree,,205.0,205.0,BS2_S,none
3002552484,BUTTERS STOTCH 8 STATE COM #123H,Permian Resources,30,Lea,BS2_S,BS2_S,keep,True,,False,10444.0,False,7317.0,2024-08-01,197238.0,26956.129561295613,1475.6233585820178,True,-103.3880819,32.39507496,agree,,2.0,2.0,BS2_S,none
3002552485,BUTTERS STOTCH 8 STATE COM #124H,Permian Resources,30,Lea,BS2_S,BS2_S,keep,True,,False,10417.0,False,7316.0,2024-08-01,168108.0,22978.130125751777,2353.290741666072,True,-103.38432739,32.39486775,agree,,8.5,8.5,BS2_S,none
3002552486,CASA BONITA 8 STATE COM #123H,Permian Resources,30,Lea,BS2_S,BS2_S,keep,True,,False,10229.0,False,7413.0,2024-08-01,169632.0,22883.04330230676,1573.5946047915488,True,-103.38804394,32.41777559,agree,,19.0,19.0,BS2_S,none
3002552487,CASA BONITA 8 STATE COM #124H,Permian Resources,30,Lea,BS2_S,BS2_S,keep,False,,True,10140.0,False,7293.0,2024-08-02,175682.0,24089.126559714794,2236.6491729374666,True,-103.3845929,32.41794564,no_evidence,,,,BS2_S,none
3002552504,DL 4 9 FEDERAL #413H,Chevron,30,Lea,BS2_S,BS2_S,keep,True,,False,10887.0,False,7755.0,2026-01-15,,,,False,-103.58497699,32.41048951,off_band,,366.5,,BS2_S,none
3002552505,BIG EDDY UNIT BB GRIEVOUS #100H,Exxon Mobil,30,Lea,BS2_S,BS2_S,keep,False,,True,10926.0,False,15756.0,2025-09-18,,,,False,-103.78849681,32.55883059,agree,,1198.0,1198.0,BS2_S,none
3002552520,CABALLO 23 FEDERAL #502H,EOG,30,Lea,BS2_S,BS2_S,keep,True,,False,10903.0,False,7065.0,2024-07-10,155786.0,22050.38924274593,2380.926399034573,True,-103.53975298,32.12044432,agree,,30.0,30.0,BS2_S,none
3002552565,TAG STATE COM #503H,Devon,30,Lea,BS2_S,BS2_S,keep,False,,True,10292.0,False,9883.0,2025-02-18,101954.0,10316.098350703229,858.7990662455617,True,-103.42631008,32.5943292,no_evidence,,,,BS2_S,none
3002552566,TAG STATE COM #504H,Devon,30,Lea,BS2_S,BS2_S,keep,True,,False,10272.0,False,10223.0,2025-02-17,140766.0,13769.53927418566,835.5924015742438,True,-103.4233815,32.59478,no_evidence,,,,BS2_S,none
3002552612,RING NECK 8817 26 FEDERAL #002H,BTA Oil,30,Lea,BS2_S,BS2_S,keep,True,,False,10457.0,False,4749.0,2024-11-21,137001.0,28848.389134554644,1432.2961146269006,False,-103.4462425,32.3620864,agree,,35.0,35.0,BS2_S,none
3002552614,RING NECK 8817 26 FEDERAL #004H,BTA Oil,30,Lea,BS2_S,BS2_S,keep,True,,False,10494.0,False,4585.0,2024-11-21,112282.0,24488.985823336967,1472.9965622272493,False,-103.43862665,32.36172805,agree,,62.0,62.0,BS2_S,none
3002552615,RING NECK 8817 26 FEDERAL #005H,BTA Oil,30,Lea,BS2_S,BS2_S,keep,True,,False,10166.0,False,5128.0,2024-11-21,85836.0,16738.689547581904,1960.0051260543362,False,-103.43510366,32.36258579,agree,,280.0,280.0,BS2_S,none
3002552618,RATTLESNAKE 28 FEDERAL COM #402H,EOG,30,Lea,BS2_S,BS2_S,keep,True,,False,10738.0,False,7050.0,2024-10-07,176729.0,25067.943262411347,3585.206728946579,True,-103.57189381,32.01011567,agree,,197.0,197.0,BS2_C,none
3002552623,ROBIN FEDERAL #125H,Permian Resources,30,Lea,BS2_S,BS2_S,keep,True,,False,10158.0,False,9853.0,2025-02-01,182690.0,18541.560945904803,1172.4998631561662,True,-103.58068244,32.56670429,off_band,,568.0,,BS2_S,none
3002552624,ROBIN FEDERAL #126H,Permian Resources,30,Lea,BS2_S,BS2_S,keep,True,,False,10488.0,False,9999.0,2025-02-01,217464.0,21748.57485748575,1010.5166832211308,True,-103.57708493,32.56663682,off_band,,560.0,,BS2_S,none
3002552625,ROBIN FEDERAL #127H,Permian Resources,30,Lea,BS2_S,BS2_S,keep,True,,False,10165.0,False,10010.0,2025-01-25,148270.0,14812.187812187813,1060.308895933095,True,-103.57530272,32.56653116,off_band,,575.0,,BS2_S,none
3002552630,ROBIN FEDERAL COM #121H,Permian Resources,30,Lea,BS2_S,BS2_S,keep,True,,False,10436.0,False,9891.0,2025-02-01,180791.0,18278.333838843395,1104.1478834676504,True,-103.5898829,32.56690041,off_band,,640.0,,BS2_S,none
3002552631,ROBIN FEDERAL COM #122H,Permian Resources,30,Lea,BS2_S,BS2_S,keep,True,,False,10093.0,False,9935.0,2025-02-01,221299.0,22274.68545546049,1196.2412844161067,True,-103.58777808,32.56640325,off_band,,503.0,,BS2_S,none
3002552632,ROBIN FEDERAL COM #124H,Permian Resources,30,Lea,BS2_S,BS2_S,keep,True,,False,10446.0,False,9997.0,2025-02-01,286268.0,28635.390617185156,1121.3583075998715,True,-103.58412428,32.56659556,off_band,,630.0,,BS2_S,none
3002552660,CORIANDER 1 12 STATE COM #213H,Devon,30,Lea,BS2_S,BS2_S,keep,True,,False,10853.0,False,9651.0,2025-11-02,,,,False,-103.62191577,32.32572293,off_band,,1044.0,,BS2_S,none
3002552673,SANDRA JEAN 23 FEDERAL COM #504H,Devon,30,Lea,BS2_S,BS2_S,keep,True,,False,10424.0,False,4763.0,2024-11-24,109553.0,23000.839806844426,890.9112484368296,False,-103.63638216,32.5589668,no_evidence,,,,BS2_S,none
3002552675,SANDRA JEAN 23 FEDERAL COM #506H,Devon,30,Lea,BS2_S,BS2_S,keep,False,,False,10400.0,True,5057.0,2024-11-24,136232.0,26939.292070397467,860.4292677197722,False,-103.64018185,32.55878075,agree,,84.0,84.0,BS2_S,none
3002552702,STONEWALL 28 FEDERAL COM #511H,EOG,30,Lea,BS2_S,BS2_S,keep,True,,False,11161.0,False,9848.0,2024-10-15,310454.0,31524.573517465476,1656.2067166150218,True,-103.4796077,32.18070539,agree,,51.0,51.0,BS2_S,none
3002552705,STONEWALL 28 FEDERAL COM #513H,EOG,30,Lea,BS2_S,BS2_S,keep,True,,False,11172.0,False,9964.0,2024-10-15,260598.0,26153.95423524689,1682.537855240639,True,-103.47178855,32.18070492,agree,,53.0,53.0,BS2_S,none
3002552706,STONEWALL 28 FEDERAL COM #514H,EOG,30,Lea,BS2_S,BS2_S,keep,True,,False,11185.0,False,9501.0,2024-10-15,280756.0,29550.15261551416,1757.1236233597858,True,-103.46922909,32.17999565,agree,,56.0,56.0,BS2_S,none
3002552707,STONEWALL 28 FEDERAL COM #515H,EOG,30,Lea,BS2_S,BS2_S,keep,True,,False,11210.0,False,9782.0,2024-10-15,271921.0,27798.09854835412,1731.9589145376783,True,-103.46784329,32.18052384,agree,,79.0,79.0,BS2_S,none
3002552711,STONEWALL 28 FEDERAL COM #504H,EOG,30,Lea,BS2_S,BS2_S,keep,True,,False,11201.0,False,9702.0,2024-10-15,255846.0,26370.4390847248,1712.5614627549385,True,-103.47663786,32.18031613,agree,,91.0,91.0,BS2_S,none
3002552725,SOUTH RIDGE 8030 2 11 STATE COM #012H,BTA Oil,30,Lea,BS2_S,BS2_S,keep,True,,False,10229.0,False,7634.0,2025-07-16,116203.0,15221.771024364685,1752.5623262738484,False,-103.43820614,32.32250079,agree,,250.0,250.0,BS2_S,none
3002552726,SOUTH RIDGE 8030 2 11 STATE COM #013H,BTA Oil,30,Lea,BS2_S,BS2_S,keep,True,,False,10521.0,False,7588.0,2025-07-16,147078.0,19382.973115445442,1813.738288527176,False,-103.43556696,32.3223655,agree,,47.5,47.5,BS2_S,none
3002552766,LACEY SWISS 1 FEDERAL COM #102H,EOG,30,Lea,BS2_S,BS2_S,keep,True,,False,11289.0,False,9769.0,2025-08-02,194732.0,19933.667724434436,2372.5068298995543,False,-103.52507875,32.15139806,off_band,,523.5,,BS2_S,none
3002552768,LACEY SWISS 1 FEDERAL COM #104H,EOG,30,Lea,BS2_S,BS2_S,keep,True,,False,11321.0,False,9567.0,2025-08-04,132979.0,13899.75959025818,2298.9569781694854,False,-103.52552981,32.15135904,off_band,,555.5,,BS2_S,none
3002552771,LACEY SWISS 1 FEDERAL COM #503H,EOG,30,Lea,BS2_S,BS2_S,keep,True,,False,11289.0,False,9610.0,2024-12-01,153068.0,15927.99167533819,1999.5230877779811,True,-103.53556426,32.1505347,off_band,,1127.5,,BS2_S,none
3002552772,LACEY SWISS 1 FEDERAL COM #501H,EOG,30,Lea,BS2_S,BS2_S,keep,True,,False,11030.0,False,9774.0,2024-12-01,208317.0,21313.382443216695,1822.933317972129,True,-103.53361512,32.15146508,off_band,,1386.5,,BS2_S,none
3002552838,NORTH WILSON DEEP UNIT #008H,Mewbourne,30,Lea,BS2_S,BS2_S,keep,True,,False,10008.0,False,9795.0,2024-08-01,252450.0,25773.353751914245,1745.272331154684,True,-103.40494901,32.48717773,agree,,4.5,4.5,BS2_S,none
3002552839,NORTH WILSON DEEP UNIT #009H,Mewbourne,30,Lea,BS2_S,BS2_S,keep,True,,False,9998.0,False,9777.0,2024-08-01,210578.0,21538.099621560807,2154.2563800586954,True,-103.39987065,32.48716338,agree,,19.5,19.5,BS2_S,none
3002552844,ROYAL OAK 25 FEDERAL COM #501H,Devon,30,Lea,BS2_S,BS2_S,keep,True,,False,9987.0,False,9739.0,2025-12-01,,,,False,-103.62406924,32.71064091,agree,,17.5,17.5,BS2_S,none
3002552845,ROYAL OAK 25 FEDERAL COM #502H,Devon,30,Lea,BS2_S,BS2_S,keep,True,,False,9986.0,False,9896.0,2025-12-04,,,,False,-103.61802868,32.7109464,agree,,16.5,16.5,BS2_S,none
3002552850,SD 15 22 FEDERAL COM P404 #404H,Chevron,30,Lea,BS2_S,BS2_S,keep,False,,False,10339.0,False,9918.0,2026-02-27,,,,False,-103.66143065,32.03461671,off_band,,421.0,,BS2_S,none
3002552852,SD 15 22 FEDERAL COM P404 #406H,Chevron,30,Lea,BS2_S,BS2_S,keep,False,,False,10377.0,False,9882.0,2026-02-27,,,,False,-103.65596246,32.03475821,off_band,,383.0,,BS1_S,none
3002552860,BIGGERS FEDERAL COM #123H,Matador,30,Lea,BS2_S,BS2_S,keep,True,,False,11144.0,False,10486.0,2024-11-09,240394.0,22925.23364485981,2788.1893890862502,True,-103.4039923,32.1377122,ambiguous_lith,BS2_C,29.0,,BS2_C,none
3002552861,BIGGERS FEDERAL COM #124H,Matador,30,Lea,BS2_S,BS2_S,keep,True,,False,11144.0,False,10473.0,2024-11-09,237901.0,22715.64976606512,2647.2188010979357,True,-103.40186005,32.137667,ambiguous_lith,BS2_C,29.0,,BS2_C,none
3002552870,BIGGERS FEDERAL COM #121H,Matador,30,Lea,BS2_S,BS2_S,keep,True,,False,11198.0,False,10009.0,2024-11-01,206076.0,20589.069837146566,3010.4815699062483,True,-103.41386031,32.13814547,ambiguous_lith,BS2_C,25.0,,BS3_S,none
3002552888,DL 4 9 FEDERAL #415H,Chevron,30,Lea,BS2_S,BS2_S,keep,True,,False,10678.0,False,8037.0,2026-01-15,,,,False,-103.5797565,32.410128,off_band,,575.5,,BS2_S,none
3002552915,BELGIAN BLUE 28 21 STATE COM #508H,Mewbourne,30,Lea,BS2_S,BS2_S,keep,True,,False,9448.0,False,9877.0,2024-08-17,145651.0,14746.481725220208,637.441555499104,True,-103.455499,32.72663952,off_band,,206.0,,BS2_C,none
3002552920,OSPREY 10 #503H,EOG,30,Lea,BS2_S,BS2_S,keep,True,,False,10916.0,False,6985.0,2025-01-06,158706.0,22720.9735146743,2157.788615427268,True,-103.45641608,32.14963224,agree,,395.0,395.0,BS2_S,none
3002552921,OSPREY 10 #504H,EOG,30,Lea,BS3_C,BS2_S,reassign,True,class BS3_C->BS2_S (precision 0.90) + sql/23 concurs + GOR none,False,11350.0,False,7293.0,2025-01-06,148641.0,20381.324557795146,2123.519082890992,True,-103.45317101,32.14954084,flag,BS2_S,39.0,,BS2_S,none
3002552922,OSPREY 10 #505H,EOG,30,Lea,BS2_S,BS2_S,keep,True,,False,11361.0,False,7334.0,2025-01-06,242550.0,33071.993455140444,2316.503813646671,True,-103.45020611,32.14920433,off_band,,882.0,,BS2_S,none
3002552931,TWEETY BIRD 8 FEDERAL COM #504H,EOG,30,Lea,BS2_S,BS2_S,keep,True,,False,11118.0,False,9707.0,2024-11-01,251519.0,25911.0950860204,1291.3338554940183,True,-103.59553043,32.32749737,no_evidence,,,,BS2_S,none
3002552933,TWEETY BIRD 17 FEDERAL COM #502H,EOG,30,Lea,BS2_S,BS2_S,keep,True,,False,11108.0,False,12343.0,2024-11-01,276956.0,22438.30511220935,1324.3006109273674,True,-103.59978743,32.32389856,off_band,,1299.0,,BS2_S,none
3002552934,TWEETY BIRD 8 FEDERAL COM #503H,EOG,30,Lea,BS2_S,BS2_S,keep,True,,False,10812.0,False,9865.0,2024-10-18,252531.0,25598.682209832743,1346.8128665391575,True,-103.59770884,32.32706274,no_evidence,,,,BS2_S,none
3002552935,TWEETY BIRD 17 FEDERAL COM #501H,EOG,30,Lea,BS2_S,BS2_S,keep,True,,False,10790.0,False,11755.0,2024-10-18,203929.0,17348.277328796255,1328.5702376807615,True,-103.60190631,32.3228802,off_band,,981.0,,OTHER,none
3002552949,DELOREAN 9 10 1BS FEDERAL COM #001H,Permian Resources,30,Lea,BS2_S,BS2_S,keep,True,,False,9981.0,False,9809.0,2024-10-01,163972.0,16716.484860842083,1075.7873295440686,True,-103.6586418,32.67908954,agree,,18.5,18.5,BS2_S,none
3002552951,DELOREAN 9 10 1BS FEDERAL COM #003H,Permian Resources,30,Lea,BS2_S,BS2_S,keep,True,,False,10017.0,False,9842.0,2024-10-01,147932.0,15030.684820158503,963.0911499878323,True,-103.65847778,32.67206121,agree,,1.0,1.0,BS2_S,none
3002552953,DELOREAN 9 10 2BS FEDERAL COM #005H,Permian Resources,30,Lea,BS2_S,BS2_S,keep,True,,False,9986.0,False,9847.0,2024-10-02,171854.0,17452.422057479434,1035.6116238202194,True,-103.65838081,32.67178816,agree,,31.0,31.0,BS2_S,none
3002552958,BURKE STATE COM #120H,Matador,30,Lea,BS2_S,BS2_S,keep,True,,False,10522.0,False,8387.0,2024-11-23,222222.0,26496.00572314296,3180.00018000018,True,-103.39575129,32.25468376,off_band,,546.5,,BS2_C,none
3002552993,DL 4 9 FEDERAL #414H,Chevron,30,Lea,BS2_S,BS2_S,keep,True,,False,11038.0,False,8051.0,2026-01-15,,,,False,-103.5812465,32.410126,off_band,,215.5,,BS2_S,none
3002553009,OUTLAND STATE UNIT #121H,Permian Resources,30,Lea,BS2_S,BS2_S,keep,False,,True,10250.0,False,9900.0,2025-03-02,185134.0,18700.404040404042,1668.153877731805,True,-103.42994001,32.48678237,off_band,,971.0,,BS2_S,none
3002553010,OUTLAND STATE UNIT #122H,Permian Resources,30,Lea,BS2_S,BS2_S,keep,False,,True,10250.0,False,9964.0,2025-03-01,256694.0,25762.14371738258,2159.189540854091,True,-103.42566014,32.48682051,off_band,,971.0,,BS2_S,none
3002553013,OUTLAND 14 23 STATE COM #123H,Permian Resources,30,Lea,BS2_S,BS2_S,keep,True,,False,10382.0,False,7196.0,2024-11-19,216224.0,30047.80433574208,2133.185955305609,True,-103.4384207,32.47462138,agree,,21.5,21.5,BS2_S,none
3002553014,OUTLAND 14 23 STATE COM #124H,Permian Resources,30,Lea,BS2_S,BS2_S,keep,True,,False,10298.0,False,7209.0,2024-11-19,206114.0,28591.205437647386,1606.9311157902907,True,-103.43412921,32.47460818,off_band,,923.0,,BS2_S,none
3002553023,LA ROCA 14 11 B2MD FEDERAL COM #001H,Mewbourne,30,Lea,BS2_S,BS2_S,keep,True,,False,9537.0,False,10302.0,2025-02-07,371806.0,36090.662007377214,1030.1017197140445,True,-103.6413834,32.7550663,no_evidence,,,,BS2_S,none
3002553053,OSPREY 10 #520H,EOG,30,Lea,BS2_S,BS2_S,keep,True,,False,11311.0,False,7183.0,2025-10-16,,,,False,-103.46524274,32.14931473,off_band,,921.0,,BS2_S,none
3002553054,OSPREY 10 #521H,EOG,30,Lea,BS2_S,BS2_S,keep,True,,False,11326.0,False,7059.0,2025-10-15,,,,False,-103.46274094,32.1496569,off_band,,917.0,,BS2_S,none
3002553057,OSPREY 10 #511H,EOG,30,Lea,BS2_S,BS2_S,keep,True,,False,10961.0,False,7266.0,2025-10-15,,,,False,-103.46139505,32.14933582,agree,,350.0,350.0,BS2_C,none
3002553078,FRODERICK 33 FEDERAL COM #703H,EOG,30,Lea,BS2_S,BS2_S,keep,True,,False,10645.0,False,7158.0,2024-12-27,179230.0,25039.117071807766,1683.579757853038,True,-103.67610063,32.27272198,off_band,,593.0,,BS2_S,none
3002553081,FRODERICK 33 FEDERAL #708H,EOG,30,Lea,BS2_S,BS2_S,keep,True,,False,10930.0,False,7083.0,2024-12-28,70318.0,9927.714245376252,1629.7534059558009,True,-103.68374834,32.27274942,off_band,,308.0,,BS3_C,none
3002553082,FRODERICK 33 FEDERAL #709H,EOG,30,Lea,BS2_S,BS2_S,keep,True,,False,10623.0,False,6971.0,2024-12-27,156892.0,22506.38358915507,1645.0424495831528,True,-103.684909,32.27292017,off_band,,615.0,,BS2_S,none
3002553083,FRODERICK 33 FEDERAL #710H,EOG,30,Lea,BS2_S,BS2_S,keep,True,,False,10926.0,False,7133.0,2024-12-27,67094.0,9406.140473853919,1500.6856052702178,True,-103.68653927,32.27270518,agree,,247.5,247.5,BS2_S,none
3002553108,FRODERICK 33 FEDERAL COM #707H,EOG,30,Lea,BS2_S,BS2_S,keep,True,,False,10632.0,False,9167.0,2024-12-27,169431.0,18482.70971964656,1571.2590966234043,True,-103.68232871,32.26990599,off_band,,130.0,,BS2_S,none
3002553114,PRETTY GOOD 20 FEDERAL COM #503H,EOG,30,Lea,BS2_S,BS2_S,keep,True,,False,10685.0,False,15163.0,2025-05-01,260741.0,17195.87152938073,1167.7948615676091,False,-103.69944779,32.36196146,off_band,,453.0,,BS2_S,none
3002553116,PRETTY GOOD 20 FEDERAL COM #511H,EOG,30,Lea,BS2_S,BS2_S,keep,True,,False,10673.0,False,14800.0,2025-05-01,176810.0,11946.621621621622,1186.3582376562413,False,-103.69805106,32.36132574,off_band,,465.0,,BS2_S,none
3002553117,PRETTY GOOD 20 FEDERAL COM #510H,EOG,30,Lea,BS2_S,BS2_S,keep,True,,False,10401.0,False,14903.0,2025-05-01,243089.0,16311.413809300142,1270.3947936763902,False,-103.70313385,32.36134852,off_band,,622.0,,BS2_S,none
3002553129,LOST MINE 22302 26 23 FED COM #005H,BTA Oil,30,Lea,BS2_S,BS2_S,keep,True,,False,10228.0,False,9783.0,2025-01-25,157229.0,16071.654911581316,1044.5782902645187,True,-103.43332019,32.55236676,no_evidence,,,,BS2_S,none
3002553132,LOST MINE 22302 26 23 FED COM #008H,BTA Oil,30,Lea,BS2_S,BS2_S,keep,True,,False,10423.0,False,9718.0,2025-01-08,271396.0,27927.145503189957,609.1762590458223,True,-103.43015267,32.55255274,no_evidence,,,,BS2_S,none
3002553133,LOBO 33 B2MD FEDERAL COM #001H,Mewbourne,30,Lea,BS2_S,BS2_S,keep,True,,False,10702.0,False,7122.0,2025-04-06,158550.0,22262.0050547599,1870.3752759381898,True,-103.6866883,32.43970248,off_band,,883.0,,BS2_S,none
3002553134,LOBO 33 B2NC FEDERAL COM #001H,Mewbourne,30,Lea,BS2_S,BS2_S,keep,True,,False,10701.0,False,7317.0,2025-03-30,162638.0,22227.41560748941,1678.1502477895694,True,-103.68210158,32.43941458,agree,,20.0,20.0,BS2_S,none
3002553175,ZN 27 22 FEDERAL STATE COM #402H,Chevron,30,Lea,BS2_S,BS2_S,keep,True,,False,10366.0,False,11237.0,2025-12-30,,,,False,-103.4525995,32.281916,agree,,97.5,97.5,BS2_S,none
3002553205,CHARLIE KS STATE COM #147H,Matador,30,Lea,BS2_S,BS2_S,keep,True,,False,10796.0,False,12328.0,2025-11-15,,,,False,-103.60959796,32.43263259,agree,,104.5,104.5,BS2_S,none
3002553207,PAUL FLOWERS STATE COM #145H,Matador,30,Lea,BS2_S,BS2_S,keep,True,,False,10735.0,False,5872.0,2025-11-15,,,,False,-103.61725429,32.44140749,off_band,,725.0,,BS2_S,none
3002553208,PAUL FLOWERS STATE COM #146H,Matador,30,Lea,BS2_S,BS2_S,keep,True,,False,10753.0,False,12355.0,2025-11-11,,,,False,-103.61284714,32.43232934,agree,,147.5,147.5,BS2_S,none
3002553218,BUSHWOOD 21 16 FEDERAL COM #521H,Mewbourne,30,Lea,BS2_S,BS2_S,keep,True,,False,10023.0,False,7935.0,2025-05-20,166811.0,21022.180214240707,948.1509013194574,True,-103.6751864,32.6565639,agree,,37.0,37.0,BS2_S,none
3002553219,BUSHWOOD 21 16 FEDERAL COM #523H,Mewbourne,30,Lea,BS2_S,BS2_S,keep,True,,False,10078.0,False,7661.0,2025-05-10,147179.0,19211.460644824434,968.1816019948498,True,-103.67048165,32.65678316,agree,,92.0,92.0,BS2_S,none
3002553220,TONTO 16 21 FEDERAL COM #201H,Pride Energy Company,30,Lea,BS2_S,BS2_S,keep,False,,True,10140.0,False,7761.0,2025-01-28,169880.0,21888.931838680583,750.7887920885331,True,-103.66623967,32.65663801,agree,,154.0,154.0,BS2_S,none
3002553221,TONTO 16 21 FEDERAL COM #202H,Pride Energy Company,30,Lea,BS2_S,BS2_S,keep,False,,True,10175.0,False,7746.0,2025-01-28,180884.0,23351.92357345727,737.5113332301364,True,-103.66164187,32.65666815,agree,,197.0,197.0,BS2_S,none
3002553271,LEA UNIT #501H,Devon,30,Lea,BS2_S,BS2_S,keep,True,,False,10129.0,False,7375.0,2024-10-14,64746.0,8779.118644067798,1331.0320328668952,True,-103.52656493,32.58346883,agree,,331.0,331.0,BS2_S,none
3002553323,ROCK TRAIN 5 FEDERAL COM #506H,EOG,30,Lea,BS2_S,BS2_S,keep,True,,False,11304.0,False,14914.0,2025-04-01,347575.0,23305.283626123106,2027.8702438322664,False,-103.48997163,32.14391679,off_band,,552.0,,BS2_S,none
3002553325,SHIPROCK 5 FED COM #402H,EOG,30,Lea,BS2_S,BS2_S,keep,True,,False,11042.0,False,14918.0,2026-01-08,,,,False,-103.49129781,32.14404279,off_band,,290.0,,BS2_S,none
3002553330,GOAT ROPE 7 18 STATE COM #523H,Mewbourne,30,Lea,BS2_S,BS2_S,keep,True,,False,9909.0,False,9727.0,2025-06-09,168195.0,17291.55957643672,572.4664823567882,True,-103.39649717,32.58112054,no_evidence,,,,BS3_C,none
3002553395,DEEP ELLUM 25 26 FEDERAL COM #511H,Mewbourne,30,Lea,BS2_S,BS2_S,keep,True,,False,9057.0,False,7709.0,2025-05-06,170531.0,22121.027370605785,712.4745647418945,True,-103.82737171,32.72456042,off_band,,420.0,,BS2_S,none
3002553398,DEEP ELLUM 25 26 FEDERAL COM #513H,Mewbourne,30,Lea,BS2_S,BS2_S,keep,True,,False,9055.0,False,7699.0,2025-05-09,162919.0,21161.059877906224,748.4332705209337,True,-103.82737209,32.72059083,off_band,,418.0,,BS2_S,none
3002553421,LOBO 33 28 FEDERAL COM #474H,Mewbourne,30,Lea,BS2_S,BS2_S,keep,True,,False,10105.0,False,7698.0,2025-04-06,230869.0,29990.77682514939,2432.27111478804,True,-103.6812636,32.43888915,off_band,,252.0,585.0,BS2_C,none
3002553427,LACEY SWISS 1 FEDERAL COM #301H,EOG,30,Lea,BS2_S,BS2_S,keep,False,,False,11051.0,False,9665.0,2026-03-30,,,,False,-103.51863159,32.15141175,off_band,,279.0,,BS2_S,none
3002553433,LACEY SWISS 1 FEDERAL COM #402H,EOG,30,Lea,BS2_S,BS2_S,keep,True,,False,11048.0,False,9634.0,2025-08-02,194106.0,20148.017438239567,2425.9579817213275,False,-103.53049336,32.15172923,off_band,,751.5,,BS2_S,none
3002553435,LACEY SWISS 1 FEDERAL COM #405H,EOG,30,Lea,BS2_S,BS2_S,keep,True,,False,11046.0,False,9580.0,2025-08-03,132642.0,13845.720250521921,2713.0697667405498,False,-103.5297103,32.15084047,off_band,,749.5,,BS2_S,none
3002553466,MILLIE MILE 13 24 FEDERAL COM #201H,PBX,30,Lea,BS2_S,BS2_S,keep,True,,False,10254.0,False,9896.0,2025-04-01,145628.0,14715.84478577203,996.0103826187271,True,-103.62292549,32.6519642,off_band,,806.0,,BS2_S,none
3002553467,MILLIE MILE 13 24 FEDERAL COM #202H,PBX,30,Lea,BS2_S,BS2_S,keep,True,,False,10292.0,False,9986.0,2025-04-01,122356.0,12252.753855397557,1061.321063127268,True,-103.61867353,32.65205922,off_band,,844.0,,BS2_S,none
3002553472,EMERALD FEDERAL COM #506H,Devon,30,Lea,BS2_S,BS2_S,keep,False,,True,9734.0,False,9978.0,2026-05-12,,,,False,-103.69485205,32.69707452,agree,,104.0,104.0,BS2_S,none
3002553541,SNEAKY SNAKE 24 13 FEDERAL COM #501H,Devon,30,Lea,BS2_S,BS2_S,keep,False,,True,11000.0,True,9923.0,2025-04-12,296385.0,29868.48735261514,1443.5143478920997,True,-103.63625958,32.29819803,off_band,,1203.0,,BS2_S,none
3002553542,SNEAKY SNAKE 24 13 FEDERAL COM #502H,Devon,30,Lea,BS2_S,BS2_S,keep,False,,False,11000.0,True,10108.0,2025-04-14,354247.0,35046.201028888005,1401.9765869576877,True,-103.633504,32.298123,off_band,,1203.0,,BS2_S,none
3002553543,SNEAKY SNAKE 24 13 FEDERAL COM #503H,Devon,30,Lea,BS2_S,BS2_S,keep,False,,True,11000.0,True,9920.0,2025-04-16,161458.0,16276.00806451613,1636.8033792069764,True,-103.62958617,32.29844012,off_band,,1197.0,,BS2_S,none
3002553574,EMERALD FEDERAL COM #505H,Devon,30,Lea,BS2_S,BS2_S,keep,False,,True,9734.0,False,9974.0,2026-05-11,,,,False,-103.70010947,32.69657391,agree,,67.0,67.0,BS2_S,none
3002553601,LAKEWOOD XL 28 FEDERAL COM #526H,EOG,30,Lea,BS2_S,BS2_S,keep,False,,True,11225.0,False,15237.0,2025-05-17,169447.0,11120.75867953009,2848.5839229965713,False,-103.47167486,32.11650377,off_band,,180.5,,BS2_C,none
3002553607,LAKEWOOD XL 28 FEDERAL COM #555H,EOG,30,Lea,BS2_S,BS2_S,keep,True,,False,11347.0,False,14787.0,2025-05-16,145604.0,9846.757286805978,2755.6317134144665,False,-103.472065,32.11725408,off_band,,302.5,,BS2_S,none
3002553626,BOBWHITE 22304 4 3 FEDERAL COM #001H,BTA Oil,30,Lea,BS2_S,BS2_S,keep,True,,False,10477.0,False,9803.0,2025-05-01,215701.0,22003.57033561155,1603.8497735290982,True,-103.46554057,32.32907236,agree,,88.0,88.0,BS2_S,none
3002553642,SPANISH BAY 18 19 FEDERAL COM #526H,Mewbourne,30,Lea,BS2_S,BS2_S,keep,False,,True,10008.0,False,9904.0,2025-03-21,234760.0,23703.554119547658,891.4338047367524,True,-103.70027158,32.65242854,agree,,35.0,35.0,BS2_S,none
3002553655,SPANISH BAY 18 19 FEDERAL COM #528H,Mewbourne,30,Lea,BS2_S,BS2_S,keep,False,,True,10033.0,False,9925.0,2025-03-21,243392.0,24523.123425692695,810.9305153825927,True,-103.69598346,32.65248239,agree,,60.0,60.0,BS2_S,none
3002553731,COW BELL 9 4 FEDERAL COM #505H,Mewbourne,30,Lea,BS2_S,BS2_S,keep,True,,False,9942.0,False,10212.0,2025-03-30,354703.0,34733.94046220133,1095.3107247471828,True,-103.56188485,32.68276665,off_band,,781.0,,BS2_S,none
3002553732,COW BELL 9 4 FEDERAL COM #508H,Mewbourne,30,Lea,BS2_S,BS2_S,keep,True,,False,9956.0,False,9880.0,2025-03-28,258024.0,26115.78947368421,1045.8368213809567,True,-103.55925401,32.68298766,off_band,,784.0,,BS2_S,none
3002553773,BIG EDDY UNIT BB HUX #202H,Exxon Mobil,30,Lea,BS2_S,BS2_S,keep,False,,True,8142.0,False,15731.0,2025-09-02,,,,False,-103.78826657,32.55718816,agree,,1589.0,1589.0,BS2_S,none
3002553790,AVION FEDERAL COM #501H,ConocoPhillips,30,Lea,BS2_S,BS2_S,keep,False,,False,10995.0,False,9746.0,2026-02-25,,,,False,-103.65605172,32.28190339,off_band,,232.0,272.0,BS3_C,none
3002553792,AVION FEDERAL COM #503H,ConocoPhillips,30,Lea,BS2_S,BS2_S,keep,False,,False,10994.0,False,9691.0,2026-02-25,,,,False,-103.6603984,32.28173073,off_band,,233.0,278.5,BS2_S,none
3002553812,GOLD LOG 4 9 FEDERAL COM #023H,Occidental,30,Lea,BS2_S,BS2_S,keep,False,,True,10750.0,False,10470.0,2025-04-05,138927.0,13269.054441260745,1320.9239384712835,True,-103.6817654,32.41347789,off_band,,496.0,,BS2_S,none
3002553813,GOLD LOG 4 9 FEDERAL COM #025H,Occidental,30,Lea,BS2_S,BS2_S,keep,True,,False,10856.0,False,9794.0,2025-04-04,308716.0,31520.931182356544,1444.63843791705,True,-103.67677156,32.41253153,off_band,,602.0,,BS2_S,none
3002553814,GOLD LOG 4 9 FEDERAL COM #026H,Occidental,30,Lea,BS2_S,BS2_S,keep,True,,False,10824.0,False,9414.0,2025-04-04,120544.0,12804.75886976843,872.4366206530395,True,-103.67225519,32.41199751,agree,,32.0,32.0,BS2_S,none
3002553818,GOLD LOG 4 9 FEDERAL COM #022H,Occidental,30,Lea,BS2_S,BS2_S,keep,True,,False,10840.0,False,9737.0,2025-04-05,127143.0,13057.717982951628,998.253934546141,True,-103.68673693,32.41273511,off_band,,416.0,,BS2_S,none
3002553834,ENGLISH BUFFALO 26 35 FEDERAL COM #122H,Permian Resources,30,Lea,BS2_S,BS2_S,keep,True,,False,9943.0,False,9883.0,2025-05-01,157903.0,15977.23363351209,954.3897202713058,True,-103.63473952,32.71070061,agree,,31.0,31.0,BS2_S,none
3002553836,ENGLISH BUFFALO 26 35 FEDERAL COM #221H,Permian Resources,30,Lea,BS2_S,BS2_S,keep,True,,False,9989.0,False,9836.0,2025-05-01,242334.0,24637.454249694998,941.7787021218649,True,-103.63921129,32.71044565,agree,,19.5,19.5,BS2_S,none
3002553906,MERCURY 26 35 FEDERAL COM #113H,Permian Resources,30,Lea,BS2_S,BS2_S,keep,True,,False,9965.0,False,9996.0,2025-05-01,164428.0,16449.37975190076,942.5097915196925,True,-103.62929345,32.71068704,agree,,11.0,11.0,BS2_S,none
3002553908,MERCURY 26 35 FEDERAL COM #223H,Permian Resources,30,Lea,BS2_S,BS2_S,keep,True,,False,9974.0,False,9475.0,2025-05-01,153571.0,16208.02110817942,1147.8859941004487,True,-103.63052651,32.71002338,agree,,9.0,9.0,BS2_S,none
3002553924,LOOKIN GOOD 34 STATE COM #501H,Marshall & Winston,30,Lea,BS2_S,BS2_S,keep,False,,True,10557.0,False,4650.0,2025-11-01,,,,False,-103.44272351,32.52894879,no_evidence,,,,BS2_S,none
3002553961,SALADO DRAW 9 FEDERAL COM #504H,Mewbourne,30,Lea,BS2_S,BS2_S,keep,True,,False,10630.0,False,4493.0,2025-04-19,118743.0,26428.44424660583,2831.9311454148874,False,-103.57903741,32.0570064,off_band,,231.0,,BS2_S,none
3002553962,SALADO DRAW 9 FEDERAL COM #522H,Mewbourne,30,Lea,BS2_S,BS2_S,keep,False,,True,10957.0,False,4633.0,2025-04-19,117483.0,25357.867472480033,2593.541193193909,False,-103.58187517,32.05746753,off_band,,385.5,,BS3_S,none
3002554005,DOUBLE STAMP FEDERAL COM #125H,SM Energy,30,Lea,BS2_S,BS2_S,keep,False,,True,9570.0,False,9932.0,2025-07-22,252489.0,25421.768022553362,935.1179655351323,False,-103.74226293,32.58125867,no_evidence,,,,BS3_C,none
3002554006,DOUBLE STAMP FEDERAL COM #126H,SM Energy,30,Lea,BS2_S,BS2_S,keep,False,,True,9609.0,False,9951.0,2025-07-22,205263.0,20627.37413325294,1149.9003717182347,False,-103.73321367,32.58143196,no_evidence,,,,BS2_S,none
3002554037,GRACKLE 26 EAST FEDERAL COM #103H,EOG,30,Lea,BS2_S,BS2_S,keep,False,,False,11195.0,False,9661.0,2026-06-21,,,,False,-103.43299819,32.19668724,agree,,61.0,61.0,BS2_S,none
3002554040,GRACKLE 26 EAST FEDERAL COM #401H,EOG,30,Lea,BS2_S,BS2_S,keep,False,,False,11425.0,False,9659.0,2026-06-20,,,,False,-103.43873239,32.19682136,agree,,169.0,169.0,BS2_S,none
3002554044,STONEWALL 28 FEDERAL COM #506H,EOG,30,Lea,BS2_S,BS2_S,keep,True,,False,11098.0,False,10212.0,2025-07-25,82185.0,8047.884841363101,1590.4362109874064,False,-103.47153065,32.18104225,agree,,33.0,33.0,BS2_S,none
3002554045,STONEWALL 28 FEDERAL COM #507H,EOG,30,Lea,BS2_S,BS2_S,keep,False,,True,11098.0,False,9957.0,2025-07-26,168138.0,16886.411569749926,3020.2333797237984,False,-103.46954247,32.18060213,agree,,33.0,33.0,BS2_S,none
3002554052,PEACHTREE 24 FEDERAL COM #202H,EOG,30,Lea,BS2_S,BS2_S,keep,True,,False,11292.0,False,9682.0,2025-05-25,128956.0,13319.148936170213,3533.336952138714,True,-103.51957008,32.03703982,off_band,,1655.5,,BS2_C,none
3002554064,PEACHTREE 25 FEDERAL COM #105H,EOG,30,Lea,BS2_S,BS2_S,keep,True,,False,11078.0,False,9848.0,2025-05-25,213261.0,21655.25995125914,2827.7134590947244,True,-103.53176773,32.03673479,off_band,,1417.0,,BS2_S,none
3002554074,PEACHTREE 25 FEDERAL COM #405H,EOG,30,Lea,BS2_S,BS2_S,keep,False,,False,11324.0,False,9532.0,2026-06-18,,,,False,-103.53024425,32.03733558,off_band,,1358.5,,BS2_S,none
3002554076,PEACHTREE 25 FEDERAL COM #504H,EOG,30,Lea,BS2_S,BS2_S,keep,False,,False,11310.0,False,9858.0,2026-06-18,,,,False,-103.52699983,32.03676796,off_band,,1637.5,,BS2_C,none
3002554112,GRAYLING 14 FEDERAL COM #501H,Devon,30,Lea,BS2_S,BS2_S,keep,False,,True,9600.0,True,9933.0,2026-02-03,,,,False,-103.74404491,32.66835793,agree,,58.0,58.0,BS2_S,none
3002554113,GRAYLING 14 FEDERAL COM #502H,Devon,30,Lea,BS2_S,BS2_S,keep,False,,False,9710.0,False,9425.0,2026-02-02,,,,False,-103.7397645,32.6689955,agree,,135.5,135.5,BS2_S,none
3002554114,GRAYLING 14 FEDERAL COM #503H,Devon,30,Lea,BS2_S,BS2_S,keep,False,,True,9600.0,True,9956.0,2026-02-02,,,,False,-103.73674347,32.6663192,agree,,6.0,6.0,BS2_S,none
3002554115,GRAYLING 14 FEDERAL COM #504H,Devon,30,Lea,BS2_S,BS2_S,keep,False,,True,9779.0,False,9561.0,2026-02-05,,,,False,-103.73315603,32.66877712,no_evidence,,,,BS2_S,none
3002554116,GRAYLING 14 FEDERAL COM #505H,Devon,30,Lea,BS2_S,BS2_S,keep,False,,False,9800.0,True,9431.0,2026-02-02,,,,False,-103.730971,32.6689925,no_evidence,,,,BS2_S,none
3002554131,FLYING DUTCHMAN 7 31 STATE COM #528H,Mewbourne,30,Lea,BS2_S,BS2_S,keep,False,,True,9437.0,False,12950.0,2025-07-01,93516.0,7221.312741312741,757.3677231703666,True,-103.38672095,32.69306814,no_evidence,,,,BS1_S,none
3002554155,ROYAL OAK 25 FEDERAL COM #503H,Devon,30,Lea,BS2_S,BS2_S,keep,True,,False,9720.0,False,11102.0,2025-12-02,,,,False,-103.6128471,32.7124072,agree,,245.0,245.0,BS2_C,none
3002554156,ROYAL OAK 25 FEDERAL COM #513H,Devon,30,Lea,BS2_S,BS2_S,keep,False,card verdict REJECT (BS2_S->BS1_S),False,9300.0,True,11171.0,2025-12-04,,,,False,-103.611257,32.7124124,flag,BS1_S,112.5,657.0,BS1_S,none
3002554157,ROYAL OAK 25 FEDERAL COM #512H,Devon,30,Lea,BS2_S,BS2_S,keep,False,card verdict REJECT (BS2_S->BS1_S),False,9300.0,True,11093.0,2025-12-04,,,,False,-103.6150363,32.7124019,flag,BS1_S,112.5,669.5,BS1_S,none
3002554160,VACA 24 FEDERAL COM #202H,EOG,30,Lea,BS2_S,BS2_S,keep,True,,False,11183.0,False,9834.0,2025-07-09,173381.0,17630.770795200326,2673.066829698756,False,-103.52849304,32.12393918,agree,,251.0,251.0,BS2_S,none
3002554164,VACA 24 FEDERAL COM #402H,EOG,30,Lea,BS2_S,BS2_S,keep,True,,False,11181.0,False,9917.0,2025-07-09,138335.0,13949.2790158314,2517.519066035349,False,-103.5278226,32.12370311,agree,,249.0,249.0,BS2_S,none
3002554166,VACA 24 FEDERAL COM #404H,EOG,30,Lea,BS2_S,BS2_S,keep,True,,False,11186.0,False,9693.0,2025-07-07,187966.0,19391.93232229444,2192.6465424598064,False,-103.5197161,32.12416531,agree,,249.0,249.0,BS2_S,none
3002554167,VACA 24 FEDERAL COM #501H,EOG,30,Lea,BS2_S,BS2_S,keep,True,,False,10935.0,False,9787.0,2025-07-09,230950.0,23597.629508531725,2816.2069712058887,False,-103.53299522,32.1240991,off_band,,302.0,,BS2_S,none
3002554172,VACA 24 FEDERAL COM #506H,EOG,30,Lea,BS2_S,BS2_S,keep,True,,False,10939.0,False,9782.0,2025-07-08,136519.0,13956.143937845021,2983.2697280232055,False,-103.52271614,32.12417912,off_band,,293.0,,BS2_C,none
3002554181,BONDURANT 1 12 FEDERAL COM #525H,Mewbourne,30,Lea,BS2_S,BS2_S,keep,True,,False,9844.0,False,9847.0,2025-05-15,220288.0,22371.07748552859,799.8438407902382,True,-103.71801133,32.68132866,no_evidence,,,,BS2_S,none
3002554182,BONDURANT 1 12 FEDERAL COM #528H,Mewbourne,30,Lea,BS2_S,BS2_S,keep,True,,False,9859.0,False,9843.0,2025-05-14,273571.0,27793.45727928477,776.3980831301564,True,-103.71264467,32.68105881,agree,,15.0,15.0,BS2_S,none
3002554190,EMERALD FEDERAL COM #513H,Devon,30,Lea,BS2_S,BS2_S,keep,False,,False,9832.0,False,9706.0,2026-05-17,,,,False,-103.70455535,32.69699512,off_band,,644.0,,BS2_S,none
3002554231,BRIDGE STATE UNIT 27 #502H,Permian Resources,30,Lea,BS2_S,BS2_S,keep,False,,False,10068.0,False,9994.0,2026-03-12,,,,False,-103.35658433,32.37063477,agree,,398.0,398.0,BS2_C,none
3002554235,STRANGER 34 FEDERAL COM #300H,Devon,30,Lea,BS2_S,BS2_S,keep,False,,True,11100.0,True,8199.0,2025-11-10,,,,False,-103.463897,32.081061,agree,,30.0,30.0,BS2_C,none
3002554236,STRANGER 34 FEDERAL COM #301H,Devon,30,Lea,BS2_S,BS2_S,keep,True,,False,11075.0,False,2475.0,2025-11-12,,,,False,-103.458084,32.080079,off_band,,1437.5,,BS2_C,none
3002554237,STRANGER 34 FEDERAL COM #302H,Devon,30,Lea,BS2_S,BS2_S,keep,False,,True,11100.0,True,8180.0,2025-11-16,,,,False,-103.4536246,32.08031874,agree,,30.0,30.0,BS2_S,none
3002554246,SALADO DRAW 9 FEDERAL COM #501H,Mewbourne,30,Lea,BS2_S,BS2_S,keep,True,,False,10636.0,False,4481.0,2025-04-20,137769.0,30745.146172729303,2921.1651387467427,False,-103.58444997,32.05707026,agree,,174.0,174.0,BS2_S,none
3002554324,DIRE WOLF 16 9 FEDERAL COM #521H,Mewbourne,30,Lea,BS2_S,BS2_S,keep,False,,False,9541.0,False,9708.0,2026-05-08,,,,False,-103.67509857,32.75570047,no_evidence,,,,BS2_S,none
3002554325,DIRE WOLF 16 9 FEDERAL COM #523H,Mewbourne,30,Lea,BS2_S,BS2_S,keep,False,,False,9551.0,False,9970.0,2026-05-07,,,,False,-103.67080279,32.75535125,no_evidence,,,,BS2_S,none
3002554326,DIRE WOLF 16 9 FEDERAL COM #526H,Mewbourne,30,Lea,BS2_S,BS2_S,keep,False,,False,9499.0,False,9925.0,2026-05-11,,,,False,-103.66536453,32.7554601,no_evidence,,,,BS2_S,none
3002554327,DIRE WOLF 16 9 FEDERAL COM #528H,Mewbourne,30,Lea,BS2_S,BS2_S,keep,False,,False,9503.0,False,9810.0,2026-05-09,,,,False,-103.66107152,32.75559904,no_evidence,,,,BS2_S,none
3002554341,REGAL LAGER 31 19 FEDERAL COM #023H,Occidental,30,Lea,BS2_S,BS2_S,keep,False,,False,10508.0,False,15558.0,2026-04-06,,,,False,-103.71289772,32.44971844,agree,,3.0,3.0,BS2_S,none
3002554342,REGAL LAGER 31 19 FEDERAL COM #024H,Occidental,30,Lea,BS2_S,BS2_S,keep,False,,False,10536.0,False,15478.0,2026-04-05,,,,False,-103.70853069,32.44986733,agree,,24.0,24.0,BS2_S,none
3002554352,RED BULL 29 20 FEDERAL #201H,Devon,30,Lea,BS2_S,BS2_S,keep,False,,False,10518.0,False,9754.0,2026-06-12,,,,False,-103.39498442,32.28379356,off_band,,1046.5,,BS2_S,none
3002554353,RED BULL 29 20 FEDERAL #202H,Devon,30,Lea,BS2_S,BS2_S,keep,False,,False,10528.0,False,10024.0,2026-06-12,,,,False,-103.39078581,32.28354476,off_band,,1040.0,,BS2_S,none
3002554354,RED BULL 29 20 FEDERAL #203H,Devon,30,Lea,BS2_S,BS2_S,keep,False,,False,10534.0,False,9981.0,2026-05-24,,,,False,-103.38644729,32.28366161,off_band,,1079.0,,BS2_S,none
3002554355,RED BULL 29 20 FEDERAL #204H,Devon,30,Lea,BS2_S,BS2_S,keep,False,,False,10533.0,False,9739.0,2026-05-24,,,,False,-103.38230204,32.28404545,off_band,,612.0,,BS2_S,none
3002554414,ROBERNE FEDERAL #124H,Matador,30,Lea,BS2_S,BS2_S,keep,True,,False,10382.0,False,4497.0,2025-12-22,,,,False,-103.70749769,32.34867877,no_evidence,,,,BS2_S,none
3002554423,REGAL LAGER 31 19 FEDERAL COM #021H,Occidental,30,Lea,BS2_S,BS2_S,keep,False,,True,10296.0,False,15728.0,2026-04-06,,,,False,-103.72120314,32.4496287,agree,,162.5,162.5,BS2_S,none
3002554424,REGAL LAGER 31 19 FEDERAL COM #022H,Occidental,30,Lea,BS2_S,BS2_S,keep,False,,True,10436.0,False,15766.0,2026-04-06,,,,False,-103.71647389,32.44962344,agree,,22.5,22.5,BS2_S,none
3002554478,BOBTAIL 8605 26 23 STATE COM #001H,BTA Oil,30,Lea,BS2_S,BS2_S,keep,True,,False,10104.0,False,9916.0,2025-08-18,239249.0,24127.5716014522,835.781967740722,False,-103.42539677,32.55216951,no_evidence,,,,BS2_S,none
3002554482,LOS VAQUEROS FEDERAL #121H,Permian Resources,30,Lea,BS2_S,BS2_S,keep,True,,False,11151.0,False,9874.0,2026-01-01,,,,False,-103.4098048,32.00622059,agree,,28.0,28.0,BS2_S,none
3002554484,LOS VAQUEROS FEDERAL #123H,Permian Resources,30,Lea,BS2_S,BS2_S,keep,True,,False,11123.0,False,10860.0,2026-01-01,,,,False,-103.40445594,32.00506237,agree,,0.0,0.0,BS2_S,none
3002554485,LOS VAQUEROS FEDERAL #151H,Permian Resources,30,Lea,BS2_S,BS2_S,keep,True,,False,11026.0,False,11285.0,2026-01-01,,,,False,-103.40713501,32.00499875,agree,,97.0,97.0,BS2_S,none
3002554490,LOS VAQUEROS FEDERAL COM #154H,Permian Resources,30,Lea,BS2_S,BS2_S,keep,True,,False,11166.0,False,10205.0,2026-01-01,,,,False,-103.39936069,32.00561156,agree,,43.0,43.0,BS2_S,none
3002554491,BOBTAIL 8605 26 23 STATE COM #002H,BTA Oil,30,Lea,BS2_S,BS2_S,keep,True,,False,10345.0,False,9799.0,2025-08-18,144489.0,14745.280130625573,703.6798649032106,False,-103.42093122,32.55234791,no_evidence,,,,BS2_S,none
3002554497,MORAN 9 FEDERAL COM #502H,Permian Resources,30,Lea,BS2_S,BS2_S,keep,True,,False,10594.0,False,10488.0,2025-09-10,,,,False,-103.68416191,32.47146597,agree,,12.5,12.5,BS2_S,none
3002554498,MORAN 9 FEDERAL COM #503H,Permian Resources,30,Lea,BS2_S,BS2_S,keep,False,,False,10600.0,True,10375.0,2025-12-05,,,,False,-103.68126978,32.47146732,agree,,6.0,6.0,BS2_S,none
3002554499,MORAN 9 FEDERAL COM #504H,Permian Resources,30,Lea,BS2_S,BS2_S,keep,True,,False,10605.0,False,10438.0,2025-09-10,,,,False,-103.67815476,32.47147716,agree,,10.5,10.5,BS2_S,none
3002554500,MORAN 9 FEDERAL COM #505H,Permian Resources,30,Lea,BS2_S,BS2_S,keep,True,,False,10637.0,False,10324.0,2025-09-11,,,,False,-103.67529359,32.47187398,agree,,37.5,37.5,BS2_S,none
3002554501,MORAN 9 FEDERAL COM #506H,Permian Resources,30,Lea,BS2_S,BS2_S,keep,True,,False,10668.0,False,10397.0,2025-09-11,,,,False,-103.67237228,32.47191954,off_band,,508.5,,BS2_S,none
3002554505,MORAN 9 FEDERAL COM #501H,Permian Resources,30,Lea,BS2_S,BS2_S,keep,True,,False,10558.0,False,10425.0,2025-09-10,,,,False,-103.68725599,32.47140899,agree,,36.0,36.0,BS2_S,none
3002554540,ORRTANNA 20 FEDERAL #305H,EOG,30,Lea,BS2_S,BS2_S,keep,True,,False,10701.0,False,4387.0,2025-09-26,,,,False,-103.59418873,32.03196758,agree,,161.0,161.0,BS2_S,none
3002554542,ORRTANNA 20 FEDERAL #307H,EOG,30,Lea,BS2_S,BS2_S,keep,True,,False,10810.0,False,3199.0,2025-09-26,,,,False,-103.59204582,32.02827417,agree,,52.0,52.0,BS2_S,none
3002554545,ORRTANNA 20 FEDERAL #405H,EOG,30,Lea,BS2_S,BS2_S,keep,True,,False,10921.0,False,4441.0,2025-09-27,,,,False,-103.59323549,32.0298214,agree,,80.0,80.0,BS2_S,none
3002554547,ORRTANNA 20 FEDERAL #508H,EOG,30,Lea,BS2_S,BS2_S,keep,True,,False,10664.0,False,8455.0,2025-09-26,,,,False,-103.5905821,32.02379114,agree,,183.0,183.0,BS2_S,none
3002554576,STONE COLD 23 14 FEDERAL COM #528H,Mewbourne,30,Lea,BS2_S,BS2_S,keep,True,,False,9679.0,False,10447.0,2025-11-09,,,,False,-103.62728568,32.74031249,agree,,2.0,2.0,BS2_C,none
3002554578,STONE COLD 23 14 FEDERAL COM #526H,Mewbourne,30,Lea,BS2_S,BS2_S,keep,True,,False,9671.0,False,10402.0,2025-11-11,,,,False,-103.63151511,32.74043522,agree,,10.0,10.0,BS2_S,none
3002554602,EL CAMPEON FEDERAL COM #122H,Permian Resources,30,Lea,BS2_S,BS2_S,keep,False,,True,11300.0,True,10065.0,2026-02-01,,,,False,-103.39181618,32.0074987,agree,,177.0,177.0,BS2_S,none
3002554603,EL CAMPEON FEDERAL COM #123H,Permian Resources,30,Lea,BS2_S,BS2_S,keep,True,,False,11132.0,False,9467.0,2026-01-03,,,,False,-103.38762593,32.00795028,agree,,25.0,25.0,BS2_S,none
3002554604,EL CAMPEON FEDERAL COM #124H,Permian Resources,30,Lea,BS2_S,BS2_S,keep,True,,False,11091.0,False,8579.0,2026-01-03,,,,False,-103.38199483,32.00813606,agree,,16.0,16.0,BS2_S,none
3002554605,EL CAMPEON FEDERAL COM #151H,Permian Resources,30,Lea,BS2_S,BS2_S,keep,False,,True,11050.0,False,7701.0,2026-02-01,,,,False,-103.39478088,32.00348422,agree,,73.0,73.0,BS2_S,none
3002554606,EL CAMPEON FEDERAL COM #152H,Permian Resources,30,Lea,BS2_S,BS2_S,keep,True,,False,10975.0,False,9926.0,2026-01-03,,,,False,-103.39050628,32.0076029,agree,,148.0,148.0,BS2_S,none
3002554610,CORIANDER 1 12 FEDERAL COM #223H,Devon,30,Lea,BS2_S,BS2_S,keep,True,,False,11030.0,False,10214.0,2025-12-11,,,,False,-103.626648,32.3262435,off_band,,925.0,,BS2_S,none
3002554613,CORIANDER 1 12 FEDERAL COM #212H,Devon,30,Lea,BS2_S,BS2_S,keep,True,,False,10832.0,False,9446.0,2025-12-08,,,,False,-103.62782429,32.32534595,agree,,198.0,198.0,BS2_S,none
3002554615,CORIANDER 1 12 FEDERAL COM #222H,Devon,30,Lea,BS2_S,BS2_S,keep,True,,False,11030.0,False,10194.0,2025-12-09,,,,False,-103.62947055,32.3262375,off_band,,925.0,,BS2_S,none
3002554627,DONKEY POTROAST FEDERAL COM #503H,ConocoPhillips,30,Lea,BS2_S,BS2_S,keep,False,,False,10541.0,False,14860.0,2026-06-18,,,,False,-103.64781312,32.542817,no_evidence,,,,BS2_S,none
3002554628,DONKEY POTROAST FEDERAL COM #504H,ConocoPhillips,30,Lea,BS2_S,BS2_S,keep,False,,False,10569.0,False,14772.0,2026-06-18,,,,False,-103.64358021,32.54278009,agree,,85.0,85.0,BS2_S,none
3002554642,OSPREY 10 #512H,EOG,30,Lea,BS2_S,BS2_S,keep,False,,True,11240.0,False,7327.0,2025-10-15,,,,False,-103.45886854,32.14916249,agree,,71.0,71.0,BS2_S,none
3002554643,OSPREY 10 #522H,EOG,30,Lea,BS2_S,BS2_S,keep,True,,False,11311.0,False,7159.0,2025-10-15,,,,False,-103.46015735,32.14942483,off_band,,921.0,,BS2_S,none
3002554644,OSPREY 10 #523H,EOG,30,Lea,BS2_S,BS2_S,keep,True,,False,11308.0,False,6899.0,2025-10-15,,,,False,-103.45756473,32.14986673,off_band,,935.0,,BS2_S,none
3002554645,OSPREY 10 #524H,EOG,30,Lea,BS2_S,BS2_S,keep,True,,False,11372.0,False,7365.0,2025-10-15,,,,False,-103.45478982,32.14933604,off_band,,871.0,,BS2_S,none
3002554661,ELECTRA SPECIAL 0310 FEDERAL COM #121H,Matador,30,Lea,BS2_S,BS2_S,keep,True,,False,10550.0,False,12633.0,2025-09-28,,,,False,-103.6678259,32.50363235,no_evidence,,,,BS2_S,none
3002554662,ELECTRA SPECIAL 0310 FEDERAL COM #122H,Matador,30,Lea,BS2_S,BS2_S,keep,True,,False,10667.0,False,12326.0,2025-09-28,,,,False,-103.66474863,32.50344842,no_evidence,,,,BS2_S,none
3002554672,MOONRAKER 15 27 FEDERAL COM #205H,PBX,30,Lea,BS2_S,BS2_S,keep,False,,False,10273.0,False,15107.0,2026-03-10,,,,False,-103.6521207,32.64487408,no_evidence,,,,BS2_S,none
3002554673,MOONRAKER 15 27 FEDERAL COM #203H,PBX,30,Lea,BS2_S,BS2_S,keep,False,,False,10214.0,False,15016.0,2026-03-11,,,,False,-103.65529982,32.64486992,agree,,136.0,136.0,BS2_S,none
3002554674,MOONRAKER 15 27 FEDERAL COM #201H,PBX,30,Lea,BS2_S,BS2_S,keep,False,,False,10185.0,False,15299.0,2026-03-11,,,,False,-103.65836925,32.64499642,agree,,107.0,107.0,BS2_S,none
3002554682,SERPENTINE 2 26 STATE FEDERAL COM #034H,Devon,30,Lea,BS2_S,BS2_S,keep,False,,False,10300.0,True,9936.0,2026-02-01,,,,False,-103.538669,32.3418045,ambiguous_lith,BS2_C,29.0,,BS2_C,none
3002554686,ORE DIGGER FEDERAL #501H,ConocoPhillips,30,Lea,BS2_S,BS2_S,keep,False,,False,10550.0,False,9714.0,2026-07-06,,,,False,-103.63927703,32.53781697,no_evidence,,,,BS2_S,none
3002554687,ORE DIGGER FEDERAL #502H,ConocoPhillips,30,Lea,BS2_S,BS2_S,keep,False,,False,10560.0,False,9868.0,2026-07-06,,,,False,-103.63491961,32.53766555,no_evidence,,,,BS2_S,none
3002554688,ORE DIGGER FEDERAL #503H,ConocoPhillips,30,Lea,BS2_S,BS2_S,keep,False,,False,10535.0,False,9713.0,2026-07-09,,,,False,-103.63042196,32.5378072,agree,,51.0,51.0,BS2_S,none
3002554689,ORE DIGGER FEDERAL #504H,ConocoPhillips,30,Lea,BS2_S,BS2_S,keep,False,,False,10594.0,False,9550.0,2026-07-06,,,,False,-103.6264437,32.53850835,agree,,83.0,83.0,BS2_S,none
3002554702,ROCK TRAIN 5 FEDERAL COM #523H,EOG,30,Lea,BS2_S,BS2_S,keep,True,,False,11333.0,False,15136.0,2026-01-08,,,,False,-103.49296808,32.14443051,off_band,,581.0,,BS2_S,none
3002554704,SHIPROCK 5 FED COM #741H,EOG,30,Lea,BS2_S,BS2_S,keep,True,,False,11020.0,False,15279.0,2026-01-08,,,,False,-103.48720405,32.14502965,off_band,,268.0,,BS3_S,none
3002554707,ROCK TRAIN 5 FEDERAL COM #512H,EOG,30,Lea,BS2_S,BS2_S,keep,True,,False,11040.0,False,14914.0,2026-01-08,,,,False,-103.49493833,32.14396504,off_band,,288.0,,BS2_S,none
3002554717,WORLDS END 5 29 STATE COM #522H,Mewbourne,30,Lea,BS2_S,BS2_S,keep,False,,True,9394.0,False,15583.0,2025-12-19,,,,False,-103.38302896,32.70406576,no_evidence,,,,BS1_S,none
3002554735,QUERECHO 23 26 FEDERAL COM #527H,Mewbourne,30,Lea,BS2_S,BS2_S,keep,False,,False,9619.0,False,10323.0,2026-03-15,,,,False,-103.73057681,32.72575596,no_evidence,,,,BS2_S,none
3002554777,NORTH THISTLE 15 10 STATE COM #207H,Devon,30,Lea,BS2_S,BS2_S,keep,False,,False,10440.0,False,10030.0,2026-04-08,,,,False,-103.558638,32.3112505,off_band,,134.0,735.0,BS2_C,none
3002554778,NORTH THISTLE 15 10 STATE COM #208H,Devon,30,Lea,BS2_S,BS2_S,keep,False,,False,10477.0,False,10022.0,2026-04-07,,,,False,-103.5559548,32.3112485,off_band,,171.0,698.0,BS2_C,none
3002554780,NORTH THISTLE 15 10 STATE COM #215H,Devon,30,Lea,BS2_S,BS2_S,keep,False,,False,11143.0,False,10393.0,2026-04-09,,,,False,-103.5640855,32.3117695,agree,,16.0,16.0,BS2_S,none
3002554783,NORTH THISTLE 15 10 STATE COM #217H,Devon,30,Lea,BS2_S,BS2_S,keep,False,,False,11193.0,False,10021.0,2026-04-08,,,,False,-103.558039,32.31125,agree,,18.0,18.0,BS2_S,none
3002554800,SAGE BRUSH 22302 25 24 13 STATE COM #003H,BTA Oil,30,Lea,BS2_S,BS2_S,keep,True,,False,10038.0,False,12381.0,2025-12-09,,,,False,-103.41722317,32.56350238,no_evidence,,,,BS3_C,none
3002554804,NORTH THISTLE 15 10 STATE COM #218H,Devon,30,Lea,BS2_S,BS2_S,keep,False,,False,11189.0,False,9804.0,2026-04-07,,,,False,-103.55461468,32.3109512,agree,,14.0,14.0,BS2_S,none
3002554828,LAKEWOOD 28 FEDERAL COM #103H,EOG,30,Lea,BS2_S,BS2_S,keep,False,,False,11424.0,False,14701.0,2026-02-26,,,,False,-103.47495624,32.11678483,off_band,,379.5,,BS2_S,none
3002554829,LAKEWOOD 28 FEDERAL COM #104H,EOG,30,Lea,BS2_S,BS2_S,keep,False,,False,11071.0,False,15015.0,2026-02-26,,,,False,-103.476223,32.11689475,ambiguous_lith,BS2_C,26.5,,BS2_C,none
3002554833,LAKEWOOD 28 FEDERAL COM #203H,EOG,30,Lea,BS2_S,BS2_S,keep,False,,False,11421.0,False,15205.0,2026-02-26,,,,False,-103.4777596,32.11816655,off_band,,376.5,,BS2_S,none
3002554852,NORTH WILSON DEEP UNIT #015H,Mewbourne,30,Lea,BS2_S,BS2_S,keep,False,,True,9829.0,False,12549.0,2026-05-08,,,,False,-103.37856865,32.49047235,no_evidence,,,,BS2_S,none
3002554855,NORTH WILSON DEEP UNIT #019H,Mewbourne,30,Lea,BS2_S,BS2_S,keep,False,,True,9999.0,False,15665.0,2026-05-01,,,,False,-103.37408729,32.44996461,agree,,91.0,91.0,BS2_S,none
3002554872,NORTH WILSON DEEP UNIT #017H,Mewbourne,30,Lea,BS2_S,BS2_S,keep,False,,False,10049.0,False,16055.0,2026-05-05,,,,False,-103.37766735,32.4504847,agree,,41.0,41.0,BS2_S,none
3002554884,MALLON 27 FEDERAL COM #121H,Matador,30,Lea,BS2_S,BS2_S,keep,False,,True,10079.0,False,7273.0,2026-03-02,,,,False,-103.55130079,32.63552935,off_band,,773.0,,BS1_S,none
3002554896,BLUE CHIP 14 FEDERAL COM #524H,Matador,30,Lea,BS2_S,BS2_S,keep,False,,False,10880.0,False,9706.0,2026-03-01,,,,False,-103.64383485,32.47092263,no_evidence,,,,BS2_S,none
3002554928,MACHO MAN 18 19 FEDERAL COM #526H,Mewbourne,30,Lea,BS2_S,BS2_S,keep,False,,False,10016.0,False,7523.0,2026-04-27,,,,False,-103.59760207,32.73656073,agree,,72.0,72.0,BS2_S,none
3002554944,LOOKIN GOOD 34 STATE COM #502H,Marshall & Winston,30,Lea,BS2_S,BS2_S,keep,True,,False,10451.0,False,5049.0,2025-11-06,,,,False,-103.439008,32.5293435,agree,,141.0,141.0,BS2_S,none
3002554957,MALLON 27 FEDERAL COM #123H,Matador,30,Lea,BS2_S,BS2_S,keep,False,,False,10095.0,False,7204.0,2026-02-28,,,,False,-103.5407008,32.63573768,off_band,,767.0,,BS1_S,none
3002554991,LACEY SWISS 1 FEDERAL COM #513H,EOG,30,Lea,BS2_S,BS2_S,keep,False,,False,11011.0,False,9701.0,2026-04-01,,,,False,-103.52246618,32.15138466,off_band,,245.5,,BS2_C,none
3002554992,STRANGER 33 FEDERAL #300H,Devon,30,Lea,BS2_S,BS2_S,keep,False,,True,11100.0,True,8300.0,2026-07-17,,,,False,-103.48196636,32.08074803,off_band,,1320.0,,AVA_0,none
3002554993,STRANGER 33 FEDERAL #302H,Devon,30,Lea,BS2_S,BS2_S,keep,False,,True,11100.0,True,8187.0,2026-07-17,,,,False,-103.46774981,32.08056599,agree,,30.0,30.0,BS2_S,none
3002555030,QUERECHO 23 26 FEDERAL COM #524H,Mewbourne,30,Lea,BS2_S,BS2_S,keep,False,,False,9592.0,False,9817.0,2026-03-06,,,,False,-103.73927113,32.72496374,no_evidence,,,,BS2_S,none
3002555031,ZN 33 28 FEDERAL STATE COM #404H,Chevron,30,Lea,BS2_S,BS2_S,keep,False,,False,10574.0,False,9578.0,2026-07-16,,,,False,-103.47219,32.2696875,off_band,,876.0,,BS2_S,none
3002555032,ZN 33 28 FEDERAL STATE COM #405H,Chevron,30,Lea,BS2_S,BS2_S,keep,False,,False,10570.0,False,10528.0,2026-07-16,,,,False,-103.47042044,32.26780815,off_band,,858.0,,BS2_S,none
3002555033,ZN 33 28 FEDERAL STATE COM #406H,Chevron,30,Lea,BS2_S,BS2_S,keep,False,,False,10511.0,False,9611.0,2026-07-16,,,,False,-103.469213,32.269684,off_band,,911.5,,BS2_S,none
3002555044,DEEP ELLUM 25 26 FEDERAL COM #526H,Mewbourne,30,Lea,BS2_S,BS2_S,keep,False,,False,9028.0,False,7565.0,2026-03-10,,,,False,-103.82753688,32.71663837,off_band,,391.0,,BS2_S,none
3002555047,DEEP ELLUM 25 26 FEDERAL COM #528H,Mewbourne,30,Lea,BS2_S,BS2_S,keep,False,,False,9033.0,False,7565.0,2026-03-10,,,,False,-103.8276343,32.71289299,agree,,22.0,22.0,BS2_S,none
3002555076,LACEY SWISS 1 FEDERAL COM #508H,EOG,30,Lea,BS2_S,BS2_S,keep,False,,False,11296.0,False,9778.0,2026-03-30,,,,False,-103.51986503,32.15147203,off_band,,524.0,,BS2_S,none
3002555114,LACEY SWISS 1 FEDERAL COM #583H,EOG,30,Lea,BS2_S,BS2_S,keep,False,,False,11313.0,False,9156.0,2026-03-31,,,,False,-103.52250641,32.15062506,off_band,,547.5,,BS2_S,none
3002555115,LACEY SWISS 1 FEDERAL COM #592H,EOG,30,Lea,BS2_S,BS2_S,keep,False,,False,11058.0,False,9665.0,2026-03-31,,,,False,-103.52349053,32.15126419,off_band,,292.5,,BS2_S,none
3002555129,FIRST TEE FEDERAL COM #121H,SM Energy,30,Lea,BS2_S,BS2_S,keep,False,,True,11144.0,False,7801.0,2026-07-01,,,,False,-103.35431692,32.14836728,off_band,,997.0,,BS1_S,none
3002555132,FIRST TEE FEDERAL COM #122H,SM Energy,30,Lea,BS2_S,BS2_S,keep,False,,True,11144.0,False,7809.0,2026-07-09,,,,False,-103.35009364,32.14839773,off_band,,1007.5,,BS1_S,none
3002555175,NINA CORTELL FEDERAL COM #148H,Matador,30,Lea,BS2_S,BS2_S,keep,False,,False,10250.0,False,10260.0,2026-03-13,,,,False,-103.65638385,32.41369035,agree,,606.0,606.0,BS2_C,none
3002555181,BARLOW XL 22 34 FEDERAL COM #505H,EOG,30,Lea,BS2_S,BS2_S,keep,False,,False,10797.0,False,9562.0,2026-03-10,,,,False,-103.56417663,32.01372447,agree,,158.5,158.5,BS2_S,none
3002555184,PRETTY GOOD 20 FEDERAL COM #584H,EOG,30,Lea,BS2_S,BS2_S,keep,False,,False,10494.0,False,15200.0,2026-05-09,,,,False,-103.6974867,32.36234295,off_band,,715.0,,BS2_S,none
3002555187,BARLOW XL 22 34 FEDERAL COM #746H,EOG,30,Lea,BS2_S,BS2_S,keep,False,,False,11063.0,False,9808.0,2026-03-11,,,,False,-103.5641249,32.01556605,agree,,116.0,116.0,BS2_S,none
3002555202,DOS EQUIS 11 14 FEDERAL COM #213H,Devon,30,Lea,BS2_S,BS2_S,keep,False,,False,10614.0,False,9827.0,2026-04-06,,,,False,-103.6433535,32.224065,off_band,,907.0,,BS2_S,none
3002555204,BLUE CHIP 14 FEDERAL COM #522H,Matador,30,Lea,BS2_S,BS2_S,keep,False,,False,10884.0,False,9698.0,2026-02-24,,,,False,-103.64000729,32.47097883,off_band,,772.0,,BS2_S,none
3002555205,JAMES 29 32 FEDERAL COM #023H,Devon,30,Lea,BS2_S,BS2_S,keep,True,,False,10975.0,False,6926.0,2026-01-17,,,,False,-103.68930164,32.27118033,off_band,,263.0,,BS3_C,none
3002555206,JAMES 29 32 FEDERAL COM #025H,Devon,30,Lea,BS2_S,BS2_S,keep,True,,False,10925.0,False,6946.0,2026-01-17,,,,False,-103.69513386,32.27090297,off_band,,313.0,,BS2_S,none
3002555210,ART SMITH STATE COM #121H,Matador,30,Lea,BS2_S,BS2_S,keep,False,,False,10023.0,False,9906.0,2026-05-02,,,,False,-103.55456938,32.69596031,agree,,81.0,81.0,BS3_C,none
3002555219,GRACKLE 26 EAST FEDERAL COM #201H,EOG,30,Lea,BS2_S,BS2_S,keep,False,,False,11124.0,False,9715.0,2026-06-19,,,,False,-103.43985473,32.1964673,agree,,132.0,132.0,BS2_S,none
3002555222,GRACKLE 26 EAST FEDERAL COM #303H,EOG,30,Lea,BS2_S,BS2_S,keep,False,,False,11216.0,False,9941.0,2026-06-21,,,,False,-103.43644212,32.19665316,agree,,31.5,31.5,BS2_S,none
3002555262,PRETTY GOOD 20 FEDERAL COM #802H,EOG,30,Lea,BS2_S,BS2_S,keep,False,,False,10742.0,False,14924.0,2026-05-08,,,,False,-103.69573047,32.36163067,off_band,,1350.5,,BS2_S,none
3002555287,COONSKIN FEE #122H,SM Energy,30,Lea,BS2_S,BS2_S,keep,False,,False,11214.0,False,7656.0,2026-06-01,,,,False,-103.3749694,32.18532155,off_band,,756.0,,BS2_S,none
3002555304,QUERECHO 23 26 FEDERAL COM #521H,Mewbourne,30,Lea,BS2_S,BS2_S,keep,False,,False,9625.0,False,9849.0,2026-03-05,,,,False,-103.7433998,32.72503039,no_evidence,,,,BS2_S,none
3002555311,NORTH WILSON DEEP UNIT #013H,Mewbourne,30,Lea,BS2_S,BS2_S,keep,False,,False,9858.0,False,10292.0,2026-04-20,,,,False,-103.3871591,32.49397614,agree,,145.0,145.0,BS2_S,none
3002555312,NORTH WILSON DEEP UNIT #014H,Mewbourne,30,Lea,BS2_S,BS2_S,keep,False,,False,9618.0,False,10251.0,2026-04-18,,,,False,-103.3828253,32.49381898,agree,,380.0,380.0,BS1_S,none
3002555334,COSMO K FEE #121H,SM Energy,30,Lea,BS2_S,BS2_S,keep,False,,False,11330.0,False,6326.0,2026-06-01,,,,False,-103.3694578,32.1834452,off_band,,872.0,,BS2_S,none
3002555340,COONSKIN FEE #152H,SM Energy,30,Lea,BS2_S,BS2_S,keep,False,,False,11765.0,False,7650.0,2026-06-11,,,,False,-103.37549535,32.1852871,off_band,,720.0,,BS2_S,none
3002555420,DOS EQUIS 11 14 FEDERAL COM #224H,Devon,30,Lea,BS2_S,BS2_S,keep,False,,False,10668.0,False,5207.0,2026-04-01,,,,False,-103.641764,32.23166,off_band,,853.0,,BS2_S,none
3002555498,PEACHTREE 24 FEDERAL COM #572H,EOG,30,Lea,BS2_S,BS2_S,keep,False,,False,11288.0,False,9756.0,2026-06-17,,,,False,-103.53292935,32.03699379,off_band,,1207.0,,BS2_S,none
3002555532,CASCADE 29 FEDERAL #211H,Devon,30,Lea,BS2_S,BS2_S,keep,False,,False,10730.0,False,3626.0,2026-04-12,,,,False,-103.60165697,32.10185013,off_band,,880.0,,BS2_S,none
3002555647,BILL ALEXANDER 3309 FEDERAL COM #120H,Matador,30,Lea,BS2_S,BS2_S,keep,False,,False,10372.0,False,13370.0,2026-07-11,,,,False,-103.37707263,32.35501141,off_band,,558.5,,BS2_S,none
3002555655,BILL ALEXANDER 3309 FEDERAL COM #123H,Matador,30,Lea,BS2_S,BS2_S,keep,False,,False,10292.0,False,7073.0,2026-07-11,,,,False,-103.3703916,32.34373634,off_band,,449.0,,BS2_S,none
3002555688,BOND 32 34 FEDERAL COM #201H,PBX,30,Lea,BS2_S,BS2_S,keep,False,,False,9360.0,False,13410.0,2026-07-28,,,,False,-103.767457,32.7084125,agree,,64.0,64.0,BS2_S,none
3002555690,BOND 32 34 FEDERAL COM #205H,PBX,30,Lea,BS2_S,BS2_S,keep,False,,False,9320.0,False,13312.0,2026-07-28,,,,False,-103.7673885,32.705842,agree,,112.5,112.5,BS2_S,none
3002555721,BOND 33 34 FEDERAL COM #207H,PBX,30,Lea,BS2_S,BS2_S,keep,False,,False,9360.0,False,6736.0,2026-07-27,,,,False,-103.76946124,32.70061855,agree,,72.5,72.5,BS2_S,none
3002555845,QUAIL 16 STATE COM #501H,Avant Operating II,30,Lea,BS2_S,BS2_S,keep,False,,True,10382.0,False,4522.0,2026-08-14,,,,False,-103.57279266,32.57341145,off_band,,715.0,,BS2_S,none
3002555847,QUAIL 16 STATE COM #503H,Avant Operating II,30,Lea,BS2_S,BS2_S,keep,False,,False,10402.0,False,4835.0,2026-08-10,,,,False,-103.5686105,32.5736725,off_band,,695.0,,BS2_S,none
3002555854,QUAIL 16 STATE COM #504H,Avant Operating II,30,Lea,BS2_S,BS2_S,keep,False,,False,10067.0,False,5072.0,2026-08-10,,,,False,-103.561793,32.5733535,off_band,,476.0,,BS2_S,none
3002555855,QUAIL 16 STATE COM #505H,Avant Operating II,30,Lea,BS2_S,BS2_S,keep,False,,False,10382.0,False,4938.0,2026-08-10,,,,False,-103.560196,32.573349,off_band,,715.0,,BS2_S,none
3002555856,QUAIL 16 STATE COM #506H,Avant Operating II,30,Lea,BS2_S,BS2_S,keep,False,,False,10067.0,False,4955.0,2026-08-10,,,,False,-103.5586315,32.573345,off_band,,897.0,,BS2_S,none
3002555911,BIG IRON 4 9 FEDERAL COM #202H,Devon,30,Lea,BS2_S,BS2_S,keep,False,,False,9780.0,False,10401.0,2026-07-05,,,,False,-103.569401,32.6819685,off_band,,960.0,,BS2_S,none
3002556119,CHOCTAW BINGO 30 29 FEDERAL COM #526H,Mewbourne,30,Lea,BS2_S,BS2_S,keep,False,,False,9382.0,False,10339.0,2026-07-30,,,,False,-103.79692342,32.71582932,agree,,6.0,6.0,BS2_S,none
4210932405,BACKSWING STATE 200 2002H,ConocoPhillips,42,Culberson,BS2_S,BS2_S,keep,True,,False,7401.0,False,4173.0,2014-02-27,59937.0,14363.048166786484,11396.71655238,False,-104.18846893,31.94867706,agree,,120.0,120.0,BS2_S,none
4210932429,LORENA 80 804H,ConocoPhillips,42,Culberson,BS2_S,BS2_S,keep,True,,False,7543.0,False,3973.0,2012-03-01,80945.0,20373.772967530833,6362.0112422014945,False,-104.19415283,31.97749138,agree,,24.0,24.0,BS2_S,none
4210932459,CAPTAIN CALL 40 401H,ConocoPhillips,42,Culberson,BS2_S,BS2_S,keep,True,,False,7604.0,False,4010.0,2013-06-16,98030.0,24446.384039900247,6194.501683158217,False,-104.16253662,31.99248505,agree,,42.5,42.5,BS2_S,none
4210932479,SHEPARD STATE 80 803H,ConocoPhillips,42,Culberson,BS2_S,BS2_S,keep,True,,False,8113.0,False,4157.0,2014-01-02,43076.0,10362.280490738513,5766.296777788096,False,-104.08968353,31.97853279,agree,,14.0,14.0,BS3_S,none
4210932489,OWL DRAW 12 UNIT 2H,Devon,42,Culberson,BS2_S,BS2_S,keep,True,,False,7341.0,False,4443.0,2012-11-12,87113.0,19606.797209092958,7779.780285376465,False,-104.21526337,31.97750664,off_band,,1590.0,,BS2_S,none
4210932499,ALYSHEBA 17 UNIT 2H,Devon,42,Culberson,BS2_S,BS2_S,keep,True,,False,7538.0,False,4482.0,2013-01-02,68547.0,15293.84203480589,8173.588924387646,False,-104.19367981,31.9624691,agree,,17.0,17.0,BS2_S,none
4210932500,LORENA 80 803H,ConocoPhillips,42,Culberson,BS2_S,BS2_S,keep,True,,False,7532.0,False,4002.0,2013-01-24,159205.0,39781.359320339834,5765.1330046166895,False,-104.18934631,31.97722054,agree,,6.0,6.0,BS2_S,none
4210932506,ARMSTRONG STATE 280 2803H,ConocoPhillips,42,Culberson,BS2_S,BS2_S,keep,True,class BS2_S->BS3_C rejected (precision 0.33),False,8039.0,False,4125.0,2013-04-29,52580.0,12746.666666666666,5054.526435907189,False,-104.073349,31.93476486,flag,BS3_C,49.0,,BS3_C,none
4210932510,OWL DRAW 12 UNIT 3H,Devon,42,Culberson,BS2_S,BS2_S,keep,True,,False,7326.0,False,4109.0,2013-04-23,68588.0,16692.139206619613,6669.213273458914,False,-104.21859741,31.97732162,agree,,61.5,61.5,BS2_S,none
4210932513,WAR ADMIRAL 18 FEE 2H,Devon,42,Culberson,BS2_S,BS2_S,keep,True,,False,7526.0,False,4337.0,2013-03-21,77683.0,17911.69010836984,7035.979557947041,False,-104.19850159,31.96221352,agree,,25.0,25.0,BS2_S,none
4210932515,UNBRIDLED 36 FEE 2H,Devon,42,Culberson,BS2_S,BS2_S,keep,True,,False,7173.0,False,4325.0,2013-03-25,34167.0,7899.884393063584,10482.33675769017,False,-104.22055054,31.91722298,off_band,,1658.5,,BS2_S,none
4210932516,DARK STAR 21 FEE 2H,Devon,42,Culberson,BS2_S,BS2_S,keep,True,,False,7536.0,False,4538.0,2013-04-24,47789.0,10530.85059497576,7783.276486220679,False,-104.17670441,31.94604874,agree,,48.0,48.0,BS2_S,none
4210932517,ALYSHEBA 17 UNIT 3H,Devon,42,Culberson,BS2_S,BS2_S,keep,True,,False,7546.0,False,4495.0,2013-05-16,81081.0,18038.042269187987,8485.05815172482,False,-104.19039917,31.96232224,agree,,23.0,23.0,BS2_S,none
4210932522,MIDDLEGROUND 16 UNIT 2H,Devon,42,Culberson,BS2_S,BS2_S,keep,True,,False,7501.0,False,4509.0,2013-12-13,100477.0,22283.654912397426,7014.679976512038,False,-104.17675018,31.96226883,agree,,33.0,33.0,BS2_S,none
4210932523,LORENA 80 802H,ConocoPhillips,42,Culberson,BS2_S,BS2_S,keep,True,,False,7526.0,False,4635.0,2013-10-13,156315.0,33724.91909385114,6726.776061158558,False,-104.18444061,31.97753906,agree,,8.0,8.0,BS2_S,none
4210932524,MITCHELL 80 801H,ConocoPhillips,42,Culberson,BS2_S,BS2_S,keep,True,,False,8128.0,False,4033.0,2013-05-31,41843.0,10375.154971485246,5023.564275984036,False,-104.08081818,31.97768211,agree,,3.5,3.5,BS2_S,none
4210932525,LORENA 80 801H,ConocoPhillips,42,Culberson,BS2_S,BS2_S,keep,True,,False,7485.0,False,4597.0,2014-01-15,177649.0,38644.55079399608,7266.120270871213,False,-104.18060303,31.97748566,agree,,54.5,54.5,BS2_S,none
4210932526,SWALE 1 UNIT 1H,Devon,42,Culberson,BS2_S,BS2_S,keep,True,,False,7385.0,False,4454.0,2014-05-28,107859.0,24216.21014818141,6549.319018348028,False,-104.21471405,31.99279213,agree,,12.0,12.0,BS2_S,none
4210932528,MONARCHOS 13 UNIT 1H,Devon,42,Culberson,BS2_S,BS2_S,keep,False,,False,7500.0,True,4558.0,2013-07-26,61238.0,13435.2786309785,7247.901629707045,False,-104.21485901,31.96239662,off_band,,451.0,,BS2_S,none
4210932530,WAR ADMIRAL 18 FEE 3H,Devon,42,Culberson,BS2_S,BS2_S,keep,True,,False,7519.0,False,4528.0,2013-06-07,72412.0,15992.049469964664,9985.927746782301,False,-104.20281982,31.96247864,agree,,32.5,32.5,BS2_S,none
4210932537,JET PILOT 24 FEE 2H,Devon,42,Culberson,BS2_S,BS2_S,keep,True,,False,7411.0,False,4517.0,2013-12-18,91206.0,20191.720168253265,5997.237023880008,False,-104.21507263,31.94724655,agree,,102.0,102.0,BS2_S,none
4210932540,REGRET 7 UNIT 1H,Devon,42,Culberson,BS2_S,BS2_S,keep,True,,False,7352.0,False,4562.0,2013-10-22,71234.0,15614.642700569926,7395.4151107617145,False,-104.21114349,31.97744751,off_band,,1579.0,,BS2_S,none
4210932541,ALYSHEBA 17 UNIT 5H,Devon,42,Culberson,BS2_S,BS2_S,keep,True,,False,7457.0,False,4384.0,2013-07-01,72352.0,16503.649635036494,7066.54964617426,False,-104.1805191,31.96212769,agree,,69.0,69.0,BS2_S,none
4210932542,FLYING EBONY 19 UNIT 1H,Devon,42,Culberson,BS2_S,BS2_S,keep,True,,False,7548.0,False,4544.0,2013-07-05,50523.0,11118.617957746477,8372.266096629259,False,-104.19778442,31.94721794,agree,,73.0,73.0,BS2_S,none
4210932543,PLEASANT COLONY 25 UNIT 1H,Devon,42,Culberson,BS2_S,BS2_S,keep,True,,False,7417.0,False,4502.0,2014-06-26,57622.0,12799.200355397603,5434.851272083579,False,-104.215271,31.93196678,agree,,58.0,58.0,BS2_S,none
4210932544,WAR ADMIRAL 18 FEE 5H,Devon,42,Culberson,BS2_S,BS2_S,keep,True,,False,7521.0,False,4106.0,2013-09-24,53369.0,12997.808085728202,8139.275609436189,False,-104.21188354,31.96242332,off_band,,472.0,,BS2_S,none
4210932545,ALYSHEBA 17 UNIT 4H,Devon,42,Culberson,BS2_S,BS2_S,keep,True,,False,7466.0,False,4544.0,2013-08-29,68294.0,15029.489436619719,9140.83228394881,False,-104.18727875,31.96220779,agree,,60.0,60.0,BS2_S,none
4210932560,WAR ADMIRAL 18 FEE 4H,Devon,42,Culberson,BS2_S,BS2_S,keep,True,,False,7593.0,False,4527.0,2013-07-26,65371.0,14440.247404462116,8033.960012849735,False,-104.20787048,31.96235466,off_band,,2201.5,,BS2_S,none
4210932561,DAYSTAR 20 UNIT 2H,Devon,42,Culberson,BS2_S,BS2_S,keep,True,,False,7475.0,False,6942.0,2014-02-24,47683.0,6868.769806972054,7492.1670196925525,False,-104.19412231,31.935606,agree,,56.0,56.0,BS2_S,none
4210932564,DEETS 60 602H,ConocoPhillips,42,Culberson,BS2_S,BS2_S,keep,True,,False,7479.0,False,4903.0,2013-07-21,175019.0,35696.30838262288,5933.6414903524765,False,-104.20182037,31.99228287,agree,,19.5,19.5,BS2_S,none
4210932566,ALYSHEBA 17 UNIT 6H,Devon,42,Culberson,BS2_S,BS2_S,keep,True,,False,7364.0,False,4552.0,2013-08-29,66650.0,14641.915641476275,8103.150787696924,False,-104.18392944,31.96268082,agree,,162.0,162.0,BS2_S,none
4210932570,REGRET 7 UNIT 2H,Devon,42,Culberson,BS2_S,BS2_S,keep,True,,False,7414.0,False,4602.0,2013-11-21,57942.0,12590.612777053455,7796.693244969107,False,-104.19770813,31.97785187,agree,,105.0,105.0,BS2_S,none
4210932579,CARPENTER C UNIT 20 203H,ConocoPhillips,42,Culberson,BS2_S,BS2_S,keep,True,,False,8202.0,False,4359.0,2013-09-04,54105.0,12412.250516173435,3080.1589501894464,False,-104.03318787,31.9933567,agree,,68.5,68.5,BS2_S,none
4210932583,CARPENTER D UNIT 20 204H,ConocoPhillips,42,Culberson,BS2_S,BS2_S,keep,True,,False,8239.0,False,4347.0,2014-01-13,68691.0,15801.932367149759,3321.541395524887,False,-104.02862549,31.99317169,agree,,63.0,63.0,BS2_S,none
4210932584,DR STATE WISE UNIT 1 140 1402H,Chevron,42,Culberson,BS2_S,BS2_S,keep,True,,False,7379.0,False,4539.0,2013-12-25,76053.0,16755.45274289491,6326.2330217085455,False,-104.23750305,31.9621582,agree,,43.0,43.0,BS2_S,none
4210932592,SHUT OUT 9 UNIT 3H,Devon,42,Culberson,BS2_S,BS2_S,keep,True,,False,7616.0,False,4657.0,2014-10-26,115597.0,24822.203135065494,7323.053366436845,False,-104.16271973,31.97883224,agree,,30.0,30.0,BS2_S,none
4210932593,SHUT OUT 9 UNIT 2H,Devon,42,Culberson,BS2_S,BS2_S,keep,True,,False,7580.0,False,4386.0,2014-04-26,109806.0,25035.567715458277,5734.194852740287,False,-104.17610168,31.97704506,agree,,39.0,39.0,BS2_S,none
4210932604,DR STATE WISE UNIT 1 200 2003H,Chevron,42,Culberson,BS2_S,BS2_S,keep,True,,False,6863.0,False,4766.0,2014-01-01,43118.0,9046.999580360889,13273.27334291943,False,-104.29428864,31.94713211,off_band,,1214.0,,BS3_S,none
4210932605,BACKSWING STATE 200 2001H,ConocoPhillips,42,Culberson,BS2_S,BS2_S,keep,True,,False,7419.0,False,4427.0,2014-03-17,68175.0,15399.81929071606,8870.72973964063,False,-104.18780518,31.95329475,agree,,103.5,103.5,BS2_S,none
4210932610,SHEPARD A STATE UNIT 80 802H,ConocoPhillips,42,Culberson,BS2_S,BS2_S,keep,True,,False,8128.0,False,4511.0,2013-12-31,57712.0,12793.615606295722,5973.627668422512,False,-104.08535767,31.97852325,agree,,9.0,9.0,BS2_S,none
4210932618,DEETS 60 603H,ConocoPhillips,42,Culberson,BS2_S,BS2_S,keep,True,,False,7397.0,False,4723.0,2014-03-29,160166.0,33911.92038958289,6700.516963650213,False,-104.20677185,31.9928093,agree,,37.0,37.0,BS2_S,none
4210932622,OWL DRAW 12 UNIT 4H,Devon,42,Culberson,BS2_S,BS2_S,keep,True,,False,7287.0,False,4521.0,2014-01-13,58299.0,12895.155938951559,6749.566887939759,False,-104.22211456,31.97784042,agree,,71.0,71.0,BS2_S,none
4210932627,MONARCHOS 13 UNIT 4H,Devon,42,Culberson,BS2_S,BS2_S,keep,True,,False,7507.0,False,4509.0,2014-02-23,58747.0,13028.831226436017,7109.333242548556,False,-104.21973419,31.96232033,off_band,,458.0,,BS2_S,none
4210932630,CAPTAIN CALL 40 403H,ConocoPhillips,42,Culberson,BS2_S,BS2_S,keep,True,,False,7659.0,False,4622.0,2014-06-04,156917.0,33950.02163565556,4385.0443227948535,False,-104.17178345,31.99292755,agree,,49.0,49.0,BS2_S,none
4210932636,CAPTAIN CALL 40 404H,ConocoPhillips,42,Culberson,BS2_S,BS2_S,keep,True,,False,7662.0,False,4595.0,2014-04-01,201768.0,43910.337323177366,4706.202172792514,False,-104.1758194,31.9927845,agree,,67.0,67.0,BS2_S,none
4210932639,FLYING EBONY 19 UNIT 2H,Devon,42,Culberson,BS2_S,BS2_S,keep,True,,False,7523.0,False,4491.0,2014-07-10,55741.0,12411.71231351592,6852.3887264311725,False,-104.21153259,31.94734192,agree,,48.0,48.0,BS2_S,none
4210932641,REGRET 7 UNIT 4H,Devon,42,Culberson,BS2_S,BS2_S,keep,True,,False,7524.0,False,4543.0,2014-04-03,52296.0,11511.336121505612,5455.9048493192595,False,-104.20220947,31.9776001,off_band,,1602.0,,BS2_S,none
4210932642,REGRET 7 UNIT 3H,Devon,42,Culberson,BS2_S,BS2_S,keep,True,,False,7390.0,False,4548.0,2014-04-07,116670.0,25653.034300791558,7054.5898688608895,False,-104.20664978,31.97763634,off_band,,1541.0,,BS2_S,none
4210932644,OWL DRAW 12 UNIT 6H,Devon,42,Culberson,BS2_S,BS2_S,keep,True,,False,7330.0,False,4836.0,2015-01-14,121561.0,25136.683209263854,6499.173254580005,False,-104.22537994,31.97725105,agree,,20.0,20.0,BS2_S,none
4210932645,CAPTAIN CALL 40 405H,ConocoPhillips,42,Culberson,BS2_S,BS2_S,keep,True,,False,7699.0,False,4369.0,2014-07-17,152832.0,34981.00251773861,6518.628297738694,False,-104.16698456,31.99258614,agree,,80.5,80.5,BS2_S,none
4210932652,SWALE 1 UNIT 2H,Devon,42,Culberson,BS2_S,BS2_S,keep,True,,False,7447.0,False,4459.0,2014-05-15,102290.0,22940.12110338641,5294.47648841529,False,-104.21966553,31.99247742,agree,,97.0,97.0,BS2_S,none
4210932657,DR STATE WISE UNIT 1 300 3003H,Chevron,42,Culberson,BS2_S,BS2_S,keep,True,,False,6713.0,False,4717.0,2014-09-15,56240.0,11922.832308670764,11330.938833570413,False,-104.31222534,31.93136787,off_band,,1174.0,,BS3_S,none
4210932662,CARPENTER B UNIT 20 202H,ConocoPhillips,42,Culberson,BS2_S,BS2_S,keep,True,,False,8220.0,False,4329.0,2014-04-19,70005.0,16171.17117117117,3173.101921291336,False,-104.03800201,31.99318504,agree,,7.5,7.5,BS2_S,none
4210932663,DEETS 60 604H,ConocoPhillips,42,Culberson,BS2_S,BS2_S,keep,True,,False,7441.0,False,4524.0,2014-07-01,134944.0,29828.470380194518,7324.50497984349,False,-104.21124268,31.99283409,agree,,44.0,44.0,BS2_S,none
4210932664,CARPENTER A UNIT 20 201H,ConocoPhillips,42,Culberson,BS2_S,BS2_S,keep,True,,False,8216.0,False,4215.0,2014-07-23,79663.0,18899.88137603796,2382.147295482219,False,-104.0425415,31.99250984,agree,,4.0,4.0,BS2_S,none
4210932672,BLUE LACY BS 80 804H,ConocoPhillips,42,Culberson,BS2_S,BS2_S,keep,True,,False,7993.0,False,3975.0,2016-07-15,127568.0,32092.5786163522,1830.294431205318,False,-104.08083344,31.86152649,agree,,2.5,2.5,BS2_S,none
4210932676,GRISSOM 180 1802H,ConocoPhillips,42,Culberson,BS2_S,BS2_S,keep,True,,False,8038.0,False,4490.0,2014-08-27,56730.0,12634.743875278396,7345.37281861449,False,-104.10223389,31.96381187,off_band,,1291.5,,BS3_S,none
4210932693,WETHERBEE D ALLOC 40 408H,ConocoPhillips,42,Culberson,BS2_S,BS2_S,keep,True,,False,8125.0,False,4245.0,2014-09-10,94636.0,22293.52179034158,4602.804429603956,False,-104.07688141,31.99208069,agree,,6.5,6.5,BS2_S,none
4210932694,WETHERBEE D ALLOC 40 405H,ConocoPhillips,42,Culberson,BS2_S,BS2_S,keep,True,,False,8124.0,False,4234.0,2015-03-24,94732.0,22374.11431270666,3808.0796351813538,False,-104.06311035,31.99272919,agree,,3.5,3.5,WCXY,none
4210932695,WETHERBEE D ALLOC 40 406H,ConocoPhillips,42,Culberson,BS2_S,BS2_S,keep,True,,False,8110.0,False,4215.0,2015-06-05,70497.0,16725.26690391459,5055.704498063747,False,-104.06777954,31.99191093,agree,,17.5,17.5,BS2_S,none
4210932696,WETHERBEE D ALLOC 40 407H,ConocoPhillips,42,Culberson,BS2_S,BS2_S,keep,True,,False,8127.0,False,4374.0,2015-02-01,72490.0,16572.930955647007,4484.96344323355,False,-104.07243347,31.99268532,agree,,3.0,3.0,BS2_S,none
4210932697,SHUT OUT 9 UNIT 6H,Devon,42,Culberson,BS2_S,BS2_S,keep,True,,False,7622.0,False,4706.0,2014-10-23,138935.0,29522.949426264342,7673.091733544463,False,-104.16936493,31.97719955,agree,,60.0,60.0,BS2_S,none
4210932698,SHUT OUT 9 UNIT 5H,Devon,42,Culberson,BS2_S,BS2_S,keep,True,,False,7557.0,False,4365.0,2014-10-23,124113.0,28433.676975945014,6509.132806394173,False,-104.17307281,31.97826576,agree,,11.0,11.0,BS2_S,none
4210932699,SHUT OUT 9 UNIT 7H,Devon,42,Culberson,BS2_S,BS2_S,keep,True,,False,7562.0,False,5052.0,2014-10-25,130556.0,25842.4386381631,7465.884371457459,False,-104.1661377,31.97741508,agree,,21.0,21.0,BS2_S,none
4210932703,BARBARO 23 UNIT 9H,Devon,42,Culberson,BS2_S,BS2_S,keep,True,,False,7793.0,False,4846.0,2014-11-17,86032.0,17753.19851423855,5384.635949414172,False,-104.12819672,31.94667053,off_band,,1308.0,,BS3_C,none
4210932717,GRISSOM 180 1801H,ConocoPhillips,42,Culberson,BS2_S,BS2_S,keep,False,,False,8000.0,True,4362.0,2014-12-19,49888.0,11436.955524988538,6267.940186016677,False,-104.1064682,31.96374512,off_band,,1321.0,,BS3_C,none
4210932734,SWALE 1 UNIT 3H,Devon,42,Culberson,BS2_S,BS2_S,keep,True,,False,7434.0,False,4798.0,2015-03-11,146571.0,30548.353480616926,7751.615258134283,False,-104.22389984,31.99371147,agree,,93.0,93.0,BS2_S,none
4210932735,HORN SPLITTER STATE UNIT 100 1001H,ConocoPhillips,42,Culberson,BS2_S,BS2_S,keep,True,,False,7675.0,False,4161.0,2015-02-01,63150.0,15176.64023071377,5446.302454473476,False,-104.14476776,31.97808075,agree,,59.0,59.0,BS2_S,none
4210932736,HORN SPLITTER STATE UNIT 100 1002H,ConocoPhillips,42,Culberson,BS2_S,BS2_S,keep,True,,False,7577.0,False,4009.0,2015-07-20,123459.0,30795.460214517338,7148.397443685758,False,-104.1497879,31.97779655,agree,,42.0,42.0,BS2_S,none
4210932737,HORN SPLITTER STATE UNIT 100 1003H,ConocoPhillips,42,Culberson,BS2_S,BS2_S,keep,True,,False,7541.0,False,4153.0,2015-03-17,159399.0,38381.65181796292,8456.9915746021,False,-104.15518951,31.97811699,agree,,63.0,63.0,BS2_S,none
4210932739,HORN SPLITTER STATE UNIT 100 1004H,ConocoPhillips,42,Culberson,BS2_S,BS2_S,keep,True,,False,7586.0,False,3834.0,2016-04-22,111316.0,29033.907146583202,10033.74178015739,False,-104.15940857,31.9777298,agree,,6.0,6.0,BS2_S,none
4210932754,OWL DRAW 12 UNIT 5H,Devon,42,Culberson,BS2_S,BS2_S,keep,True,,False,7348.0,False,4665.0,2015-01-14,114896.0,24629.36763129689,6643.947569976326,False,-104.22886658,31.97736359,agree,,7.0,7.0,BS2_S,none
4210932771,MIDDLEGROUND 16 UNIT 5H,Devon,42,Culberson,BS2_S,BS2_S,keep,True,,False,7537.0,False,4705.0,2016-06-23,116904.0,24846.758767268864,7603.734688291248,False,-104.17230225,31.96275902,agree,,5.0,5.0,BS2_S,none
4210932773,SWALE 1 UNIT 4H,Devon,42,Culberson,BS2_S,BS2_S,keep,True,,False,7427.0,False,4921.0,2015-03-07,140584.0,28568.177199756145,7571.352358732146,False,-104.22862244,31.99265671,agree,,94.0,94.0,BS3_C,none
4210932788,HH SW 3 1H,Chevron,42,Culberson,BS2_S,BS2_S,keep,True,,False,7675.0,False,4594.0,2016-02-15,76094.0,16563.778841967785,6193.405524745709,False,-104.15927887,31.99208069,agree,,38.0,38.0,BS2_S,none
4210932789,HH SW 3 2H,Chevron,42,Culberson,BS2_S,BS2_S,keep,True,,False,7730.0,False,4690.0,2016-02-15,104875.0,22361.40724946695,9405.911799761621,False,-104.15458679,31.9919281,agree,,93.0,93.0,BS2_S,none
4210932790,HH SW 3 3H,Chevron,42,Culberson,BS2_S,BS2_S,keep,True,,False,7769.0,False,4594.0,2016-02-15,92018.0,20030.039181541142,12162.794235910365,False,-104.14985657,31.99207115,agree,,103.0,103.0,BS2_S,none
4210932794,HH SW 3 4H,Chevron,42,Culberson,BS2_S,BS2_S,keep,True,,False,7798.0,False,4594.0,2016-02-15,96715.0,21052.459730082715,3352.1687432145995,False,-104.1449585,31.99189377,agree,,124.0,124.0,BS2_S,none
4210932816,HH SW 5 1H,Chevron,42,Culberson,BS2_S,BS2_S,keep,True,,False,7534.0,False,4590.0,2016-04-26,83058.0,18095.424836601305,7289.628933997929,False,-104.19399261,31.99235153,agree,,22.0,22.0,BS2_S,none
4210932817,HH SW 5 2H,Chevron,42,Culberson,BS2_S,BS2_S,keep,True,,False,7521.0,False,4592.0,2016-04-26,125535.0,27337.76132404181,7714.406340861115,False,-104.18933868,31.99215317,agree,,5.0,5.0,BS2_S,none
4210932818,HH SW 5 3H,Chevron,42,Culberson,BS2_S,BS2_S,keep,True,,False,7586.0,False,4592.0,2016-04-28,133242.0,29016.114982578398,6274.260368352321,False,-104.18453979,31.99209595,agree,,47.5,47.5,BS2_S,none
4210932819,HH SW 5 4H,Chevron,42,Culberson,BS2_S,BS2_S,keep,True,,False,7621.0,False,4592.0,2016-04-28,117354.0,25556.184668989546,6990.26023825349,False,-104.17979431,31.99220467,agree,,41.0,41.0,BS2_S,none
4210932837,DR STATE WISE UNIT 1 340 3403H,Chevron,42,Culberson,BS2_S,BS2_S,keep,True,,False,6997.0,False,4717.0,2015-06-16,39748.0,8426.542293830824,11178.2982791587,False,-104.25892639,31.9162693,off_band,,1554.0,,BS3_S,none
4210932882,GIACOMO 11 FEE 2H,Devon,42,Culberson,BS2_S,BS2_S,keep,True,,False,7336.0,False,4755.0,2016-06-18,150935.0,31742.37644584648,6470.613177858018,False,-104.23236084,31.97702026,agree,,6.0,6.0,BS2_S,none
4210932883,GRINDSTONE 2 FEE 2H,Devon,42,Culberson,BS2_S,BS2_S,keep,True,,False,7328.0,False,4991.0,2016-06-08,128140.0,25674.213584452013,7107.803964413923,False,-104.23229218,31.99252129,agree,,5.0,5.0,BS2_S,none
4210932916,MONARCHOS 13 UNIT 3H,Devon,42,Culberson,BS2_S,BS2_S,keep,True,,False,7329.0,False,4705.0,2017-07-25,154824.0,32906.26992561105,6566.359220792642,False,-104.22886658,31.96190834,agree,,26.0,26.0,BS2_S,none
4210933087,MIDDLEGROUND 16 UNIT 6H,Devon,42,Culberson,BS2_S,BS2_S,keep,True,,False,7522.0,False,4365.0,2017-08-15,138042.0,31624.74226804124,7912.852610075194,False,-104.16905975,31.96325493,agree,,15.0,15.0,BS2_S,none
4210933088,GIACOMO 11 FEE 3H,Devon,42,Culberson,BS2_S,BS2_S,keep,True,,False,7280.0,False,5070.0,2017-09-01,158845.0,31330.374753451677,7106.223047625043,False,-104.23578644,31.97735786,agree,,56.0,56.0,BS2_S,none
4210933089,GRINDSTONE 2 FEE 3H,Devon,42,Culberson,BS2_S,BS2_S,keep,True,,False,7306.0,False,4650.0,2017-09-15,137151.0,29494.83870967742,7615.044731719054,False,-104.23564911,31.99313354,agree,,27.0,27.0,BS2_S,none
4210933226,LORENA 81 814H,ConocoPhillips,42,Culberson,BS2_S,BS2_S,keep,False,,False,7600.0,True,4502.0,2018-06-14,71747.0,15936.694802310085,14537.862210266632,False,-104.1920166,31.97685814,agree,,77.5,77.5,BS2_S,none
4210933270,DEETS 60 605H,ConocoPhillips,42,Culberson,BS2_S,BS2_S,keep,True,,False,7232.0,False,4667.0,2018-08-18,42856.0,9182.772659095779,20241.55310808288,False,-104.20904541,31.99241638,agree,,195.0,195.0,BS2_S,none
4210933300,WAR ADMIRAL 18 FEE 6H,Devon,42,Culberson,BS2_S,BS2_S,keep,True,,False,7358.0,False,5255.0,2018-09-08,80920.0,15398.667935299714,12936.406327236777,False,-104.20513153,31.96261024,agree,,108.0,108.0,BS2_S,none
4210933305,MIDDLEGROUND 16 UNIT 7H,Devon,42,Culberson,BS2_S,BS2_S,keep,True,,False,7526.0,False,4758.0,2018-09-17,134828.0,28337.11643547709,10452.495030705788,False,-104.16596985,31.96263313,agree,,11.0,11.0,BS2_S,none
4210933317,GRINDSTONE 2 FEE 4H,Devon,42,Culberson,BS2_S,BS2_S,keep,True,,False,7271.0,False,4370.0,2018-10-15,117307.0,26843.70709382151,9915.640157876342,False,-104.23917389,31.99353409,agree,,62.0,62.0,BS2_S,none
4210933323,GIACOMO 11 FEE 4H,Devon,42,Culberson,BS2_S,BS2_S,keep,True,,False,7263.0,False,5037.0,2018-10-16,132611.0,26327.377407186817,9429.066970311664,False,-104.23931122,31.97752571,agree,,66.5,66.5,BS2_S,none
4210933394,HAY ZOELLE 9 001 0011SB,Chevron,42,Culberson,BS2_S,BS2_S,keep,True,,False,8012.0,False,4912.0,2019-12-01,8553.0,1741.2459283387623,3418.9173389453995,False,-104.07863617,31.8617115,agree,,26.0,26.0,BS2_S,none
4210933395,HAY ZOELLE 9 001 0016SB,Chevron,42,Culberson,BS2_S,BS2_S,keep,True,,False,8013.0,False,4038.0,2019-12-15,165704.0,41036.156513125316,4639.731086757109,False,-104.07360077,31.86182404,agree,,27.0,27.0,BS2_S,none
4210933569,DR STATE WISE UNIT 1 014 0147SB,Chevron,42,Culberson,BS2_S,BS2_S,keep,True,,False,7061.0,False,10874.0,2021-03-15,105729.0,9723.10097480228,7749.501082957372,True,-104.28475189,31.95430756,off_band,,1016.0,,BS2_S,none
4210933573,DR STATE WISE UNIT 1 014 0142SB,Chevron,42,Culberson,BS2_S,BS2_S,keep,True,,False,6883.0,False,10874.0,2021-03-15,104567.0,9616.240573845871,7321.076439029522,True,-104.28892517,31.95440292,off_band,,1194.0,,BS2_S,none
4210933618,DR STATE WISE UNIT 1 103 1031SB,Chevron,42,Culberson,BS2_S,BS2_S,keep,True,,False,7355.0,False,10426.0,2021-10-01,165397.0,15863.897947439094,7371.50613372673,True,-104.24700165,31.95493889,agree,,18.0,18.0,BS2_S,none
4210933619,DR STATE WISE UNIT 1 103 1032SB,Chevron,42,Culberson,BS2_S,BS2_S,keep,True,,False,7388.0,False,10444.0,2021-10-06,175904.0,16842.589046342397,6641.366881935602,True,-104.24200439,31.95511818,agree,,21.0,21.0,BS2_S,none
4210933620,DR STATE WISE UNIT 1 104 1041SB,Chevron,42,Culberson,BS2_S,BS2_S,keep,True,,False,7367.0,False,4972.0,2021-09-29,122911.0,24720.635559131137,8459.324226472814,False,-104.23674011,31.94749451,agree,,21.0,21.0,BS2_S,none
4210933622,DR STATE WISE UNIT 1 104 1043SB,Chevron,42,Culberson,BS3_C,BS2_S,reassign,True,card verdict AGREE (BS3_C->BS2_S),False,7480.0,False,10542.0,2021-10-11,173806.0,16487.004363498385,7568.904410664764,True,-104.231987,31.95495415,flag,BS2_S,92.0,,BS2_S,none
4210933943,HAY GIA 21/16 0052SB,Chevron,42,Culberson,BS2_S,BS2_S,keep,True,,False,7948.0,False,9237.0,2023-08-04,,,,False,-104.07676697,31.84054756,agree,,54.0,54.0,BS2_S,none
4210933944,HAY GIA 21/16 0054SB,Chevron,42,Culberson,BS2_S,BS2_S,keep,True,,False,7979.0,False,10145.0,2023-08-04,,,,False,-104.07229614,31.84111786,agree,,23.0,23.0,BS2_S,none
4210933947,HAY GIA 21/16 0062SB,Chevron,42,Culberson,BS3_C,BS2_S,reassign,True,class BS3_C->BS2_S (precision 0.90) + sql/23 concurs + GOR none,False,7975.0,False,8847.0,2023-08-14,,,,False,-104.06784058,31.83877182,flag,BS2_S,4.0,576.5,BS2_S,none
4210933949,HAY GIA 21/16 0064SB,Chevron,42,Culberson,BS2_S,BS2_S,keep,True,,False,8002.0,False,9377.0,2023-08-14,,,,False,-104.06378174,31.83838844,off_band,,547.0,,BS3_C,none
4210934178,DR STATE WISE UNIT 1 201 2016SB,Chevron,42,Culberson,BS2_S,BS2_S,keep,True,,False,7173.0,False,10881.0,2025-02-09,123135.0,11316.515026192446,8712.023388963333,True,-104.28414917,31.98477173,off_band,,1280.0,,BS3_C,none
4210934233,DR STATE WISE UNIT 1 221 2213SB,Chevron,42,Culberson,BS2_S,BS2_S,keep,True,,False,6590.0,False,10857.0,2025-01-10,30263.0,2787.4182555033617,16939.430988335593,True,-104.36130524,31.98473167,off_band,,1201.5,,BS3_C,none
4230131839,TXL 33 B20 B201PA,Devon,42,Loving,BS2_S,BS2_S,keep,True,,False,9139.0,False,4403.0,2012-11-19,32879.0,7467.408585055644,4569.786185711244,False,-103.85730743,31.91994095,off_band,,1308.0,,BS3_C,none
4230131914,TXL 29 B20 B201AP,Devon,42,Loving,BS2_S,BS2_S,keep,True,,False,9112.0,False,4013.0,2013-05-24,31962.0,7964.61500124595,3697.8912458544523,False,-103.8740921,31.93468857,agree,,80.0,80.0,BS2_S,none
4230132000,TXL WEST '11' B20 B201PA,Mewbourne,42,Loving,BS2_S,BS2_S,keep,True,,False,8896.0,False,4304.0,2013-11-25,46408.0,10782.527881040893,2475.2628857093605,False,-103.9252243,31.97820663,off_band,,1419.0,,BS2_S,none
4230132081,CBR 18 2H,Devon,42,Loving,BS2_S,BS2_S,keep,True,,False,8892.0,False,4247.0,2015-11-15,,,,False,-103.89746094,31.96306992,off_band,,701.0,,BS2_S,none
4230132104,LUDEMAN B 2503H,ConocoPhillips,42,Loving,BS2_S,BS2_S,keep,True,,False,10895.0,False,4380.0,2014-08-21,30343.0,6927.625570776256,1750.7827175954915,False,-103.44914246,31.92378044,off_band,,1286.5,,BS1_S,none
4230132136,CHAPARRAL 89 S 2H,Apache,42,Loving,BS2_S,BS2_S,keep,True,,False,9454.0,False,4892.0,2014-03-15,92804.0,18970.564186426822,2146.373001163743,False,-103.65925598,31.74097443,agree,,265.0,265.0,BS2_S,none
4230132137,CHAPARRAL 89 S 3H,Apache,42,Loving,BS2_S,BS2_S,keep,True,,False,9439.0,False,4667.0,2014-03-15,69428.0,14876.365973859009,2733.6377254133777,False,-103.66151428,31.7423172,agree,,280.0,280.0,BS2_S,none
4230132193,STATE PATHFINDER 4H,EOG,42,Loving,BS2_S,BS2_S,keep,True,,False,10688.0,False,4792.0,2015-05-14,131546.0,27451.168614357262,3320.7319112705823,False,-103.61930847,31.99293518,agree,,43.5,43.5,BS2_S,none
4230132196,STATE MAGELLAN 2H,EOG,42,Loving,BS2_S,BS2_S,keep,True,,False,10468.0,False,4868.0,2014-10-03,272066.0,55888.660640920294,2022.24092683393,False,-103.63539886,31.97776222,ambiguous,,116.0,137.5,BS3_C,none
4230132217,TXL WEST '11' B20 B201OB,Mewbourne,42,Loving,BS2_S,BS2_S,keep,True,,False,8822.0,False,4328.0,2015-08-26,72272.0,16698.706099815157,2902.1474429931372,False,-103.93021393,31.97894478,off_band,,1493.0,,BS2_S,none
4230132227,TXL 31 B20 B201CN,Mewbourne,42,Loving,BS2_S,BS2_S,keep,True,,False,8885.0,False,4039.0,2014-08-28,87744.0,21724.189155731616,2954.902899343545,False,-103.90081024,31.92004776,agree,,15.5,15.5,BS2_S,none
4230132275,STATE GALILEO 3H,EOG,42,Loving,BS2_S,BS2_S,keep,True,,False,10671.0,False,4818.0,2015-07-11,167328.0,34729.76338729763,3153.447121820616,False,-103.62582397,31.96401978,agree,,83.0,83.0,BS2_S,none
4230132276,STATE GALILEO 4H,EOG,42,Loving,BS2_S,BS2_S,keep,True,,False,10666.0,False,4796.0,2015-07-08,198947.0,41481.85988323603,2688.494925784254,False,-103.62391663,31.96390343,agree,,78.0,78.0,BS2_S,none
4230132330,STATE PATHFINDER 5H,EOG,42,Loving,BS2_S,BS2_S,keep,True,,False,10358.0,False,4800.0,2015-05-13,165863.0,34554.791666666664,1929.5020589281517,False,-103.62130737,31.99282265,off_band,,244.0,292.5,BS2_S,none
4230132339,TXL 31 B20 B201BO,Mewbourne,42,Loving,BS2_S,BS2_S,keep,True,,False,8909.0,False,4440.0,2015-12-01,86247.0,19425.0,1862.8126195693762,False,-103.89598083,31.92006111,agree,,8.5,8.5,BS2_S,none
4230132359,STATE PATHFINDER 7H,EOG,42,Loving,BS2_S,BS2_S,keep,True,,False,10648.0,False,4811.0,2015-07-01,137098.0,28496.77821658699,3012.2175378196616,False,-103.62281799,31.99289513,agree,,7.0,7.0,BS2_S,none
4230132369,ZUMA 3 B20 B203BO,Mewbourne,42,Loving,BS2_S,BS2_S,keep,True,,False,8711.0,False,4325.0,2016-10-05,115434.0,26689.942196531792,2605.9739764714036,False,-103.94796753,31.99211693,off_band,,1548.0,,BS2_S,none
4230132389,STATE MERCURY 1 11H,EOG,42,Loving,BS2_S,BS2_S,keep,True,,False,10483.0,False,4719.0,2015-03-30,108309.0,22951.684678957405,2890.526179726523,False,-103.65530396,31.9926548,agree,,19.5,19.5,BS2_S,none
4230132392,STATE GALILEO 6H,EOG,42,Loving,BS2_S,BS2_S,keep,True,,False,10636.0,False,4806.0,2015-02-01,190736.0,39687.05784436121,4010.5381259961414,False,-103.63036346,31.96386909,agree,,48.0,48.0,BS2_S,none
4230132526,TXL 41/44 B20 B201DM,Mewbourne,42,Loving,BS2_S,BS2_S,keep,True,,False,8906.0,False,4137.0,2015-09-29,116559.0,28174.76432197244,4155.0802597826,False,-103.88835907,31.90444756,agree,,18.5,18.5,BS3_C,none
4230132556,DOROTHY WHITE 82-TTT-B33 WF 126H,Matador,42,Loving,BS2_S,BS2_S,keep,True,,False,9690.0,False,4136.0,2015-07-14,60316.0,14583.172147001933,4436.385038795676,False,-103.60323334,31.71446228,agree,,13.0,13.0,BS2_S,none
4230132591,ZUMA 3 B20 B201AP,Mewbourne,42,Loving,BS2_S,BS2_S,keep,True,,False,8741.0,False,4021.0,2015-11-02,138106.0,34346.18254165631,3019.760184206334,False,-103.94346619,31.992836,off_band,,2216.0,,BS2_S,none
4230132592,BILLY BURT 90-TTT-B33 WF 121H,Matador,42,Loving,BS2_S,BS2_S,keep,True,,False,9664.0,False,6594.0,2016-09-20,179048.0,27153.16954807401,2816.864751351593,True,-103.67181396,31.73865128,off_band,,1170.5,,BS2_S,none
4230132593,BILLY BURT 90-TTT-B33 WF 124H,Matador,42,Loving,BS2_S,BS2_S,keep,True,,False,9773.0,False,6597.0,2016-09-15,131643.0,19954.979536152798,3651.8614738345373,True,-103.6567688,31.75395012,off_band,,356.0,,BS2_S,none
4230132600,BEARTOOTH 54-1-34 1H,Occidental,42,Loving,BS2_S,BS2_S,keep,True,,False,10255.0,False,4240.0,2015-09-19,145669.0,34355.8962264151,2470.4638598466386,False,-103.64891815,31.92016029,off_band,,1496.0,,BS2_S,none
4230132601,STATE PATHFINDER 1 12H,EOG,42,Loving,BS2_S,BS2_S,keep,True,,False,10661.0,False,4828.0,2015-08-04,146944.0,30435.79121789561,3061.329486062718,False,-103.61828613,31.99286842,agree,,16.5,16.5,BS2_S,none
4230132602,STATE PATHFINDER 1 13H,EOG,42,Loving,BS2_S,BS2_S,keep,True,,False,10656.0,False,4828.0,2015-08-05,75996.0,15740.679370339685,5566.608768882573,False,-103.62104034,31.99287033,agree,,11.5,11.5,BS2_S,none
4230132713,STATE MAGELLAN 1 10H,EOG,42,Loving,BS2_S,BS2_S,keep,True,,False,10511.0,False,4831.0,2016-04-10,198463.0,41081.14262057545,2505.011009608844,False,-103.64891815,31.9784584,agree,,14.0,14.0,BS2_S,none
4230132731,DICK JAY 92-TTT-B01 WF 124H,Matador,42,Loving,BS2_S,BS2_S,keep,True,,False,9761.0,False,4822.0,2016-03-16,98422.0,20411.032766486936,3395.5111662026784,False,-103.59650421,31.72646713,agree,,9.5,9.5,BS2_S,none
4230132748,BARNETT 90-TTT-B01 WF SA 124H,Matador,42,Loving,BS2_S,BS2_S,keep,True,,False,9790.0,False,5076.0,2016-09-15,86281.0,16997.8329393223,3041.3648427811454,False,-103.58228302,31.73511505,off_band,,1159.0,,BS2_S,none
4230132821,CONN 53-2-36 LOV UNIT 2H,ConocoPhillips,42,Loving,BS2_S,BS2_S,keep,True,,False,10511.0,False,6699.0,2018-04-15,77340.0,11545.00671742051,1709.3224722006723,True,-103.51062012,31.80683136,agree,,266.0,266.0,BS2_S,none
4230132836,TXL 40/45 B20 B201DM,Mewbourne,42,Loving,BS2_S,BS2_S,keep,True,,False,8940.0,False,4467.0,2016-06-16,77189.0,17279.82986344303,3526.8885462954568,False,-103.87135315,31.89082336,off_band,,1391.0,,BS3_C,none
4230132842,JOHNSON 44-02S-B53 WF 121H,Matador,42,Loving,BS2_S,BS2_S,keep,True,,False,10114.0,False,4451.0,2016-08-16,83599.0,18782.07144461919,4808.801540688286,False,-103.58109283,31.77398682,off_band,,471.0,,BS2_S,none
4230132843,JOHNSON 44-02S-B53 WF 124H,Matador,42,Loving,BS2_S,BS2_S,keep,True,,False,10090.0,False,4677.0,2020-04-04,73043.0,15617.489843917041,7106.854866311624,False,-103.5670929,31.77368164,off_band,,495.0,,BS2_S,none
4230132844,NEELIE 1-85 LOV 1H,ConocoPhillips,42,Loving,BS2_S,BS2_S,keep,True,,False,9809.0,False,4147.0,2016-07-10,59371.0,14316.614420062695,2901.9723433999766,False,-103.57767487,31.73359871,off_band,,1146.5,,BS2_S,none
4230132846,DOROTHY WHITE 82-TTT-B33 WF 123H,Matador,42,Loving,BS2_S,BS2_S,keep,True,,False,9703.0,False,4609.0,2016-04-08,80115.0,17382.295508787156,4570.1179554390565,False,-103.60700226,31.71554756,agree,,13.0,13.0,BS2_S,none
4230132879,THRESHER 54-1-5 1H,Occidental,42,Loving,BS2_S,BS2_S,keep,True,,False,10309.0,False,4288.0,2016-08-14,91387.0,21312.266791044778,2109.216847035136,False,-103.68045044,31.99373627,agree,,87.0,87.0,BS3_C,none
4230132896,THRESHER 55-1-5 1H,Occidental,42,Loving,BS2_S,BS2_S,keep,True,,False,9816.0,False,4285.0,2016-08-30,2453.0,572.4620770128355,3309.0093762739502,False,-103.77027893,31.99350166,agree,,24.0,24.0,BS3_C,none
4230132897,SILVERTIP 76-18 N 1H,Occidental,42,Loving,BS2_S,BS2_S,keep,True,,False,10735.0,False,8628.0,2017-05-20,240119.0,27830.20398701901,1792.902685751648,True,-103.5832901,31.95411491,agree,,65.5,65.5,BS2_S,none
4230132905,SILVERTIP 76-8 D 1H,Occidental,42,Loving,BS2_S,BS2_S,keep,True,,False,10856.0,False,4556.0,2017-05-18,121941.0,26764.925373134327,2091.273648731764,False,-103.565979,31.97711945,agree,,26.0,26.0,BS2_S,none
4230132918,LUDEMAN F 505H,ConocoPhillips,42,Loving,BS2_S,BS2_S,keep,True,,False,11063.0,False,4377.0,2016-08-15,100384.0,22934.42997486863,1916.072282435448,False,-103.46459961,31.90451241,off_band,,1083.0,,BS2_C,none
4230132953,DICK JAY 92-TTT-B01 WF 121H,Matador,42,Loving,BS2_S,BS2_S,keep,True,,False,9738.0,False,4656.0,2016-12-22,79251.0,17021.26288659794,3425.8621342317447,False,-103.59355164,31.72357559,agree,,23.0,23.0,BS2_S,none
4230132977,ARNO 78-TTT-B33 WF 121H,Matador,42,Loving,BS2_S,BS2_S,keep,True,,False,9585.0,False,5776.0,2017-04-08,54960.0,9515.235457063713,9226.146288209608,False,-103.61254883,31.66110229,off_band,,1076.0,,WCXY,none
4230133045,JOHNSON RANCH 1-49 4H,Occidental,42,Loving,BS2_S,BS2_S,keep,True,,False,10219.0,False,4773.0,2016-11-15,41911.0,8780.85061805992,2768.8196416215314,False,-103.47668457,31.69563866,off_band,,942.0,,BS3_S,none
4230133078,HAMMERHEAD 54-1-35 1H,Occidental,42,Loving,BS2_S,BS2_S,keep,True,,False,10159.0,False,4422.0,2019-01-26,200650.0,45375.39574853008,2073.022676302018,False,-103.63217926,31.92065048,agree,,168.0,168.0,BS2_S,none
4230133092,ZUMA 3 B20 B203DM,Mewbourne,42,Loving,BS2_S,BS2_S,keep,True,,False,8645.0,False,4243.0,2017-03-07,214326.0,50512.84468536413,2911.256683743456,False,-103.95593262,31.99219322,off_band,,586.0,,BS2_S,none
4230133129,ARNO 78-TTT-B33 WF 122H,Matador,42,Loving,BS2_S,BS2_S,keep,True,,False,9576.0,False,5146.0,2017-05-02,55488.0,10782.743878740768,10199.520617070357,False,-103.61580658,31.66422462,off_band,,1083.0,,WCXY,none
4230133132,BONGO 76-43 LOV UNIT 2H,ConocoPhillips,42,Loving,BS2_S,BS2_S,keep,True,,False,10344.0,False,4695.0,2018-01-11,51562.0,10982.321618743343,1898.6850781583337,False,-103.58493042,31.89043236,agree,,99.0,99.0,BS3_S,none
4230133138,STATE PATHFINDER 8H,EOG,42,Loving,BS2_S,BS2_S,keep,True,,False,10580.0,False,4803.0,2017-05-08,147738.0,30759.52529668957,3324.4865911275365,False,-103.62847137,31.99246025,ambiguous,,22.0,61.0,BS2_S,none
4230133139,STATE PATHFINDER 9H,EOG,42,Loving,BS2_S,BS2_S,keep,True,,False,10598.0,False,4541.0,2017-05-09,128365.0,28268.002642589738,3727.752892143497,False,-103.6258316,31.99309349,ambiguous,,4.0,46.5,BS2_S,none
4230133174,DOROTHY WHITE 82-TTT-B33 WF 124H,Matador,42,Loving,BS2_S,BS2_S,keep,True,,False,9560.0,False,6651.0,2017-05-26,38324.0,5762.1410314238465,8559.414466130884,True,-103.61645508,31.70266724,agree,,109.5,109.5,BS2_S,none
4230133176,DOROTHY WHITE 82-TTT-B33 WF 127H,Matador,42,Loving,BS2_S,BS2_S,keep,True,,False,9649.0,False,5199.0,2017-06-11,46306.0,8906.712829390268,5958.860622813459,False,-103.61740875,31.70605278,agree,,19.0,19.0,BS2_S,none
4230133250,CBR 32 9H,Devon,42,Loving,BS2_S,BS2_S,keep,True,,False,9062.0,False,4370.0,2017-06-15,107324.0,24559.267734553774,3461.947001602624,False,-103.87384796,31.91970444,off_band,,589.5,,BS3_C,none
4230133269,STATE MERCURY 3 36H,EOG,42,Loving,BS2_S,BS2_S,keep,True,,False,10389.0,False,4560.0,2020-12-24,185875.0,40762.06140350877,3054.262273032952,False,-103.66565704,31.99260712,agree,,80.0,80.0,BS2_S,none
4230133494,MOCKINGBIRD STATE UNIT 9 S S 2H,Apache,42,Loving,BS2_S,BS2_S,keep,True,,False,9639.0,False,6439.0,2017-11-15,137230.0,21312.315576952944,3534.1324783210666,True,-103.60879517,31.75941849,agree,,212.0,212.0,BS2_S,none
4230133495,FALCON STATE UNIT S 2H,Apache,42,Loving,BS2_S,BS2_S,keep,True,,False,9570.0,False,4761.0,2017-11-09,74169.0,15578.449905482043,2918.456497997816,False,-103.62765503,31.76106071,off_band,,1403.0,,BS3_C,none
4230133498,Z&T 20 A00 A002,Lime Rock Resources,42,Loving,BS2_S,BS2_S,keep,True,,False,10241.0,False,4835.0,2017-10-10,78571.0,16250.465356773524,3015.5909941326954,False,-103.68310547,31.94911766,agree,,61.5,61.5,BS2_S,none
4230133728,STATE VIKING E 2 22H,EOG,42,Loving,BS2_S,BS2_S,keep,True,,False,10499.0,False,4384.0,2018-04-09,180984.0,41282.846715328466,2880.4424700526015,False,-103.65127563,31.96300697,agree,,11.0,11.0,BS2_S,none
4230133730,ZUMA 3 B20 B203CN,Mewbourne,42,Loving,BS2_S,BS2_S,keep,True,,False,8686.0,False,4481.0,2018-05-17,101660.0,22686.90024548092,3986.6220735785955,False,-103.95130157,31.9924984,off_band,,556.0,,BS2_S,none
4230133756,Z&T 42 E00 E006,Lime Rock Resources,42,Loving,BS2_S,BS2_S,keep,True,,False,10123.0,False,4896.0,2018-04-05,183060.0,37389.705882352944,2434.31115481263,False,-103.69215393,31.90541077,off_band,,1435.0,,BS2_S,none
4230133758,Z&T 42 F00 F005,Lime Rock Resources,42,Loving,BS2_S,BS2_S,keep,True,,False,9861.0,False,4279.0,2018-04-05,90608.0,21175.040897405936,4567.510595090941,False,-103.69029999,31.90544128,agree,,261.0,261.0,BS2_S,none
4230133759,Z&T 42 G009,Lime Rock Resources,42,Loving,BS2_S,BS2_S,keep,True,,False,10174.0,False,4534.0,2022-08-15,,,,False,-103.68608856,31.905056,off_band,,1557.0,,BS2_S,none
4230133816,HAMMERHEAD 54-1-48 1H,Occidental,42,Loving,BS2_S,BS2_S,keep,True,,False,10327.0,False,4796.0,2018-10-26,168406.0,35113.84487072561,2161.7994608268114,False,-103.61539459,31.89081192,off_band,,539.5,,BS2_S,none
4230133857,WEBER 26 G006,Lime Rock Resources,42,Loving,BS2_S,BS2_S,keep,True,,False,10528.0,False,3992.0,2018-08-04,39845.0,9981.2124248497,3199.347471451876,False,-103.4786377,31.83966637,off_band,,501.5,,BS1_S,none
4230133998,WAHOO 53-2-23 LOV UNIT 6H,ConocoPhillips,42,Loving,BS2_S,BS2_S,keep,True,,False,10357.0,False,6931.0,2019-07-15,139816.0,20172.55807242822,1923.3421067688962,True,-103.51570892,31.82803726,agree,,81.0,81.0,BS2_S,none
4230134031,SID M. KYLE 26 E007,Lime Rock Resources,42,Loving,BS2_S,BS2_S,keep,True,,False,10417.0,False,4899.0,2018-10-15,215036.0,43893.855888956925,803.1585408954779,False,-103.61997986,31.93458176,off_band,,1288.0,,BS2_S,none
4230134078,RIFLE 21801 1H,BTA Oil,42,Loving,BS2_S,BS2_S,keep,True,,False,9745.0,False,7324.0,2019-04-04,60898.0,8314.855270344075,3799.6485927288254,True,-103.67289734,31.74228096,off_band,,1109.5,,BS2_S,none
4230134140,Z&T 20 E00 E006,Lime Rock Resources,42,Loving,BS2_S,BS2_S,keep,True,,False,10140.0,False,4401.0,2019-04-19,177436.0,40317.200636219044,2630.1652426790506,False,-103.67520142,31.94885635,agree,,78.0,78.0,BS2_S,none
4230134165,SHARP NOSE STATE 145 1450H,ConocoPhillips,42,Loving,BS2_S,BS2_S,keep,True,,False,10949.0,False,5636.0,2019-03-01,107796.0,19126.330731014903,4285.418753942632,False,-103.37285614,31.99234962,ambiguous_lith,BS2_C,59.5,171.5,BS2_C,own
4230134191,VOYAGER W 9H,EOG,42,Loving,BS2_S,BS2_S,keep,True,,False,10532.0,False,4661.0,2019-02-01,394610.0,84662.0896803261,3104.437292516662,False,-103.64788055,31.96350479,ambiguous,,16.0,29.0,BS3_C,none
4230134195,VOYAGER W 1 13H,EOG,42,Loving,BS2_S,BS2_S,keep,True,,False,10588.0,False,4363.0,2019-01-27,244225.0,55976.39239055695,2868.940526154161,False,-103.63679504,31.96438408,agree,,1.0,1.0,BS3_C,none
4230134196,VOYAGER W 1 14H,EOG,42,Loving,BS2_S,BS2_S,keep,True,,False,10609.0,False,4513.0,2019-01-27,221085.0,48988.47773099934,2649.035438858358,False,-103.6340332,31.96393394,agree,,22.0,22.0,BS2_S,none
4230134259,LARSON 04-TTT-B02 121H,Matador,42,Loving,BS2_S,BS2_S,keep,True,,False,9787.0,False,7269.0,2019-06-04,152965.0,21043.472279543268,3382.002418853986,True,-103.61381531,31.74388504,off_band,,1171.0,,BS2_S,none
4230134261,LARSON 04-TTT-B02 122H,Matador,42,Loving,BS2_S,BS2_S,keep,True,,False,9851.0,False,7306.0,2020-04-03,125768.0,17214.344374486725,3666.218751987787,True,-103.61135101,31.74206161,agree,,77.0,77.0,BS2_S,none
4230134470,Z&T 32 A005,Lime Rock Resources,42,Loving,BS2_S,BS2_S,keep,True,,False,10121.0,False,4099.0,2019-09-15,138608.0,33815.07684801171,462.45526953711186,False,-103.68347168,31.91904831,off_band,,1652.0,,BS2_S,none
4230134471,Z&T 32 B006,Lime Rock Resources,42,Loving,BS2_S,BS2_S,keep,True,,False,10043.0,False,4446.0,2019-09-15,109864.0,24710.751237067027,804.603873880434,False,-103.68135071,31.9194622,off_band,,1642.0,,BS2_S,none
4230134472,Z&T 32 C00 C006,Lime Rock Resources,42,Loving,BS2_S,BS2_S,keep,False,,False,10100.0,True,4490.0,2019-09-15,103021.0,22944.5434298441,3147.7854029760924,False,-103.6786499,31.91975021,off_band,,1448.0,,BS2_S,none
4230134533,APOLLO 1 12H,EOG,42,Loving,BS2_S,BS2_S,keep,True,,False,10553.0,False,4679.0,2021-01-22,107521.0,22979.482795469117,4443.085536778862,False,-103.64829254,31.99328804,ambiguous,,49.0,67.5,BS3_C,none
4230134538,APOLLO 1 17H,EOG,42,Loving,BS2_S,BS2_S,keep,True,,False,10641.0,False,4633.0,2021-01-22,84491.0,18236.779624433413,5338.710631901623,False,-103.6348877,31.99267578,agree,,25.0,25.0,BS3_C,none
4230134544,AURORA LARSON 04-TTT-B-02 WF 124H,Matador,42,Loving,BS2_S,BS2_S,keep,True,,False,9751.0,False,7371.0,2019-10-05,163350.0,22161.172161172162,3368.129782675237,True,-103.60489655,31.73733711,off_band,,1189.0,,BS2_S,none
4230134563,MAGNUS LARSON 04-TTT-B02 123H,Matador,42,Loving,BS2_S,BS2_S,keep,True,,False,9853.0,False,7278.0,2020-04-03,130634.0,17949.161857653202,4028.3004424575533,True,-103.60788727,31.7395134,agree,,79.0,79.0,BS2_S,none
4230134627,SMOKIN JOE 4441-28 B 2H,Devon,42,Loving,BS2_S,BS2_S,keep,True,,False,10758.0,False,7143.0,2020-01-01,92817.0,12994.120117597648,1563.9484146223213,True,-103.36868286,31.75178719,off_band,,657.0,,BS2_C,none
4230134731,ATLANTIS UNIT 1 10H,EOG,42,Loving,BS2_S,BS2_S,keep,True,,False,10468.0,False,4691.0,2020-12-04,144503.0,30804.306118098488,3463.623592589773,False,-103.65735626,31.97818375,agree,,11.5,11.5,BS2_S,none
4230134732,ATLANTIS UNIT 1 11H,EOG,42,Loving,BS2_S,BS2_S,keep,True,,False,10488.0,False,4658.0,2020-12-04,131629.0,28258.694718763418,4104.460263315835,False,-103.65459442,31.97797394,agree,,12.0,12.0,BS2_S,none
4230134734,ATLANTIS UNIT 1 13H,EOG,42,Loving,BS2_S,BS2_S,keep,True,,False,10503.0,False,4575.0,2020-12-04,116918.0,25555.846994535517,4993.910261892951,False,-103.6523056,31.9777565,agree,,17.5,17.5,BS2_S,none
4230134821,SID M. KYLE 26 A00 A006,Lime Rock Resources,42,Loving,BS2_S,BS2_S,keep,True,,False,10246.0,False,4859.0,2020-02-04,173146.0,35634.08108664334,2363.346539914292,False,-103.63214111,31.93466568,agree,,217.0,217.0,BS2_S,none
4230134822,SID M. KYLE 26 B01 B015,Lime Rock Resources,42,Loving,BS2_S,BS2_S,keep,True,,False,10437.0,False,4601.0,2020-02-09,181378.0,39421.43012388611,2611.0829317778343,False,-103.63004303,31.93492317,agree,,34.5,34.5,BS2_S,none
4230134823,SID M. KYLE 26 B01 B011,Lime Rock Resources,42,Loving,BS2_S,BS2_S,keep,True,,False,10251.0,False,4201.0,2020-02-06,124217.0,29568.436086646037,2724.602912644807,False,-103.62789917,31.93563271,agree,,225.0,225.0,BS2_S,none
4230134831,GEMINI 55 551H,EOG,42,Loving,BS2_S,BS2_S,keep,True,,False,10621.0,False,4357.0,2020-10-11,131783.0,30246.270369520313,4180.470925688443,False,-103.63182068,31.9786129,agree,,15.5,15.5,BS2_S,none
4230134832,GEMINI 55 552H,EOG,42,Loving,BS2_S,BS2_S,keep,True,,False,10602.0,False,4595.0,2020-10-11,149561.0,32548.639825897717,3513.5764002647747,False,-103.62878418,31.97792625,ambiguous,,18.0,19.0,BS2_S,none
4230134833,GEMINI 55 553H,EOG,42,Loving,BS2_S,BS2_S,keep,True,,False,10587.0,False,4693.0,2020-10-11,172352.0,36725.335606222034,4558.055607129595,False,-103.62586975,31.97805977,ambiguous,,4.0,45.0,BS2_S,none
4230134834,GEMINI 55 554H,EOG,42,Loving,BS2_S,BS2_S,keep,True,,False,10616.0,False,4693.0,2020-10-11,181814.0,38741.52993820584,3116.542180470151,False,-103.62294006,31.97830772,agree,,19.5,19.5,BS2_S,none
4230134835,GEMINI 555H,EOG,42,Loving,BS2_S,BS2_S,keep,True,,False,10635.0,False,4815.0,2020-10-11,202444.0,42044.444444444445,2695.2539961668413,False,-103.6199646,31.97838211,agree,,1.0,1.0,BS2_S,none
4230134836,GEMINI 556H,EOG,42,Loving,BS2_S,BS2_S,keep,True,,False,10656.0,False,4679.0,2020-10-11,158803.0,33939.51699081,2769.1542351215026,False,-103.61699677,31.97820473,agree,,20.0,20.0,BS2_S,none
4230134874,STATE MERCURY 2 23H,EOG,42,Loving,BS2_S,BS2_S,keep,True,,False,10449.0,False,4596.0,2020-12-24,138560.0,30147.954743255003,3187.875288683603,False,-103.66279602,31.99311638,agree,,14.5,14.5,BS2_S,none
4230134876,STATE MERCURY 2 25H,EOG,42,Loving,BS2_S,BS2_S,keep,True,,False,10459.0,False,4481.0,2020-12-24,151411.0,33789.5559027003,2903.9699889704184,False,-103.66040039,31.99348068,agree,,9.0,9.0,BS2_S,none
4230134877,STATE MERCURY 2 27H,EOG,42,Loving,BS3_C,BS2_S,reassign,True,class BS3_C->BS2_S (precision 0.90) + sql/23 concurs + GOR none,False,10543.0,False,4690.0,2020-12-24,131151.0,27963.96588486141,4658.279387881144,False,-103.65746307,31.99325943,flag,BS2_S,79.5,,BS2_S,none
4230134879,STATE MERCURY 36H,EOG,42,Loving,BS2_S,BS2_S,keep,True,,False,10396.0,False,4873.0,2020-12-01,,,,False,-103.66565704,31.99260712,agree,,73.0,73.0,BS2_S,none
4230134882,Z&T 32 D006,Lime Rock Resources,42,Loving,BS2_S,BS2_S,keep,True,,False,10047.0,False,4514.0,2020-03-13,69775.0,15457.465662383696,1713.8086707273378,False,-103.67713928,31.9195137,off_band,,1395.0,,BS2_S,none
4230134883,Z&T 32 E006,Lime Rock Resources,42,Loving,BS2_S,BS2_S,keep,True,,False,10237.0,False,4462.0,2020-03-16,87377.0,19582.474226804123,1545.933140300079,False,-103.67503357,31.91931152,off_band,,1470.0,,BS2_S,none
4230134884,Z&T 32 F00 F006,Lime Rock Resources,42,Loving,BS2_S,BS2_S,keep,True,,False,10064.0,False,4278.0,2020-03-16,121777.0,28465.8719027583,3563.5464825049066,False,-103.67287445,31.91929817,off_band,,1643.0,,BS2_S,none
4230134885,Z&T 32 G006,Lime Rock Resources,42,Loving,BS2_S,BS2_S,keep,True,,False,10264.0,False,4369.0,2020-03-26,111344.0,25485.008010986494,1514.4956171863773,False,-103.67076874,31.91973114,off_band,,1444.0,,BS2_S,none
4230134886,Z&T 32 H006,Lime Rock Resources,42,Loving,BS2_S,BS2_S,keep,True,,False,10092.0,False,4414.0,2020-03-25,101632.0,23024.92070684187,1596.6231108312343,False,-103.66866302,31.91944313,off_band,,1389.0,,BS2_S,none
4230134920,ATLAS A 551H,EOG,42,Loving,BS2_S,BS2_S,keep,True,,False,10547.0,False,4815.0,2021-05-21,269698.0,56012.04569055037,2205.3407885857514,False,-103.63119507,31.948452,agree,,3.0,3.0,BS2_S,none
4230134921,ATLAS B 55 552H,EOG,42,Loving,BS2_S,BS2_S,keep,True,,False,10587.0,False,4699.0,2021-05-21,233108.0,49608.00170248989,2442.485886370266,False,-103.62886047,31.94983673,ambiguous,,13.0,38.5,BS2_S,none
4230134922,ATLAS C 55 553H,EOG,42,Loving,BS2_S,BS2_S,keep,True,,False,10569.0,False,4812.0,2021-05-22,244077.0,50722.56857855361,2573.151095760764,False,-103.62602997,31.94953537,ambiguous,,5.0,19.0,BS2_S,none
4230134932,STATE ATLAS K 55 555H,EOG,42,Loving,BS2_S,BS2_S,keep,True,,False,10620.0,False,9983.0,2021-05-22,383319.0,38397.17519783632,2931.5739632003633,True,-103.62030792,31.9568882,ambiguous,,26.0,32.0,BS2_S,none
4230134933,STATE ATLAS L 55 556H,EOG,42,Loving,BS3_C,BS2_S,reassign,True,class BS3_C->BS2_S (precision 0.90) + sql/23 concurs + GOR none,False,10674.0,False,9910.0,2021-05-21,454151.0,45827.54793138244,2452.1117425702023,True,-103.61808014,31.95568466,flag,BS2_S,87.0,,BS2_S,none
4230134938,ATLAS 554H,EOG,42,Loving,BS2_S,BS2_S,keep,True,,False,10550.0,False,4717.0,2021-05-22,192296.0,40766.58893364426,2330.9377210134376,False,-103.62322235,31.94961929,agree,,16.0,16.0,BS2_S,none
4230134949,CBR 9-4H-56-1 32 321H,Devon,42,Loving,BS2_S,BS2_S,keep,True,,False,9393.0,False,9950.0,2020-09-02,359656.0,36146.331658291456,3428.089618969237,True,-103.85622406,31.98550606,off_band,,1435.0,,BS3_C,none
4230134970,ST JOHN 76 2734 TG 601H,Exxon Mobil,42,Loving,BS2_S,BS2_S,keep,True,,False,10673.0,False,9565.0,2022-01-18,254653.0,26623.41871406168,1895.8347241147758,True,-103.53147125,31.92578697,agree,,10.0,10.0,BS2_S,none
4230134972,ST JOHN 76 2734 TG 702H,Exxon Mobil,42,Loving,BS2_S,BS2_S,keep,True,,False,10845.0,False,9296.0,2022-01-16,260396.0,28011.617900172118,1952.1613235226348,True,-103.53437805,31.92566109,agree,,182.0,182.0,BS2_S,none
4230134990,TONOPAH 53-2-27 LOV SB 3H,ConocoPhillips,42,Loving,BS2_S,BS2_S,keep,True,,False,10169.0,False,4388.0,2021-06-17,86067.0,19614.175022789426,2428.3639490164637,False,-103.53435516,31.81775856,agree,,188.5,188.5,BS2_S,none
4230135006,EXCELSIOR 12 UNIT 55 551H,EOG,42,Loving,BS2_S,BS2_S,keep,True,,False,10629.0,False,4616.0,2022-05-10,95407.0,20668.76083188908,4910.289601391932,False,-103.61446381,31.99331856,agree,,24.0,24.0,BS2_S,none
4230135007,EXCELSIOR 12 UNIT 55 552H,EOG,42,Loving,BS2_S,BS2_S,keep,True,,False,10653.0,False,4848.0,2022-05-10,186204.0,38408.41584158416,2958.4058344611285,False,-103.61148834,31.99401665,agree,,3.0,3.0,BS2_S,none
4230135008,EXCELSIOR 12 55 554H,EOG,42,Loving,BS2_S,BS2_S,keep,True,,False,10698.0,False,4728.0,2022-05-10,152427.0,32239.21319796954,2496.56556909209,False,-103.60540771,31.99338722,agree,,42.0,42.0,BS2_S,none
4230135009,EXCELSIOR 12 UNIT 55 553H,EOG,42,Loving,BS2_S,BS2_S,keep,True,,False,10658.0,False,4694.0,2022-05-09,164048.0,34948.44482317853,3230.7861113820345,False,-103.60843658,31.9933548,agree,,2.0,2.0,BS2_S,none
4230135010,EXCELSIOR 12 55 555H,EOG,42,Loving,BS2_S,BS2_S,keep,True,,False,10716.0,False,4714.0,2022-05-10,135475.0,28738.862961391602,3232.5078427754197,False,-103.60247803,31.99334526,agree,,60.0,60.0,BS2_S,none
4230135011,EXCELSIOR 12 55 556H,EOG,42,Loving,BS2_S,BS2_S,keep,True,,False,10714.0,False,4863.0,2022-05-10,151681.0,31190.82870655974,2858.2485611249926,False,-103.59985352,31.99304962,agree,,56.0,56.0,BS2_S,none
4230135054,STATE ATLANTIS UNIT 55 551H,EOG,42,Loving,BS2_S,BS2_S,keep,True,,False,10469.0,False,9690.0,2020-12-23,282037.0,29105.985552115584,2962.5332846399588,True,-103.66582489,31.97107506,agree,,19.0,19.0,BS2_S,none
4230135060,STATE ATLANTIS UNIT 55 552H,EOG,42,Loving,BS2_S,BS2_S,keep,True,,False,10476.0,False,9908.0,2020-12-23,292362.0,29507.67056923698,2879.2763765468835,True,-103.66294861,31.97128868,agree,,12.0,12.0,BS2_S,none
4230135063,STATE ATLANTIS UNIT 55 553H,EOG,42,Loving,BS2_S,BS2_S,keep,True,,False,10495.0,False,9910.0,2020-12-23,222441.0,22446.11503531786,3663.187092307623,True,-103.6601181,31.97139931,agree,,12.0,12.0,BS2_S,none
4230135099,CBR 8-5F-56-1 32 321H,Devon,42,Loving,BS2_S,BS2_S,keep,True,,False,9275.0,False,10189.0,2020-11-21,384422.0,37729.11963882618,3757.310975958712,True,-103.8727951,31.98570061,agree,,41.5,41.5,BS2_S,none
4230135126,CARTHEL 31-TTT-B02 WF 122H,Matador,42,Loving,BS2_S,BS2_S,keep,True,,False,9579.0,False,9227.0,2021-04-17,103415.0,11207.868212853582,6288.816902770391,True,-103.63611603,31.68590355,off_band,,1091.5,,BS2_S,none
4230135171,LINK-VJ RANCH 55-2-16 LOV ND 7H,ConocoPhillips,42,Loving,BS2_S,BS2_S,keep,True,,False,9750.0,False,7244.0,2021-05-01,104964.0,14489.784649364992,3667.1811287679584,True,-103.75531769,31.85134697,off_band,,2224.0,,WCXY,none
4230135185,CBR 17-20G-56-1 33 336H,Devon,42,Loving,BS2_S,BS2_S,keep,True,,False,9272.0,False,10035.0,2021-05-19,281819.0,28083.60737419033,3398.610455647064,True,-103.88796997,31.95668793,agree,,200.0,200.0,BS2_S,none
4230135214,MARSH 81-TTT-B33 WF SA 122H,Matador,42,Loving,BS2_S,BS2_S,keep,True,,False,9570.0,False,6852.0,2021-04-01,63817.0,9313.631056625802,6952.677186329662,True,-103.62454224,31.6879158,agree,,9.0,9.0,BS2_S,none
4230135222,MCGREGOR D 5 UNIT 501H,EOG,42,Loving,BS2_S,BS2_S,keep,True,,False,10422.0,False,10043.0,2022-10-31,221437.0,22048.88977397192,1688.6970108879727,True,-103.54518127,31.89785576,off_band,,445.0,,BS2_C,none
4230135254,CBR 6-7-56-1 33 336H,Devon,42,Loving,BS2_S,BS2_S,keep,True,,False,9186.0,False,10372.0,2021-05-22,204176.0,19685.30659467798,3926.6662095447064,True,-103.90135956,31.98550224,off_band,,458.0,,BS2_S,none
4230135255,CBR 6-7-56-1 32 321H,Devon,42,Loving,BS2_S,BS2_S,keep,True,,False,9084.0,False,10372.0,2021-05-31,240868.0,23222.907828769763,3765.5811481807464,True,-103.90499115,31.98535728,off_band,,1305.0,,BS2_S,none
4230135334,BARNETT TRUST 90-TTT-B01 WF B 121H,Matador,42,Loving,BS2_S,BS2_S,keep,True,,False,9964.0,False,9639.0,2022-02-11,178247.0,18492.27098246706,3955.197001913076,True,-103.58765411,31.748312,agree,,134.0,134.0,BS2_S,none
4230135335,BARNETT TRUST 90-TTT-B01 WF C 122H,Matador,42,Loving,BS2_S,BS2_S,keep,True,,False,9971.0,False,9641.0,2022-02-11,196063.0,20336.37589461674,4219.388665888006,True,-103.58399963,31.74594307,agree,,140.0,140.0,BS2_S,none
4230135337,BARNETT TRUST 90-TTT-B01 WF D 123H,Matador,42,Loving,BS2_S,BS2_S,keep,True,,False,9945.0,False,9917.0,2022-02-11,207001.0,20873.34879499849,3660.1852164965385,True,-103.58094788,31.74384689,off_band,,641.0,,BS2_S,none
4230135420,COTTONWOOD 55-1-14-11 A 61H,Occidental,42,Loving,BS2_S,BS2_S,keep,True,,False,9983.0,False,7675.0,2021-06-28,266933.0,34779.54397394136,4392.386853629937,True,-103.73312378,31.96712494,agree,,116.5,116.5,BS2_S,none
4230135500,MAHOGANY 24-13K-56-1 32 324H,Devon,42,Loving,BS2_S,BS2_S,keep,True,,False,9426.0,False,10170.0,2021-12-24,254775.0,25051.622418879055,3360.408203316652,True,-103.81172943,31.95672035,agree,,158.5,158.5,BS3_C,none
4230135501,MAHOGANY 24-13P-56-1 32 322H,Devon,42,Loving,BS2_S,BS2_S,keep,True,,False,9632.0,False,10194.0,2021-12-22,214036.0,20996.272317049243,3500.1635238931767,True,-103.80817413,31.95678329,agree,,60.5,60.5,BS3_C,none
4230135520,MAHOGANY 24-13N-56-1 32 325H,Devon,42,Loving,BS2_S,BS2_S,keep,True,,False,9551.0,False,10051.0,2022-10-31,172365.0,17149.03989652771,3514.0660807008385,True,-103.81967163,31.95693207,agree,,33.5,33.5,BS2_S,none
4230135521,MAHOGANY 24-13Q-56-1 32 323H,Devon,42,Loving,BS2_S,BS2_S,keep,True,,False,9551.0,False,10230.0,2022-10-31,119497.0,11681.036168132943,3537.1013498246816,True,-103.81787109,31.95471001,agree,,33.5,33.5,BS2_S,none
4230135530,CBR 15-10-3D-56-1 32 322H,Devon,42,Loving,BS2_S,BS2_S,keep,True,,False,9453.0,False,15378.0,2024-10-04,327337.0,21286.058004942122,3341.2079905418573,False,-103.84722137,31.97854805,agree,,23.5,23.5,BS2_S,none
4230135531,CBR 15-10-3F-56-1 32 323H,Devon,42,Loving,BS2_S,BS2_S,keep,True,,False,9466.0,False,15138.0,2024-10-04,194468.0,12846.346941471793,2322.5723512351647,False,-103.84428406,31.97887802,agree,,43.0,43.0,BS2_S,none
4230135532,CBR 15-10-3H-56-1 32 324H,Devon,42,Loving,BS2_S,BS2_S,keep,True,,False,9483.0,False,15467.0,2024-10-03,167699.0,10842.37408676537,2797.3392804966043,False,-103.84142303,31.97857666,agree,,30.0,30.0,BS2_S,none
4230135551,CBR 9-4Q-56-1 32 322H,Devon,42,Loving,BS2_S,BS2_S,keep,False,,False,9300.0,True,10301.0,2022-04-07,253489.0,24608.193379283566,4128.411883750379,True,-103.86448669,31.9857235,off_band,,1629.0,,BS2_S,none
4230135552,CBR 9-4R-56-1 32 323H,Devon,42,Loving,BS2_S,BS2_S,keep,True,,False,9276.0,False,10381.0,2022-04-06,235882.0,22722.47375012041,5205.632477255577,True,-103.8684845,31.98549461,off_band,,1502.0,,BS2_S,none
4230135578,WAHOO 53-2-23 LOV UNIT 11H,ConocoPhillips,42,Loving,BS2_S,BS2_S,keep,True,,False,10357.0,False,7164.0,2022-06-02,133082.0,18576.49357900614,2164.9960174929743,True,-103.52972412,31.82809448,agree,,41.0,41.0,BS2_S,none
4230135579,WAHOO 53-2-23 LOV UNIT 13H,ConocoPhillips,42,Loving,BS2_S,BS2_S,keep,True,,False,10358.0,False,7160.0,2022-06-09,145849.0,20369.972067039107,2102.722678935063,True,-103.52135468,31.82790184,agree,,39.5,39.5,BS2_S,none
4230135591,WAHOO 53-2-23 LOV UNIT 12H,ConocoPhillips,42,Loving,BS2_S,BS2_S,keep,True,,False,10438.0,False,7150.0,2022-06-07,161731.0,22619.72027972028,2148.1039503867532,True,-103.52554321,31.82789803,agree,,80.5,80.5,BS2_S,none
4230135615,CBR 8-5G-56-1 32 322H,Devon,42,Loving,BS2_S,BS2_S,keep,True,,False,9188.0,False,10168.0,2022-04-08,282199.0,27753.63886703383,2991.6654559371223,True,-103.88669586,31.98601151,off_band,,564.0,,BS2_S,none
4230135616,CBR 8-5H-56-1 33 336H,Devon,42,Loving,BS2_S,BS2_S,keep,True,,False,9206.0,False,10167.0,2022-04-07,307540.0,30248.844300186876,4351.794888469793,True,-103.8835144,31.98575783,off_band,,1500.0,,BS2_S,none
4230135617,CBR 8-5I-56-1 32 323H,Devon,42,Loving,BS2_S,BS2_S,keep,True,,False,9261.0,False,10252.0,2022-04-10,345821.0,33732.05228248147,4626.1794396523055,True,-103.87848663,31.98504066,agree,,55.0,55.0,BS2_S,none
4230135618,CBR 8-5J-56-1 33 337H,Devon,42,Loving,BS2_S,BS2_S,keep,True,,False,9279.0,False,10254.0,2022-04-12,192529.0,18775.98985761654,2937.297757740392,True,-103.87701416,31.98571396,agree,,73.0,73.0,BS2_S,none
4230135674,GELLER 54-2 SB UNIT 8H,ConocoPhillips,42,Loving,BS2_S,BS2_S,keep,True,,False,10032.0,False,9129.0,2022-07-09,210540.0,23062.767006243837,2867.5786073905197,True,-103.60347748,31.78264999,off_band,,1333.0,,BS2_S,none
4230135696,RED BLUFF 57-T1-1X12 B20 B201AP,Mewbourne,42,Loving,BS2_S,BS2_S,keep,True,,False,9067.0,False,10284.0,2022-07-20,162594.0,15810.385064177362,3553.1077407530415,True,-103.90791321,31.9854908,off_band,,522.0,,BS2_S,none
4230135701,RED BLUFF 57-T1-1X12 B20 B201BO,Mewbourne,42,Loving,BS2_S,BS2_S,keep,True,,False,9033.0,False,10110.0,2022-07-19,262945.0,26008.407517309595,3256.0459411664037,True,-103.91240692,31.98521805,off_band,,537.0,,BS2_S,none
4230135721,BUTTERNUT 55-1-39-27 C 62H,Occidental,42,Loving,BS2_S,BS2_S,keep,True,,False,9820.0,False,12580.0,2022-08-05,368417.0,29285.930047694754,2820.969173518052,True,-103.73870087,31.91599274,off_band,,1337.5,,WCXY,none
4230135778,CBR 27-22H-56-1 32 321H,Devon,42,Loving,BS2_S,BS2_S,keep,True,,False,9378.0,False,10031.0,2022-08-30,108235.0,10790.050842388595,3576.8743936804176,True,-103.83971405,31.94247627,off_band,,1388.0,,BS2_S,none
4230135779,CBR 27-22I-56-1 32 322H,Devon,42,Loving,BS2_S,BS2_S,keep,True,,False,9406.0,False,10169.0,2022-09-06,91469.0,8994.886419510276,4013.0973335228327,True,-103.84285736,31.94217491,off_band,,1358.0,,BS2_S,none
4230135780,CBR 27-22J-56-1 323H,Devon,42,Loving,BS2_S,BS2_S,keep,True,,False,9341.0,False,9883.0,2022-09-08,44576.0,4510.37134473338,3018.619885139986,True,-103.84588623,31.94257736,off_band,,1423.0,,BS2_S,none
4230135781,CBR 27-22K-56-1 32 324H,Devon,42,Loving,BS2_S,BS2_S,keep,True,,False,9365.0,False,9825.0,2022-09-09,48614.0,4947.989821882951,2644.1148640309375,True,-103.84954071,31.94276047,off_band,,1383.5,,BS2_S,none
4230135782,CBR 27-22L-56-1 32 325H,Devon,42,Loving,BS2_S,BS2_S,keep,True,,False,9318.0,False,9825.0,2022-09-01,71114.0,7238.066157760814,3664.777680906713,True,-103.8529892,31.94271278,off_band,,1598.0,,BS2_S,none
4230135784,CBR 14-23-26K-56-1 32 321H,Devon,42,Loving,BS2_S,BS2_S,keep,True,,False,9608.0,False,15293.0,2022-10-26,146916.0,9606.748185444321,3297.1970377630755,False,-103.82301331,31.94877434,no_evidence,,,,BS2_S,none
4230135800,LINDSAY 2-11D-55-1 32 321H,Devon,42,Loving,BS2_S,BS2_S,keep,True,,False,9829.0,False,7226.0,2022-10-18,108208.0,14974.813174647108,3265.4609640692,True,-103.73208618,31.98867798,agree,,154.0,154.0,BS2_S,none
4230135801,LINDSAY 2-11E-55-1 32 322H,Devon,42,Loving,BS2_S,BS2_S,keep,True,,False,10099.0,False,7055.0,2022-10-17,176409.0,25004.819277108436,2879.994784846578,True,-103.72798157,31.98834991,off_band,,525.0,,BS3_C,none
4230135816,WEBER 26 L80 L801,Lime Rock Resources,42,Loving,BS2_S,BS2_S,keep,True,,False,10532.0,False,5112.0,2022-12-19,93771.0,18343.309859154928,591.8674216975397,False,-103.48751831,31.83685684,off_band,,505.5,,BS3_C,none
4230135817,WEBER 26 R80 R802,Lime Rock Resources,42,Loving,BS2_S,BS2_S,keep,True,,False,10587.0,False,4954.0,2022-11-20,76258.0,15393.217601937828,681.4498151013664,False,-103.48384094,31.83835983,off_band,,560.5,,BS3_C,none
4230135826,CBR 6-7-56-1 32 322H,Devon,42,Loving,BS2_S,BS2_S,keep,True,,False,9131.0,False,10323.0,2022-10-06,168417.0,16314.734088927637,4516.3552372978975,True,-103.89610291,31.98563766,off_band,,1469.5,,BS2_S,none
4230135827,CBR 6-7-56-1 32 323H,Devon,42,Loving,BS2_S,BS2_S,keep,True,,False,8955.0,False,10125.0,2022-09-30,135124.0,13345.580246913582,3472.2699150409994,True,-103.89305878,31.98598289,off_band,,1293.5,,BS2_S,none
4230135838,BRENNAN DALE 21 214H,Apache,42,Loving,BS2_S,BS2_S,keep,True,,False,10056.0,False,7899.0,2022-07-15,120243.0,15222.559817698442,2459.45294112755,True,-103.63492584,31.86534309,agree,,26.0,26.0,BS2_S,none
4230135901,CBR 17-20H-56-1 32 321H,Devon,42,Loving,BS2_S,BS2_S,keep,True,,False,9245.0,False,10387.0,2023-02-15,170836.0,16447.09733320497,3818.4223465780046,True,-103.87516785,31.95624542,agree,,152.0,152.0,BS2_S,none
4230135905,CBR 17-20I-56-1 32 322H,Devon,42,Loving,BS2_S,BS2_S,keep,True,,False,9223.0,False,10385.0,2023-02-15,136018.0,13097.544535387578,3681.6671322913144,True,-103.8789978,31.95631599,agree,,143.0,143.0,BS2_S,none
4230135906,CBR 20-17J-56-1 32 323H,Devon,42,Loving,BS2_S,BS2_S,keep,True,,False,9147.0,False,10389.0,2023-01-23,95974.0,9238.040234863798,4207.181111551045,True,-103.88230133,31.95639801,off_band,,1359.0,,BS2_S,none
4230135907,CBR 20-17K-56-1 32 324H,Devon,42,Loving,BS2_S,BS2_S,keep,True,,False,8963.0,False,10387.0,2023-01-23,71069.0,6842.110330220467,5815.6580224851905,True,-103.88539886,31.9563942,agree,,123.5,123.5,BS2_S,none
4230135920,OXTAIL 54-2-40 SB UNIT 4H,ConocoPhillips,42,Loving,BS2_S,BS2_S,keep,True,,False,9969.0,False,10068.0,2022-11-01,285805.0,28387.46523639253,2943.618900998933,True,-103.66561127,31.78095818,off_band,,1487.5,,BS2_S,none
4230135990,RUDD DRAW E 341H,ConocoPhillips,42,Loving,BS2_S,BS2_S,keep,True,,False,10804.0,False,10225.0,2023-03-15,179799.0,17584.254278728607,1951.8184194572827,True,-103.45145416,31.87017441,off_band,,1095.5,,BS2_C,none
4230135992,ORION A 5 55 551H,EOG,42,Loving,BS2_S,BS2_S,keep,True,,False,10588.0,False,4840.0,2022-10-07,140690.0,29068.181818181816,2836.967801549506,False,-103.61449432,31.94880295,agree,,19.0,19.0,BS2_S,none
4230135993,ORION B 5 55 552H,EOG,42,Loving,BS2_S,BS2_S,keep,True,,False,10580.0,False,4745.0,2022-10-07,130304.0,27461.32771338251,2513.0464145383103,False,-103.61170197,31.94875717,agree,,4.5,4.5,BS2_S,none
4230135994,ORION B 5 55 553H,EOG,42,Loving,BS2_S,BS2_S,keep,True,,False,10582.0,False,4810.0,2022-10-07,156670.0,32571.725571725572,2527.427076019659,False,-103.60913086,31.9487648,agree,,2.0,2.0,BS2_S,none
4230135995,ORION B 5 55 554H,EOG,42,Loving,BS2_S,BS2_S,keep,True,,False,10610.0,False,4855.0,2022-10-08,167149.0,34428.21833161689,2068.495773232266,False,-103.60652161,31.94828987,agree,,29.0,29.0,BS2_S,none
4230135999,CBR 14-23-26J-56-1 32 322H,Devon,42,Loving,BS2_S,BS2_S,keep,True,,False,9592.0,False,15299.0,2023-04-19,144984.0,9476.69782338715,3193.6834409314133,False,-103.82635498,31.94857407,off_band,,1780.0,,BS2_S,none
4230136000,CBR 14-23-26I-56-1 32 323H,Devon,42,Loving,BS2_S,BS2_S,keep,True,,False,9597.0,False,15351.0,2023-04-27,,,,False,-103.8291626,31.94878387,off_band,,1785.0,,BS2_S,none
4230136004,CBR 14-23-26G-56-1 32 325H,Devon,42,Loving,BS2_S,BS2_S,keep,True,,False,9577.0,False,15319.0,2023-04-27,135354.0,8835.694235916182,2929.119198546035,False,-103.8351059,31.94887543,off_band,,1233.5,,BS2_S,none
4230136005,CBR 14-23-26H-56-1 32 324H,Devon,42,Loving,BS2_S,BS2_S,keep,True,,False,9556.0,False,15351.0,2023-04-28,97168.0,6329.750504853104,3440.700642186728,False,-103.83223724,31.94880486,off_band,,1744.0,,BS2_S,none
4230136028,B AND B 6H,CPX Energy,42,Loving,BS2_S,BS2_S,keep,True,,False,9584.0,False,7813.0,2023-01-04,43404.0,5555.35645718674,11623.398765090775,True,-103.75321198,31.75787354,off_band,,1273.0,,WCA_1,none
4230136045,SILVERTIP 76-18 UNIT M 61H,Occidental,42,Loving,BS2_S,BS2_S,keep,True,,False,10737.0,False,10168.0,2023-02-08,293203.0,28835.857592446893,1791.492583636593,True,-103.59685516,31.95661354,off_band,,772.5,,BS2_S,none
4230136048,SILVERTIP 76-18 UNIT M 62H,Occidental,42,Loving,BS2_S,BS2_S,keep,True,,False,10745.0,False,9925.0,2023-02-02,251354.0,25325.340050377832,2136.7951176428464,True,-103.59360504,31.95532608,off_band,,780.5,,BS2_S,none
4230136063,RED BLUFF 57-T1-1X12 B20 B201CN,Mewbourne,42,Loving,BS2_S,BS2_S,keep,True,,False,8987.0,False,9936.0,2023-06-05,203865.0,20517.814009661837,3158.810977852991,True,-103.91700745,31.98504448,off_band,,1328.0,,BS2_S,none
4230136064,RED BLUFF 57-T1-1X12 B20 B201DM,Mewbourne,42,Loving,BS2_S,BS2_S,keep,True,,False,8939.0,False,9866.0,2023-06-09,199184.0,20188.931684573283,2788.572375291188,True,-103.92131042,31.98489952,off_band,,1376.0,,BS2_S,none
4230136086,LINDSAY 15-10V-55-1 32 321H,Devon,42,Loving,BS2_S,BS2_S,keep,True,,False,9852.0,False,7257.0,2023-05-31,42988.0,5923.659914565247,3058.434912068484,True,-103.74885559,31.96795273,agree,,37.5,37.5,BS3_C,none
4230136088,LINDSAY 15-10W-55-1 32 322H,Devon,42,Loving,BS2_S,BS2_S,keep,True,,False,9860.0,False,7297.0,2023-05-31,80480.0,11029.190078114294,2479.473161033797,True,-103.74560547,31.96813774,agree,,46.0,46.0,BS2_S,none
4230136089,LINDSAY 15-10X-55-1 32 323H,Devon,42,Loving,BS2_S,BS2_S,keep,True,,False,9873.0,False,7217.0,2023-05-25,126112.0,17474.296799224052,2944.842679522964,True,-103.74230957,31.96809769,agree,,33.0,33.0,BS2_S,none
4230136092,LINDSAY 15-10Y-55-1 32 324H,Devon,42,Loving,BS2_S,BS2_S,keep,True,,False,9906.0,False,7170.0,2023-05-24,85580.0,11935.84379358438,2785.849497546156,True,-103.73869324,31.96825218,agree,,46.0,46.0,BS2_S,none
4230136125,JOHNSON ESTATE 57-T1-4 B20 B201DM,Mewbourne,42,Loving,BS2_S,BS2_S,keep,True,,False,8595.0,False,4994.0,2023-05-02,163835.0,32806.3676411694,3312.039551988281,False,-103.97335815,31.9927578,agree,,29.0,29.0,BS2_S,none
4230136126,JOHNSON ESTATE 57-T1-4 B20 B201CN,Mewbourne,42,Loving,BS2_S,BS2_S,keep,True,,False,8626.0,False,5021.0,2023-05-02,148672.0,29610.037841067515,3670.691185966423,False,-103.96909332,31.99196625,agree,,4.0,4.0,BS2_S,none
4230136153,GELLER 54-2 SB UNIT 3751H,ConocoPhillips,42,Loving,BS2_S,BS2_S,keep,True,,False,10035.0,False,10043.0,2023-08-03,228756.0,22777.6560788609,2469.670740876742,True,-103.61378479,31.78073883,off_band,,1317.0,,BS2_S,none
4230136156,GELLER 54-2 SB UNIT 3752H,ConocoPhillips,42,Loving,BS2_S,BS2_S,keep,True,,False,9805.0,False,10038.0,2023-08-02,55899.0,5568.738792588165,2705.1646719977102,True,-103.60953522,31.78100967,off_band,,1300.0,,BS2_S,none
4230136202,CASSWIN J 551H,EOG,42,Loving,BS2_S,BS2_S,keep,True,,False,10441.0,False,10194.0,2023-07-10,304666.0,29886.796154600746,2496.579861225079,True,-103.64929962,31.94207382,off_band,,492.0,,BS2_S,none
4230136211,CASSWIN K 552H,EOG,42,Loving,BS2_S,BS2_S,keep,True,,False,10459.0,False,10188.0,2023-07-10,267069.0,26214.075382803298,2404.8317101573,True,-103.64685059,31.94210625,off_band,,1011.0,,BS2_S,none
4230136212,CASSWIN L 553H,EOG,42,Loving,BS2_S,BS2_S,keep,True,,False,10451.0,False,10083.0,2023-07-10,300043.0,29757.31429138153,2447.0692534070117,True,-103.64548492,31.94226074,off_band,,1019.0,,BS2_S,none
4230136213,CASSWIN M 554H,EOG,42,Loving,BS2_S,BS2_S,keep,True,,False,10467.0,False,10105.0,2023-07-10,339411.0,33588.421573478474,2238.3452510378274,True,-103.64213562,31.94207382,off_band,,1000.5,,BS2_S,none
4230136214,CASSWIN N 555H,EOG,42,Loving,BS2_S,BS2_S,keep,True,,False,10478.0,False,10162.0,2023-07-10,263202.0,25900.610116118874,1983.8223113806125,True,-103.63977814,31.94215202,off_band,,989.5,,BS2_S,none
4230136215,CASSWIN O 556H,EOG,42,Loving,BS2_S,BS2_S,keep,True,,False,10476.0,False,10205.0,2023-07-10,298704.0,29270.357667809898,2448.872462370775,True,-103.63710022,31.94235611,agree,,3.5,3.5,BS2_S,none
4230136216,CASSWIN P 557H,EOG,42,Loving,BS2_S,BS2_S,keep,True,,False,10502.0,False,9955.0,2023-07-10,270130.0,27135.107985936716,2342.2241143153296,True,-103.63516235,31.94239044,agree,,26.0,26.0,BS2_S,none
4230136219,PYTHON 54-1-37-48 C 63HA,Occidental,42,Loving,BS2_S,BS2_S,keep,True,,False,10425.0,False,9976.0,2023-08-27,277896.0,27856.455493183643,2214.990500043182,True,-103.61068726,31.8976841,off_band,,486.0,,BS2_S,none
4230136221,PYTHON 54-1-37-48 D 64HA,Occidental,42,Loving,BS2_S,BS2_S,keep,True,,False,10289.0,False,10185.0,2023-09-07,317797.0,31202.454590083456,2618.9045208104544,True,-103.6071167,31.89801788,agree,,68.0,68.0,BS2_S,none
4230136223,PYTHON 54-1-37-48 E 65HA,Occidental,42,Loving,BS2_S,BS2_S,keep,True,,False,10443.0,False,10044.0,2023-09-08,302925.0,30159.79689366786,2249.193694808946,True,-103.6038208,31.89788437,agree,,92.5,92.5,BS2_S,none
4230136225,PYTHON 54-1-37-48 F 66HA,Occidental,42,Loving,BS2_S,BS2_S,keep,True,,False,10452.0,False,9628.0,2023-08-30,365597.0,37972.26838388035,1894.8158764978925,True,-103.60033417,31.89735222,agree,,79.5,79.5,BS2_S,none
4230136237,COPPERHEAD 53-14 B201HS,Petro-Hunt,42,Loving,BS2_S,BS2_S,keep,True,,False,10469.0,False,5078.0,2024-10-07,85765.0,16889.523434423,1987.1276161604385,False,-103.52542114,31.84694672,agree,,111.0,111.0,BS2_S,none
4230136243,COPPERHEAD 53-14 B202HS,Petro-Hunt,42,Loving,BS2_S,BS2_S,keep,True,,False,10517.0,False,5080.0,2024-10-07,133466.0,26272.834645669293,2210.8177363523296,False,-103.51834106,31.84644508,agree,,159.0,159.0,BS2_S,none
4230136248,QUEEN ROBYN W2E2 U 123H,SM Energy,42,Loving,BS2_S,BS2_S,keep,True,,False,11164.0,False,10226.0,2024-03-19,208317.0,20371.30842949345,3986.6693548774224,True,-103.37882233,31.98401833,off_band,,282.0,,BS2_S,none
4230136249,QUEEN ROBYN E2W2 R 122H,SM Energy,42,Loving,BS2_S,BS2_S,keep,True,,False,11152.0,False,10122.0,2024-03-16,180229.0,17805.670816044258,5583.063768871824,True,-103.38214111,31.98129082,off_band,,262.5,,BS2_S,none
4230136251,QUEEN ROBYN E2W2 S 127H,SM Energy,42,Loving,BS2_S,BS2_S,keep,True,,False,11508.0,False,10260.0,2024-03-16,106723.0,10401.851851851852,4871.096202318151,True,-103.38015747,31.98178291,off_band,,618.5,,BS2_S,none
4230136253,QUEEN ROBYN W2W2 O 121H,SM Energy,42,Loving,BS2_S,BS2_S,keep,True,,False,11109.0,False,10346.0,2024-03-16,164231.0,15873.864295379857,6074.650948968221,True,-103.38549805,31.98004532,off_band,,209.5,,BS2_S,none
4230136256,QUEEN ROBYN E2E2 X 124H,SM Energy,42,Loving,BS2_S,BS2_S,keep,True,,False,11412.0,False,10339.0,2024-03-19,143189.0,13849.405164909565,5961.058461194645,True,-103.37392426,31.9832859,off_band,,530.0,,BS2_S,none
4230136268,KYLE 24 R801,Lime Rock Resources,42,Loving,BS2_S,BS2_S,keep,True,,False,10563.0,False,4800.0,2023-06-18,54183.0,11288.125,1864.1455807171992,False,-103.60411072,31.94934845,agree,,24.5,24.5,BS2_S,none
4230136269,KYLE 24 R802,Lime Rock Resources,42,Loving,BS2_S,BS2_S,keep,False,,False,10600.0,True,4839.0,2023-06-18,57170.0,11814.424467865261,1073.867412978835,False,-103.60018921,31.94931221,off_band,,635.5,,BS2_S,none
4230136281,ST. CLOUD 76 3031 TG 701H,Exxon Mobil,42,Loving,BS2_S,BS2_S,keep,True,,False,10337.0,False,9764.0,2023-09-02,324481.0,33232.38426874232,1965.2275479920243,True,-103.59718323,31.92601585,agree,,192.0,192.0,BS2_S,none
4230136282,ST. CLOUD 76 3031 TG 711H,Exxon Mobil,42,Loving,BS2_S,BS2_S,keep,True,,False,10599.0,False,9906.0,2023-09-04,258501.0,26095.396729254997,1968.7273937044731,True,-103.59473419,31.92478371,off_band,,311.5,,BS2_S,none
4230136289,SAN QUENTIN 76 2932 TG 711H,Exxon Mobil,42,Loving,BS2_S,BS2_S,keep,True,,False,10566.0,False,9915.0,2024-05-03,227972.0,22992.637418053455,1951.1387363360413,True,-103.56932068,31.92521477,agree,,29.0,29.0,BS2_S,none
4230136294,SAN SABA 76 2932 TG 711H,Exxon Mobil,42,Loving,BS2_S,BS2_S,keep,True,,False,10535.0,False,9965.0,2024-01-18,300134.0,30118.81585549423,1393.0644312207214,True,-103.5770874,31.92531204,agree,,31.0,31.0,BS2_S,none
4230136296,SAN SABA 76 2932 TG 712H,Exxon Mobil,42,Loving,BS2_S,BS2_S,keep,True,,False,10591.0,False,9965.0,2024-02-04,260519.0,26143.401906673356,1669.4022316990315,True,-103.57434845,31.92642593,agree,,25.0,25.0,BS2_S,none
4230136302,Z&T 20 L80 L801,Lime Rock Resources,42,Loving,BS2_S,BS2_S,keep,True,,False,10149.0,False,5054.0,2024-02-05,89308.0,17670.755836960823,2253.1352174497247,False,-103.6789856,31.94918633,agree,,69.0,69.0,BS2_S,none
4230136312,Z&T 20 R80 R802,Lime Rock Resources,42,Loving,BS2_S,BS2_S,keep,True,,False,10235.0,False,4931.0,2024-01-22,120596.0,24456.702494423036,2610.18607582341,False,-103.67024994,31.94959259,off_band,,405.0,,BS2_S,none
4230136326,ST. BRIDES 76 3031 TG 711H,Exxon Mobil,42,Loving,BS2_S,BS2_S,keep,True,,False,10529.0,False,10073.0,2023-10-01,232777.0,23109.00426883749,1676.2008274013326,True,-103.58968353,31.92542648,off_band,,381.5,,BS2_S,none
4230136328,ST. BRIDES 76 3031 TG 712H,Exxon Mobil,42,Loving,BS2_S,BS2_S,keep,True,,False,10529.0,False,9972.0,2023-11-03,239876.0,24054.953870838348,2171.6595240874453,True,-103.58712769,31.92595863,agree,,6.0,6.0,BS2_S,none
4230136331,ST. BRIDES 76 3031 TG 713H,Exxon Mobil,42,Loving,BS2_S,BS2_S,keep,True,,False,10541.0,False,10021.0,2023-12-05,362289.0,36152.97874463627,1535.1777172367915,True,-103.58275604,31.9254837,off_band,,703.0,,BS2_S,none
4230136372,ST LUCIA 76 2833 TG 712H,Exxon Mobil,42,Loving,BS2_S,BS2_S,keep,True,,False,10612.0,False,9964.0,2024-02-01,286808.0,28784.42392613408,2097.6855596775545,True,-103.56156158,31.92494583,agree,,21.0,21.0,BS2_S,none
4230136374,ST LUCIA 76 2833 TG 713H,Exxon Mobil,42,Loving,BS2_S,BS2_S,keep,True,,False,10639.0,False,9964.0,2024-02-25,336006.0,33721.999197109595,2424.8912221805563,True,-103.55649567,31.92487907,agree,,29.5,29.5,BS2_S,none
4230136380,LINDSAY 4-9O-55-1 32 322H,Devon,42,Loving,BS2_S,BS2_S,keep,True,,False,9934.0,False,9337.0,2023-11-16,140339.0,15030.416622041343,3575.9411140167736,True,-103.75914001,31.98435211,agree,,88.0,88.0,BS3_C,none
4230136386,JOHNSON ESTATE 57-T1-4 B20 B201BO,Mewbourne,42,Loving,BS2_S,BS2_S,keep,True,,False,8622.0,False,5025.0,2024-07-15,134182.0,26702.885572139305,3568.615760683251,False,-103.96434021,31.99198914,agree,,20.5,20.5,BS2_S,none
4230136389,ST KITTS 76 2833 TG 711H,Exxon Mobil,42,Loving,BS2_S,BS2_S,keep,True,,False,10687.0,False,10060.0,2024-04-15,281458.0,27977.9324055666,1987.2876237307164,True,-103.55123138,31.92615891,agree,,75.0,75.0,BS2_S,none
4230136391,ST KITTS 76 2833 TG 712H,Exxon Mobil,42,Loving,BS2_S,BS2_S,keep,True,,False,10663.0,False,10116.0,2024-05-04,259611.0,25663.404507710555,1902.9432497082173,True,-103.54858398,31.925457,agree,,37.5,37.5,BS2_S,none
4230136395,SAN ANTONIO 76 2734 TG 701H,Exxon Mobil,42,Loving,BS2_S,BS2_S,keep,True,,False,10531.0,False,9705.0,2024-05-17,328242.0,33821.94744976816,1704.440626123409,True,-103.54589081,31.92581367,agree,,120.0,120.0,BS2_S,none
4230136396,SAN ANTONIO 76 2734 TG 711H,Exxon Mobil,42,Loving,BS2_S,BS2_S,keep,True,,False,10759.0,False,9920.0,2024-05-26,288722.0,29105.040322580644,2300.662921426147,True,-103.54341888,31.92500496,agree,,120.0,120.0,BS2_S,none
4230136398,SAN ANTONIO 76 2734 TG 702H,Exxon Mobil,42,Loving,BS2_S,BS2_S,keep,True,,False,10585.0,False,9791.0,2024-05-30,293921.0,30019.507711163315,2306.265969427159,True,-103.54035187,31.92603874,agree,,78.0,78.0,BS2_S,none
4230136409,JOHNSON ESTATE 57-T1-4 B20 B201AP,Mewbourne,42,Loving,BS2_S,BS2_S,keep,True,,False,8649.0,False,5042.0,2024-08-28,92580.0,18361.761205870684,3834.6187081443077,False,-103.95995331,31.99268913,agree,,6.5,6.5,BS2_S,none
4230136423,LINDSAY 9-4P-55-1 32 323H,Devon,42,Loving,BS2_S,BS2_S,keep,True,,False,9840.0,False,10079.0,2023-11-21,116529.0,11561.56364718722,3252.2290588608844,True,-103.76226807,31.98604393,agree,,3.0,3.0,BS3_C,none
4230136424,LINDSAY 9-4Q-55-1 32 324H,Devon,42,Loving,BS2_S,BS2_S,keep,True,,False,9822.0,False,10078.0,2023-11-20,106311.0,10548.819210160746,3320.559490551307,True,-103.76580048,31.98583221,agree,,18.0,18.0,BS2_S,none
4230136426,CBR 18-19O-56-T1 32 321H,Devon,42,Loving,BS2_S,BS2_S,keep,True,,False,9080.0,False,10402.0,2024-02-13,238268.0,22905.97961930398,3189.471519465476,True,-103.9023819,31.95647049,agree,,43.5,43.5,BS2_S,none
4230136428,CBR 18-19Q-56-T1 32 322H,Devon,42,Loving,BS2_S,BS2_S,keep,True,,False,9093.0,False,10376.0,2024-02-13,194421.0,18737.56746337702,3347.534474156598,True,-103.89897919,31.95570374,off_band,,500.0,,BS2_S,none
4230136468,SEVENGILLS-MCKNIGHT 55 551H,EOG,42,Loving,BS2_S,BS2_S,keep,True,,False,10201.0,False,4855.0,2024-01-01,134636.0,27731.410916580844,2532.769838676134,False,-103.68338776,31.93479538,off_band,,371.0,,BS2_S,none
4230136469,SEVENGILLS-MCKNIGHT 55 552H,EOG,42,Loving,BS2_S,BS2_S,keep,True,,False,10052.0,False,4802.0,2024-01-01,101591.0,21155.97667638484,2839.9562953411228,False,-103.6809082,31.93485069,off_band,,222.0,,BS2_S,none
4230136470,SEVENGILLS-MCKNIGHT 55 553H,EOG,42,Loving,BS2_S,BS2_S,keep,True,,False,10278.0,False,4857.0,2024-01-01,93387.0,19227.300802964794,3068.189362545108,False,-103.67843628,31.93480301,off_band,,448.0,,BS2_S,none
4230136471,SEVENGILLS-MCKNIGHT 55 554H,EOG,42,Loving,BS2_S,BS2_S,keep,True,,False,10059.0,False,4826.0,2024-01-01,80719.0,16725.859925404064,2527.038243783991,False,-103.67571259,31.9349823,off_band,,229.0,,BS2_S,none
4230136472,SEVENGILLS-MCKNIGHT 55 555H,EOG,42,Loving,BS2_S,BS2_S,keep,True,,False,10321.0,False,4634.0,2024-01-01,101154.0,21828.657747086752,3557.9809004092767,False,-103.67341614,31.93501663,off_band,,491.0,,BS2_S,none
4230136473,SEVENGILLS-MCKNIGHT 55 556H,EOG,42,Loving,BS2_S,BS2_S,keep,True,,False,10077.0,False,4576.0,2024-01-01,105681.0,23094.62412587413,2701.365429925909,False,-103.67097473,31.93509293,off_band,,247.0,,BS2_S,none
4230136474,SEVENGILLS-MCKNIGHT 55 557H,EOG,42,Loving,BS2_S,BS2_S,keep,True,,False,10325.0,False,4663.0,2024-01-01,120726.0,25890.19944241904,2890.4130013418817,False,-103.66842651,31.93506241,off_band,,495.0,,BS2_S,none
4230136483,ST LUCIA 76 2833 TG 711R,Exxon Mobil,42,Loving,BS2_S,BS2_S,keep,True,,False,10607.0,False,9964.0,2024-03-05,256346.0,25727.217984745083,2488.7144718466448,True,-103.5642395,31.92516518,agree,,22.0,22.0,BS2_S,none
4230136536,CBR 19-18S-56-T1 32 323H,Devon,42,Loving,BS2_S,BS2_S,keep,True,,False,9061.0,False,10138.0,2024-02-09,152832.0,15075.162753994871,3190.2481155778896,True,-103.89576721,31.95672417,off_band,,552.5,,BS2_S,none
4230136538,CBR 19-18U-56-T1 32 324H,Devon,42,Loving,BS2_S,BS2_S,keep,True,,False,9064.0,False,9937.0,2024-02-09,185662.0,18683.9086243333,2773.5239305835335,True,-103.8920517,31.95607948,off_band,,565.0,,BS2_S,none
4230136547,KING CANYON STATE 54-1-8-5 N 63H,Occidental,42,Loving,BS3_C,BS2_S,reassign,True,class BS3_C->BS2_S (precision 0.90) + sql/23 concurs + GOR suggest,False,10453.0,False,10226.0,2024-01-12,179447.0,17548.11265401917,2628.5867136257502,True,-103.67716217,31.9846611,flag,BS2_S,6.0,,BS2_S,suggest
4230136548,KING CANYON STATE 54-1-8-5 P 64H,Occidental,42,Loving,BS2_S,BS2_S,keep,True,,False,10168.0,False,10226.0,2024-01-13,234674.0,22948.758067670642,2730.1362741505236,True,-103.67512512,31.98567581,agree,,300.0,300.0,BS2_S,none
4230136549,KING CANYON STATE 54-1-8-5 R 65H,Occidental,42,Loving,BS3_C,BS2_S,reassign,True,class BS3_C->BS2_S (precision 0.90) + sql/23 concurs + GOR suggest,False,10480.0,False,10296.0,2024-01-13,150364.0,14604.118104118104,2775.8705541219974,True,-103.67230225,31.98576355,flag,BS2_S,12.0,,BS2_S,suggest
4230136550,KING CANYON STATE 54-1-8-5 T 66H,Occidental,42,Loving,BS2_S,BS2_S,keep,True,,False,10277.0,False,10331.0,2024-01-12,217511.0,21054.205788403833,2826.151321082612,True,-103.66971588,31.99319649,agree,,182.0,182.0,BS2_S,none
4230136571,CBR 12-1B-56-1 32 321H,Devon,42,Loving,BS2_S,BS2_S,keep,True,,False,9625.0,False,10064.0,2024-07-15,127452.0,12664.149443561208,2778.5362332485956,True,-103.81673431,31.98613167,agree,,4.5,4.5,BS2_S,none
4230136573,CBR 12-1D-56-1 32 322H,Devon,42,Loving,BS2_S,BS2_S,keep,True,,False,9621.0,False,10067.0,2024-07-10,169460.0,16833.217443131023,3417.402336834651,True,-103.81497192,31.98477364,agree,,1.5,1.5,BS2_S,none
4230136577,CBR 12-1H-56-1 32 324H,Devon,42,Loving,BS2_S,BS2_S,keep,True,,False,9625.0,False,10400.0,2024-07-12,215336.0,20705.384615384617,3276.6327971170635,True,-103.80525208,31.9855957,agree,,4.5,4.5,BS2_S,none
4230136599,WD JOHNSON B 53-32 B20 B202HS,Petro-Hunt,42,Loving,BS2_S,BS2_S,keep,True,,False,10069.0,False,4883.0,2024-10-30,28403.0,5816.711038296129,6669.541949794036,False,-103.57355499,31.80483627,off_band,,1357.0,,WCXY,none
4230136602,WD JOHNSON B 53-32 B20 B201HS,Petro-Hunt,42,Loving,BS2_S,BS2_S,keep,True,,False,10141.0,False,4895.0,2024-10-30,29482.0,6022.88049029622,6948.171765823214,False,-103.57352448,31.80876541,off_band,,1285.0,,WCXY,none
4230136605,BRENNAN DALE 21 213H,Apache,42,Loving,BS2_S,BS2_S,keep,True,,False,10003.0,False,7156.0,2024-06-05,142597.0,19926.914477361657,3086.572648793453,True,-103.64338684,31.86467552,off_band,,761.5,,BS2_C,none
4230136642,SMALL EYED 54-1-36-25 UNIT 61H,Occidental,42,Loving,BS2_S,BS2_S,keep,True,,False,10322.0,False,9960.0,2024-04-17,445661.0,44745.080321285146,1725.4953877498817,True,-103.6150589,31.92761421,off_band,,507.0,,BS2_S,none
4230136643,SMALL EYED 54-1-36-25 UNIT 62H,Occidental,42,Loving,BS2_S,BS2_S,keep,True,,False,10534.0,False,9513.0,2024-04-17,309780.0,32563.859981078524,1847.1140809606818,True,-103.61140442,31.92688179,off_band,,376.5,,BS2_S,none
4230136644,SMALL EYED 54-1-36-25 UNIT 63H,Occidental,42,Loving,BS2_S,BS2_S,keep,True,,False,10355.0,False,10226.0,2024-04-19,391036.0,38239.38979072951,1824.1005943186817,True,-103.60767365,31.92721558,off_band,,548.0,,BS2_S,none
4230136646,SMALL EYED 54-1-36-25 UNIT 65H,Occidental,42,Loving,BS2_S,BS2_S,keep,True,,False,10356.0,False,10115.0,2024-05-15,353840.0,34981.7103311913,2156.550983495365,True,-103.60025024,31.92729378,agree,,173.0,173.0,BS2_S,none
4230136685,CBR 12-1U-56-1 32 323RD,Devon,42,Loving,BS2_S,BS2_S,keep,True,,False,9620.0,False,10331.0,2024-07-15,178165.0,17245.66837673023,3348.255830269694,True,-103.80890656,31.98477936,agree,,3.0,3.0,BS2_S,none
4230136694,CONDOR 24 242H,Apache,42,Loving,BS2_S,BS2_S,keep,True,,False,9724.0,False,9014.0,2024-08-03,2452.0,272.0213001996894,5531.810766721044,True,-103.64560699,31.73618889,off_band,,365.0,,BS3_C,none
4230136737,REN STATE 13-14G 305H,Devon,42,Loving,BS2_S,BS2_S,keep,True,,False,10946.0,False,9269.0,2024-10-23,106867.0,11529.506958679469,3961.1105392684362,True,-103.35585022,31.98783112,ambiguous_lith,BS2_C,56.5,,BS2_C,suggest
4230136746,TITAN 55 551H,EOG,42,Loving,BS2_S,BS2_S,keep,True,,False,10330.0,False,4540.0,2024-05-27,90174.0,19862.114537444933,3055.6590591523054,False,-103.66533661,31.91927338,off_band,,1394.0,,BS2_S,none
4230136747,TITAN 55 552H,EOG,42,Loving,BS2_S,BS2_S,keep,True,,False,10121.0,False,4616.0,2024-05-27,59696.0,12932.409012131717,2511.0225140712946,False,-103.66273499,31.91951942,off_band,,1354.0,,BS2_S,none
4230136748,TITAN 55 553H,EOG,42,Loving,BS2_S,BS2_S,keep,True,,False,10371.0,False,4653.0,2024-05-27,113636.0,24422.0932731571,3249.3663979724734,False,-103.66020966,31.9194622,off_band,,1295.5,,BS2_S,none
4230136749,TITAN 55 554H,EOG,42,Loving,BS2_S,BS2_S,keep,True,,False,10122.0,False,4483.0,2024-05-27,140257.0,31286.415346865935,2646.8981940295316,False,-103.65766907,31.91921425,off_band,,1344.5,,BS2_S,none
4230136750,TITAN 55 555H,EOG,42,Loving,BS2_S,BS2_S,keep,True,,False,10332.0,False,4417.0,2024-05-27,120219.0,27217.342087389632,2891.0571540272335,False,-103.6552887,31.91916275,off_band,,978.0,,BS2_S,none
4230136751,TITAN 55 556H,EOG,42,Loving,BS2_S,BS2_S,keep,True,,False,10142.0,False,4525.0,2024-05-27,88303.0,19514.475138121546,2835.1471637430213,False,-103.65274811,31.91937065,off_band,,1359.0,,BS2_S,none
4230136769,MCGREGOR A 5 UNIT 504H,EOG,42,Loving,BS2_S,BS2_S,keep,True,,False,10715.0,False,9775.0,2024-07-27,180349.0,18450.02557544757,1759.7491530310676,True,-103.53440094,31.897295,agree,,216.0,216.0,BS2_S,none
4230136770,MCGREGOR A 5 UNIT 505H,EOG,42,Loving,BS2_S,BS2_S,keep,True,,False,10497.0,False,9781.0,2024-07-27,209866.0,21456.49729066558,1878.1269953208237,True,-103.53193665,31.89707184,off_band,,520.0,,BS2_S,none
4230136772,MCGREGOR B 5 UNIT 502H,EOG,42,Loving,BS2_S,BS2_S,keep,True,,False,10696.0,False,9962.0,2024-07-27,221516.0,22236.097169243123,1787.2388450495675,True,-103.53923035,31.89764214,agree,,197.0,197.0,BS2_S,none
4230136773,MCGREGOR B 5 UNIT 503H,EOG,42,Loving,BS2_S,BS2_S,keep,True,,False,10489.0,False,9852.0,2024-07-27,278034.0,28221.071863580997,2014.5485803894487,True,-103.5368576,31.89741707,off_band,,512.0,,BS2_S,none
4230136807,CONDOR 24 246H,Apache,42,Loving,BS2_S,BS2_S,keep,True,,False,9714.0,False,8987.0,2024-08-03,13128.0,1460.7766774229442,5498.70505789153,True,-103.6418457,31.73316383,agree,,260.0,260.0,BS3_C,none
4230136812,VIPER 53-47 Q B201HS,Petro-Hunt,42,Loving,BS2_S,BS2_S,keep,False,,False,10117.0,False,10492.0,2026-04-10,,,,False,-103.52718353,31.78094101,agree,,13.5,13.5,BS2_S,none
4230136839,FLEA FLICKER D 2BS,Occidental,42,Loving,BS2_S,BS2_S,keep,True,,False,11733.0,False,4666.0,2024-10-10,142799.0,30604.157736819543,1192.8724991071365,False,-103.44450378,31.80375099,ambiguous,,104.0,,BS3_S,none
4230136866,COBRA STATE 53-46 B203HS,Petro-Hunt,42,Loving,BS2_S,BS2_S,keep,False,,False,10025.0,False,4814.0,2026-04-01,,,,False,-103.53219604,31.77417564,off_band,,712.0,,BS2_S,none
4230136889,SILVERTIP 76-16 UNIT R 62H,Occidental,42,Loving,BS2_S,BS2_S,keep,True,,False,10916.0,False,9385.0,2024-09-21,175297.0,18678.423015450186,2187.179472552297,True,-103.55319977,31.95552635,agree,,59.0,59.0,BS2_S,none
4230136891,SILVERTIP 76-16 UNIT R 64H,Occidental,42,Loving,BS2_S,BS2_S,keep,True,,False,10948.0,False,9591.0,2024-09-19,176149.0,18366.0723595037,2324.3674389295425,True,-103.54922485,31.95542908,agree,,82.0,82.0,BS2_S,none
4230136892,SILVERTIP 76-16 UNIT Q 6 61H,Occidental,42,Loving,BS2_S,BS2_S,keep,True,,False,10857.0,False,9438.0,2024-10-23,230516.0,24424.242424242424,3000.4598379288204,True,-103.56335449,31.95228577,agree,,4.5,4.5,BS2_S,none
4230136893,SILVERTIP 76-16 UNIT Q 62H,Occidental,42,Loving,BS2_S,BS2_S,keep,True,,False,10875.0,False,9438.0,2024-12-06,215344.0,22816.698453062087,3105.1944795304257,True,-103.56006622,31.95452499,agree,,31.5,31.5,BS2_S,none
4230136894,SILVERTIP 76-16 UNIT Q 6 63H,Occidental,42,Loving,BS2_S,BS2_S,keep,True,,False,10895.0,False,10218.0,2024-10-23,252292.0,24690.937561166567,3068.174971858006,True,-103.55846405,31.95538521,agree,,51.5,51.5,BS2_S,none
4230136904,CONSTRICTOR 53-35 D B20 B201HS,Petro-Hunt,42,Loving,BS2_S,BS2_S,keep,False,,False,10266.0,False,7794.0,2026-04-11,,,,False,-103.52568817,31.80496979,agree,,116.0,116.0,BS2_S,none
4230136908,CONSTRICTOR 53-35 H B20 B202HS,Petro-Hunt,42,Loving,BS2_S,BS2_S,keep,False,,False,10161.0,False,7792.0,2026-04-11,,,,False,-103.52124023,31.80498886,agree,,3.0,3.0,BS2_S,none
4230136915,RED BLUFF 13-24B-57-1 321H,Devon,42,Loving,BS2_S,BS2_S,keep,True,,False,8906.0,False,9329.0,2025-06-24,289051.0,30984.135491478184,2843.902979059059,True,-103.92152405,31.95653343,agree,,95.0,95.0,BS2_S,none
4230136917,RED BLUFF 13-24D-57-1 322H,Devon,42,Loving,BS2_S,BS2_S,keep,True,,False,8940.0,False,9329.0,2025-06-24,241721.0,25910.70854325222,3932.0621708498643,True,-103.91790771,31.95693779,agree,,72.0,72.0,BS2_S,none
4230136919,RED BLUFF 13-24F-57-1 323H,Devon,42,Loving,BS2_S,BS2_S,keep,True,,False,8990.0,False,10082.0,2025-06-24,224725.0,22289.724261059313,3973.3451996885083,True,-103.91348267,31.95519638,agree,,46.5,46.5,BS2_S,none
4230136922,RED BLUFF 13-24H-57-1 324H,Devon,42,Loving,BS2_S,BS2_S,keep,True,,False,9012.0,False,10049.0,2025-06-24,229739.0,22861.876803662057,3640.187343028393,True,-103.9094696,31.95614433,agree,,13.5,13.5,BS2_S,none
4230136929,MOOSEHORN 54-1-41-44 H 62H,Occidental,42,Loving,BS2_S,BS2_S,keep,True,,False,10174.0,False,9617.0,2024-12-05,187900.0,19538.317562649474,2735.5508249068653,True,-103.680336,31.89746857,off_band,,1043.0,,BS2_S,none
4230136930,MOOSEHORN 54-1-41-44 I 63H,Occidental,42,Loving,BS2_S,BS2_S,keep,True,,False,9987.0,False,9744.0,2024-12-05,202347.0,20766.31773399015,2719.709212392573,True,-103.67745209,31.89745331,agree,,187.0,187.0,BS2_S,none
4230136933,MOOSEHORN 54-1-41-44 K 65H,Occidental,42,Loving,BS2_S,BS2_S,keep,True,,False,10009.0,False,9896.0,2024-10-17,70528.0,7126.919967663703,3608.127268602541,True,-103.67166901,31.8975563,off_band,,1203.0,,BS2_S,none
4230136934,MOOSEHORN 54-1-41-44 J 64H,Occidental,42,Loving,BS2_S,BS2_S,keep,True,,False,10232.0,False,9976.0,2024-12-05,294701.0,29540.99839615076,2972.4534358553246,True,-103.67461395,31.89767647,off_band,,1057.0,,BS2_S,none
4230136935,MOOSEHORN 54-1-41-44 L 66H,Occidental,42,Loving,BS2_S,BS2_S,keep,True,,False,10250.0,False,10096.0,2024-10-17,225994.0,22384.508716323297,2767.9982654406754,True,-103.66884613,31.89785767,off_band,,1049.5,,BS2_S,none
4230137004,VIPER 53-47 R B20 B202HS,Petro-Hunt,42,Loving,BS2_S,BS2_S,keep,False,,False,10090.0,False,10417.0,2026-04-14,,,,False,-103.52063751,31.78084946,agree,,57.0,57.0,BS2_S,none
4230137007,BOOMSLANG 54-1-38-35 L 62H,Occidental,42,Loving,BS2_S,BS2_S,keep,True,,False,10336.0,False,10055.0,2024-10-26,256874.0,25546.892093485825,2428.0892577684,True,-103.63007355,31.91304016,off_band,,1362.0,,BS2_S,none
4230137008,VIPER 53-47 S B20 B203HS,Petro-Hunt,42,Loving,BS2_S,BS2_S,keep,False,,False,10133.0,False,10398.0,2026-04-14,,,,False,-103.51478577,31.78093719,off_band,,666.0,,BS3_C,none
4230137009,BOOMSLANG 54-1-38-35 M 63H,Occidental,42,Loving,BS2_S,BS2_S,keep,True,,False,10121.0,False,10096.0,2024-10-26,247797.0,24544.076862123613,2298.5266165449943,True,-103.62793732,31.91297913,off_band,,810.0,,BS2_S,none
4230137010,BOOMSLANG 54-1-38-35 N 64H,Occidental,42,Loving,BS2_S,BS2_S,keep,True,,False,10347.0,False,9936.0,2024-10-26,291047.0,29292.169887278582,2740.9868509209855,True,-103.62583923,31.91314888,off_band,,574.0,,BS2_S,none
4230137011,BOOMSLANG 54-1-38-35 O 65HA,Occidental,42,Loving,BS2_S,BS2_S,keep,True,,False,10147.0,False,10325.0,2024-10-31,311782.0,30196.80387409201,2339.5160721273196,True,-103.62405396,31.91254807,agree,,194.5,194.5,BS2_S,none
4230137012,BOOMSLANG 54-1-38-35 P 66HA,Occidental,42,Loving,BS2_S,BS2_S,keep,True,,False,10357.0,False,10144.0,2024-11-15,343048.0,33817.823343848584,2608.79818567664,True,-103.62162018,31.91282272,off_band,,534.0,,BS2_S,none
4230137013,BOOMSLANG 54-1-38-35 Q 67H,Occidental,42,Loving,BS2_S,BS2_S,keep,True,,False,10147.0,False,10206.0,2024-11-12,262491.0,25719.28277483833,2454.4308185804466,True,-103.61971283,31.91307259,agree,,204.0,204.0,BS2_S,none
4230137014,BOOMSLANG 54-1-38-35 R 68H,Occidental,42,Loving,BS2_S,BS2_S,keep,True,,False,10401.0,False,9956.0,2024-11-12,305234.0,30658.296504620328,2783.8903922891946,True,-103.61736298,31.91308022,agree,,54.0,54.0,BS2_S,none
4230137038,SCOTT-STATE-AFTERBUZZ D 12 123H,SM Energy,42,Loving,BS2_S,BS2_S,keep,True,,False,11119.0,False,10283.0,2025-09-18,,,,False,-103.35268402,31.92721748,agree,,13.0,13.0,BS2_S,none
4230137044,GAR UNIT 201H,Apache,42,Loving,BS2_S,BS2_S,keep,True,,False,8915.0,False,10031.0,2025-05-01,142302.0,14186.222709600239,2240.284746524996,True,-103.90807343,31.92704773,agree,,43.0,43.0,BS2_S,none
4230137046,GAR UNIT 202H,Apache,42,Loving,BS2_S,BS2_S,keep,True,,False,8895.0,False,9991.0,2025-05-01,301332.0,30160.344309878892,2265.2323682848155,True,-103.91244507,31.9269619,agree,,36.0,36.0,BS2_S,none
4230137048,CENTURION 53-2 UNIT 3943H,ConocoPhillips,42,Loving,BS2_S,BS2_S,keep,True,,False,10147.0,False,10312.0,2025-12-16,,,,False,-103.53700162,31.79600184,agree,,87.0,87.0,BS2_S,none
4230137049,CENTURION 53-2 UNIT 3944H,ConocoPhillips,42,Loving,BS2_S,BS2_S,keep,True,,False,10060.0,False,10137.0,2025-12-16,,,,False,-103.53196716,31.79603767,agree,,90.0,90.0,BS2_S,none
4230137052,CENTURION 53-2 UNIT 3941H,ConocoPhillips,42,Loving,BS2_S,BS2_S,keep,True,,False,10150.0,False,10382.0,2025-12-15,,,,False,-103.54579926,31.79607582,agree,,90.0,90.0,BS2_S,none
4230137053,CENTURION 53-2 UNIT 3942H,ConocoPhillips,42,Loving,BS2_S,BS2_S,keep,True,,False,10041.0,False,9982.0,2025-12-15,,,,False,-103.54317474,31.79606819,agree,,106.0,106.0,BS2_S,none
4230137058,GAR UNIT 204H,Apache,42,Loving,BS2_S,BS2_S,keep,True,,False,8831.0,False,9831.0,2025-05-01,145096.0,14759.027565863085,2885.1105474995866,True,-103.92256927,31.92676163,off_band,,462.0,,BS2_S,none
4230137059,GAR UNIT 203H,Apache,42,Loving,BS2_S,BS2_S,keep,True,,False,8859.0,False,9791.0,2025-05-01,25003.0,2553.6717393524664,3116.945966484022,True,-103.91795349,31.9265461,agree,,1.0,1.0,BS2_S,none
4230137062,VJ RANCH LINK 55-2 K 2841H,ConocoPhillips,42,Loving,BS2_S,BS2_S,keep,True,,False,9534.0,False,10345.0,2025-07-29,26521.0,2563.653939101015,4176.6147581162095,False,-103.77050018,31.82511711,off_band,,1164.0,,WCXY,none
4230137097,HAMMERHEAD 54-1-28-21 A 61H,Occidental,42,Loving,BS2_S,BS2_S,keep,True,,False,10158.0,False,9615.0,2025-03-08,56997.0,5927.92511700468,1316.9640507395127,True,-103.665802,31.94214058,off_band,,328.0,,BS2_S,none
4230137098,HAMMERHEAD 54-1-28-21 B 62H,Occidental,42,Loving,BS2_S,BS2_S,keep,True,,False,10347.0,False,9493.0,2025-03-05,262513.0,27653.32350152744,1753.139844502939,True,-103.66402435,31.94291687,off_band,,517.0,,BS2_S,none
4230137099,HAMMERHEAD 54-1-28-21 C 63H,Occidental,42,Loving,BS2_S,BS2_S,keep,True,,False,10158.0,False,9777.0,2025-03-08,94646.0,9680.474583205483,1517.317160788623,True,-103.6631012,31.94257736,off_band,,328.0,,BS2_S,none
4230137100,HAMMERHEAD 54-1-28-21 D 64H,Occidental,42,Loving,BS2_S,BS2_S,keep,True,,False,10247.0,False,9731.0,2025-03-16,244466.0,25122.392354331518,1792.3514926411035,True,-103.66041565,31.94262695,off_band,,417.0,,BS2_S,none
4230137142,CONSTRICTOR 53-35 K B20 B203HS,Petro-Hunt,42,Loving,BS2_S,BS2_S,keep,False,,False,10193.0,False,7826.0,2026-04-12,,,,False,-103.51473999,31.80633736,off_band,,1500.5,,BS2_S,none
4230137173,SILVERTIP 76-17 UNIT O 63H,Occidental,42,Loving,BS2_S,BS2_S,keep,True,,False,10805.0,False,10165.0,2025-06-25,116321.0,11443.285784554846,2031.7311577445173,True,-103.57728577,31.95545387,agree,,25.0,25.0,BS2_S,none
4230137176,SILVERTIP 76-17 P 61H,Occidental,42,Loving,BS2_S,BS2_S,keep,True,,False,10796.0,False,10103.0,2025-06-24,210827.0,20867.76205087598,2355.594871624602,True,-103.57165527,31.95552444,agree,,47.5,47.5,BS2_S,none
4230137179,SILVERTIP 76-17 P 64H,Occidental,42,Loving,BS2_S,BS2_S,keep,True,,False,10830.0,False,10145.0,2025-07-01,224903.0,22168.85165105964,2551.708958973424,True,-103.56611633,31.95538712,agree,,27.0,27.0,BS2_S,none
4230137185,OLIVER LOVING UNIT 553H,EOG,42,Loving,BS2_S,BS2_S,keep,True,,False,10806.0,False,9800.0,2025-06-15,240557.0,24546.632653061224,1920.25174906571,True,-103.52310944,31.89842606,agree,,307.0,307.0,BS3_C,none
4230137189,WHITNEY BRUNSON UNIT 521H,EOG,42,Loving,BS2_S,BS2_S,keep,True,,False,10499.0,False,9770.0,2025-06-01,202698.0,20746.980552712383,1655.2852026167006,True,-103.52776337,31.89813805,off_band,,522.0,,BS2_S,none
4230137190,WHITNEY BRUNSON UNIT 522H,EOG,42,Loving,BS2_S,BS2_S,keep,True,,False,10533.0,False,9675.0,2025-06-14,172153.0,17793.59173126615,1690.4497743286495,True,-103.5247879,31.89835358,off_band,,556.0,,BS3_C,none
4230137208,TAYLOR RUDD DRAW E 1841H,ConocoPhillips,42,Loving,BS2_S,BS2_S,keep,False,,False,10875.0,False,15083.0,2026-02-01,,,,False,-103.47075653,31.87358093,off_band,,1020.0,,BS2_C,none
4230137215,GALAXY 29-0-28-33 F 61H,Occidental,42,Loving,BS2_S,BS2_S,keep,True,,False,10528.0,False,10076.0,2025-07-19,137614.0,13657.602223104406,1429.3894516546281,False,-103.45110321,31.76273155,off_band,,456.5,,BS2_C,none
4230137221,JOHNSON ESTATE 57-T1-2 B20 B201AP,Mewbourne,42,Loving,BS2_S,BS2_S,keep,True,,False,8897.0,False,4979.0,2025-10-02,,,,False,-103.92491913,31.99264336,off_band,,1439.0,,BS2_S,none
4230137222,JOHNSON ESTATE 57-T1-2 B20 B201BO,Mewbourne,42,Loving,BS2_S,BS2_S,keep,True,,False,8875.0,False,4922.0,2025-10-02,,,,False,-103.92912292,31.99274254,no_evidence,,,,BS2_S,none
4230137225,JOHNSON ESTATE 57-T1-2 B20 B201CN,Mewbourne,42,Loving,BS2_S,BS2_S,keep,True,,False,8826.0,False,4874.0,2025-10-02,,,,False,-103.9335022,31.99254227,off_band,,2104.0,,BS2_S,none
4230137235,JOHNSON ESTATE 57-T1-2 B20 B201DM,Mewbourne,42,Loving,BS2_S,BS2_S,keep,True,,False,8791.0,False,4793.0,2025-10-02,,,,False,-103.93778229,31.99262428,off_band,,2152.5,,BS2_S,none
4230137255,ELMER 33-67 201H,TRP Energy,42,Loving,BS2_S,BS2_S,keep,True,,False,9767.0,False,10226.0,2025-07-08,319071.0,31201.93624095443,1382.0685678109262,False,-103.5131073,31.64360428,off_band,,1150.5,,BS3_S,none
4230137286,GOLDENEYE 54-2-3 UNIT 61H,Occidental,42,Loving,BS2_S,BS2_S,keep,True,,False,10310.0,False,7401.0,2025-09-15,,,,False,-103.64956665,31.88680458,agree,,52.0,52.0,BS2_S,none
4230137287,GOLDENEYE 54-2-3 UNIT 62H,Occidental,42,Loving,BS2_S,BS2_S,keep,True,,False,10258.0,False,7275.0,2025-09-15,,,,False,-103.64633942,31.88655663,agree,,38.0,38.0,BS2_S,none
4230137289,GOLDENEYE 54-2-3 UNIT 64H,Occidental,42,Loving,BS2_S,BS2_S,keep,True,,False,10324.0,False,7226.0,2025-09-15,,,,False,-103.64474487,31.88653946,agree,,65.0,65.0,BS2_S,none
4230137290,GOLDENEYE 54-2-3 UNIT 65H,Occidental,42,Loving,BS2_S,BS2_S,keep,True,,False,10296.0,False,7634.0,2025-09-15,,,,False,-103.64102173,31.88715744,agree,,37.0,37.0,BS2_S,none
4230137291,GOLDENEYE 54-2-3 UNIT 66H,Occidental,42,Loving,BS2_S,BS2_S,keep,True,,False,10082.0,False,7326.0,2025-09-15,,,,False,-103.63761902,31.88653564,agree,,214.0,214.0,BS2_S,none
4230137293,GOLDENEYE 54-2-3 UNIT 68H,Occidental,42,Loving,BS2_S,BS2_S,keep,True,,False,10259.0,False,7664.0,2025-09-15,,,,False,-103.63630676,31.88654518,agree,,37.0,37.0,BS2_S,none
4230137306,BUCCO 54-2-41 LOV W UNIT 4141H,ConocoPhillips,42,Loving,BS2_S,BS2_S,keep,False,,False,9947.0,False,10074.0,2026-03-03,,,,False,-103.68473816,31.78154945,off_band,,1484.5,,BS2_S,none
4230137307,BUCCO 54-2-41 LOV W UNIT 4142H,ConocoPhillips,42,Loving,BS2_S,BS2_S,keep,False,,False,9955.0,False,10097.0,2026-03-03,,,,False,-103.67992401,31.78180885,off_band,,1501.0,,BS2_S,none
4230137308,SCOTT-STATE-AFTERBUZZ A 124H,SM Energy,42,Loving,BS2_S,BS2_S,keep,True,,False,11105.0,False,10286.0,2025-09-18,,,,False,-103.35658264,31.92614174,agree,,12.0,12.0,BS2_S,none
4230137311,SILVERTIP 76-9 UNIT E 63H,Occidental,42,Loving,BS2_S,BS2_S,keep,True,,False,10693.0,False,10297.0,2025-12-08,,,,False,-103.56069946,31.98560715,off_band,,1226.0,,BS2_C,none
4230137312,SILVERTIP 76-9 UNIT E 64H,Occidental,42,Loving,BS3_C,BS2_S,reassign,True,class BS3_C->BS2_S (precision 0.90) + sql/23 concurs + GOR none,False,10964.0,False,10189.0,2025-12-08,,,,False,-103.56038666,31.98561859,flag,BS2_S,108.0,,BS2_S,none
4230137315,SILVERTIP 76-9 UNIT F 63H,Occidental,42,Loving,BS2_S,BS2_S,keep,True,,False,10988.0,False,10692.0,2025-12-15,,,,False,-103.55234528,31.98508453,off_band,,1286.5,,BS2_S,none
4230137321,BUCCO 54-2-41 LOV UNIT 4443H,ConocoPhillips,42,Loving,BS2_S,BS2_S,keep,False,,False,9889.0,False,10132.0,2026-03-10,,,,False,-103.67397308,31.78326607,off_band,,1567.5,,BS2_S,none
4230137322,BUCCO 54-2-41 LOV UNIT 4444H,ConocoPhillips,42,Loving,BS2_S,BS2_S,keep,False,,False,9922.0,False,10202.0,2026-03-10,,,,False,-103.67042542,31.78171921,off_band,,1534.5,,BS2_S,none
4230137324,LOS VAQUEROS UNIT 2 121H,Permian Resources,42,Loving,BS2_S,BS2_S,keep,True,,False,11151.0,False,9887.0,2026-01-02,,,,False,-103.40966797,32.0065155,agree,,28.0,28.0,BS2_S,none
4230137346,LOS VAQUEROS UNIT 2 151H,Permian Resources,42,Loving,BS2_S,BS2_S,keep,True,,False,11026.0,False,11242.0,2025-12-13,,,,False,-103.40696716,32.00505829,agree,,97.0,97.0,BS2_S,none
4230137348,LOS VAQUEROS UNIT 3 123H,Permian Resources,42,Loving,BS2_S,BS2_S,keep,True,,False,11123.0,False,10892.0,2025-11-15,,,,False,-103.40421295,32.00537109,agree,,0.0,0.0,BS2_S,none
4230137353,LOS VAQUEROS UNIT 4 125H,Permian Resources,42,Loving,BS2_S,BS2_S,keep,True,,False,11166.0,False,10280.0,2025-05-15,64033.0,6228.8910505836575,2773.8978339293803,True,-103.39897156,32.00594711,agree,,43.0,43.0,BS2_S,none
4230137357,EL CAMPEON SOUTH FED COM 151H,Permian Resources,42,Loving,BS2_S,BS2_S,keep,True,,False,10997.0,False,7652.0,2025-10-15,,,,False,-103.39627838,32.00300598,agree,,126.0,126.0,BS2_S,none
4230137364,EL CAMPEON UNIT 2 122H,Permian Resources,42,Loving,BS2_S,BS2_S,keep,True,,False,11156.0,False,9868.0,2025-11-21,,,,False,-103.39337921,32.00671005,agree,,33.0,33.0,BS2_S,none
4230137366,EL CAMPEON UNIT 2 152H,Permian Resources,42,Loving,BS2_S,BS2_S,keep,True,,False,10975.0,False,9856.0,2025-11-21,,,,False,-103.39086151,32.00832748,agree,,148.0,148.0,BS2_S,none
4230137370,EL CAMPEON UNIT 3 123H,Permian Resources,42,Loving,BS2_S,BS2_S,keep,True,,False,11132.0,False,9489.0,2025-11-15,,,,False,-103.38763428,32.00807953,agree,,25.0,25.0,BS2_S,none
4230137378,EL CAMPEON UNIT 4 124H,Permian Resources,42,Loving,BS2_S,BS2_S,keep,True,,False,11091.0,False,8643.0,2026-01-15,,,,False,-103.38184357,32.00843811,off_band,,508.0,,BS2_S,none
4230137383,SCOTT-STATE-REVOLVER D 12 122H,SM Energy,42,Loving,BS2_S,BS2_S,keep,True,,False,11117.0,False,10179.0,2025-09-26,,,,False,-103.36110687,31.92356491,agree,,11.0,11.0,BS2_S,none
4230137385,SCOTT-STATE-REVOLVER B 12 121H,SM Energy,42,Loving,BS2_S,BS2_S,keep,True,,False,11106.0,False,10203.0,2025-09-26,,,,False,-103.36301422,31.92322159,agree,,11.0,11.0,BS2_S,none
4230137395,JOEY CHESTNUT 202BS,Admiral Permian Resources,42,Loving,BS2_S,BS2_S,keep,True,,False,10245.0,False,10386.0,2026-01-15,,,,False,-103.50854492,31.79511261,off_band,,1272.0,,BS2_S,none
4230137419,DUSK 54-1-39-34 C 62HA,Occidental,42,Loving,BS2_S,BS2_S,keep,False,,False,10315.0,False,10225.0,2026-03-08,,,,False,-103.63829803,31.91265106,off_band,,1389.0,,BS2_S,none
4230137420,DUSK 54-1-39-34 D 63HA,Occidental,42,Loving,BS2_S,BS2_S,keep,False,,False,10366.0,False,10130.0,2026-03-05,,,,False,-103.63572693,31.91268921,off_band,,1338.5,,BS2_S,none
4230137432,AD HAWK STATE 65-64 3311H,Greenlake Energy,42,Loving,BS2_S,BS2_S,keep,False,,False,9788.0,False,10706.0,2026-02-13,,,,False,-103.53807831,31.69412231,off_band,,630.0,,BS2_C,none
4230137438,LAGER 29-0-16-21 B 61H,Occidental,42,Loving,BS2_S,BS2_S,keep,False,,False,10563.0,False,10251.0,2026-03-15,,,,False,-103.46894073,31.78821564,off_band,,985.5,,BS2_C,none
4230137444,LAGER 29-0-16-21 H 63H,Occidental,42,Loving,BS2_S,BS2_S,keep,False,,False,10413.0,False,10283.0,2026-03-22,,,,False,-103.46231842,31.78998375,off_band,,1196.0,,BS2_C,none
4230137470,HAWKS 55-1-33-28 M 61H,Occidental,42,Loving,BS2_S,BS2_S,keep,False,,False,9750.0,False,10302.0,2026-05-11,,,,False,-103.76264191,31.92717171,off_band,,1388.5,,BS3_C,none
4230137506,HAT TRICK 56-T1-42 2C B20 B203H,BP,42,Loving,BS3_C,BS2_S,reassign,False,class BS3_C->BS2_S (precision 0.90) + sql/23 concurs + GOR none,False,8973.0,False,7846.0,2026-05-08,,,,False,-103.89839935,31.89953232,flag,BS2_S,67.0,462.0,BS2_S,none
4230137507,HAT TRICK 56-T1-42X31 2I B21 B218H,BP,42,Loving,BS2_S,BS2_S,keep,False,,False,8444.0,False,3539.0,2026-05-08,,,,False,-103.90489197,31.9044075,agree,,451.5,451.5,BS2_S,none
4230137545,BACKDOOR SLIDER D 122H,SM Energy,42,Loving,BS2_S,BS2_S,keep,False,,False,11039.0,False,9998.0,2026-04-11,,,,False,-103.34983826,31.89730453,off_band,,1070.5,,BS2_S,none
4230137550,BACKDOOR SLIDER E 124H,SM Energy,42,Loving,BS2_S,BS2_S,keep,False,,False,11001.0,False,9994.0,2026-04-13,,,,False,-103.3456192,31.89824486,off_band,,1108.5,,BS2_S,none
4230137567,CBR 16 321H,Devon,42,Loving,BS2_S,BS2_S,keep,False,,False,9279.0,False,4985.0,2026-07-01,,,,False,-103.86697388,31.96344566,agree,,56.0,56.0,BS2_S,none
4237139300,STALLINGS 2H,BlueStone Natural Resources II,42,Pecos,BS2_S,BS2_S,keep,True,,False,7027.0,False,3908.0,2015-06-26,17547.0,4490.0204708290685,4168.347865732034,False,-102.79389191,30.78113747,no_evidence,,,,BS3_C,none
4237139413,UL 23 CURIOSITY 2H,Kz Global Energy,42,Pecos,BS2_S,BS2_S,keep,True,,False,7457.0,False,4812.0,2016-10-15,116674.0,24246.467165419785,2771.0543908668596,False,-102.65685272,30.79793358,no_evidence,,,,BS3_C,none
4237139435,KELLEY STATE 22 2H,Diamondback,42,Pecos,BS2_S,BS2_S,keep,True,,False,9469.0,False,4724.0,2017-05-27,106496.0,22543.607112616428,954.9560546875,False,-103.1092453,31.14270973,off_band,,923.0,,BS2_C,none
4237139447,UL 23 MERCURY 1H,Kz Global Energy,42,Pecos,BS2_S,BS2_S,keep,True,,False,7298.0,False,4549.0,2017-04-28,55946.0,12298.527148823916,1797.0006792263969,False,-102.62120819,30.79762268,no_evidence,,,,BS3_C,none
4237139802,NEAL LETHCO 34-33 A UNIT 9BS,Diamondback,42,Pecos,BS2_S,BS2_S,keep,True,,False,9317.0,False,9827.0,2019-03-24,120419.0,12253.892337437672,672.2111959076226,True,-103.03315735,31.11502838,off_band,,360.5,,BS2_C,none
4237139915,NEAL LETHCO 39-40-12 UNIT 2BS,Diamondback,42,Pecos,BS2_S,BS2_S,keep,True,,False,9621.0,False,9684.0,2019-12-24,181106.0,18701.569599339116,1165.3838083774144,True,-103.02514648,31.13392067,off_band,,667.0,,WCA_2,none
4237139950,GUNPOWDER 21-16 SB2 302H,Exxon Mobil,42,Pecos,BS2_S,BS2_S,keep,False,,False,9500.0,True,5776.0,2020-01-22,112890.0,19544.6675900277,956.9315262645052,False,-103.13127136,31.14690971,off_band,,959.5,,BS2_C,none
4237139973,WAHOO STATE UNIT 12N1 1H,VTX Energy,42,Pecos,BS2_S,BS2_S,keep,True,,False,9510.0,False,10169.0,2019-11-01,224299.0,22057.134428164027,3293.5590439547213,True,-103.08328247,31.17306519,no_evidence,,,,BS2_S,none
4237139984,BABA LOOEY C2-30-19 TB2 502H,Exxon Mobil,42,Pecos,BS2_S,BS2_S,keep,True,,False,9343.0,False,8933.0,2020-07-17,77438.0,8668.756296876749,8797.15385211395,True,-103.0825882,31.20048523,no_evidence,,,,BS2_C,none
4237139996,STATE NEAL LETHCO 29-28 D 4BS,Diamondback,42,Pecos,BS2_S,BS2_S,keep,True,,False,8554.0,False,7389.0,2019-10-16,103339.0,13985.519014751657,899.9022634242639,True,-102.95496368,31.11570168,off_band,,932.0,,BS3_S,none
4237140003,STATE NEAL LETHCO D 20-19 4BS,Diamondback,42,Pecos,BS2_S,BS2_S,keep,True,,False,8970.0,False,10019.0,2019-11-25,132216.0,13196.526599461024,872.5116476069462,True,-102.97636414,31.09794998,off_band,,796.0,,WCA_2,none
4237140231,WAHOO STATE UNIT 12N2 2H,VTX Energy,42,Pecos,BS2_S,BS2_S,keep,True,,False,9502.0,False,10155.0,2020-11-11,171649.0,16902.904972919743,5518.692214926973,True,-103.07898712,31.1730957,no_evidence,,,,BS2_S,none
4237140272,WAHOO STATE UNIT 12N4 4H,VTX Energy,42,Pecos,BS2_S,BS2_S,keep,True,,False,9266.0,False,10223.0,2021-04-21,160877.0,15736.770028367406,5364.153980991689,True,-103.07229614,31.17300224,no_evidence,,,,BS2_C,none
4237140279,STATE MCGARY 16-9 UB 2BS,Blue Arrow Operating,42,Pecos,BS2_S,BS2_S,keep,True,,False,9895.0,False,9850.0,2022-01-29,130577.0,13256.548223350253,1543.4188256737405,True,-103.22618103,31.1578064,off_band,,449.5,,BS3_C,none
4237140306,STATE MCGARY 16-9 UC 3BS,Blue Arrow Operating,42,Pecos,BS2_S,BS2_S,keep,True,,False,9582.0,False,10039.0,2022-01-29,139293.0,13875.186771590796,1770.8930096989798,True,-103.22254181,31.15664101,off_band,,136.5,,BS2_C,none
4237140332,ROOSTERFISH UNIT 22SW33 33H,VTX Energy,42,Pecos,BS2_S,BS2_S,keep,True,,False,9789.0,False,7694.0,2022-03-01,98535.0,12806.732518845854,1463.30745420409,True,-103.13983917,31.20678902,off_band,,433.0,,BS3_C,none
4237140336,KARINO 48-19-30 2B3 303H,Exxon Mobil,42,Pecos,BS2_S,BS2_S,keep,True,,False,9363.0,False,10377.0,2022-05-26,93895.0,9048.376216632938,912.0506949251824,True,-103.15724945,31.1298542,ambiguous_lith,BS2_C,7.0,,BS2_C,none
4237140414,MISTER-ED 48-18-7 2B3 303H,Exxon Mobil,42,Pecos,BS2_S,BS2_S,keep,True,,False,9498.0,False,10269.0,2023-05-31,109125.0,10626.643295354952,829.3058419243986,True,-103.15931702,31.15810585,off_band,,898.0,,BS2_C,none
4238932999,CWEI-CHK 107-13 2H,Apache,42,Reeves,BS2_S,BS2_S,keep,True,,False,8815.0,False,4215.0,2018-10-01,,,,False,-103.65532684,31.12820053,no_evidence,,,,WCA_2,none
4238933923,ALL IN BS 102 H,ConocoPhillips,42,Reeves,BS2_S,BS2_S,keep,True,,False,8333.0,False,8825.0,2014-03-15,128381.0,14547.422096317281,2094.8426947912853,False,-104.01091003,31.98501015,agree,,63.0,63.0,BS2_S,none
4238933984,ROBIN 8 S203H,Apache,42,Reeves,BS2_S,BS2_S,keep,True,,False,9345.0,False,4561.0,2014-05-14,18971.0,4159.394869546152,3360.6030256707604,False,-103.64906311,31.70310974,off_band,,1369.0,,WCXY,none
4238934079,WAHA 2HM,VTX Energy,42,Reeves,BS2_S,BS2_S,keep,True,,False,9747.0,False,4792.0,2014-06-08,57406.0,11979.549248747913,1099.7979305299098,False,-103.19477844,31.28646278,off_band,,241.0,,BS3_C,none
4238934314,STATE APACHE 57 203H,EOG,42,Reeves,BS2_S,BS2_S,keep,True,,False,9259.0,False,4840.0,2015-03-04,0.0,0.0,,False,-103.81515503,31.60563469,off_band,,1311.0,,WCA_1,none
4238935213,TXL 7 B20 B201BO,Mewbourne,42,Reeves,BS2_S,BS2_S,keep,True,,False,8675.0,False,4340.0,2016-11-02,81801.0,18848.15668202765,4082.7740492170024,False,-103.8973999,31.8617115,off_band,,415.0,,BS3_C,none
4238936028,ARCHER 56-2-5 1H,Occidental,42,Reeves,BS2_S,BS2_S,keep,True,,False,8785.0,False,4607.0,2018-12-02,77079.0,16730.844367267204,2897.58559400096,False,-103.88934326,31.87669754,off_band,,701.0,,BS3_C,none
4238936435,KNIGHT 4-51 3H,Permian Resources,42,Reeves,BS2_S,BS2_S,keep,True,,False,9298.0,False,3981.0,2018-01-11,,,,False,-103.56604767,31.4593277,off_band,,1078.0,,WCA_1,none
4238937226,RUBY NORTH UNIT 1-39 4H,Devon,42,Reeves,BS2_S,BS2_S,keep,True,,False,9613.0,False,9780.0,2018-12-17,91568.0,9362.78118609407,4419.000087366766,True,-103.74186707,31.72439194,off_band,,1143.0,,WCXY,none
4238937688,NAVAJO 60 601H,Apache,42,Reeves,BS2_S,BS2_S,keep,True,,False,8583.0,False,4380.0,2019-01-08,2036.0,464.8401826484018,2881.630648330059,False,-103.72355652,31.24024773,no_evidence,,,,WCA_1,none
4238938571,STATE KATE OLSON 57-T2-17X8 B20 B208H,BP,42,Reeves,BS2_S,BS2_S,keep,True,,False,8360.0,False,7494.0,2020-07-02,396382.0,52893.24793167868,3710.6881745387027,True,-103.97718048,31.85820198,off_band,,1359.0,,BS3_C,none
4238939180,HEAD HONCHO STATE BS 4H,ConocoPhillips,42,Reeves,BS2_S,BS2_S,keep,True,,False,8447.0,False,10097.0,2022-02-01,194977.0,19310.389224522136,2652.7385281340876,True,-103.99563599,31.98525047,agree,,37.5,37.5,BS2_S,none
4238939182,HEAD HONCHO STATE BS 6H,ConocoPhillips,42,Reeves,BS2_S,BS2_S,keep,True,,False,8477.0,False,10259.0,2022-03-15,303774.0,29610.488351691198,2753.4351195296504,True,-103.99318695,31.98546982,agree,,54.0,54.0,BS2_S,none
4238939536,STATE AL OLSON 57-T2-6X43 2C B20 B203H,BP,42,Reeves,BS2_S,BS2_S,keep,True,,False,8248.0,False,7172.0,2022-05-17,104287.0,14540.85331846068,2472.1010288914244,True,-103.99962616,31.88039398,agree,,22.0,22.0,BS2_S,none
4238939550,STATE AL OLSON 57-T2-6X43 2A B20 B201H,BP,42,Reeves,BS2_S,BS2_S,keep,True,,False,8199.0,False,6633.0,2022-06-12,28360.0,4275.5917382783055,2889.8448519040903,True,-104.00757599,31.88084984,agree,,38.0,38.0,BS2_S,none
4238939551,STATE AL OLSON 57-T2-6X43 2B B20 B202H,BP,42,Reeves,BS2_S,BS2_S,keep,True,,False,8226.0,False,7173.0,2022-06-10,3154.0,439.7044472326781,5789.473684210527,True,-104.00357056,31.88078308,agree,,11.0,11.0,BS2_S,none
4238939568,STATE AL OLSON 57-T2-6X43 2D B20 B204H,BP,42,Reeves,BS2_S,BS2_S,keep,True,,False,8237.0,False,6989.0,2022-05-10,20427.0,2922.7357275718987,3779.5075145640576,True,-103.99552155,31.88090324,agree,,11.0,11.0,BS2_S,none
4238939622,WALKALOOSA 5 WEST 2BS,Diamondback,42,Reeves,BS2_S,BS2_S,keep,True,,False,10591.0,False,9920.0,2023-05-11,154875.0,15612.399193548388,2844.584342211461,True,-103.17763519,31.35750771,off_band,,523.0,,BS3_C,none
4238939731,GREENWICH 57-3142 S 5H,Chevron,42,Reeves,BS2_S,BS2_S,keep,True,,False,8595.0,False,7901.0,2022-04-14,11.0,1.392228831793444,427272.7272727273,True,-103.99531555,31.67575264,off_band,,1292.0,,WCA_1,none
4238939786,ALPHA STATE BS 9H,ConocoPhillips,42,Reeves,BS2_S,BS2_S,keep,True,,False,8296.0,False,10299.0,2023-04-13,7068.0,686.2802213807165,4023.9105829088853,True,-104.00527191,31.95666504,off_band,,1488.0,,BS2_S,none
4238939787,ALPHA STATE BS 10H,ConocoPhillips,42,Reeves,BS2_S,BS2_S,keep,True,,False,8312.0,False,10300.0,2023-04-13,93804.0,9107.184466019417,2847.2559805552,True,-104.00237274,31.9564209,off_band,,1472.0,,BS2_S,none
4238939788,ALPHA STATE BS 11H,ConocoPhillips,42,Reeves,BS2_S,BS2_S,keep,True,,False,8354.0,False,10105.0,2023-04-13,85441.0,8455.319148936169,2206.8678971453987,True,-103.99930573,31.95635414,off_band,,1430.0,,BS2_S,none
4238939801,HEAD HONCHO STATE ALLOC1 BS 8H,ConocoPhillips,42,Reeves,BS2_S,BS2_S,keep,True,,False,8369.0,False,10494.0,2023-04-15,6034.0,574.9952353725939,4967.020218760358,True,-104.00712585,31.98518562,agree,,40.5,40.5,BS2_S,none
4238939805,HEAD HONCHO STATE ALLOC2 BS 9H,ConocoPhillips,42,Reeves,BS2_S,BS2_S,keep,True,,False,8396.0,False,10478.0,2023-04-13,70255.0,6705.000954380606,2393.096576756103,True,-104.00417328,31.98509789,agree,,27.0,27.0,BS2_S,none
4238939806,HEAD HONCHO STATE BS 10H,ConocoPhillips,42,Reeves,BS2_S,BS2_S,keep,True,,False,8423.0,False,10299.0,2023-04-14,106094.0,10301.388484318864,2149.3863931984843,True,-104.00112915,31.98557281,agree,,27.0,27.0,BS2_S,none
4238939861,ALEXANDER STATE UNIT 58-2-24 1 12BS,EQV Operating,42,Reeves,BS2_S,BS2_S,keep,True,,False,8603.0,False,9994.0,2022-10-04,168742.0,16884.330598359014,5677.952139953301,True,-104.02687836,31.8250885,off_band,,830.0,,BS3_C,none
4238940287,REV BX STATE T8-51-12 1011SB,Chevron,42,Reeves,BS2_S,BS2_S,keep,True,,False,9505.0,False,10153.0,2023-08-12,121920.0,12008.273416724121,2222.7608267716537,True,-103.38846588,31.1860199,off_band,,899.5,,BS3_S,none
4238940308,CHEVY COLORADO 56-T2-20X17 B20 B201H,BP,42,Reeves,BS2_S,BS2_S,keep,True,,False,8745.0,False,6938.0,2023-12-13,139806.0,20150.763908907466,6575.976710584668,True,-103.89006805,31.83712196,off_band,,1266.0,,BS3_C,none
4238940317,CHEVY COLORADO 56-T2-20X17 B20 B202H,BP,42,Reeves,BS2_S,BS2_S,keep,True,,False,8777.0,False,6949.0,2023-12-15,150968.0,21725.14030795798,6179.740077367389,True,-103.88404846,31.83671761,off_band,,1249.5,,BS3_C,none
4238940387,GORGON WEST UNIT 57-1-33-28 6 61H,Occidental,42,Reeves,BS2_S,BS2_S,keep,True,,False,8494.0,False,10267.0,2023-06-10,,,,False,-103.97374725,31.92757225,off_band,,1348.0,,WCA_1,none
4238940538,THREADFIN 57-1-47-35 A 61H,Occidental,42,Reeves,BS2_S,BS2_S,keep,True,,False,8678.0,False,10818.0,2023-08-16,365947.0,33827.60214457386,2477.3150210276353,True,-103.94021606,31.91197777,agree,,77.5,77.5,BS2_S,none
4238941040,THREADFIN 57-1-47-35 D 62H,Occidental,42,Reeves,BS2_S,BS2_S,keep,True,,False,8720.0,False,11475.0,2024-08-16,79635.0,6939.869281045751,2758.8874238714134,True,-103.93471527,31.91103363,agree,,52.0,52.0,BS2_S,none
4238941043,THREADFIN 57-1-47-35 F 63H,Occidental,42,Reeves,BS2_S,BS2_S,keep,True,,False,8739.0,False,11521.0,2024-08-23,66222.0,5747.938547001128,2996.4966325390355,True,-103.92983246,31.91101837,agree,,62.5,62.5,BS2_S,none
4238941044,THREADFIN 57-1-47-35 G 6 64H,Occidental,42,Reeves,BS2_S,BS2_S,keep,True,,False,8772.0,False,11137.0,2024-08-23,18853.0,1692.8257160815301,3791.4390282713625,True,-103.92568207,31.91160965,agree,,59.0,59.0,BS2_S,none
4238941199,REV PEPPER X STATE T8-52-12 UNIT 1011SB,Chevron,42,Reeves,BS2_S,BS2_S,keep,True,,False,9537.0,False,11127.0,2025-02-24,85495.0,7683.562505616968,974.44294988011,True,-103.48771667,31.15781593,off_band,,928.5,,BS3_S,none
4238941201,REV PEPPER X STATE T8-52-12 UNIT 1013SB,Chevron,42,Reeves,BS2_S,BS2_S,keep,True,,False,9523.0,False,9103.0,2025-02-24,46115.0,5065.9123365923315,983.4327225414725,True,-103.48628235,31.14823914,off_band,,946.0,,BS3_S,none
4238941442,CORNINGSTONE STATE 22 224H,Tog Operating,42,Reeves,BS2_S,BS2_S,keep,True,,False,8615.0,False,10409.0,2025-01-24,36285.0,3485.9256412719765,2948.6289100179138,True,-103.92858124,31.81066513,off_band,,479.5,,BS3_C,none
4238941817,STATE LEE WAY 57-T2-10X3 2E B21 B214H,BP,42,Reeves,BS2_S,BS2_S,keep,False,,False,8261.0,False,9411.0,2026-02-26,,,,False,-103.94309235,31.86937141,off_band,,329.0,,BS3_C,none
4247538129,MUD HEN 57-31 B 2BS,Diamondback,42,Ward,BS2_S,BS2_S,keep,True,,False,10806.0,False,12151.0,2021-06-26,279598.0,23010.28721915892,2826.475868926101,True,-103.32131195,31.42815781,off_band,,136.0,,BS3_S,none
4247538298,RIVER CAT 57-33 B 2BS,Diamondback,42,Ward,BS2_S,BS2_S,keep,True,,False,10411.0,False,12752.0,2023-03-31,146704.0,11504.39146800502,2435.9594830406804,True,-103.33257294,31.43648148,off_band,,293.0,,BS3_S,none
4247538793,UL GENE PARMESAN A10 3 32BS,Apache,42,Ward,BS2_S,BS2_S,keep,True,class BS2_S->BS3_C rejected (precision 0.33),False,11131.0,False,10132.0,2025-01-02,143510.0,14164.034741413345,1240.5198244024807,True,-103.25720215,31.58830833,flag,BS3_C,1.5,,BS3_C,none
4247538907,UL 18 WILD THING WEST B 2BS,Apache,42,Ward,BS2_S,BS2_S,keep,True,class BS2_S->BS3_C rejected (precision 0.33),False,11082.0,False,15333.0,2025-10-07,,,,False,-103.262146,31.56296349,flag,BS3_C,8.0,,BS3_C,none
