edge_no,seg_no,edge_class,side,gap_ft,perf_class,perf_ratio,buffer_ft,rule,flag,length_ft
0,42,pinned,W,0.0,unknown,,1320.0,pinned: floor,,16942.487904683163
1,43,gap,W,1499.9718393035107,unknown,,1320.0,gap: k × gap,,1795.5240299313077
2,44,pinned,W,0.0,unknown,,1320.0,pinned: floor,,2580.7677924404366
3,45,gap,W,5799.891111973575,rolled,0.31410122374140415,2174.9591669900906,gap: k × gap,,1874.968021166347
4,-1,hole,,,,,880.0,hole: tightest floor,hole in the drilled body: geology hole or surface? (fill / keep),2884.1663471207794
5,41,gap,W,5499.8967441128725,unknown,,3093.6919185634906,gap: k × gap,,598.6304211729097
6,-1,hole,,,,,880.0,hole: tightest floor,hole in the drilled body: geology hole or surface? (fill / keep),698.2924296411483
7,41,gap,W,5499.8967441128725,unknown,,3093.6919185634906,gap: k × gap,,5169.00576834578
8,34,pinned,W,0.0,unknown,,1320.0,pinned: floor,,1996.0910408688158
9,35,gap,W,999.9812262023404,unknown,,1320.0,gap: k × gap,,499.51209705511553
10,36,pinned,W,0.0,unknown,,1320.0,pinned: floor,,1793.8857265799986
11,37,gap,W,3999.9249048093616,unknown,,2249.9577589552655,gap: k × gap,,4782.988552218362
12,38,pinned,W,0.0,unknown,,1320.0,pinned: floor,,6774.922285474037
13,39,gap,W,5899.889234593808,unknown,,3318.6876944590176,gap: k × gap,,5385.46463430277
14,40,pinned,W,0.0,unknown,,1320.0,pinned: floor,,3085.2713893483924
15,41,gap,W,5499.8967441128725,unknown,,3093.6919185634906,gap: k × gap,,5380.164357823935
16,-1,hole,,,,,880.0,hole: tightest floor,hole in the drilled body: geology hole or surface? (fill / keep),13869.536376467091
17,30,gap,W,8899.83291320083,rolled,0.14348828934397573,3337.437342450311,gap: k × gap,,599.6725738263247
18,-1,hole,,,,,880.0,hole: tightest floor,hole in the drilled body: geology hole or surface? (fill / keep),1197.9111039780892
19,30,gap,W,8899.83291320083,rolled,0.14348828934397573,3337.437342450311,gap: k × gap,,7284.318241989841
20,31,pinned,W,0.0,unknown,,1320.0,pinned: floor,,199.8908579418526
21,30,gap,W,8899.83291320083,rolled,0.14348828934397573,3337.437342450311,gap: k × gap,,199.89085794367307
22,31,pinned,W,0.0,unknown,,1320.0,pinned: floor,,99.9454289700019
23,30,gap,W,8899.83291320083,rolled,0.14348828934397573,3337.437342450311,gap: k × gap,,199.1512074602652
24,31,pinned,W,0.0,unknown,,1320.0,pinned: floor,,2585.063860839297
25,32,gap,W,4999.906131011702,unknown,,2812.4471986940825,gap: k × gap,,5085.716524653546
26,33,pinned,W,0.0,unknown,,1320.0,pinned: floor,,19571.55413060742
27,46,pinned,W,0.0,rolled,0.5846655453776524,880.0,pinned: floor,,16653.803196836787
28,47,gap,W,2899.9455559867874,rolled,0.5846655453776524,1087.4795834950453,gap: k × gap,,3591.1560818690104
29,48,pinned,W,0.0,rolled,0.5846655453776524,880.0,pinned: floor,,7580.1527507126075
30,-1,hole,,,,,880.0,hole: tightest floor,hole in the drilled body: geology hole or surface? (fill / keep),26843.501075449454
31,29,pinned,W,0.0,rolled,0.14348828934397573,880.0,pinned: floor,,9758.224687433596
32,30,gap,W,8899.83291320083,rolled,0.14348828934397573,3337.437342450311,gap: k × gap,,5163.70985809215
33,-1,hole,,,,,880.0,hole: tightest floor,hole in the drilled body: geology hole or surface? (fill / keep),99.73851476694632
34,30,gap,W,8899.83291320083,rolled,0.14348828934397573,3337.437342450311,gap: k × gap,,99.73851476694112
35,-1,hole,,,,,880.0,hole: tightest floor,hole in the drilled body: geology hole or surface? (fill / keep),598.431088597938
36,30,gap,W,8899.83291320083,rolled,0.14348828934397573,3337.437342450311,gap: k × gap,,99.69497950481345
37,-1,hole,,,,,880.0,hole: tightest floor,hole in the drilled body: geology hole or surface? (fill / keep),15136.932748604908
38,28,gap,W,7299.862951277085,rolled,0.14348828934397573,2737.4486067289067,gap: k × gap,,5174.115108772404
39,880,gap,NW,4899.908008391468,unknown,,1320.0,gap: pre-2016 beyond -> floor (D5),pre-2016 laterals beyond this gap were not followed up; held to the floor,22658.101677292398
40,576,pinned,N,0.0,rolled,0.4120164563204317,880.0,potash ignore-gap -> floor (D24),"inside the BLM Secretary's Potash Area: surface, not geology; gap not widened",18531.27874011238
41,569,pinned,N,0.0,rolled,0.5215476084144617,880.0,potash ignore-gap -> floor (D24),"inside the BLM Secretary's Potash Area: surface, not geology; gap not widened",10252.74846283094
42,251,gap,SE,399.99249048093617,strong,0.8653851977624721,1760.0,gap: k × gap,,297.66470604475955
43,252,pinned,SE,0.0,strong,0.8653851977624721,1760.0,pinned: floor,"pinned edge, strong wells: edge not explained by performance; what stops it?",2592.54437078347
44,253,gap,SE,799.9849809618723,strong,0.9363715492933262,1760.0,gap: k × gap,,499.0433119669638
45,254,pinned,SE,0.0,strong,0.9363715492933262,1760.0,pinned: floor,"pinned edge, strong wells: edge not explained by performance; what stops it?",8782.076562221357
46,255,gap,SE,499.9906131011702,strong,0.9116141156126102,1760.0,gap: k × gap,,499.1487977230115
47,256,pinned,SE,0.0,strong,0.9826004671434643,1760.0,pinned: floor,"pinned edge, strong wells: edge not explained by performance; what stops it?",4189.6590219872905
48,257,gap,SE,999.9812262023404,strong,0.9826004671434643,1760.0,gap: k × gap,,1297.4624100076403
49,258,pinned,SE,0.0,strong,0.8653851977624721,1760.0,pinned: floor,"pinned edge, strong wells: edge not explained by performance; what stops it?",3885.3592320557327
50,259,gap,SE,499.9906131011702,unknown,0.7704919418405791,1320.0,gap: k × gap,,198.60781302489895
51,260,pinned,SE,0.0,unknown,0.7704919418405791,1320.0,pinned: floor,,1393.3018024198354
52,261,pinned,SE,0.0,unknown,0.7704919418405791,1320.0,pinned: floor,,797.2685554508862
53,262,pinned,SE,0.0,unknown,0.7704919418405791,1320.0,pinned: floor,,996.7951474195568
54,263,pinned,SE,0.0,unknown,0.7704919418405791,1320.0,pinned: floor,,797.069824273926
55,264,pinned,SE,0.0,unknown,0.7003561195994022,1320.0,pinned: floor,,11774.488603601763
56,265,gap,SE,899.9831035821064,rolled,0.6622755971546325,880.0,gap: k × gap,,995.9196652043615
57,266,pinned,SE,0.0,rolled,0.6622755971546325,880.0,pinned: floor,,1690.9076910587519
58,267,gap,SE,4599.913640530766,rolled,0.5940110609965873,1724.9676151990375,gap: k × gap,,1686.0414962802995
59,244,gap,SE,5699.89298935334,rolled,0.6588877952400745,2137.4598710075024,gap: k × gap,,1288.2153049106241
60,245,pinned,SE,0.0,unknown,0.7704919418405791,1320.0,pinned: floor,,1689.5260541601351
61,246,gap,SE,99.99812262023404,unknown,0.7704919418405791,1320.0,gap: k × gap,,99.82975954491727
62,247,pinned,SE,0.0,unknown,0.7704919418405791,1320.0,pinned: floor,,996.8662903442403
63,248,pinned,SE,0.0,unknown,0.7704919418405791,1320.0,pinned: floor,,598.7069809951538
64,249,gap,SE,599.9887357214043,unknown,0.7704919418405791,1320.0,gap: k × gap,,598.9785572668811
65,250,pinned,SE,0.0,unknown,0.840627764081756,1320.0,pinned: floor,,2391.055775651126
66,847,gap,NW,499.9906131011702,unknown,,1320.0,gap: k × gap,,299.9948917128228
67,848,pinned,NW,0.0,unknown,,1320.0,pinned: floor,,7991.591064751552
68,849,gap,NW,5099.904253631936,rolled,0.590319704080338,1912.464095111976,gap: k × gap,,6189.532518626193
69,850,pinned,NW,0.0,rolled,0.590319704080338,880.0,pinned: floor,,14774.4968690697
70,851,gap,NW,7599.857319137787,rolled,0.580435245587155,2849.94649467667,gap: k × gap,,8788.062726952312
71,852,pinned,NW,0.0,rolled,0.010702226823988263,880.0,pinned: floor,,1199.9795668522095
72,851,gap,NW,7599.857319137787,rolled,0.580435245587155,2849.94649467667,gap: k × gap,,98.56820805343149
73,852,pinned,NW,0.0,rolled,0.010702226823988263,880.0,pinned: floor,,2792.921356584641
74,853,pinned,NW,0.0,rolled,0.010702226823988263,880.0,pinned: floor,,1398.8534584846107
75,854,pinned,NW,0.0,rolled,0.010702226823988263,880.0,pinned: floor,,1197.6688650473736
76,855,pinned,NW,0.0,rolled,0.010702226823988263,880.0,pinned: floor,,2789.3242177415264
77,856,gap,NW,6499.877970315213,rolled,0.010702226823988263,2437.454238868205,gap: k × gap,,6987.886057314416
78,857,pinned,NW,0.0,strong,1.0629835848542406,1760.0,pinned: floor,"pinned edge, strong wells: edge not explained by performance; what stops it?",8084.766262903115
79,858,gap,NW,3799.9286595688936,strong,1.0629835848542406,2849.94649467667,gap: k × gap,,4086.9192760879905
80,859,pinned,NW,0.0,strong,1.2423461079816587,1760.0,pinned: floor,"pinned edge, strong wells: edge not explained by performance; what stops it?",7188.065299441022
81,860,gap,NW,6599.876092935447,strong,1.2358615533789252,4949.907069701585,gap: k × gap,,6884.997968257143
82,861,pinned,NW,0.0,strong,1.0624443640429542,1760.0,pinned: floor,"pinned edge, strong wells: edge not explained by performance; what stops it?",6893.992340870893
83,862,gap,NW,1299.9755940630425,strong,1.0624443640429542,1760.0,gap: k × gap,,1299.9778640908257
84,863,pinned,NW,0.0,strong,1.0624443640429542,1760.0,pinned: floor,"pinned edge, strong wells: edge not explained by performance; what stops it?",9690.007593924793
85,864,gap,NW,4299.919272670064,strong,0.9925140659958583,3224.939454502548,gap: k × gap,,4885.0060420863765
86,865,pinned,W,0.0,strong,1.156216939931718,1760.0,pinned: floor,"pinned edge, strong wells: edge not explained by performance; what stops it?",9386.258033347614
87,866,gap,W,5099.904253631936,strong,0.9415770146934919,3824.928190223952,gap: k × gap,,3989.4388569848797
88,867,pinned,W,0.0,strong,0.8888129650554919,1760.0,pinned: floor,"pinned edge, strong wells: edge not explained by performance; what stops it?",3691.7517304654557
89,868,gap,W,3299.9380464677233,unknown,0.8412533345330229,1856.2151511380944,gap: k × gap,,3694.5554343962995
90,869,pinned,W,0.0,unknown,0.7975282716553177,1320.0,pinned: floor,,2093.6045865588662
91,870,pinned,W,0.0,unknown,0.779184286768622,1320.0,pinned: floor,,2590.7561545676676
92,871,gap,W,4899.908008391468,unknown,0.7115526096751446,2756.1982547202006,gap: k × gap,,5085.099327125306
93,872,pinned,W,0.0,rolled,0.5278280970295711,880.0,pinned: floor,,6394.019619784803
94,873,pinned,W,0.0,rolled,0.5278280970295711,880.0,pinned: floor,,9695.954369820247
95,874,pinned,NW,0.0,rolled,0.4318602686986824,880.0,pinned: floor,,992.3844581028669
96,875,gap,NW,5799.891111973575,rolled,0.4318602686986824,2174.9591669900906,gap: k × gap,,7285.892761519408
97,876,pinned,NW,0.0,unknown,,1320.0,pinned: floor,,7492.791685015254
98,877,pinned,NW,0.0,unknown,,1320.0,pinned: floor,,1394.4019857159715
99,878,pinned,NW,0.0,unknown,,1320.0,pinned: floor,,1296.9968252787512
100,879,pinned,NW,0.0,unknown,,1320.0,pinned: floor,,2097.3565129929143
101,880,gap,NW,4899.908008391468,unknown,,1320.0,gap: pre-2016 beyond -> floor (D5),pre-2016 laterals beyond this gap were not followed up; held to the floor,495.46463963145857
102,881,pinned,W,0.0,rolled,0.42871878598317553,880.0,pinned: floor,,12383.961992524199
103,882,gap,W,7999.849809618723,rolled,0.45165277378144114,2999.943678607021,gap: k × gap,,8989.1729792041
104,883,pinned,W,0.0,rolled,0.3910924392239552,880.0,pinned: floor,,1787.48836411861
105,884,pinned,W,0.0,rolled,0.3910924392239552,880.0,pinned: floor,,1396.9937858050228
106,885,pinned,W,0.0,rolled,0.3910924392239552,880.0,pinned: floor,,1299.2677029092042
107,886,pinned,W,0.0,rolled,0.3910924392239552,880.0,pinned: floor,,2490.2061306029623
108,887,gap,W,3599.9324143284257,rolled,0.3112094912821859,1349.9746553731597,gap: k × gap,,2190.688806576832
109,0,pinned,W,0.0,rolled,0.3305321046664693,880.0,pinned: floor,,4689.341280082761
110,1,gap,W,3099.9418012272554,rolled,0.3112094912821859,1162.4781754602209,gap: k × gap,,4092.524105434906
111,2,pinned,W,0.0,rolled,0.2918868778979024,880.0,pinned: floor,,4780.594816499821
112,3,gap,W,7899.85168699849,rolled,0.21561075246437578,2962.4443826244337,gap: k × gap,,7586.752795523869
113,4,pinned,W,0.0,rolled,0.21561075246437578,880.0,pinned: floor,,17685.824880548076
114,5,pinned,W,0.0,rolled,0.21561075246437578,880.0,pinned: floor,,10290.301423311368
115,6,gap,W,9499.821648922234,rolled,0.21561075246437578,3562.433118345838,gap: k × gap,,9786.706469774786
116,7,pinned,W,0.0,rolled,0.6436042599595183,880.0,pinned: floor,,99.99829723846358
117,6,gap,W,9499.821648922234,rolled,0.21561075246437578,3562.433118345838,gap: k × gap,,99.99829723711836
118,7,pinned,W,0.0,rolled,0.6436042599595183,880.0,pinned: floor,,99.99829723846358
119,6,gap,W,9499.821648922234,rolled,0.21561075246437578,3562.433118345838,gap: k × gap,,99.9982972372794
120,7,pinned,W,0.0,rolled,0.6436042599595183,880.0,pinned: floor,,199.99659447558196
121,6,gap,W,9499.821648922234,rolled,0.21561075246437578,3562.433118345838,gap: k × gap,,99.9982972372794
122,7,pinned,W,0.0,rolled,0.6436042599595183,880.0,pinned: floor,,99.99829723846358
123,6,gap,W,9499.821648922234,rolled,0.21561075246437578,3562.433118345838,gap: k × gap,,199.99659447423673
124,7,pinned,W,0.0,rolled,0.6436042599595183,880.0,pinned: floor,,99.99829723862462
125,6,gap,W,9499.821648922234,rolled,0.21561075246437578,3562.433118345838,gap: k × gap,,899.5042452472509
126,7,pinned,W,0.0,rolled,0.6436042599595183,880.0,pinned: floor,,3283.3177176662393
127,8,gap,W,4099.923027429596,rolled,0.6436042599595183,1537.4711352860986,gap: k × gap,,5090.060142715716
128,9,pinned,W,0.0,unknown,,1320.0,pinned: floor,,6789.286703756629
129,10,gap,W,8499.840422719893,unknown,0.7037172602733386,4781.160237779941,gap: k × gap,,8183.88298820819
130,11,pinned,W,0.0,unknown,0.7037172602733386,1320.0,pinned: floor,,99.9982972381826
131,10,gap,W,8499.840422719893,unknown,0.7037172602733386,4781.160237779941,gap: k × gap,,299.9948917125877
132,11,pinned,W,0.0,unknown,0.7037172602733386,1320.0,pinned: floor,,199.99659447449181
133,10,gap,W,8499.840422719893,unknown,0.7037172602733386,4781.160237779941,gap: k × gap,,199.9965944762785
134,11,pinned,W,0.0,unknown,0.7037172602733386,1320.0,pinned: floor,,199.99659447444844
135,10,gap,W,8499.840422719893,unknown,0.7037172602733386,4781.160237779941,gap: k × gap,,199.99659447632183
136,11,pinned,W,0.0,unknown,0.7037172602733386,1320.0,pinned: floor,,199.99659447444844
137,10,gap,W,8499.840422719893,unknown,0.7037172602733386,4781.160237779941,gap: k × gap,,99.99829723813924
138,11,pinned,W,0.0,unknown,0.7037172602733386,1320.0,pinned: floor,,99.9982972381826
139,10,gap,W,8499.840422719893,unknown,0.7037172602733386,4781.160237779941,gap: k × gap,,99.99829723813924
140,11,pinned,W,0.0,unknown,0.7037172602733386,1320.0,pinned: floor,,99.9982972363092
141,10,gap,W,8499.840422719893,unknown,0.7037172602733386,4781.160237779941,gap: k × gap,,99.14101439458618
142,11,pinned,W,0.0,unknown,0.7037172602733386,1320.0,pinned: floor,,1588.6098333327725
143,12,pinned,W,0.0,rolled,0.6915362091003484,880.0,pinned: floor,,795.2791147145977
144,13,pinned,W,0.0,rolled,0.6915362091003484,880.0,pinned: floor,,599.7101414467716
145,14,pinned,W,0.0,rolled,0.6670343225819494,880.0,pinned: floor,,698.2328619725696
146,15,pinned,W,0.0,rolled,0.6670343225819494,880.0,pinned: floor,,698.7839056230425
147,16,pinned,W,0.0,rolled,0.6425324360635503,880.0,pinned: floor,,599.865988419738
148,17,pinned,W,0.0,rolled,0.637670491587814,880.0,pinned: floor,,799.0219372549776
149,18,pinned,W,0.0,rolled,0.5071494700120673,880.0,pinned: floor,,11496.304878091967
150,19,pinned,W,0.0,rolled,0.46854582548522156,880.0,pinned: floor,,12098.919369243144
151,20,pinned,W,0.0,rolled,0.36974827866136734,880.0,pinned: floor,,5399.839603052133
152,21,pinned,W,0.0,rolled,0.22448399316791406,880.0,pinned: floor,,6398.833958183151
153,22,pinned,W,0.0,rolled,0.22448399316791406,880.0,pinned: floor,,11695.886880345466
154,24,pinned,W,0.0,rolled,0.17058045558759846,880.0,pinned: floor,,1097.4709261193523
155,25,pinned,W,0.0,rolled,0.17058045558759846,880.0,pinned: floor,,1098.4790237918592
156,26,pinned,W,0.0,rolled,0.17058045558759846,880.0,pinned: floor,,1297.358016625784
157,27,pinned,W,0.0,rolled,0.17058045558759846,880.0,pinned: floor,,3187.349614291099
158,28,gap,W,7299.862951277085,rolled,0.14348828934397573,2737.4486067289067,gap: k × gap,,3886.4414625790423
159,-1,hole,,,,,880.0,hole: tightest floor,hole in the drilled body: geology hole or surface? (fill / keep),37472.83388098809
160,49,gap,W,8199.846054859192,unknown,0.7675292212618446,4612.413405858296,gap: k × gap,,199.9965944752383
161,-1,hole,,,,,880.0,hole: tightest floor,hole in the drilled body: geology hole or surface? (fill / keep),99.99829723761916
162,49,gap,W,8199.846054859192,unknown,0.7675292212618446,4612.413405858296,gap: k × gap,,699.9303919470563
163,-1,hole,,,,,880.0,hole: tightest floor,hole in the drilled body: geology hole or surface? (fill / keep),99.99829723770144
164,49,gap,W,8199.846054859192,unknown,0.7675292212618446,4612.413405858296,gap: k × gap,,99.99829723770144
165,-1,hole,,,,,880.0,hole: tightest floor,hole in the drilled body: geology hole or surface? (fill / keep),99.99829723768698
166,49,gap,W,8199.846054859192,unknown,0.7675292212618446,4612.413405858296,gap: k × gap,,99.99829723770144
167,-1,hole,,,,,880.0,hole: tightest floor,hole in the drilled body: geology hole or surface? (fill / keep),499.77612904037323
168,49,gap,W,8199.846054859192,unknown,0.7675292212618446,4612.413405858296,gap: k × gap,,1199.8028290740485
169,-1,hole,,,,,880.0,hole: tightest floor,hole in the drilled body: geology hole or surface? (fill / keep),99.99829723668691
170,49,gap,W,8199.846054859192,unknown,0.7675292212618446,4612.413405858296,gap: k × gap,,99.9982972385391
171,-1,hole,,,,,880.0,hole: tightest floor,hole in the drilled body: geology hole or surface? (fill / keep),299.9207799785336
172,49,gap,W,8199.846054859192,unknown,0.7675292212618446,4612.413405858296,gap: k × gap,,99.99829723772987
173,-1,hole,,,,,880.0,hole: tightest floor,hole in the drilled body: geology hole or surface? (fill / keep),299.99489171320533
174,49,gap,W,8199.846054859192,unknown,0.7675292212618446,4612.413405858296,gap: k × gap,,799.9167569713152
175,-1,hole,,,,,880.0,hole: tightest floor,hole in the drilled body: geology hole or surface? (fill / keep),99.45426368186808
176,49,gap,W,8199.846054859192,unknown,0.7675292212618446,4612.413405858296,gap: k × gap,,688.4915159041215
177,48,pinned,W,0.0,rolled,0.5846655453776524,880.0,pinned: floor,,99.99829723752228
178,49,gap,W,8199.846054859192,unknown,0.7675292212618446,4612.413405858296,gap: k × gap,,99.99829723771376
179,48,pinned,W,0.0,rolled,0.5846655453776524,880.0,pinned: floor,,2699.5077892730674
180,49,gap,W,8199.846054859192,unknown,0.7675292212618446,4612.413405858296,gap: k × gap,,6675.27753817317
181,50,pinned,W,0.0,unknown,0.7249170887413018,1320.0,pinned: floor,,4488.181762757713
182,51,pinned,W,0.0,unknown,0.7249170887413018,1320.0,pinned: floor,,2396.217432904151
183,52,gap,W,3699.9305369486597,rolled,0.6855001535839619,1387.4739513557474,gap: k × gap,,4493.189279680112
184,53,pinned,W,0.0,rolled,0.6942698656881406,880.0,pinned: floor,,2485.589242868762
185,54,gap,W,3099.9418012272554,rolled,0.6855001535839619,1162.4781754602209,gap: k × gap,,3897.736834554533
186,55,pinned,W,0.0,rolled,0.6942698656881406,880.0,pinned: floor,,2493.7379448463234
187,56,gap,W,3899.9267821891276,rolled,0.6571986576827513,1462.4725433209228,gap: k × gap,,4991.657924312032
188,57,pinned,W,0.0,strong,1.1399905119018565,1760.0,pinned: floor,"pinned edge, strong wells: edge not explained by performance; what stops it?",3688.842664173399
189,58,gap,W,5399.898621492638,strong,1.0141496781221147,4049.923966119479,gap: k × gap,,3990.117051312146
190,59,pinned,W,0.0,rolled,0.33791541187997615,880.0,pinned: floor,,1999.8654986094266
191,58,gap,W,5399.898621492638,strong,1.0141496781221147,4049.923966119479,gap: k × gap,,499.11090616046755
192,59,pinned,W,0.0,rolled,0.33791541187997615,880.0,pinned: floor,,13388.91756842334
193,60,gap,W,99.99812262023404,rolled,0.33791541187997615,880.0,gap: k × gap,,99.99829723862817
194,61,pinned,W,0.0,rolled,0.3872325345150537,880.0,pinned: floor,,4899.738228086442
195,62,pinned,W,0.0,rolled,0.4365496571501313,880.0,pinned: floor,,8699.703404794727
196,63,gap,W,199.99624524046808,rolled,0.4365496571501313,880.0,gap: k × gap,,199.99659447498763
197,64,pinned,W,0.0,rolled,0.5277834505697973,880.0,pinned: floor,,3493.18619142248
198,65,gap,W,1299.9755940630425,rolled,0.5277834505697973,880.0,gap: k × gap,,699.9074076838392
199,66,pinned,W,0.0,rolled,0.5277834505697973,880.0,pinned: floor,,2595.483680826838
200,67,gap,W,2199.9586976451487,rolled,0.5277834505697973,880.0,gap: k × gap,,2399.4912640782773
201,68,pinned,W,0.0,rolled,0.6207665216445407,880.0,pinned: floor,,3794.260005255007
202,69,gap,W,399.99249048093617,rolled,0.6225157992996181,880.0,gap: k × gap,,399.9931889509521
203,70,pinned,W,0.0,rolled,0.6225157992996181,880.0,pinned: floor,,3294.0905045215936
204,71,gap,W,8299.844177479425,rolled,0.3793126239322032,3112.441566554784,gap: k × gap,,7688.326921997401
205,72,pinned,W,0.0,unknown,,1320.0,pinned: floor,,4485.319883401506
206,73,gap,W,9099.829158441298,rolled,0.2905643406329977,3412.435934415487,gap: k × gap,,9087.486195298494
207,74,pinned,SW,0.0,rolled,0.38480943856240846,880.0,pinned: floor,,14774.897920704987
208,75,gap,SW,5199.90237625217,rolled,0.2545645600806526,1949.9633910945638,gap: k × gap,,6983.857989343366
209,76,pinned,SW,0.0,rolled,0.2545645600806526,880.0,pinned: floor,,2089.5819225229184
210,77,gap,SW,1899.9643297844468,rolled,0.2545645600806526,880.0,gap: k × gap,,2499.326236540377
211,78,pinned,SW,0.0,rolled,0.2741290202227724,880.0,pinned: floor,,1795.5880485293007
212,80,pinned,SW,0.0,rolled,0.3361164575115966,880.0,pinned: floor,,2192.4122711122695
213,81,gap,SW,2899.9455559867874,rolled,0.3361164575115966,1087.4795834950453,gap: k × gap,,3498.111897253495
214,82,pinned,SW,0.0,rolled,0.3361164575115966,880.0,pinned: floor,,3285.829359933743
215,83,gap,SW,7999.849809618723,rolled,0.37853943465830087,2999.943678607021,gap: k × gap,,7685.08060375737
216,84,pinned,SW,0.0,rolled,0.475061338628078,880.0,pinned: floor,,8787.9428052985
217,85,gap,SW,999.9812262023404,rolled,0.38632366483819985,880.0,gap: k × gap,,999.9829723767191
218,86,pinned,SW,0.0,rolled,0.49679263391660694,880.0,pinned: floor,,6985.546910959009
219,87,gap,SW,1899.9643297844468,strong,0.8866087880296745,1760.0,gap: k × gap,,2193.0245527096813
220,88,pinned,SW,0.0,strong,0.8866087880296745,1760.0,pinned: floor,"pinned edge, strong wells: edge not explained by performance; what stops it?",3692.855691487216
221,89,gap,SW,4599.913640530766,strong,0.8866087880296745,3449.935230398075,gap: k × gap,,4089.448188982816
222,90,pinned,SW,0.0,unknown,,1320.0,pinned: floor,,6379.85817714614
223,91,gap,SW,4999.906131011702,unknown,,2812.4471986940825,gap: k × gap,,4989.737296519669
224,92,pinned,SW,0.0,rolled,0.3198799565392476,880.0,pinned: floor,,3585.1140051339435
225,93,gap,SW,2899.9455559867874,rolled,0.3198799565392476,1087.4795834950453,gap: k × gap,,3694.5733615084887
226,94,pinned,SW,0.0,rolled,0.3198799565392476,880.0,pinned: floor,,1994.659180960318
227,95,gap,SW,2499.953065505851,rolled,0.3198799565392476,937.4823995646941,gap: k × gap,,3198.736125224621
228,96,pinned,SW,0.0,rolled,0.3198799565392476,880.0,pinned: floor,,5985.964963154698
229,97,gap,SW,6699.874215555681,unknown,,3768.6792462500703,gap: k × gap,,199.99659447542462
230,96,pinned,SW,0.0,rolled,0.3198799565392476,880.0,pinned: floor,,99.9982972377337
231,97,gap,SW,6699.874215555681,unknown,,3768.6792462500703,gap: k × gap,,199.99659447542462
232,96,pinned,SW,0.0,rolled,0.3198799565392476,880.0,pinned: floor,,99.9982972377337
233,97,gap,SW,6699.874215555681,unknown,,3768.6792462500703,gap: k × gap,,199.99659447542462
234,96,pinned,SW,0.0,rolled,0.3198799565392476,880.0,pinned: floor,,199.9965944752403
235,97,gap,SW,6699.874215555681,unknown,,3768.6792462500703,gap: k × gap,,199.99659447542462
236,96,pinned,SW,0.0,rolled,0.3198799565392476,880.0,pinned: floor,,99.9982972377337
237,97,gap,SW,6699.874215555681,unknown,,3768.6792462500703,gap: k × gap,,199.99659447542462
238,96,pinned,SW,0.0,rolled,0.3198799565392476,880.0,pinned: floor,,199.9965944752403
239,97,gap,SW,6699.874215555681,unknown,,3768.6792462500703,gap: k × gap,,99.99829723791802
240,96,pinned,SW,0.0,rolled,0.3198799565392476,880.0,pinned: floor,,199.9965944750132
241,97,gap,SW,6699.874215555681,unknown,,3768.6792462500703,gap: k × gap,,7086.196496934414
242,98,pinned,SW,0.0,unknown,0.748491619670804,1320.0,pinned: floor,,7786.229208965261
243,99,gap,SW,1399.9737166832765,unknown,0.7589586621532349,1320.0,gap: k × gap,,1599.567912803872
244,100,pinned,SW,0.0,unknown,0.7589586621532349,1320.0,pinned: floor,,3094.724234310359
245,101,gap,SW,3699.9305369486597,unknown,0.7589586621532349,2081.2109270336214,gap: k × gap,,4788.5318265137175
246,102,pinned,SW,0.0,rolled,0.6809242569748392,880.0,pinned: floor,,2486.6944755855034
247,103,gap,SW,8599.838545340128,strong,1.0042814306718104,6449.878909005096,gap: k × gap,,199.99659447614914
248,102,pinned,SW,0.0,rolled,0.6809242569748392,880.0,pinned: floor,,99.99829723663446
249,103,gap,SW,8599.838545340128,strong,1.0042814306718104,6449.878909005096,gap: k × gap,,299.9948917144286
250,102,pinned,SW,0.0,rolled,0.6809242569748392,880.0,pinned: floor,,99.99829723649786
251,103,gap,SW,8599.838545340128,strong,1.0042814306718104,6449.878909005096,gap: k × gap,,199.99659447628574
252,102,pinned,SW,0.0,rolled,0.6809242569748392,880.0,pinned: floor,,99.99829723663446
253,103,gap,SW,8599.838545340128,strong,1.0042814306718104,6449.878909005096,gap: k × gap,,299.9948917144286
254,102,pinned,SW,0.0,rolled,0.6809242569748392,880.0,pinned: floor,,99.99829723649786
255,103,gap,SW,8599.838545340128,strong,1.0042814306718104,6449.878909005096,gap: k × gap,,199.99659447628574
256,102,pinned,SW,0.0,rolled,0.6809242569748392,880.0,pinned: floor,,99.99829723663446
257,103,gap,SW,8599.838545340128,strong,1.0042814306718104,6449.878909005096,gap: k × gap,,299.994891714292
258,102,pinned,SW,0.0,rolled,0.6809242569748392,880.0,pinned: floor,,99.99829723663446
259,103,gap,SW,8599.838545340128,strong,1.0042814306718104,6449.878909005096,gap: k × gap,,199.99659447628574
260,102,pinned,SW,0.0,rolled,0.6809242569748392,880.0,pinned: floor,,99.99829723663446
261,103,gap,SW,8599.838545340128,strong,1.0042814306718104,6449.878909005096,gap: k × gap,,299.994891714292
262,102,pinned,SW,0.0,rolled,0.6809242569748392,880.0,pinned: floor,,99.99829723663446
263,103,gap,SW,8599.838545340128,strong,1.0042814306718104,6449.878909005096,gap: k × gap,,199.99659447628574
264,102,pinned,SW,0.0,rolled,0.6809242569748392,880.0,pinned: floor,,99.99829723663446
265,103,gap,SW,8599.838545340128,strong,1.0042814306718104,6449.878909005096,gap: k × gap,,199.99659447614914
266,102,pinned,SW,0.0,rolled,0.6809242569748392,880.0,pinned: floor,,199.99659447477734
267,103,gap,SW,8599.838545340128,strong,1.0042814306718104,6449.878909005096,gap: k × gap,,199.99659447628574
268,102,pinned,SW,0.0,rolled,0.6809242569748392,880.0,pinned: floor,,99.99829723649786
269,103,gap,SW,8599.838545340128,strong,1.0042814306718104,6449.878909005096,gap: k × gap,,199.99659447628574
270,102,pinned,SW,0.0,rolled,0.6809242569748392,880.0,pinned: floor,,199.99659447477734
271,103,gap,SW,8599.838545340128,strong,1.0042814306718104,6449.878909005096,gap: k × gap,,199.99659447628574
272,102,pinned,SW,0.0,rolled,0.6809242569748392,880.0,pinned: floor,,99.99829723649786
273,103,gap,SW,8599.838545340128,strong,1.0042814306718104,6449.878909005096,gap: k × gap,,199.99659447628574
274,102,pinned,SW,0.0,rolled,0.6809242569748392,880.0,pinned: floor,,199.99659447477734
275,103,gap,SW,8599.838545340128,strong,1.0042814306718104,6449.878909005096,gap: k × gap,,995.7672709600305
276,104,pinned,SW,0.0,strong,1.0340659642235406,1760.0,pinned: floor,"pinned edge, strong wells: edge not explained by performance; what stops it?",99.9982972378554
277,103,gap,SW,8599.838545340128,strong,1.0042814306718104,6449.878909005096,gap: k × gap,,99.99829723747882
278,104,pinned,SW,0.0,strong,1.0340659642235406,1760.0,pinned: floor,"pinned edge, strong wells: edge not explained by performance; what stops it?",199.9965944757108
279,103,gap,SW,8599.838545340128,strong,1.0042814306718104,6449.878909005096,gap: k × gap,,99.99829723747882
280,104,pinned,SW,0.0,strong,1.0340659642235406,1760.0,pinned: floor,"pinned edge, strong wells: edge not explained by performance; what stops it?",99.9982972378554
281,103,gap,SW,8599.838545340128,strong,1.0042814306718104,6449.878909005096,gap: k × gap,,99.99829723747882
282,104,pinned,SW,0.0,strong,1.0340659642235406,1760.0,pinned: floor,"pinned edge, strong wells: edge not explained by performance; what stops it?",199.99659447571082
283,103,gap,SW,8599.838545340128,strong,1.0042814306718104,6449.878909005096,gap: k × gap,,99.99829723747882
284,104,pinned,SW,0.0,strong,1.0340659642235406,1760.0,pinned: floor,"pinned edge, strong wells: edge not explained by performance; what stops it?",99.99829723762738
285,103,gap,SW,8599.838545340128,strong,1.0042814306718104,6449.878909005096,gap: k × gap,,199.99659447533423
286,104,pinned,SW,0.0,strong,1.0340659642235406,1760.0,pinned: floor,"pinned edge, strong wells: edge not explained by performance; what stops it?",99.9982972378554
287,103,gap,SW,8599.838545340128,strong,1.0042814306718104,6449.878909005096,gap: k × gap,,99.99829723747882
288,104,pinned,SW,0.0,strong,1.0340659642235406,1760.0,pinned: floor,"pinned edge, strong wells: edge not explained by performance; what stops it?",99.9982972378554
289,103,gap,SW,8599.838545340128,strong,1.0042814306718104,6449.878909005096,gap: k × gap,,199.99659447533423
290,104,pinned,SW,0.0,strong,1.0340659642235406,1760.0,pinned: floor,"pinned edge, strong wells: edge not explained by performance; what stops it?",99.9982972378554
291,103,gap,SW,8599.838545340128,strong,1.0042814306718104,6449.878909005096,gap: k × gap,,99.99829723747882
292,104,pinned,SW,0.0,strong,1.0340659642235406,1760.0,pinned: floor,"pinned edge, strong wells: edge not explained by performance; what stops it?",99.99829723762738
293,103,gap,SW,8599.838545340128,strong,1.0042814306718104,6449.878909005096,gap: k × gap,,199.99659447556223
294,104,pinned,SW,0.0,strong,1.0340659642235406,1760.0,pinned: floor,"pinned edge, strong wells: edge not explained by performance; what stops it?",99.99829723762738
295,103,gap,SW,8599.838545340128,strong,1.0042814306718104,6449.878909005096,gap: k × gap,,399.99318895066847
296,104,pinned,SW,0.0,strong,1.0340659642235406,1760.0,pinned: floor,"pinned edge, strong wells: edge not explained by performance; what stops it?",99.9982972378554
297,103,gap,SW,8599.838545340128,strong,1.0042814306718104,6449.878909005096,gap: k × gap,,199.99659447533423
298,104,pinned,SW,0.0,strong,1.0340659642235406,1760.0,pinned: floor,"pinned edge, strong wells: edge not explained by performance; what stops it?",99.9982972378554
299,103,gap,SW,8599.838545340128,strong,1.0042814306718104,6449.878909005096,gap: k × gap,,99.99829723747882
300,104,pinned,SW,0.0,strong,1.0340659642235406,1760.0,pinned: floor,"pinned edge, strong wells: edge not explained by performance; what stops it?",99.99829723762738
301,103,gap,SW,8599.838545340128,strong,1.0042814306718104,6449.878909005096,gap: k × gap,,199.99659447533423
302,104,pinned,SW,0.0,strong,1.0340659642235406,1760.0,pinned: floor,"pinned edge, strong wells: edge not explained by performance; what stops it?",99.9982972378554
303,103,gap,SW,8599.838545340128,strong,1.0042814306718104,6449.878909005096,gap: k × gap,,399.8041012666157
304,104,pinned,SW,0.0,strong,1.0340659642235406,1760.0,pinned: floor,"pinned edge, strong wells: edge not explained by performance; what stops it?",8986.140204583831
305,105,gap,SW,7499.859196517553,strong,0.8545160610550959,5624.894397388165,gap: k × gap,,8081.692774964414
306,106,pinned,SW,0.0,rolled,0.18212264053730884,880.0,pinned: floor,,13880.400822992633
307,107,gap,SW,2299.956820265383,rolled,0.18212264053730884,880.0,gap: k × gap,,2999.419086621414
308,108,pinned,SW,0.0,rolled,0.33876433141132334,880.0,pinned: floor,,3188.8595760649937
309,109,gap,SW,2899.9455559867874,rolled,0.46451317603783276,1087.4795834950453,gap: k × gap,,3895.883042413161
310,110,pinned,SW,0.0,rolled,0.46451317603783276,880.0,pinned: floor,,2590.324190095234
311,111,gap,SW,4799.909885771234,rolled,0.6529168919279221,1799.9662071642128,gap: k × gap,,6087.007292078296
312,112,pinned,SW,0.0,rolled,0.6619864887047965,880.0,pinned: floor,,2788.789422814399
313,113,gap,SW,5899.889234593808,rolled,0.6528628904496828,2212.4584629726783,gap: k × gap,,6788.894930984532
314,114,pinned,SW,0.0,rolled,0.5048089915714693,880.0,pinned: floor,,12777.155877828169
315,115,gap,SW,4499.915517910532,rolled,0.6242140271588393,1687.4683192164493,gap: k × gap,,5286.847355666105
316,116,pinned,SW,0.0,rolled,0.3658786909483694,880.0,pinned: floor,,4784.6702555025995
317,117,gap,S,3499.9342917081913,rolled,0.5906275929947973,1312.4753593905716,gap: k × gap,,4695.466063965777
318,118,pinned,S,0.0,rolled,0.6304848135310821,880.0,pinned: floor,,1788.8733507080096
319,119,gap,S,2699.949310746319,rolled,0.6304848135310821,1012.4809915298697,gap: k × gap,,3798.0109329713564
320,120,pinned,S,0.0,rolled,0.6304848135310821,880.0,pinned: floor,,3287.643363585685
321,121,gap,S,3499.9342917081913,rolled,0.44497230693597845,1312.4753593905716,gap: k × gap,,4590.7044040286155
322,122,pinned,S,0.0,rolled,0.6918090600397997,880.0,pinned: floor,,2285.62503619017
323,123,gap,S,2899.9455559867874,rolled,0.6918090600397997,1087.4795834950453,gap: k × gap,,3694.456868460302
324,124,pinned,S,0.0,rolled,0.6918090600397997,880.0,pinned: floor,,4182.572527458036
325,125,gap,S,8299.844177479425,unknown,0.7974309023827035,4668.662349832176,gap: k × gap,,10383.806843048627
326,126,pinned,S,0.0,unknown,0.7446544577189202,1320.0,pinned: floor,,2592.1870448895406
327,127,gap,S,3599.9324143284257,unknown,0.7072728648954643,2024.9619830597396,gap: k × gap,,4287.8659179573015
328,128,pinned,S,0.0,unknown,,1320.0,pinned: floor,,3087.5691235950803
329,129,gap,S,4499.915517910532,rolled,0.6402679725492351,1687.4683192164493,gap: k × gap,,5790.368568231084
330,130,pinned,S,0.0,rolled,0.5294258764436717,880.0,pinned: floor,,3896.2397237406044
331,131,gap,S,99.99812262023404,rolled,0.5294258764436717,880.0,gap: k × gap,,99.99829723655492
332,132,pinned,S,0.0,rolled,0.6302599694478437,880.0,pinned: floor,,1996.5691484054098
333,133,gap,S,199.99624524046808,rolled,0.539433879545063,880.0,gap: k × gap,,199.99659447446456
334,134,pinned,S,0.0,rolled,0.4206735234012631,880.0,pinned: floor,,6498.70310622147
335,135,gap,S,1199.9774714428086,rolled,0.35466866150961696,880.0,gap: k × gap,,1199.9795668523907
336,136,pinned,S,0.0,rolled,0.2965820596562075,880.0,pinned: floor,,4597.257561576358
337,137,gap,S,1199.9774714428086,rolled,0.2503829278421385,880.0,gap: k × gap,,1299.8444713061656
338,138,pinned,S,0.0,rolled,0.2503829278421385,880.0,pinned: floor,,2493.5416445447527
339,139,gap,S,5499.8967441128725,rolled,0.45654683517984523,2062.461279042327,gap: k × gap,,6988.586951408707
340,140,pinned,S,0.0,unknown,0.7604421488622818,1320.0,pinned: floor,,1593.7754523144065
341,141,pinned,S,0.0,unknown,0.7888692498158246,1320.0,pinned: floor,,998.0761778552646
342,142,gap,S,2999.9436786070214,unknown,0.7888692498158246,1687.4683192164493,gap: k × gap,,3890.0422611961344
343,143,pinned,S,0.0,rolled,0.49320341990529976,880.0,pinned: floor,,15666.46313723767
344,144,gap,S,3399.9361690879573,unknown,0.7888692498158246,1912.464095111976,gap: k × gap,,4385.9465834405255
345,145,pinned,S,0.0,unknown,0.8419056909512515,1320.0,pinned: floor,,2393.090023133446
346,146,gap,S,2699.949310746319,unknown,0.8419056909512515,1518.7214872948045,gap: k × gap,,3196.6390930306893
347,147,pinned,S,0.0,unknown,0.8419056909512515,1320.0,pinned: floor,,2589.508856725323
348,148,gap,S,7699.855441758022,rolled,0.5804405852373613,2887.445790659258,gap: k × gap,,7687.912593086159
349,149,pinned,S,0.0,rolled,0.5804405852373613,880.0,pinned: floor,,99.99829723845346
350,148,gap,S,7699.855441758022,rolled,0.5804405852373613,2887.445790659258,gap: k × gap,,799.9863779010891
351,149,pinned,S,0.0,rolled,0.5804405852373613,880.0,pinned: floor,,99.9982972385419
352,148,gap,S,7699.855441758022,rolled,0.5804405852373613,2887.445790659258,gap: k × gap,,99.99829723673037
353,149,pinned,S,0.0,rolled,0.5804405852373613,880.0,pinned: floor,,15581.211544610427
354,150,gap,S,1899.9643297844468,rolled,0.5804405852373613,880.0,gap: k × gap,,2199.4522775296273
355,151,pinned,S,0.0,rolled,0.5804405852373613,880.0,pinned: floor,,2497.386710503949
356,152,pinned,S,0.0,unknown,0.7354748992628772,1320.0,pinned: floor,,1691.444764204536
357,153,gap,S,5499.8967441128725,rolled,0.5908386544581458,2062.461279042327,gap: k × gap,,6186.328018884666
358,154,pinned,S,0.0,rolled,0.5908386544581458,880.0,pinned: floor,,7782.790245617432
359,155,gap,S,5999.887357214043,unknown,0.7767784068451703,3374.9366384328987,gap: k × gap,,299.9948917124701
360,154,pinned,S,0.0,rolled,0.5908386544581458,880.0,pinned: floor,,199.9965944762141
361,155,gap,S,5999.887357214043,unknown,0.7767784068451703,3374.9366384328987,gap: k × gap,,299.9948917124701
362,154,pinned,S,0.0,rolled,0.5908386544581458,880.0,pinned: floor,,99.99829723810706
363,155,gap,S,5999.887357214043,unknown,0.7767784068451703,3374.9366384328987,gap: k × gap,,299.9948917124701
364,154,pinned,S,0.0,rolled,0.5908386544581458,880.0,pinned: floor,,99.99829723810706
365,155,gap,S,5999.887357214043,unknown,0.7767784068451703,3374.9366384328987,gap: k × gap,,299.9948917124701
366,154,pinned,S,0.0,rolled,0.5908386544581458,880.0,pinned: floor,,99.99829723810706
367,155,gap,S,5999.887357214043,unknown,0.7767784068451703,3374.9366384328987,gap: k × gap,,5486.046816150739
368,156,pinned,S,0.0,strong,0.8668501397281865,1760.0,pinned: floor,"pinned edge, strong wells: edge not explained by performance; what stops it?",9979.612196936145
369,157,gap,S,4699.911763151,strong,1.1447166264578545,3524.93382236325,gap: k × gap,,199.99659447404952
370,156,pinned,S,0.0,strong,0.8668501397281865,1760.0,pinned: floor,"pinned edge, strong wells: edge not explained by performance; what stops it?",99.99829723792821
371,157,gap,S,4699.911763151,strong,1.1447166264578545,3524.93382236325,gap: k × gap,,4690.069486769153
372,158,pinned,S,0.0,unknown,,1320.0,pinned: floor,,4587.653758211606
373,159,gap,S,4599.913640530766,rolled,0.3984939012331908,1724.9676151990375,gap: k × gap,,5887.5104834432705
374,160,pinned,S,0.0,rolled,0.48165141905884173,880.0,pinned: floor,,6490.776530461428
375,161,gap,S,2799.947433366553,rolled,0.48165141905884173,1049.9802875124574,gap: k × gap,,3897.2200484028385
376,162,pinned,S,0.0,rolled,0.6263776565984297,880.0,pinned: floor,,14780.229054463953
377,163,gap,S,4199.9211500498295,unknown,0.7512154592873678,2362.455646903029,gap: k × gap,,4685.746921984795
378,164,pinned,S,0.0,strong,0.9644718108384148,1760.0,pinned: floor,"pinned edge, strong wells: edge not explained by performance; what stops it?",1794.0919508793065
379,165,gap,S,3799.9286595688936,rolled,0.6263776565984297,1424.973247338335,gap: k × gap,,4888.554760614648
380,166,pinned,S,0.0,rolled,0.49132172023369497,880.0,pinned: floor,,12085.58560963995
381,167,gap,S,2099.9605750249148,rolled,0.3562657838689603,880.0,gap: k × gap,,2499.5474168148194
382,168,pinned,S,0.0,rolled,0.3562657838689603,880.0,pinned: floor,,3986.994516270008
383,169,gap,S,7499.859196517553,rolled,0.3935245987455745,2812.4471986940825,gap: k × gap,,7687.619490722218
384,170,pinned,S,0.0,strong,1.1479708111964897,1760.0,pinned: floor,"pinned edge, strong wells: edge not explained by performance; what stops it?",4887.855179532251
385,171,gap,S,2199.9586976451487,strong,1.1479708111964897,1760.0,gap: k × gap,,2893.81221671906
386,172,pinned,S,0.0,rolled,0.3954160459658268,880.0,pinned: floor,,3094.0643220719085
387,173,gap,S,3399.9361690879573,strong,1.1412428484809276,2549.952126815968,gap: k × gap,,4289.959674898572
388,174,pinned,S,0.0,unknown,0.7683294472233771,1320.0,pinned: floor,,2986.5585545817007
389,175,pinned,S,0.0,strong,0.9557203359895746,1760.0,pinned: floor,"pinned edge, strong wells: edge not explained by performance; what stops it?",2093.497160263544
390,176,gap,S,2299.956820265383,unknown,0.706246347433902,1320.0,gap: k × gap,,2692.065154496507
391,177,pinned,S,0.0,strong,0.9413092166396845,1760.0,pinned: floor,"pinned edge, strong wells: edge not explained by performance; what stops it?",2992.9289638984337
392,178,pinned,S,0.0,strong,0.9268980972897943,1760.0,pinned: floor,"pinned edge, strong wells: edge not explained by performance; what stops it?",1797.956505247675
393,179,gap,S,1799.9662071642128,strong,0.9268980972897943,1760.0,gap: k × gap,,1699.389117516893
394,180,pinned,S,0.0,strong,0.9268980972897943,1760.0,pinned: floor,"pinned edge, strong wells: edge not explained by performance; what stops it?",3589.898713162062
395,181,gap,S,4099.923027429596,strong,0.8705169752141546,3074.9422705721972,gap: k × gap,,4189.564403575773
396,182,pinned,S,0.0,unknown,0.7802811555678668,1320.0,pinned: floor,,3391.2725864457634
397,184,pinned,S,0.0,unknown,0.7802811555678668,1320.0,pinned: floor,,2589.4789911602097
398,185,gap,S,4799.909885771234,rolled,0.690045335921579,1799.9662071642128,gap: k × gap,,5793.0143682735925
399,186,pinned,S,0.0,rolled,0.5671523812914003,880.0,pinned: floor,,2284.1349612939784
400,187,gap,S,6999.8685834163825,unknown,0.8434713860743531,1320.0,gap: pre-2016 beyond -> floor (D5),pre-2016 laterals beyond this gap were not followed up; held to the floor,9092.84174650643
401,188,pinned,S,0.0,unknown,,1320.0,pinned: floor,,15984.899472695748
402,189,gap,S,4499.915517910532,unknown,,2531.202478824674,gap: k × gap,,5185.7341096472
403,190,pinned,S,0.0,rolled,0.22103247541362597,880.0,pinned: floor,,3080.0920926737786
404,191,gap,S,3399.9361690879573,rolled,0.22103247541362597,1274.976063407984,gap: k × gap,,4192.336004079099
405,192,pinned,S,0.0,rolled,0.22103247541362597,880.0,pinned: floor,,6976.280556090635
406,193,gap,S,4099.923027429596,rolled,0.22103247541362597,1537.4711352860986,gap: k × gap,,5087.176215758679
407,194,pinned,S,0.0,unknown,,1320.0,pinned: floor,,15782.171131070452
408,195,gap,S,4299.919272670064,strong,1.154797951061167,3224.939454502548,gap: k × gap,,4089.456187269189
409,196,pinned,S,0.0,strong,1.154797951061167,1760.0,pinned: floor,"pinned edge, strong wells: edge not explained by performance; what stops it?",11182.478483864144
410,197,gap,S,4599.913640530766,strong,1.0303809469085772,3449.935230398075,gap: k × gap,,5187.045532657687
411,198,pinned,S,0.0,strong,0.9743082821532935,1760.0,pinned: floor,"pinned edge, strong wells: edge not explained by performance; what stops it?",2588.0200816070164
412,199,gap,S,499.9906131011702,strong,0.9743082821532935,1760.0,gap: k × gap,,499.99148618845356
413,200,pinned,S,0.0,strong,0.9743082821532935,1760.0,pinned: floor,"pinned edge, strong wells: edge not explained by performance; what stops it?",5791.159267476534
414,201,gap,S,7399.861073897319,strong,1.2611733884697298,5549.89580542299,gap: k × gap,,3582.0786729403676
415,202,pinned,S,0.0,strong,1.2611733884697298,1760.0,pinned: floor,"pinned edge, strong wells: edge not explained by performance; what stops it?",199.99659447571122
416,201,gap,S,7399.861073897319,strong,1.2611733884697298,5549.89580542299,gap: k × gap,,299.9948917123379
417,202,pinned,S,0.0,strong,1.2611733884697298,1760.0,pinned: floor,"pinned edge, strong wells: edge not explained by performance; what stops it?",99.99829723811622
418,201,gap,S,7399.861073897319,strong,1.2611733884697298,5549.89580542299,gap: k × gap,,199.99659447518997
419,202,pinned,S,0.0,strong,1.2611733884697298,1760.0,pinned: floor,"pinned edge, strong wells: edge not explained by performance; what stops it?",199.99659447571122
420,201,gap,S,7399.861073897319,strong,1.2611733884697298,5549.89580542299,gap: k × gap,,199.99659447518997
421,202,pinned,S,0.0,strong,1.2611733884697298,1760.0,pinned: floor,"pinned edge, strong wells: edge not explained by performance; what stops it?",199.99659447571122
422,201,gap,S,7399.861073897319,strong,1.2611733884697298,5549.89580542299,gap: k × gap,,199.99659447518997
423,202,pinned,S,0.0,strong,1.2611733884697298,1760.0,pinned: floor,"pinned edge, strong wells: edge not explained by performance; what stops it?",199.99659447526415
424,201,gap,S,7399.861073897319,strong,1.2611733884697298,5549.89580542299,gap: k × gap,,199.99659447518997
425,202,pinned,S,0.0,strong,1.2611733884697298,1760.0,pinned: floor,"pinned edge, strong wells: edge not explained by performance; what stops it?",199.99659447571122
426,201,gap,S,7399.861073897319,strong,1.2611733884697298,5549.89580542299,gap: k × gap,,199.06529533161284
427,202,pinned,S,0.0,strong,1.2611733884697298,1760.0,pinned: floor,"pinned edge, strong wells: edge not explained by performance; what stops it?",7980.55236054797
428,203,gap,S,8699.836667960362,strong,1.2611733884697298,6524.877500970271,gap: k × gap,,399.985573811353
429,202,pinned,S,0.0,strong,1.2611733884697298,1760.0,pinned: floor,"pinned edge, strong wells: edge not explained by performance; what stops it?",99.99829723655122
430,203,gap,S,8699.836667960362,strong,1.2611733884697298,6524.877500970271,gap: k × gap,,299.994891714061
431,202,pinned,S,0.0,strong,1.2611733884697298,1760.0,pinned: floor,"pinned edge, strong wells: edge not explained by performance; what stops it?",99.99829723655122
432,203,gap,S,8699.836667960362,strong,1.2611733884697298,6524.877500970271,gap: k × gap,,299.994891714061
433,202,pinned,S,0.0,strong,1.2611733884697298,1760.0,pinned: floor,"pinned edge, strong wells: edge not explained by performance; what stops it?",199.99659447457157
434,203,gap,S,8699.836667960362,strong,1.2611733884697298,6524.877500970271,gap: k × gap,,199.99659447604066
435,202,pinned,S,0.0,strong,1.2611733884697298,1760.0,pinned: floor,"pinned edge, strong wells: edge not explained by performance; what stops it?",199.63636003833804
436,203,gap,S,8699.836667960362,strong,1.2611733884697298,6524.877500970271,gap: k × gap,,896.3789615276046
437,204,pinned,S,0.0,unknown,,1320.0,pinned: floor,,299.99489171307863
438,203,gap,S,8699.836667960362,strong,1.2611733884697298,6524.877500970271,gap: k × gap,,599.9897834258874
439,204,pinned,S,0.0,unknown,,1320.0,pinned: floor,,299.9948917135353
440,203,gap,S,8699.836667960362,strong,1.2611733884697298,6524.877500970271,gap: k × gap,,499.99148618816344
441,204,pinned,S,0.0,unknown,,1320.0,pinned: floor,,399.99318895125936
442,203,gap,S,8699.836667960362,strong,1.2611733884697298,6524.877500970271,gap: k × gap,,499.9914861877067
443,204,pinned,S,0.0,unknown,,1320.0,pinned: floor,,299.9948917135353
444,203,gap,S,8699.836667960362,strong,1.2611733884697298,6524.877500970271,gap: k × gap,,499.9914861881633
445,204,pinned,S,0.0,unknown,,1320.0,pinned: floor,,399.9931889508026
446,203,gap,S,8699.836667960362,strong,1.2611733884697298,6524.877500970271,gap: k × gap,,499.9914861886201
447,204,pinned,S,0.0,unknown,,1320.0,pinned: floor,,4482.037374797913
448,205,gap,S,5899.889234593808,unknown,,3318.6876944590176,gap: k × gap,,6589.706653237461
449,206,pinned,S,0.0,unknown,,1320.0,pinned: floor,,16380.495342593378
450,207,gap,S,3199.9399238474894,unknown,,1799.9662071642128,gap: k × gap,,3888.2274691199923
451,208,pinned,S,0.0,rolled,0.4136676921171626,880.0,pinned: floor,,4788.468660971434
452,209,gap,S,1399.9737166832765,rolled,0.4136676921171626,880.0,gap: k × gap,,1399.9761613271442
453,210,pinned,S,0.0,rolled,0.4136676921171626,880.0,pinned: floor,,3591.593513942888
454,211,gap,S,4299.919272670064,rolled,0.5845727393016549,1612.469727251274,gap: k × gap,,5385.510483099499
455,212,pinned,S,0.0,rolled,0.5155164378116394,880.0,pinned: floor,,3282.5709040749994
456,213,gap,SE,7199.864828656851,rolled,0.5155164378116394,2699.9493107463195,gap: k × gap,,7288.8693373481
457,214,pinned,SE,0.0,rolled,0.246914586772003,880.0,pinned: floor,,15090.048991237909
458,215,gap,SE,1099.9793488225744,rolled,0.246914586772003,880.0,gap: k × gap,,1099.981269614515
459,216,pinned,SE,0.0,rolled,0.310162600640231,880.0,pinned: floor,,8690.99289749753
460,217,gap,SE,5999.887357214043,rolled,0.4440590988544746,2249.957758955266,gap: k × gap,,7386.693725297122
461,218,pinned,SE,0.0,rolled,0.43089020550383567,880.0,pinned: floor,,14685.094214332594
462,219,gap,SE,6199.883602454511,rolled,0.36085766894200827,2324.9563509204418,gap: k × gap,,6889.342848722061
463,220,pinned,SE,0.0,rolled,0.40571100473522304,880.0,pinned: floor,,18174.791181875316
464,221,gap,SE,2899.9455559867874,rolled,0.5169517828578005,1087.4795834950453,gap: k × gap,,3595.667081480535
465,222,pinned,SE,0.0,rolled,0.5169517828578005,880.0,pinned: floor,,7791.913593504851
466,223,gap,SE,5499.8967441128725,rolled,0.5381789369343691,2062.461279042327,gap: k × gap,,6986.909715700742
467,224,pinned,SE,0.0,rolled,0.5381789369343691,880.0,pinned: floor,,3385.1399884743787
468,225,gap,SE,5199.90237625217,rolled,0.5381789369343691,1949.9633910945638,gap: k × gap,,6686.781937105549
469,226,pinned,SE,0.0,rolled,0.5403359438575075,880.0,pinned: floor,,4186.087181787955
470,227,pinned,SE,0.0,rolled,0.5403359438575075,880.0,pinned: floor,,799.9863779010955
471,228,pinned,SE,0.0,rolled,0.5403359438575075,880.0,pinned: floor,,499.8336614911841
472,229,pinned,SE,0.0,rolled,0.5403359438575075,880.0,pinned: floor,,3088.8165755349846
473,230,gap,SE,5199.90237625217,rolled,0.5695941475747511,1949.9633910945638,gap: k × gap,,6684.080121933276
474,231,pinned,SE,0.0,rolled,0.5695941475747511,880.0,pinned: floor,,8877.944673398142
475,232,gap,SE,7099.866706036617,rolled,0.6165672239803099,2662.4500147637314,gap: k × gap,,7287.7846079553765
476,233,pinned,SE,0.0,rolled,0.5105614184277073,880.0,pinned: floor,,3789.780142836197
477,234,pinned,SE,0.0,rolled,0.513489069534595,880.0,pinned: floor,,1496.5465578155704
478,235,gap,SE,1299.9755940630425,rolled,0.513489069534595,880.0,gap: k × gap,,1299.977864090267
479,236,pinned,SE,0.0,rolled,0.513489069534595,880.0,pinned: floor,,1897.0684984288032
480,237,pinned,SE,0.0,rolled,0.513489069534595,880.0,pinned: floor,,2692.2190008161547
481,238,gap,SE,3499.9342917081913,rolled,0.5164167206414827,1312.4753593905716,gap: k × gap,,4395.975244142555
482,239,pinned,SE,0.0,unknown,0.7845167023190333,1320.0,pinned: floor,,4989.514475159624
483,240,gap,SE,4999.906131011702,unknown,0.7845167023190333,2812.4471986940825,gap: k × gap,,5089.996288578074
484,241,pinned,SE,0.0,unknown,0.7845167023190333,1320.0,pinned: floor,,7877.640435206866
485,242,gap,SE,5099.904253631936,unknown,0.7217022487795539,2868.6961426679636,gap: k × gap,,5186.345894967611
486,243,pinned,SE,0.0,rolled,0.6588877952400745,880.0,pinned: floor,,9789.203258095313
487,244,gap,SE,5699.89298935334,rolled,0.6588877952400745,2137.4598710075024,gap: k × gap,,4188.483253262095
488,267,gap,SE,4599.913640530766,rolled,0.5940110609965873,1724.9676151990375,gap: k × gap,,1988.132748106634
489,268,pinned,SE,0.0,rolled,0.45161111837202744,880.0,pinned: floor,,1390.935031101768
490,269,pinned,SE,0.0,rolled,0.45161111837202744,880.0,pinned: floor,,899.3215712303005
491,270,pinned,SE,0.0,rolled,0.45161111837202744,880.0,pinned: floor,,1097.566537015463
492,271,pinned,SE,0.0,rolled,0.45161111837202744,880.0,pinned: floor,,799.2216514852405
493,272,pinned,SE,0.0,rolled,0.45161111837202744,880.0,pinned: floor,,897.8388414036237
494,273,pinned,SE,0.0,rolled,0.45161111837202744,880.0,pinned: floor,,7187.53314357574
495,274,gap,SE,5299.900498872405,rolled,0.6868479602356529,1987.4626870771517,gap: k × gap,,6785.633401627015
496,275,pinned,SE,0.0,rolled,0.695961221305826,880.0,pinned: floor,,1092.6593653222112
497,276,pinned,SE,0.0,rolled,0.695961221305826,880.0,pinned: floor,,1096.6944366124512
498,277,pinned,SE,0.0,unknown,0.7745657405132933,1320.0,pinned: floor,,996.1133271276559
499,278,pinned,SE,0.0,unknown,0.7775083286509341,1320.0,pinned: floor,,899.3835527183461
500,279,pinned,SE,0.0,unknown,0.7804509167885749,1320.0,pinned: floor,,1796.2985795967213
501,280,gap,SE,999.9812262023404,unknown,0.7804509167885749,1320.0,gap: k × gap,,999.9829723773985
502,281,pinned,SE,0.0,unknown,0.730259676051489,1320.0,pinned: floor,,9796.90192172514
503,282,gap,SE,3099.9418012272554,rolled,0.6330509551973957,1162.4781754602209,gap: k × gap,,4192.907978871013
504,283,pinned,SE,0.0,rolled,0.6330509551973957,880.0,pinned: floor,,4089.7820606035025
505,284,gap,SE,2499.953065505851,rolled,0.586033475080388,937.4823995646941,gap: k × gap,,3098.480235670891
506,285,pinned,SE,0.0,rolled,0.586033475080388,880.0,pinned: floor,,3189.0259866384426
507,286,gap,SE,3399.9361690879573,rolled,0.6569632819495053,1274.976063407984,gap: k × gap,,4296.520925021003
508,287,pinned,SE,0.0,unknown,0.7278930888186225,1320.0,pinned: floor,,7898.810047789827
509,288,gap,SE,1099.9793488225744,unknown,0.7278930888186225,1320.0,gap: k × gap,,1099.9812696161305
510,289,pinned,SE,0.0,unknown,0.7278930888186225,1320.0,pinned: floor,,3492.571622364896
511,290,gap,SE,2899.9455559867874,unknown,,1631.2193752425678,gap: k × gap,,3294.9839792032612
512,291,pinned,SE,0.0,unknown,,1320.0,pinned: floor,,2494.6107800147965
513,292,pinned,SE,0.0,unknown,,1320.0,pinned: floor,,1991.5407718840324
514,293,gap,SE,5399.898621492638,unknown,0.7305189929316193,3037.442974589609,gap: k × gap,,5189.593095224444
515,294,pinned,SE,0.0,rolled,0.5927677752015093,880.0,pinned: floor,,11383.412573522384
516,295,pinned,SE,0.0,unknown,0.7591815957796041,1320.0,pinned: floor,,13291.798777988412
517,296,gap,SE,3399.9361690879573,unknown,0.7591815957796041,1912.464095111976,gap: k × gap,,3995.9345138500407
518,297,pinned,SE,0.0,strong,0.8530627363871397,1760.0,pinned: floor,"pinned edge, strong wells: edge not explained by performance; what stops it?",8395.382230676341
519,298,pinned,SE,0.0,strong,0.8530627363871397,1760.0,pinned: floor,"pinned edge, strong wells: edge not explained by performance; what stops it?",299.9948917130928
520,299,pinned,SE,0.0,strong,0.8530627363871397,1760.0,pinned: floor,"pinned edge, strong wells: edge not explained by performance; what stops it?",1897.9523248569215
521,300,gap,SE,1199.9774714428086,unknown,0.8343946937431391,1320.0,gap: k × gap,,1395.7878925209134
522,301,pinned,SE,0.0,unknown,0.8343946937431391,1320.0,pinned: floor,,2688.8760979252374
523,302,gap,SE,4399.9173952902975,strong,0.8530627363871397,3299.9380464677233,gap: k × gap,,4088.9811786476616
524,303,pinned,SE,0.0,strong,1.1013891373819458,1760.0,pinned: floor,"pinned edge, strong wells: edge not explained by performance; what stops it?",10888.018997579538
525,304,gap,SE,1099.9793488225744,strong,1.1013891373819458,1760.0,gap: k × gap,,1099.9812696138647
526,305,pinned,SE,0.0,strong,1.0668638507517927,1760.0,pinned: floor,"pinned edge, strong wells: edge not explained by performance; what stops it?",2097.0128509380447
527,306,gap,SE,2099.9605750249148,strong,1.0954497981901368,1760.0,gap: k × gap,,2399.5261641561124
528,307,pinned,SE,0.0,strong,1.0551616807352213,1760.0,pinned: floor,"pinned edge, strong wells: edge not explained by performance; what stops it?",1589.771294284604
529,308,gap,SE,4099.923027429596,strong,0.9296586434666323,3074.9422705721972,gap: k × gap,,4586.0446675702915
530,309,pinned,SE,0.0,strong,0.8588882308111987,1760.0,pinned: floor,"pinned edge, strong wells: edge not explained by performance; what stops it?",7983.711212265388
531,310,gap,SE,899.9831035821064,unknown,0.7881178181557652,1320.0,gap: k × gap,,992.7962852822836
532,311,pinned,SE,0.0,unknown,0.7881178181557652,1320.0,pinned: floor,,1697.7246332371587
533,312,gap,SE,299.99436786070214,unknown,0.7881178181557652,1320.0,gap: k × gap,,396.31308466230354
534,313,pinned,SE,0.0,strong,0.8588882308111987,1760.0,pinned: floor,"pinned edge, strong wells: edge not explained by performance; what stops it?",1392.0907392010188
535,314,gap,SE,499.9906131011702,unknown,0.7881178181557652,1320.0,gap: k × gap,,594.2834799691823
536,315,pinned,SE,0.0,unknown,0.7002445280628579,1320.0,pinned: floor,,1897.595033685361
537,316,gap,SE,699.9868583416383,unknown,0.7658761975649419,1320.0,gap: k × gap,,296.0887609642026
538,317,pinned,SE,0.0,rolled,0.5577111927494084,880.0,pinned: floor,,3481.3632465334367
539,318,gap,SE,4399.9173952902975,rolled,0.6310989245166673,1649.9690232338617,gap: k × gap,,5789.573496417566
540,319,pinned,SE,0.0,rolled,0.6446556227582507,880.0,pinned: floor,,791.3445787145208
541,320,gap,SE,399.99249048093617,rolled,0.6446556227582507,880.0,gap: k × gap,,99.99829723739242
542,321,pinned,SE,0.0,rolled,0.6446556227582507,880.0,pinned: floor,,1790.3250165775926
543,322,gap,SE,4399.9173952902975,rolled,0.6861259436669058,1649.9690232338617,gap: k × gap,,5392.2349713318
544,323,pinned,SE,0.0,strong,1.2532716349807658,1760.0,pinned: floor,"pinned edge, strong wells: edge not explained by performance; what stops it?",3995.4754912548506
545,324,gap,SE,799.9849809618723,strong,1.2532716349807658,1760.0,gap: k × gap,,799.9863779022426
546,325,pinned,SE,0.0,strong,1.2532716349807658,1760.0,pinned: floor,"pinned edge, strong wells: edge not explained by performance; what stops it?",2593.9844061715526
547,326,gap,SE,3399.9361690879573,rolled,0.5114393903285409,1274.976063407984,gap: k × gap,,4392.048313732206
548,327,pinned,SE,0.0,rolled,0.45729618381650344,880.0,pinned: floor,,2189.0492614680497
549,328,gap,SE,4099.923027429596,rolled,0.48603651943004167,1537.4711352860986,gap: k × gap,,4989.303064684229
550,329,pinned,SE,0.0,rolled,0.48603651943004167,880.0,pinned: floor,,6579.760838348038
551,330,gap,SE,5399.898621492638,unknown,0.7997512589940695,3037.442974589609,gap: k × gap,,5189.125968839356
552,331,pinned,SE,0.0,strong,0.9714373566026197,1760.0,pinned: floor,"pinned edge, strong wells: edge not explained by performance; what stops it?",13881.845426006017
553,332,gap,SE,8899.83291320083,strong,0.8818240502410452,6674.874684900622,gap: k × gap,,1699.931617083063
554,331,pinned,SE,0.0,strong,0.9714373566026197,1760.0,pinned: floor,"pinned edge, strong wells: edge not explained by performance; what stops it?",2499.4470657330185
555,332,gap,SE,8899.83291320083,strong,0.8818240502410452,6674.874684900622,gap: k × gap,,694.4778869739933
556,333,pinned,SE,0.0,strong,0.8788320961151923,1760.0,pinned: floor,"pinned edge, strong wells: edge not explained by performance; what stops it?",5486.53040721189
557,334,pinned,SE,0.0,unknown,0.8401248710521211,1320.0,pinned: floor,,10392.93743071254
558,335,gap,SE,1599.9699619237447,rolled,0.6857342958948175,880.0,gap: k × gap,,1488.0078707443263
559,336,pinned,E,0.0,unknown,0.7383249193544236,1320.0,pinned: floor,,14886.422458436644
560,337,gap,E,5399.898621492638,rolled,0.6163878295847383,2024.9619830597394,gap: k × gap,,6385.4567697563225
561,338,pinned,E,0.0,rolled,0.3461657713138286,880.0,pinned: floor,,4792.500881153328
562,339,gap,E,299.99436786070214,rolled,0.3461657713138286,880.0,gap: k × gap,,399.99318894966575
563,340,pinned,E,0.0,rolled,0.3461657713138286,880.0,pinned: floor,,4091.051262332818
564,341,gap,E,1699.9680845439786,rolled,0.3461657713138286,880.0,gap: k × gap,,2299.4749021433963
565,342,pinned,E,0.0,rolled,0.6676032780472231,880.0,pinned: floor,,5190.231872203964
566,343,gap,E,5499.8967441128725,unknown,0.8222444199595451,3093.6919185634906,gap: k × gap,,5290.131145557949
567,344,pinned,E,0.0,unknown,0.7782029972695375,1320.0,pinned: floor,,2984.421084683376
568,345,gap,E,199.99624524046808,unknown,0.7782029972695375,1320.0,gap: k × gap,,398.0223982524522
569,346,pinned,E,0.0,strong,0.8662858426495529,1760.0,pinned: floor,"pinned edge, strong wells: edge not explained by performance; what stops it?",2194.0386830083676
570,347,gap,E,1699.9680845439786,unknown,0.8222444199595451,1320.0,gap: k × gap,,1989.8033076015836
571,348,pinned,E,0.0,strong,0.8957993505830882,1760.0,pinned: floor,"pinned edge, strong wells: edge not explained by performance; what stops it?",2090.074965508788
572,349,pinned,E,0.0,unknown,0.7401589994578515,1320.0,pinned: floor,,5195.70828307385
573,350,gap,E,2299.956820265383,unknown,0.816631053185417,1320.0,gap: k × gap,,2699.6839598915735
574,351,pinned,E,0.0,unknown,0.7273827279782606,1320.0,pinned: floor,,12094.175036401359
575,352,gap,E,1199.9774714428086,rolled,0.6465918499479779,880.0,gap: k × gap,,1293.9439944233802
576,353,pinned,E,0.0,rolled,0.6068769490929803,880.0,pinned: floor,,14486.497240528444
577,354,gap,E,5299.900498872405,rolled,0.6584103293764408,1987.4626870771517,gap: k × gap,,6685.532078730032
578,355,pinned,E,0.0,rolled,0.6544469775854199,880.0,pinned: floor,,4293.8167613622145
579,356,gap,E,1899.9643297844468,rolled,0.6584103293764408,880.0,gap: k × gap,,2195.82039061006
580,357,pinned,E,0.0,unknown,0.7076499383425326,1320.0,pinned: floor,,7790.201185819338
581,358,gap,E,2599.951188126085,strong,1.070279536219788,1949.9633910945638,gap: k × gap,,3190.1604739693057
582,359,pinned,E,0.0,strong,0.9739884914584442,1760.0,pinned: floor,"pinned edge, strong wells: edge not explained by performance; what stops it?",8996.151329018761
583,360,gap,E,1699.9680845439786,strong,1.070279536219788,1760.0,gap: k × gap,,1999.646410532949
584,361,pinned,E,0.0,strong,1.070279536219788,1760.0,pinned: floor,"pinned edge, strong wells: edge not explained by performance; what stops it?",3396.7320556964773
585,362,gap,E,1299.9755940630425,strong,0.9992787567206802,1760.0,gap: k × gap,,1299.8750660571095
586,363,pinned,E,0.0,strong,0.9282779772215723,1760.0,pinned: floor,"pinned edge, strong wells: edge not explained by performance; what stops it?",11893.345273254512
587,364,gap,E,6899.870460796149,strong,0.8827744222442397,5174.902845597112,gap: k × gap,,5781.115500013042
588,365,pinned,E,0.0,unknown,0.7698481713927643,1320.0,pinned: floor,,299.9948917126051
589,364,gap,E,6899.870460796149,strong,0.8827744222442397,5174.902845597112,gap: k × gap,,399.9931889513138
590,365,pinned,E,0.0,unknown,0.7698481713927643,1320.0,pinned: floor,,199.99659447488796
591,364,gap,E,6899.870460796149,strong,0.8827744222442397,5174.902845597112,gap: k × gap,,399.9931889513138
592,365,pinned,E,0.0,unknown,0.7698481713927643,1320.0,pinned: floor,,199.99659447488796
593,364,gap,E,6899.870460796149,strong,0.8827744222442397,5174.902845597112,gap: k × gap,,199.16920950241303
594,365,pinned,E,0.0,unknown,0.7698481713927643,1320.0,pinned: floor,,15487.602400127429
595,366,pinned,E,0.0,unknown,0.7698481713927643,1320.0,pinned: floor,,2988.708343656001
596,367,gap,E,5999.887357214043,unknown,0.8220564222453086,3374.9366384328987,gap: k × gap,,5389.136448858896
597,368,pinned,NE,0.0,unknown,0.7376178285819743,1320.0,pinned: floor,,4387.688338609933
598,369,gap,NE,2699.949310746319,unknown,0.7376178285819743,1518.7214872948045,gap: k × gap,,3388.5459314383443
599,370,pinned,NE,0.0,rolled,0.5211295251749549,880.0,pinned: floor,,2888.7158887845826
600,371,gap,NE,2099.9605750249148,rolled,0.5211295251749549,880.0,gap: k × gap,,2399.3979226782344
601,372,pinned,NE,0.0,rolled,0.5211295251749549,880.0,pinned: floor,,2795.3920398805994
602,373,gap,NE,7199.864828656851,rolled,0.5211295251749549,2699.9493107463195,gap: k × gap,,7886.801519038312
603,374,pinned,NE,0.0,rolled,0.4993297849910042,880.0,pinned: floor,,3087.9012768019043
604,375,gap,NE,3199.9399238474894,rolled,0.4993297849910042,1199.9774714428086,gap: k × gap,,4292.073296751503
605,376,pinned,NE,0.0,rolled,0.37928492951842313,880.0,pinned: floor,,9987.650542747364
606,378,pinned,NE,0.0,rolled,0.37928492951842313,880.0,pinned: floor,,99.99829723894374
607,379,pinned,NE,0.0,rolled,0.37928492951842313,880.0,pinned: floor,,11194.938507993029
608,380,gap,NE,4399.9173952902975,rolled,0.25734263766460286,1649.9690232338617,gap: k × gap,,390.6836048827664
609,-1,hole,,,,,880.0,hole: tightest floor,hole in the drilled body: geology hole or surface? (fill / keep),13089.23671058722
610,373,gap,NE,7199.864828656851,rolled,0.5211295251749549,2699.9493107463195,gap: k × gap,,399.7028039965465
611,-1,hole,,,,,880.0,hole: tightest floor,hole in the drilled body: geology hole or surface? (fill / keep),101345.20386036459
612,381,pinned,NE,0.0,rolled,0.25544520128336373,880.0,pinned: floor,,2788.783920307543
613,382,gap,NE,6199.883602454511,rolled,0.3267379524758372,2324.9563509204418,gap: k × gap,,7387.371001952841
614,383,pinned,NE,0.0,rolled,0.3980307036683106,880.0,pinned: floor,,15876.335911535207
615,384,gap,NE,3099.9418012272554,rolled,0.5393378552658726,1162.4781754602209,gap: k × gap,,3794.835548777736
616,385,pinned,NE,0.0,rolled,0.5393378552658726,880.0,pinned: floor,,1994.1777584123504
617,386,gap,NE,2199.9586976451487,rolled,0.6806450068634348,880.0,gap: k × gap,,2799.6128345816524
618,387,pinned,NE,0.0,rolled,0.3487370219481282,880.0,pinned: floor,,3194.028468488014
619,388,gap,NE,1499.9718393035107,rolled,0.3487370219481282,880.0,gap: k × gap,,1499.974458565275
620,389,pinned,NE,0.0,rolled,0.01682903703282165,880.0,pinned: floor,,3194.220588342279
621,390,gap,NE,2699.949310746319,unknown,,1518.7214872948045,gap: k × gap,,3292.97290038496
622,391,pinned,NE,0.0,unknown,,1320.0,pinned: floor,,3493.994496774997
623,392,gap,NE,599.9887357214043,unknown,,1320.0,gap: k × gap,,599.9897834260427
624,393,pinned,NE,0.0,unknown,,1320.0,pinned: floor,,18578.628693665683
625,394,gap,NE,9199.827281061533,strong,0.9516193891886785,6899.87046079615,gap: k × gap,,4195.905642076792
626,395,pinned,NE,0.0,strong,0.9331335274526366,1760.0,pinned: floor,"pinned edge, strong wells: edge not explained by performance; what stops it?",4380.751112901842
627,396,gap,NE,3999.9249048093616,strong,0.9146476657165945,2999.943678607021,gap: k × gap,,4388.2899677043815
628,397,pinned,NE,0.0,rolled,0.6427800524204734,880.0,pinned: floor,,3494.2954823835767
629,398,gap,NE,1999.9624524046808,rolled,0.6427800524204734,880.0,gap: k × gap,,2594.7688516999037
630,399,pinned,NE,0.0,unknown,0.747218246840803,1320.0,pinned: floor,,12387.258326318719
631,400,gap,NE,1499.9718393035107,strong,0.8777286463911615,1760.0,gap: k × gap,,1798.4828592937538
632,401,pinned,NE,0.0,strong,0.8777286463911615,1760.0,pinned: floor,"pinned edge, strong wells: edge not explained by performance; what stops it?",2591.9341551711564
633,402,gap,NE,4699.911763151,unknown,0.8314796732045178,2643.7003667724375,gap: k × gap,,5189.272364580014
634,403,pinned,NE,0.0,unknown,0.7900736032956578,1320.0,pinned: floor,,8086.638602278806
635,404,pinned,NE,0.0,unknown,0.7900736032956578,1320.0,pinned: floor,,1591.6878095907355
636,405,gap,NE,4599.913640530766,unknown,0.8273564443225758,2587.4514227985565,gap: k × gap,,5287.084036282704
637,406,pinned,NE,0.0,strong,0.8688304172099606,1760.0,pinned: floor,"pinned edge, strong wells: edge not explained by performance; what stops it?",3085.6386615224515
638,407,gap,NE,3099.9418012272554,strong,0.9050496750976164,2324.9563509204418,gap: k × gap,,3290.713280087816
639,408,pinned,NE,0.0,strong,0.9050496750976164,1760.0,pinned: floor,"pinned edge, strong wells: edge not explained by performance; what stops it?",4180.891865252225
640,409,gap,NE,4599.913640530766,strong,0.8869400461537884,3449.935230398075,gap: k × gap,,4586.052532999311
641,410,pinned,NE,0.0,rolled,0.6853622156332446,880.0,pinned: floor,,99.99829723738735
642,409,gap,NE,4599.913640530766,strong,0.8869400461537884,3449.935230398075,gap: k × gap,,99.99829723760088
643,410,pinned,NE,0.0,rolled,0.6853622156332446,880.0,pinned: floor,,99.99829723784994
644,409,gap,NE,4599.913640530766,strong,0.8869400461537884,3449.935230398075,gap: k × gap,,99.99829723806347
645,410,pinned,NE,0.0,rolled,0.6853622156332446,880.0,pinned: floor,,199.9965944747747
646,409,gap,NE,4599.913640530766,strong,0.8869400461537884,3449.935230398075,gap: k × gap,,99.99829723806347
647,410,pinned,NE,0.0,rolled,0.6853622156332446,880.0,pinned: floor,,99.99829723738735
648,409,gap,NE,4599.913640530766,strong,0.8869400461537884,3449.935230398075,gap: k × gap,,99.99829723806347
649,410,pinned,NE,0.0,rolled,0.6853622156332446,880.0,pinned: floor,,199.9965944747747
650,409,gap,NE,4599.913640530766,strong,0.8869400461537884,3449.935230398075,gap: k × gap,,99.99829723806347
651,410,pinned,NE,0.0,rolled,0.6853622156332446,880.0,pinned: floor,,99.99829723784994
652,409,gap,NE,4599.913640530766,strong,0.8869400461537884,3449.935230398075,gap: k × gap,,99.99829723760088
653,410,pinned,NE,0.0,rolled,0.6853622156332446,880.0,pinned: floor,,11285.757600802222
654,411,pinned,NE,0.0,rolled,0.6853622156332446,880.0,pinned: floor,,798.5724347805857
655,412,pinned,NE,0.0,rolled,0.6853622156332446,880.0,pinned: floor,,898.0415879320378
656,413,pinned,NE,0.0,rolled,0.6853622156332446,880.0,pinned: floor,,1597.1191802728029
657,415,pinned,NE,0.0,rolled,0.6853622156332446,880.0,pinned: floor,,5590.95953695186
658,416,gap,NE,4699.911763151,rolled,0.6853622156332446,1762.466911181625,gap: k × gap,,5788.077910842102
659,417,pinned,NE,0.0,unknown,,1320.0,pinned: floor,,1986.6970670825797
660,418,gap,NE,2699.949310746319,unknown,,1518.7214872948045,gap: k × gap,,3097.822310100263
661,419,pinned,N,0.0,unknown,,1320.0,pinned: floor,,2694.785046339951
662,420,gap,N,699.9868583416383,unknown,,1320.0,gap: k × gap,,699.9880806642811
663,421,pinned,N,0.0,unknown,,1320.0,pinned: floor,,3693.039391859816
664,422,gap,N,6399.879847694979,unknown,,3599.9324143284257,gap: k × gap,,5289.416128563978
665,423,pinned,N,0.0,unknown,,1320.0,pinned: floor,,7688.559268699411
666,424,gap,N,4699.911763151,strong,0.950508757157129,3524.93382236325,gap: k × gap,,4287.46774467132
667,425,pinned,N,0.0,strong,0.9913926509942559,1760.0,pinned: floor,"pinned edge, strong wells: edge not explained by performance; what stops it?",2492.4253696339892
668,426,gap,N,899.9831035821064,strong,0.9913926509942559,1760.0,gap: k × gap,,899.9846751393566
669,427,pinned,N,0.0,strong,1.0322765448313829,1760.0,pinned: floor,"pinned edge, strong wells: edge not explained by performance; what stops it?",1798.4779635011266
670,428,gap,N,899.9831035821064,strong,0.9913926509942559,1760.0,gap: k × gap,,899.9846751389216
671,429,pinned,N,0.0,strong,0.9913926509942559,1760.0,pinned: floor,"pinned edge, strong wells: edge not explained by performance; what stops it?",3096.125970223339
672,431,pinned,N,0.0,strong,1.0322765448313829,1760.0,pinned: floor,"pinned edge, strong wells: edge not explained by performance; what stops it?",10996.299401828948
673,432,gap,N,1499.9718393035107,strong,1.0322765448313829,1760.0,gap: k × gap,,1699.6297256563516
674,433,pinned,N,0.0,strong,1.0322765448313829,1760.0,pinned: floor,"pinned edge, strong wells: edge not explained by performance; what stops it?",2395.6750235713703
675,434,gap,N,2799.947433366553,strong,1.0322765448313829,2099.9605750249148,gap: k × gap,,3096.7438280464094
676,435,pinned,N,0.0,strong,1.4379832616946546,1760.0,pinned: floor,"pinned edge, strong wells: edge not explained by performance; what stops it?",4389.759458774709
677,436,gap,N,4299.919272670064,strong,1.634691452753766,3224.939454502548,gap: k × gap,,4785.13711615124
678,437,pinned,N,0.0,unknown,,1320.0,pinned: floor,,3186.613805623779
679,438,gap,N,2699.949310746319,unknown,,1518.7214872948045,gap: k × gap,,399.12147492688496
680,439,pinned,N,0.0,unknown,,1320.0,pinned: floor,,1798.4217712665566
681,440,gap,N,2399.954942885617,unknown,,1349.9746553731597,gap: k × gap,,2999.0145371540675
682,441,pinned,N,0.0,unknown,,1320.0,pinned: floor,,4790.8192112933675
683,442,gap,N,8599.838545340128,unknown,,4837.409181753822,gap: k × gap,,7186.598316986976
684,443,pinned,N,0.0,unknown,,1320.0,pinned: floor,,3185.7142920265005
685,444,gap,N,299.99436786070214,unknown,,1320.0,gap: k × gap,,399.99318895206954
686,445,pinned,N,0.0,unknown,,1320.0,pinned: floor,,4894.149978551117
687,446,gap,N,7999.849809618723,strong,0.9710089084146167,1760.0,potash ignore-gap -> floor (D24),"inside the BLM Secretary's Potash Area: surface, not geology; gap not widened",5596.84169494041
688,473,gap,N,5299.900498872405,strong,0.9710089084146167,1760.0,potash ignore-gap -> floor (D24),"inside the BLM Secretary's Potash Area: surface, not geology; gap not widened",1498.4055683950794
689,474,pinned,N,0.0,strong,1.0028656928094963,1760.0,potash ignore-gap -> floor (D24),"pinned edge, strong wells: edge not explained by performance; what stops it?; inside the BLM Secretary's Potash Area: surface, not geology; gap not widened",1499.599720822939
690,475,gap,N,799.9849809618723,strong,1.0028656928094963,1760.0,potash ignore-gap -> floor (D24),"inside the BLM Secretary's Potash Area: surface, not geology; gap not widened",799.9863779013878
691,476,pinned,N,0.0,strong,1.0028656928094963,1760.0,potash ignore-gap -> floor (D24),"pinned edge, strong wells: edge not explained by performance; what stops it?; inside the BLM Secretary's Potash Area: surface, not geology; gap not widened",2098.437147607678
692,477,gap,N,399.99249048093617,strong,1.0028656928094963,1760.0,potash ignore-gap -> floor (D24),"inside the BLM Secretary's Potash Area: surface, not geology; gap not widened",99.99829723805396
693,478,pinned,N,0.0,strong,1.0028656928094963,1760.0,potash ignore-gap -> floor (D24),"pinned edge, strong wells: edge not explained by performance; what stops it?; inside the BLM Secretary's Potash Area: surface, not geology; gap not widened",2597.157159726208
694,479,gap,N,2699.949310746319,strong,1.0028656928094963,1760.0,potash ignore-gap -> floor (D24),"inside the BLM Secretary's Potash Area: surface, not geology; gap not widened",1398.9749240257627
695,480,pinned,N,0.0,strong,1.0028656928094963,1760.0,potash ignore-gap -> floor (D24),"pinned edge, strong wells: edge not explained by performance; what stops it?; inside the BLM Secretary's Potash Area: surface, not geology; gap not widened",13288.461661621906
696,481,gap,N,3199.9399238474894,strong,1.0028656928094963,2399.954942885617,gap: k × gap,,3586.8511800990605
697,482,pinned,N,0.0,strong,1.0028656928094963,1760.0,pinned: floor,"pinned edge, strong wells: edge not explained by performance; what stops it?",3882.3930212252108
698,483,gap,N,7799.853564378255,strong,1.4125477230058285,5849.890173283691,gap: k × gap,,399.96098565055706
699,482,pinned,N,0.0,strong,1.0028656928094963,1760.0,pinned: floor,"pinned edge, strong wells: edge not explained by performance; what stops it?",1799.4214425357839
700,483,gap,N,7799.853564378255,strong,1.4125477230058285,5849.890173283691,gap: k × gap,,3386.6860284431245
701,484,pinned,N,0.0,strong,1.3303959856681722,1760.0,pinned: floor,"pinned edge, strong wells: edge not explained by performance; what stops it?",99.99829723661882
702,483,gap,N,7799.853564378255,strong,1.4125477230058285,5849.890173283691,gap: k × gap,,599.9897834271236
703,484,pinned,N,0.0,strong,1.3303959856681722,1760.0,pinned: floor,"pinned edge, strong wells: edge not explained by performance; what stops it?",99.99829723661882
704,483,gap,N,7799.853564378255,strong,1.4125477230058285,5849.890173283691,gap: k × gap,,99.99829723845025
705,484,pinned,N,0.0,strong,1.3303959856681722,1760.0,pinned: floor,"pinned edge, strong wells: edge not explained by performance; what stops it?",99.99829723670372
706,483,gap,N,7799.853564378255,strong,1.4125477230058285,5849.890173283691,gap: k × gap,,399.9931889519696
707,484,pinned,N,0.0,strong,1.3303959856681722,1760.0,pinned: floor,"pinned edge, strong wells: edge not explained by performance; what stops it?",99.99829723661882
708,483,gap,N,7799.853564378255,strong,1.4125477230058285,5849.890173283691,gap: k × gap,,99.99829723845025
709,484,pinned,N,0.0,strong,1.3303959856681722,1760.0,pinned: floor,"pinned edge, strong wells: edge not explained by performance; what stops it?",99.99829723661882
710,483,gap,N,7799.853564378255,strong,1.4125477230058285,5849.890173283691,gap: k × gap,,99.99829723845025
711,484,pinned,N,0.0,strong,1.3303959856681722,1760.0,pinned: floor,"pinned edge, strong wells: edge not explained by performance; what stops it?",99.99829723853514
712,483,gap,N,7799.853564378255,strong,1.4125477230058285,5849.890173283691,gap: k × gap,,199.2350187100711
713,484,pinned,N,0.0,strong,1.3303959856681722,1760.0,pinned: floor,"pinned edge, strong wells: edge not explained by performance; what stops it?",1592.3129435570663
714,485,gap,N,1299.9755940630425,strong,1.1638257624024495,1760.0,gap: k × gap,,1399.3821717130436
715,486,pinned,N,0.0,strong,1.0794072764743832,1760.0,pinned: floor,"pinned edge, strong wells: edge not explained by performance; what stops it?",1092.654119056851
716,487,gap,N,3999.9249048093616,strong,1.4234625949137296,2999.943678607021,gap: k × gap,,4188.050635684439
717,488,pinned,N,0.0,strong,1.4436403113929963,1760.0,pinned: floor,"pinned edge, strong wells: edge not explained by performance; what stops it?",4190.156716433865
718,489,pinned,N,0.0,strong,1.4529031559643621,1760.0,pinned: floor,"pinned edge, strong wells: edge not explained by performance; what stops it?",998.772878221379
719,490,pinned,N,0.0,strong,1.4529031559643621,1760.0,pinned: floor,"pinned edge, strong wells: edge not explained by performance; what stops it?",3691.003251655444
720,491,gap,N,3899.9267821891276,strong,1.4343774668216305,2924.9450866418456,gap: k × gap,,4786.998786624187
721,492,pinned,N,0.0,strong,1.2326388824833994,1760.0,pinned: floor,"pinned edge, strong wells: edge not explained by performance; what stops it?",7984.456555712077
722,493,gap,N,8499.840422719893,strong,1.0723057522068986,6374.880317039921,gap: k × gap,,4389.902909159314
723,494,pinned,N,0.0,strong,1.2991204468480744,1760.0,pinned: floor,"pinned edge, strong wells: edge not explained by performance; what stops it?",99.99829723777583
724,493,gap,N,8499.840422719893,strong,1.0723057522068986,6374.880317039921,gap: k × gap,,499.9914861879538
725,494,pinned,N,0.0,strong,1.2991204468480744,1760.0,pinned: floor,"pinned edge, strong wells: edge not explained by performance; what stops it?",4880.5639415736805
726,495,gap,N,4499.915517910532,strong,1.3717725860740997,3374.9366384328987,gap: k × gap,,4087.6105535951797
727,496,pinned,N,0.0,strong,1.3738538590701297,1760.0,pinned: floor,"pinned edge, strong wells: edge not explained by performance; what stops it?",5585.918348372964
728,497,gap,N,4499.915517910532,strong,1.2120751852622538,3374.9366384328987,gap: k × gap,,5785.826684553218
729,498,pinned,N,0.0,strong,1.2088118818530023,1760.0,pinned: floor,"pinned edge, strong wells: edge not explained by performance; what stops it?",4384.033053489742
730,499,gap,N,3899.9267821891276,strong,1.04600113858149,2924.9450866418456,gap: k × gap,,4484.266095049154
731,500,pinned,N,0.0,strong,0.9390656930580592,1760.0,potash ignore-gap -> floor (D24),"pinned edge, strong wells: edge not explained by performance; what stops it?; inside the BLM Secretary's Potash Area: surface, not geology; gap not widened",13986.279057013624
732,501,gap,N,4799.909885771234,strong,0.8862738916847448,1760.0,potash ignore-gap -> floor (D24),"inside the BLM Secretary's Potash Area: surface, not geology; gap not widened",5993.969544186312
733,502,pinned,N,0.0,rolled,0.41690322475548747,880.0,potash ignore-gap -> floor (D24),"inside the BLM Secretary's Potash Area: surface, not geology; gap not widened",2188.9435512054474
734,503,gap,N,2899.9455559867874,rolled,0.4395447897133094,880.0,potash ignore-gap -> floor (D24),"inside the BLM Secretary's Potash Area: surface, not geology; gap not widened",3699.0086945268554
735,504,pinned,N,0.0,rolled,0.5338563323855767,880.0,potash ignore-gap -> floor (D24),"inside the BLM Secretary's Potash Area: surface, not geology; gap not widened",2189.3154368143155
736,505,gap,N,8799.834790580595,unknown,0.8143158906623754,1320.0,potash ignore-gap -> floor (D24),"inside the BLM Secretary's Potash Area: surface, not geology; gap not widened",5792.528869679189
737,509,gap,N,6699.874215555681,unknown,0.7521922213574898,1320.0,potash ignore-gap -> floor (D24),"inside the BLM Secretary's Potash Area: surface, not geology; gap not widened",5791.8535335406195
738,510,pinned,N,0.0,rolled,0.678859265728756,880.0,potash ignore-gap -> floor (D24),"inside the BLM Secretary's Potash Area: surface, not geology; gap not widened",10192.645398408435
739,-1,hole,,,,,880.0,hole: tightest floor,hole in the drilled body: geology hole or surface? (fill / keep),40874.058347980004
740,511,gap,N,7099.866706036617,rolled,0.6852426030052001,880.0,potash ignore-gap -> floor (D24),"inside the BLM Secretary's Potash Area: surface, not geology; gap not widened",3798.550675167673
741,512,pinned,N,0.0,rolled,0.6533868963092271,880.0,potash ignore-gap -> floor (D24),"inside the BLM Secretary's Potash Area: surface, not geology; gap not widened",2297.142038896024
742,513,gap,N,1799.9662071642128,rolled,0.6037534607177483,880.0,potash ignore-gap -> floor (D24),"inside the BLM Secretary's Potash Area: surface, not geology; gap not widened",1895.4774393547968
743,514,pinned,N,0.0,unknown,,1320.0,potash ignore-gap -> floor (D24),"inside the BLM Secretary's Potash Area: surface, not geology; gap not widened",4591.745878111347
744,515,gap,N,7999.849809618723,unknown,,1320.0,potash ignore-gap -> floor (D24),"inside the BLM Secretary's Potash Area: surface, not geology; gap not widened",10396.164653990341
745,516,pinned,N,0.0,unknown,,1320.0,pinned: floor,,4591.631388469204
746,517,gap,N,99.99812262023404,unknown,,1320.0,gap: k × gap,,99.99829723680142
747,518,pinned,N,0.0,unknown,,1320.0,pinned: floor,,5095.581917039895
748,519,gap,N,5999.887357214043,unknown,0.7606669857356824,3374.9366384328987,gap: k × gap,,5289.724619707219
749,520,pinned,N,0.0,unknown,0.7606669857356824,1320.0,pinned: floor,,3690.2183075244266
750,521,pinned,N,0.0,unknown,0.7606669857356824,1320.0,pinned: floor,,4592.774115073893
751,522,gap,N,99.99812262023404,unknown,0.7606669857356824,1320.0,gap: k × gap,,99.99829723800332
752,523,pinned,N,0.0,unknown,0.7181385781818359,1320.0,pinned: floor,,7593.420757254227
753,524,gap,N,8099.847932238958,unknown,0.7181385781818359,4556.164461884414,gap: k × gap,,9778.535756855275
754,525,pinned,N,0.0,unknown,,1320.0,pinned: floor,,5087.99054009848
755,526,gap,N,399.99249048093617,unknown,,1320.0,gap: k × gap,,99.99829723788298
756,527,pinned,N,0.0,unknown,,1320.0,pinned: floor,,11290.868200749115
757,528,gap,N,6899.870460796149,rolled,0.39184270077648253,2587.451422798556,gap: k × gap,,8587.11606220105
758,529,pinned,N,0.0,rolled,0.4943719635301034,880.0,pinned: floor,,13089.378521895864
759,530,gap,N,1899.9643297844468,rolled,0.4943719635301034,880.0,gap: k × gap,,2499.3590585709326
760,531,pinned,N,0.0,rolled,0.4943719635301034,880.0,pinned: floor,,10985.929061980169
761,532,gap,N,3999.9249048093616,rolled,0.5767550099323991,1499.9718393035105,gap: k × gap,,5085.518579788399
762,533,pinned,N,0.0,rolled,0.5620371637938671,880.0,pinned: floor,,1496.8273087643897
763,534,gap,N,599.9887357214043,rolled,0.5620371637938671,880.0,gap: k × gap,,299.99489171316816
764,535,pinned,N,0.0,rolled,0.5767550099323991,880.0,pinned: floor,,1699.1361040002748
765,536,pinned,N,0.0,rolled,0.5620371637938671,880.0,pinned: floor,,1297.2545713557547
766,537,pinned,N,0.0,rolled,0.5767550099323991,880.0,pinned: floor,,1398.5384602040644
767,538,pinned,N,0.0,rolled,0.5893064173140137,880.0,pinned: floor,,1992.8286155295461
768,539,gap,N,2499.953065505851,rolled,0.6018578246956281,937.4823995646941,gap: k × gap,,3199.275550172774
769,540,pinned,N,0.0,rolled,0.6018578246956281,880.0,pinned: floor,,4082.8332230470837
770,541,gap,N,7899.85168699849,rolled,0.023632751333270304,2962.4443826244337,gap: k × gap,,8083.670950036552
771,542,pinned,N,0.0,rolled,0.023632751333270304,880.0,pinned: floor,,21173.298580384857
772,543,gap,N,6699.874215555681,rolled,0.023632751333270304,2512.45283083338,gap: k × gap,,8278.40524673578
773,544,pinned,N,0.0,unknown,,1320.0,pinned: floor,,4479.189348992109
774,545,gap,N,6899.870460796149,unknown,,3881.1771341978338,gap: k × gap,,7185.471449250431
775,546,pinned,N,0.0,unknown,,1320.0,pinned: floor,,9683.072224577036
776,547,gap,N,4399.9173952902975,unknown,,2474.9535348507925,gap: k × gap,,4286.470358436643
777,548,pinned,N,0.0,unknown,,1320.0,pinned: floor,,3492.3047796220794
778,549,gap,N,4499.915517910532,unknown,,1320.0,gap: pre-2016 beyond -> floor (D5),pre-2016 laterals beyond this gap were not followed up; held to the floor,5992.575776572396
779,550,pinned,N,0.0,strong,1.5189833741490177,1760.0,pinned: floor,"pinned edge, strong wells: edge not explained by performance; what stops it?",5495.467822433725
780,551,pinned,N,0.0,strong,1.5189833741490177,1760.0,pinned: floor,"pinned edge, strong wells: edge not explained by performance; what stops it?",1595.12930121549
781,552,gap,N,9299.825403681765,unknown,0.7181385781818359,1320.0,gap: pre-2016 beyond -> floor (D5),pre-2016 laterals beyond this gap were not followed up; held to the floor,12186.213193083713
782,553,pinned,N,0.0,rolled,0.1520321689289133,880.0,pinned: floor,,2493.464951580472
783,554,pinned,N,0.0,rolled,0.1520321689289133,880.0,pinned: floor,,1092.2013633008976
784,555,gap,N,8499.840422719893,strong,1.9684543336042437,1760.0,potash ignore-gap -> floor (D24),"inside the BLM Secretary's Potash Area: surface, not geology; gap not widened",3692.241693399056
785,560,gap,N,7099.866706036617,strong,2.097995487544769,1760.0,potash ignore-gap -> floor (D24),"inside the BLM Secretary's Potash Area: surface, not geology; gap not widened",1395.5132608628503
786,561,pinned,N,0.0,unknown,,1320.0,potash ignore-gap -> floor (D24),"inside the BLM Secretary's Potash Area: surface, not geology; gap not widened",2787.3038802260367
787,562,gap,N,9599.819771542469,strong,1.013481137558911,1760.0,potash ignore-gap -> floor (D24),"inside the BLM Secretary's Potash Area: surface, not geology; gap not widened",11492.97897706433
788,563,pinned,N,0.0,strong,1.013481137558911,1760.0,potash ignore-gap -> floor (D24),"pinned edge, strong wells: edge not explained by performance; what stops it?; inside the BLM Secretary's Potash Area: surface, not geology; gap not widened",2097.27592139881
789,564,gap,N,3899.9267821891276,strong,1.013481137558911,1760.0,potash ignore-gap -> floor (D24),"inside the BLM Secretary's Potash Area: surface, not geology; gap not widened",4598.793865226063
790,565,pinned,N,0.0,strong,0.9635336461412934,1760.0,potash ignore-gap -> floor (D24),"pinned edge, strong wells: edge not explained by performance; what stops it?; inside the BLM Secretary's Potash Area: surface, not geology; gap not widened",10393.093605106442
791,566,gap,N,1799.9662071642128,strong,0.9635336461412934,1760.0,potash ignore-gap -> floor (D24),"inside the BLM Secretary's Potash Area: surface, not geology; gap not widened",2099.6459306899665
792,567,pinned,N,0.0,strong,0.9635336461412934,1760.0,potash ignore-gap -> floor (D24),"pinned edge, strong wells: edge not explained by performance; what stops it?; inside the BLM Secretary's Potash Area: surface, not geology; gap not widened",4593.348673671922
793,568,gap,N,4299.919272670064,unknown,0.7425406272778775,1320.0,potash ignore-gap -> floor (D24),"inside the BLM Secretary's Potash Area: surface, not geology; gap not widened",5494.376778534687
794,569,pinned,N,0.0,rolled,0.5215476084144617,880.0,potash ignore-gap -> floor (D24),"inside the BLM Secretary's Potash Area: surface, not geology; gap not widened",8389.717156715638
795,570,gap,N,2699.949310746319,rolled,0.5215476084144617,880.0,potash ignore-gap -> floor (D24),"inside the BLM Secretary's Potash Area: surface, not geology; gap not widened",3299.0348674705115
796,571,pinned,N,0.0,rolled,0.5215476084144617,880.0,potash ignore-gap -> floor (D24),"inside the BLM Secretary's Potash Area: surface, not geology; gap not widened",2595.1954743008614
797,572,gap,N,5799.891111973575,rolled,0.4667820323674467,880.0,potash ignore-gap -> floor (D24),"inside the BLM Secretary's Potash Area: surface, not geology; gap not widened",7797.376541104509
798,573,pinned,N,0.0,rolled,0.4120164563204317,880.0,potash ignore-gap -> floor (D24),"inside the BLM Secretary's Potash Area: surface, not geology; gap not widened",1896.3093830582225
799,574,pinned,N,0.0,rolled,0.4120164563204317,880.0,potash ignore-gap -> floor (D24),"inside the BLM Secretary's Potash Area: surface, not geology; gap not widened",99.99829723777455
800,575,gap,N,1099.9793488225744,rolled,0.4120164563204317,880.0,potash ignore-gap -> floor (D24),"inside the BLM Secretary's Potash Area: surface, not geology; gap not widened",1099.981269614767
801,576,pinned,N,0.0,rolled,0.4120164563204317,880.0,potash ignore-gap -> floor (D24),"inside the BLM Secretary's Potash Area: surface, not geology; gap not widened",14890.649592869926
802,578,pinned,N,0.0,rolled,0.4120164563204317,880.0,potash ignore-gap -> floor (D24),"inside the BLM Secretary's Potash Area: surface, not geology; gap not widened",798.7853195785872
803,579,gap,N,1099.9793488225744,rolled,0.4120164563204317,880.0,potash ignore-gap -> floor (D24),"inside the BLM Secretary's Potash Area: surface, not geology; gap not widened",1099.981269614614
804,580,pinned,N,0.0,rolled,0.4120164563204317,880.0,potash ignore-gap -> floor (D24),"inside the BLM Secretary's Potash Area: surface, not geology; gap not widened",2996.963297880781
805,581,gap,N,2199.9586976451487,rolled,0.36089302796001915,880.0,potash ignore-gap -> floor (D24),"inside the BLM Secretary's Potash Area: surface, not geology; gap not widened",897.9416402674996
806,582,pinned,N,0.0,rolled,0.36089302796001915,880.0,potash ignore-gap -> floor (D24),"inside the BLM Secretary's Potash Area: surface, not geology; gap not widened",2099.39017061703
807,583,gap,N,9799.816016782936,rolled,0.36089302796001915,880.0,potash ignore-gap -> floor (D24),"inside the BLM Secretary's Potash Area: surface, not geology; gap not widened",13696.41222203172
808,584,pinned,N,0.0,rolled,0.6725972041843877,880.0,potash ignore-gap -> floor (D24),"inside the BLM Secretary's Potash Area: surface, not geology; gap not widened",1798.1640027056994
809,585,gap,N,2499.953065505851,rolled,0.6725972041843877,880.0,potash ignore-gap -> floor (D24),"inside the BLM Secretary's Potash Area: surface, not geology; gap not widened",3199.50010644995
810,586,pinned,N,0.0,rolled,0.6725972041843877,880.0,potash ignore-gap -> floor (D24),"inside the BLM Secretary's Potash Area: surface, not geology; gap not widened",1498.3238538846733
811,588,pinned,N,0.0,rolled,0.6725972041843877,880.0,potash ignore-gap -> floor (D24),"inside the BLM Secretary's Potash Area: surface, not geology; gap not widened",1198.949687197181
812,589,gap,N,4199.9211500498295,rolled,0.6725972041843877,880.0,potash ignore-gap -> floor (D24),"inside the BLM Secretary's Potash Area: surface, not geology; gap not widened",5398.287539920753
813,590,pinned,N,0.0,rolled,0.5952370956495753,880.0,potash ignore-gap -> floor (D24),"inside the BLM Secretary's Potash Area: surface, not geology; gap not widened",2495.3692299956724
814,591,gap,N,3399.9361690879573,rolled,0.5626331955360769,880.0,potash ignore-gap -> floor (D24),"inside the BLM Secretary's Potash Area: surface, not geology; gap not widened",4599.03049975204
815,592,pinned,N,0.0,rolled,0.5626331955360769,880.0,potash ignore-gap -> floor (D24),"inside the BLM Secretary's Potash Area: surface, not geology; gap not widened",1596.8203240942303
816,594,pinned,N,0.0,rolled,0.5927888111139165,880.0,potash ignore-gap -> floor (D24),"inside the BLM Secretary's Potash Area: surface, not geology; gap not widened",4091.4923187053755
817,595,gap,N,5399.898621492638,strong,1.0144218950282,1760.0,potash ignore-gap -> floor (D24),"inside the BLM Secretary's Potash Area: surface, not geology; gap not widened",6592.015160547291
818,596,pinned,N,0.0,strong,1.1761931877971876,1760.0,potash ignore-gap -> floor (D24),"pinned edge, strong wells: edge not explained by performance; what stops it?; inside the BLM Secretary's Potash Area: surface, not geology; gap not widened",1797.995909370317
819,597,gap,N,399.99249048093617,strong,1.1761931877971876,1760.0,potash ignore-gap -> floor (D24),"inside the BLM Secretary's Potash Area: surface, not geology; gap not widened",199.9965944754209
820,598,pinned,N,0.0,strong,1.1761931877971876,1760.0,potash ignore-gap -> floor (D24),"pinned edge, strong wells: edge not explained by performance; what stops it?; inside the BLM Secretary's Potash Area: surface, not geology; gap not widened",999.5931564184219
821,599,gap,N,4899.908008391468,strong,1.1473406195802287,1760.0,potash ignore-gap -> floor (D24),"inside the BLM Secretary's Potash Area: surface, not geology; gap not widened",5897.631384293352
822,600,pinned,N,0.0,strong,1.2091952078173227,1760.0,potash ignore-gap -> floor (D24),"pinned edge, strong wells: edge not explained by performance; what stops it?; inside the BLM Secretary's Potash Area: surface, not geology; gap not widened",1798.657771279268
823,601,gap,N,1799.9662071642128,strong,1.2091952078173227,1760.0,potash ignore-gap -> floor (D24),"inside the BLM Secretary's Potash Area: surface, not geology; gap not widened",1799.969350277148
824,602,pinned,N,0.0,strong,1.2091952078173227,1760.0,potash ignore-gap -> floor (D24),"pinned edge, strong wells: edge not explained by performance; what stops it?; inside the BLM Secretary's Potash Area: surface, not geology; gap not widened",1798.2434651945607
825,604,pinned,N,0.0,strong,1.2091952078173227,1760.0,potash ignore-gap -> floor (D24),"pinned edge, strong wells: edge not explained by performance; what stops it?; inside the BLM Secretary's Potash Area: surface, not geology; gap not widened",2995.647677186636
826,605,gap,N,1699.9680845439786,strong,1.2091952078173227,1760.0,potash ignore-gap -> floor (D24),"inside the BLM Secretary's Potash Area: surface, not geology; gap not widened",799.5298250189619
827,606,pinned,N,0.0,strong,1.2091952078173227,1760.0,potash ignore-gap -> floor (D24),"pinned edge, strong wells: edge not explained by performance; what stops it?; inside the BLM Secretary's Potash Area: surface, not geology; gap not widened",1199.6247355709427
828,607,gap,N,99.99812262023404,strong,1.2091952078173227,1760.0,potash ignore-gap -> floor (D24),"inside the BLM Secretary's Potash Area: surface, not geology; gap not widened",199.99659447527546
829,608,pinned,N,0.0,strong,1.0757495811969884,1760.0,potash ignore-gap -> floor (D24),"pinned edge, strong wells: edge not explained by performance; what stops it?; inside the BLM Secretary's Potash Area: surface, not geology; gap not widened",3195.490902744892
830,609,gap,N,3299.9380464677233,strong,0.9840105397763363,1760.0,potash ignore-gap -> floor (D24),"inside the BLM Secretary's Potash Area: surface, not geology; gap not widened",3898.8436126972483
831,610,pinned,N,0.0,strong,0.8922714983556844,1760.0,potash ignore-gap -> floor (D24),"pinned edge, strong wells: edge not explained by performance; what stops it?; inside the BLM Secretary's Potash Area: surface, not geology; gap not widened",2197.737988761239
832,611,gap,N,1699.9680845439786,strong,0.8922714983556844,1760.0,potash ignore-gap -> floor (D24),"inside the BLM Secretary's Potash Area: surface, not geology; gap not widened",1998.85604234747
833,612,pinned,N,0.0,strong,0.8922714983556844,1760.0,potash ignore-gap -> floor (D24),"pinned edge, strong wells: edge not explained by performance; what stops it?; inside the BLM Secretary's Potash Area: surface, not geology; gap not widened",399.9931889508236
834,613,pinned,N,0.0,strong,0.8922714983556844,1760.0,potash ignore-gap -> floor (D24),"pinned edge, strong wells: edge not explained by performance; what stops it?; inside the BLM Secretary's Potash Area: surface, not geology; gap not widened",1099.578451165735
835,614,pinned,N,0.0,strong,0.8922714983556844,1760.0,potash ignore-gap -> floor (D24),"pinned edge, strong wells: edge not explained by performance; what stops it?; inside the BLM Secretary's Potash Area: surface, not geology; gap not widened",899.6435211512224
836,615,pinned,N,0.0,strong,1.067365603892202,1760.0,potash ignore-gap -> floor (D24),"pinned edge, strong wells: edge not explained by performance; what stops it?; inside the BLM Secretary's Potash Area: surface, not geology; gap not widened",699.9850194370732
837,616,pinned,N,0.0,strong,1.067365603892202,1760.0,potash ignore-gap -> floor (D24),"pinned edge, strong wells: edge not explained by performance; what stops it?; inside the BLM Secretary's Potash Area: surface, not geology; gap not widened",1498.7703523186722
838,618,pinned,N,0.0,strong,1.067365603892202,1760.0,potash ignore-gap -> floor (D24),"pinned edge, strong wells: edge not explained by performance; what stops it?; inside the BLM Secretary's Potash Area: surface, not geology; gap not widened",18594.38489874772
839,619,gap,N,4199.9211500498295,strong,1.9900951074742708,1760.0,potash ignore-gap -> floor (D24),"inside the BLM Secretary's Potash Area: surface, not geology; gap not widened",4798.715690474484
840,620,pinned,N,0.0,strong,2.341408017002937,1760.0,potash ignore-gap -> floor (D24),"pinned edge, strong wells: edge not explained by performance; what stops it?; inside the BLM Secretary's Potash Area: surface, not geology; gap not widened",6997.065037662026
841,621,gap,N,4799.909885771234,strong,2.341408017002937,1760.0,potash ignore-gap -> floor (D24),"inside the BLM Secretary's Potash Area: surface, not geology; gap not widened",5598.867799424148
842,622,pinned,N,0.0,strong,1.8503348706895608,1760.0,potash ignore-gap -> floor (D24),"pinned edge, strong wells: edge not explained by performance; what stops it?; inside the BLM Secretary's Potash Area: surface, not geology; gap not widened",10097.0893823519
843,623,pinned,N,0.0,strong,1.8503348706895608,1760.0,potash ignore-gap -> floor (D24),"pinned edge, strong wells: edge not explained by performance; what stops it?; inside the BLM Secretary's Potash Area: surface, not geology; gap not widened",2699.5481989328755
844,624,gap,N,5199.90237625217,strong,1.5641696258708595,1760.0,potash ignore-gap -> floor (D24),"inside the BLM Secretary's Potash Area: surface, not geology; gap not widened",6197.684361194092
845,625,pinned,N,0.0,strong,1.4778370056562562,1760.0,potash ignore-gap -> floor (D24),"pinned edge, strong wells: edge not explained by performance; what stops it?; inside the BLM Secretary's Potash Area: surface, not geology; gap not widened",199.9613501534105
846,626,pinned,N,0.0,strong,1.4778370056562562,1760.0,potash ignore-gap -> floor (D24),"pinned edge, strong wells: edge not explained by performance; what stops it?; inside the BLM Secretary's Potash Area: surface, not geology; gap not widened",699.9880806638894
847,627,pinned,N,0.0,strong,1.3915043854416527,1760.0,potash ignore-gap -> floor (D24),"pinned edge, strong wells: edge not explained by performance; what stops it?; inside the BLM Secretary's Potash Area: surface, not geology; gap not widened",599.9897834258832
848,628,pinned,N,0.0,strong,1.5682911606775776,1760.0,potash ignore-gap -> floor (D24),"pinned edge, strong wells: edge not explained by performance; what stops it?; inside the BLM Secretary's Potash Area: surface, not geology; gap not widened",499.9914861886046
849,629,pinned,N,0.0,strong,1.5682911606775776,1760.0,potash ignore-gap -> floor (D24),"pinned edge, strong wells: edge not explained by performance; what stops it?; inside the BLM Secretary's Potash Area: surface, not geology; gap not widened",499.9914861883426
850,630,pinned,N,0.0,strong,1.7696331072267746,1760.0,potash ignore-gap -> floor (D24),"pinned edge, strong wells: edge not explained by performance; what stops it?; inside the BLM Secretary's Potash Area: surface, not geology; gap not widened",499.9914861886046
851,631,pinned,N,0.0,strong,1.5571766103212987,1760.0,potash ignore-gap -> floor (D24),"pinned edge, strong wells: edge not explained by performance; what stops it?; inside the BLM Secretary's Potash Area: surface, not geology; gap not widened",399.9931889505985
852,632,pinned,N,0.0,strong,1.5571766103212987,1760.0,potash ignore-gap -> floor (D24),"pinned edge, strong wells: edge not explained by performance; what stops it?; inside the BLM Secretary's Potash Area: surface, not geology; gap not widened",1298.3145978494479
853,633,gap,N,3999.9249048093616,strong,1.0125719455939075,1760.0,potash ignore-gap -> floor (D24),"inside the BLM Secretary's Potash Area: surface, not geology; gap not widened",4698.654773573137
854,634,pinned,N,0.0,strong,1.0125719455939075,1760.0,potash ignore-gap -> floor (D24),"pinned edge, strong wells: edge not explained by performance; what stops it?; inside the BLM Secretary's Potash Area: surface, not geology; gap not widened",2997.292217446814
855,635,gap,N,6299.881725074744,strong,1.0125719455939075,1760.0,potash ignore-gap -> floor (D24),"inside the BLM Secretary's Potash Area: surface, not geology; gap not widened",7593.277239006934
856,636,pinned,N,0.0,unknown,,1320.0,potash ignore-gap -> floor (D24),"inside the BLM Secretary's Potash Area: surface, not geology; gap not widened",1993.1910798848749
857,637,pinned,N,0.0,unknown,,1320.0,potash ignore-gap -> floor (D24),"inside the BLM Secretary's Potash Area: surface, not geology; gap not widened",1198.8764076889804
858,638,pinned,N,0.0,unknown,,1320.0,potash ignore-gap -> floor (D24),"inside the BLM Secretary's Potash Area: surface, not geology; gap not widened",1497.766442724614
859,639,pinned,N,0.0,unknown,,1320.0,potash ignore-gap -> floor (D24),"inside the BLM Secretary's Potash Area: surface, not geology; gap not widened",1199.2771888687832
860,640,pinned,N,0.0,unknown,,1320.0,potash ignore-gap -> floor (D24),"inside the BLM Secretary's Potash Area: surface, not geology; gap not widened",1495.7574940232741
861,641,gap,N,399.99249048093617,unknown,,1320.0,potash ignore-gap -> floor (D24),"inside the BLM Secretary's Potash Area: surface, not geology; gap not widened",399.9931889510579
862,642,pinned,N,0.0,unknown,,1320.0,potash ignore-gap -> floor (D24),"inside the BLM Secretary's Potash Area: surface, not geology; gap not widened",1398.9754683559422
863,643,pinned,N,0.0,unknown,,1320.0,potash ignore-gap -> floor (D24),"inside the BLM Secretary's Potash Area: surface, not geology; gap not widened",14194.349099216432
864,644,gap,N,1099.9793488225744,unknown,,1320.0,potash ignore-gap -> floor (D24),"inside the BLM Secretary's Potash Area: surface, not geology; gap not widened",1193.7738023095203
865,645,pinned,N,0.0,strong,1.0945429168778407,1760.0,potash ignore-gap -> floor (D24),"pinned edge, strong wells: edge not explained by performance; what stops it?; inside the BLM Secretary's Potash Area: surface, not geology; gap not widened",14096.449857343165
866,646,gap,N,1999.9624524046808,strong,1.0945429168778407,1760.0,potash ignore-gap -> floor (D24),"inside the BLM Secretary's Potash Area: surface, not geology; gap not widened",2299.5302774639404
867,647,pinned,NW,0.0,strong,1.0945429168778407,1760.0,potash ignore-gap -> floor (D24),"pinned edge, strong wells: edge not explained by performance; what stops it?; inside the BLM Secretary's Potash Area: surface, not geology; gap not widened",25692.217280187662
868,648,gap,N,599.9887357214043,strong,1.0945429168778407,1760.0,potash ignore-gap -> floor (D24),"inside the BLM Secretary's Potash Area: surface, not geology; gap not widened",599.9897834263305
869,649,pinned,N,0.0,strong,1.0945429168778407,1760.0,potash ignore-gap -> floor (D24),"pinned edge, strong wells: edge not explained by performance; what stops it?; inside the BLM Secretary's Potash Area: surface, not geology; gap not widened",1199.170504996722
870,650,gap,N,4999.906131011702,strong,1.0945429168778407,1760.0,potash ignore-gap -> floor (D24),"inside the BLM Secretary's Potash Area: surface, not geology; gap not widened",5798.27214383353
871,651,pinned,N,0.0,strong,1.0716869098962563,1760.0,potash ignore-gap -> floor (D24),"pinned edge, strong wells: edge not explained by performance; what stops it?; inside the BLM Secretary's Potash Area: surface, not geology; gap not widened",1199.8020967297884
872,652,gap,N,299.99436786070214,strong,1.0716869098962563,1760.0,potash ignore-gap -> floor (D24),"inside the BLM Secretary's Potash Area: surface, not geology; gap not widened",99.9982972372705
873,653,pinned,N,0.0,strong,1.0716869098962563,1760.0,potash ignore-gap -> floor (D24),"pinned edge, strong wells: edge not explained by performance; what stops it?; inside the BLM Secretary's Potash Area: surface, not geology; gap not widened",1597.753107724989
874,654,pinned,N,0.0,strong,1.0716869098962563,1760.0,potash ignore-gap -> floor (D24),"pinned edge, strong wells: edge not explained by performance; what stops it?; inside the BLM Secretary's Potash Area: surface, not geology; gap not widened",1497.184924074423
875,655,gap,N,899.9831035821064,strong,1.1961587802771907,1760.0,potash ignore-gap -> floor (D24),"inside the BLM Secretary's Potash Area: surface, not geology; gap not widened",799.986377902807
876,656,pinned,N,0.0,strong,1.1961587802771907,1760.0,potash ignore-gap -> floor (D24),"pinned edge, strong wells: edge not explained by performance; what stops it?; inside the BLM Secretary's Potash Area: surface, not geology; gap not widened",1396.1013377422819
877,657,gap,N,4499.915517910532,unknown,0.7816695328707872,1320.0,potash ignore-gap -> floor (D24),"inside the BLM Secretary's Potash Area: surface, not geology; gap not widened",5791.863915610796
878,658,pinned,N,0.0,rolled,0.6725847611292438,880.0,potash ignore-gap -> floor (D24),"inside the BLM Secretary's Potash Area: surface, not geology; gap not widened",1794.3295153954818
879,659,gap,N,499.9906131011702,rolled,0.6725847611292438,880.0,potash ignore-gap -> floor (D24),"inside the BLM Secretary's Potash Area: surface, not geology; gap not widened",399.993188951047
880,660,pinned,N,0.0,rolled,0.6725847611292438,880.0,potash ignore-gap -> floor (D24),"inside the BLM Secretary's Potash Area: surface, not geology; gap not widened",1697.3645448531606
881,661,gap,N,299.99436786070214,rolled,0.6725847611292438,880.0,potash ignore-gap -> floor (D24),"inside the BLM Secretary's Potash Area: surface, not geology; gap not widened",299.9948917127915
882,662,pinned,N,0.0,rolled,0.6725847611292438,880.0,potash ignore-gap -> floor (D24),"inside the BLM Secretary's Potash Area: surface, not geology; gap not widened",1697.1133864263577
883,663,pinned,NW,0.0,unknown,0.7816695328707872,1320.0,potash ignore-gap -> floor (D24),"inside the BLM Secretary's Potash Area: surface, not geology; gap not widened",1395.8528860817453
884,664,pinned,NW,0.0,unknown,0.7816695328707872,1320.0,potash ignore-gap -> floor (D24),"inside the BLM Secretary's Potash Area: surface, not geology; gap not widened",5091.24304941675
885,665,gap,NW,9199.827281061533,rolled,0.48232041213800186,880.0,potash ignore-gap -> floor (D24),"inside the BLM Secretary's Potash Area: surface, not geology; gap not widened",12989.588043458276
886,666,pinned,NW,0.0,rolled,0.633372435239098,880.0,potash ignore-gap -> floor (D24),"inside the BLM Secretary's Potash Area: surface, not geology; gap not widened",2497.402343132611
887,667,gap,NW,99.99812262023404,rolled,0.633372435239098,880.0,potash ignore-gap -> floor (D24),"inside the BLM Secretary's Potash Area: surface, not geology; gap not widened",99.99829723723185
888,668,pinned,NW,0.0,rolled,0.633372435239098,880.0,potash ignore-gap -> floor (D24),"inside the BLM Secretary's Potash Area: surface, not geology; gap not widened",499.69127146892197
889,669,gap,NW,999.9812262023404,rolled,0.633372435239098,880.0,potash ignore-gap -> floor (D24),"inside the BLM Secretary's Potash Area: surface, not geology; gap not widened",1594.6708069632189
890,670,pinned,NW,0.0,unknown,0.7145917876313337,1320.0,potash ignore-gap -> floor (D24),"inside the BLM Secretary's Potash Area: surface, not geology; gap not widened",2495.8752703714003
891,671,gap,NW,1599.9699619237447,unknown,0.8147357248281605,1320.0,potash ignore-gap -> floor (D24),"inside the BLM Secretary's Potash Area: surface, not geology; gap not widened",1599.9727558029913
892,672,pinned,NW,0.0,unknown,0.8275458163653792,1320.0,potash ignore-gap -> floor (D24),"inside the BLM Secretary's Potash Area: surface, not geology; gap not widened",1897.3837731635706
893,673,gap,NW,1099.9793488225744,unknown,0.8313090228292856,1320.0,potash ignore-gap -> floor (D24),"inside the BLM Secretary's Potash Area: surface, not geology; gap not widened",1099.9812696145682
894,674,pinned,NW,0.0,unknown,0.835072229293192,1320.0,potash ignore-gap -> floor (D24),"inside the BLM Secretary's Potash Area: surface, not geology; gap not widened",4096.16082381327
895,675,gap,NW,4699.911763151,unknown,0.8393219292360691,1320.0,potash ignore-gap -> floor (D24),"inside the BLM Secretary's Potash Area: surface, not geology; gap not widened",5994.488544860497
896,676,pinned,NW,0.0,strong,0.9470129275380498,1760.0,potash ignore-gap -> floor (D24),"pinned edge, strong wells: edge not explained by performance; what stops it?; inside the BLM Secretary's Potash Area: surface, not geology; gap not widened",10390.392186366847
897,677,gap,NW,5599.894866733106,unknown,0.844554985740912,3149.940862537372,gap: k × gap,,6580.45886045261
898,678,pinned,NW,0.0,unknown,0.7687329660816923,1320.0,pinned: floor,,3085.8276632377724
899,679,pinned,NW,0.0,rolled,0.5576149466499838,880.0,pinned: floor,,1990.2205686721295
900,680,gap,NW,999.9812262023404,rolled,0.5576149466499838,880.0,gap: k × gap,,1499.607304744306
901,681,pinned,NW,0.0,rolled,0.6237784501279767,880.0,pinned: floor,,1597.022183638607
902,682,pinned,NW,0.0,rolled,0.5576149466499838,880.0,pinned: floor,,399.90286776421976
903,685,pinned,NW,0.0,rolled,0.6237784501279767,880.0,pinned: floor,,2497.0730422068386
904,686,gap,NW,999.9812262023404,rolled,0.6899419536059698,880.0,gap: k × gap,,1393.7806008721132
905,687,pinned,NW,0.0,strong,0.8617201392456344,1760.0,pinned: floor,"pinned edge, strong wells: edge not explained by performance; what stops it?",13385.06110204971
906,688,gap,NW,3099.9418012272554,strong,0.9124864086918774,2324.9563509204418,gap: k × gap,,3293.07280627663
907,689,pinned,NW,0.0,unknown,0.8109538697993913,1320.0,pinned: floor,,497.2950265657605
908,690,gap,NW,3099.9418012272554,strong,0.8816504520880801,2324.9563509204418,gap: k × gap,,3692.7005070783016
909,691,pinned,NW,0.0,unknown,0.8088137757507994,1320.0,pinned: floor,,2892.548443725418
910,692,gap,NW,3299.9380464677233,rolled,0.658716765538789,1237.4767674253962,gap: k × gap,,3792.6966079829776
911,693,pinned,NW,0.0,rolled,0.647114379963919,880.0,pinned: floor,,1596.6064506020618
912,694,pinned,NW,0.0,rolled,0.5935783881144885,880.0,pinned: floor,,5290.5541740384015
913,695,gap,NW,9299.825403681765,unknown,0.8087700114993179,5231.151789570993,gap: k × gap,,7182.107286293585
914,696,pinned,NW,0.0,unknown,0.7795072736373212,1320.0,pinned: floor,,5389.218539917392
915,697,pinned,NW,0.0,unknown,0.8277298800998436,1320.0,pinned: floor,,2392.7368012119896
916,698,gap,NW,5099.904253631936,unknown,0.7659112185044903,2868.6961426679636,gap: k × gap,,5188.853069112117
917,699,pinned,NW,0.0,unknown,,1320.0,pinned: floor,,14877.581367978046
918,700,gap,NW,4899.908008391468,unknown,0.8039292481080903,2756.1982547202006,gap: k × gap,,5488.414508936633
919,701,pinned,NW,0.0,unknown,0.7116702450102756,1320.0,pinned: floor,,1889.8305056561094
920,702,gap,NW,699.9868583416383,rolled,0.6615936152056567,880.0,gap: k × gap,,298.28058256117544
921,703,pinned,NW,0.0,rolled,0.6615936152056567,880.0,pinned: floor,,1893.130443724736
922,704,pinned,NW,0.0,unknown,0.7327614316568736,1320.0,pinned: floor,,1293.777279387564
923,705,pinned,NW,0.0,unknown,0.7327614316568736,1320.0,pinned: floor,,1297.6216375115805
924,706,pinned,NW,0.0,unknown,0.7327614316568736,1320.0,pinned: floor,,1393.9978913705215
925,707,pinned,NW,0.0,rolled,0.6615936152056567,880.0,pinned: floor,,1889.4331514254045
926,708,gap,NW,99.99812262023404,unknown,0.7327614316568736,1320.0,gap: k × gap,,198.20231496437165
927,709,pinned,NW,0.0,unknown,0.7327614316568736,1320.0,pinned: floor,,1993.0300732457408
928,710,gap,NW,5799.891111973575,strong,1.1093283923354704,4349.918333980181,gap: k × gap,,99.99829723777624
929,709,pinned,NW,0.0,unknown,0.7327614316568736,1320.0,pinned: floor,,199.99659447496086
930,710,gap,NW,5799.891111973575,strong,1.1093283923354704,4349.918333980181,gap: k × gap,,99.99829723800461
931,709,pinned,NW,0.0,unknown,0.7327614316568736,1320.0,pinned: floor,,1799.9248531657797
932,710,gap,NW,5799.891111973575,strong,1.1093283923354704,4349.918333980181,gap: k × gap,,5587.227334827013
933,711,pinned,NW,0.0,strong,1.07923109283522,1760.0,pinned: floor,"pinned edge, strong wells: edge not explained by performance; what stops it?",8788.736147681728
934,712,gap,NW,5699.89298935334,rolled,0.625806338614866,2137.4598710075024,gap: k × gap,,6888.795537001123
935,713,pinned,NW,0.0,rolled,0.6109374701531077,880.0,pinned: floor,,1591.0181511298365
936,714,pinned,NW,0.0,rolled,0.6200123415530027,880.0,pinned: floor,,17089.82283066309
937,715,pinned,NW,0.0,rolled,0.6109374701531077,880.0,pinned: floor,,1397.734946938126
938,716,pinned,NW,0.0,rolled,0.6109374701531077,880.0,pinned: floor,,1299.362604449165
939,717,gap,NW,6499.877970315213,rolled,0.6316003356767294,880.0,potash ignore-gap -> floor (D24),"inside the BLM Secretary's Potash Area: surface, not geology; gap not widened",9091.029954081134
940,718,pinned,N,0.0,strong,0.9777996344461343,1760.0,potash ignore-gap -> floor (D24),"pinned edge, strong wells: edge not explained by performance; what stops it?; inside the BLM Secretary's Potash Area: surface, not geology; gap not widened",12991.333099419562
941,719,pinned,N,0.0,strong,0.9777996344461343,1760.0,potash ignore-gap -> floor (D24),"pinned edge, strong wells: edge not explained by performance; what stops it?; inside the BLM Secretary's Potash Area: surface, not geology; gap not widened",1398.59270885306
942,720,pinned,N,0.0,strong,0.9777996344461343,1760.0,potash ignore-gap -> floor (D24),"pinned edge, strong wells: edge not explained by performance; what stops it?; inside the BLM Secretary's Potash Area: surface, not geology; gap not widened",1297.316848080747
943,721,pinned,N,0.0,strong,0.9777996344461343,1760.0,potash ignore-gap -> floor (D24),"pinned edge, strong wells: edge not explained by performance; what stops it?; inside the BLM Secretary's Potash Area: surface, not geology; gap not widened",3095.992217066362
944,722,gap,N,9599.819771542469,strong,1.026868386030402,1760.0,potash ignore-gap -> floor (D24),"inside the BLM Secretary's Potash Area: surface, not geology; gap not widened",11490.470665893992
945,723,pinned,N,0.0,unknown,,1320.0,potash ignore-gap -> floor (D24),"inside the BLM Secretary's Potash Area: surface, not geology; gap not widened",1993.9500855771962
946,724,pinned,N,0.0,unknown,,1320.0,potash ignore-gap -> floor (D24),"inside the BLM Secretary's Potash Area: surface, not geology; gap not widened",1298.185577854321
947,725,pinned,N,0.0,unknown,,1320.0,potash ignore-gap -> floor (D24),"inside the BLM Secretary's Potash Area: surface, not geology; gap not widened",1494.944220507772
948,726,pinned,N,0.0,unknown,,1320.0,potash ignore-gap -> floor (D24),"inside the BLM Secretary's Potash Area: surface, not geology; gap not widened",17292.024543462943
949,727,pinned,N,0.0,unknown,,1320.0,potash ignore-gap -> floor (D24),"inside the BLM Secretary's Potash Area: surface, not geology; gap not widened",1395.5938303072512
950,728,gap,N,6499.877970315213,rolled,0.19192652212686725,880.0,potash ignore-gap -> floor (D24),"inside the BLM Secretary's Potash Area: surface, not geology; gap not widened",9094.801750743729
951,729,pinned,N,0.0,rolled,0.6137869225447086,880.0,potash ignore-gap -> floor (D24),"inside the BLM Secretary's Potash Area: surface, not geology; gap not widened",13594.088571105489
952,730,gap,N,2599.951188126085,rolled,0.6137869225447086,880.0,potash ignore-gap -> floor (D24),"inside the BLM Secretary's Potash Area: surface, not geology; gap not widened",3299.4424957965134
953,731,pinned,N,0.0,rolled,0.6137869225447086,880.0,potash ignore-gap -> floor (D24),"inside the BLM Secretary's Potash Area: surface, not geology; gap not widened",14290.404782204247
954,732,gap,NW,6399.879847694979,strong,1.0356473229625498,4799.909885771234,gap: k × gap,,499.9914861893772
955,731,pinned,N,0.0,rolled,0.6137869225447086,880.0,potash ignore-gap -> floor (D24),"inside the BLM Secretary's Potash Area: surface, not geology; gap not widened",399.9931889505806
956,732,gap,NW,6399.879847694979,strong,1.0356473229625498,4799.909885771234,gap: k × gap,,8184.9301183839025
957,733,pinned,NW,0.0,strong,1.1978077747394542,1760.0,pinned: floor,"pinned edge, strong wells: edge not explained by performance; what stops it?",8491.643409475006
958,734,gap,NW,1999.9624524046808,strong,1.1978077747394542,1760.0,gap: k × gap,,2299.5990327862405
959,735,pinned,NW,0.0,strong,1.0797338043464666,1760.0,pinned: floor,"pinned edge, strong wells: edge not explained by performance; what stops it?",9496.473234672943
960,736,gap,NW,1799.9662071642128,strong,1.0797338043464666,1760.0,gap: k × gap,,1999.8159972172532
961,737,pinned,NW,0.0,strong,1.0797338043464666,1760.0,pinned: floor,"pinned edge, strong wells: edge not explained by performance; what stops it?",3596.143692755799
962,738,gap,NW,1999.9624524046808,strong,1.238160263963615,1760.0,gap: k × gap,,2199.477662713223
963,739,pinned,NW,0.0,strong,1.238160263963615,1760.0,pinned: floor,"pinned edge, strong wells: edge not explained by performance; what stops it?",1192.7791332472284
964,740,gap,NW,3699.9305369486597,strong,1.238160263963615,2774.947902711495,gap: k × gap,,4188.302501413818
965,741,pinned,NW,0.0,strong,0.9374030536215416,1760.0,pinned: floor,"pinned edge, strong wells: edge not explained by performance; what stops it?",17185.01670409083
966,742,pinned,NW,0.0,strong,1.3813309420335824,1760.0,pinned: floor,"pinned edge, strong wells: edge not explained by performance; what stops it?",1299.1150782267953
967,743,gap,NW,2299.956820265383,strong,1.267997063201008,1760.0,gap: k × gap,,2599.13176487297
968,744,pinned,NW,0.0,strong,1.3595357264205503,1760.0,pinned: floor,"pinned edge, strong wells: edge not explained by performance; what stops it?",3698.03068311952
969,745,pinned,NW,0.0,strong,1.3595357264205503,1760.0,pinned: floor,"pinned edge, strong wells: edge not explained by performance; what stops it?",499.96513720680014
970,746,pinned,NW,0.0,strong,1.3595357264205503,1760.0,pinned: floor,"pinned edge, strong wells: edge not explained by performance; what stops it?",2096.839790434919
971,747,pinned,NW,0.0,strong,1.3595357264205503,1760.0,pinned: floor,"pinned edge, strong wells: edge not explained by performance; what stops it?",199.9965944764607
972,748,pinned,NW,0.0,strong,1.3595357264205503,1760.0,pinned: floor,"pinned edge, strong wells: edge not explained by performance; what stops it?",1993.1678406978324
973,749,gap,NW,4899.908008391468,strong,1.3595357264205503,3674.931006293601,gap: k × gap,,4090.329651198088
974,750,pinned,NW,0.0,unknown,,1320.0,pinned: floor,,5884.7695611843155
975,751,gap,NW,4499.915517910532,unknown,,2531.202478824674,gap: k × gap,,5387.894034516265
976,752,pinned,NW,0.0,unknown,,1320.0,pinned: floor,,1490.7602797562308
977,753,gap,NW,2899.9455559867874,unknown,,1631.2193752425678,gap: k × gap,,3594.8235631998928
978,754,pinned,NW,0.0,unknown,,1320.0,pinned: floor,,1593.615042011192
979,755,gap,NW,2799.947433366553,unknown,,1574.970431268686,gap: k × gap,,3494.896507784277
980,756,pinned,NW,0.0,strong,0.9986963507421461,1760.0,pinned: floor,"pinned edge, strong wells: edge not explained by performance; what stops it?",21185.11628961003
981,757,gap,NW,4099.923027429596,strong,0.9986963507421461,3074.9422705721972,gap: k × gap,,4980.647050229139
982,758,pinned,NW,0.0,strong,0.9986963507421461,1760.0,pinned: floor,"pinned edge, strong wells: edge not explained by performance; what stops it?",2493.975948820647
983,759,gap,NW,999.9812262023404,strong,0.9986963507421461,1760.0,gap: k × gap,,999.9829723770316
984,760,pinned,NW,0.0,strong,0.916542437718395,1760.0,pinned: floor,"pinned edge, strong wells: edge not explained by performance; what stops it?",6294.5450551177
985,761,gap,NW,2499.953065505851,strong,0.916542437718395,1874.9647991293882,gap: k × gap,,2798.6847541909233
986,762,pinned,NW,0.0,strong,0.916542437718395,1760.0,pinned: floor,"pinned edge, strong wells: edge not explained by performance; what stops it?",3490.654052078343
987,763,gap,NW,5199.90237625217,unknown,0.8343885246946441,2924.9450866418456,gap: k × gap,,5089.13458189036
988,764,pinned,NW,0.0,strong,1.0849642482992095,1760.0,pinned: floor,"pinned edge, strong wells: edge not explained by performance; what stops it?",4589.052626339569
989,765,pinned,NW,0.0,strong,1.0849642482992095,1760.0,pinned: floor,"pinned edge, strong wells: edge not explained by performance; what stops it?",1398.6209818979428
990,766,gap,NW,99.99812262023404,strong,1.0849642482992095,1760.0,gap: k × gap,,99.99829723866009
991,767,pinned,NW,0.0,strong,1.0849642482992095,1760.0,pinned: floor,"pinned edge, strong wells: edge not explained by performance; what stops it?",1398.907555700044
992,768,pinned,NW,0.0,strong,1.0849642482992095,1760.0,pinned: floor,"pinned edge, strong wells: edge not explained by performance; what stops it?",20088.894693673963
993,769,gap,NW,1599.9699619237447,strong,1.0849642482992095,1760.0,gap: k × gap,,1899.7362069826752
994,770,pinned,NW,0.0,strong,1.0849642482992095,1760.0,pinned: floor,"pinned edge, strong wells: edge not explained by performance; what stops it?",3888.4712635093206
995,771,gap,NW,5699.89298935334,strong,0.8627272311997221,4274.919742015005,gap: k × gap,,6285.585555848224
996,772,pinned,NW,0.0,unknown,0.8343885246946441,1320.0,pinned: floor,,4390.294270565498
997,773,gap,NW,6199.883602454511,unknown,0.8343885246946441,3487.4345263806626,gap: k × gap,,6688.253010880359
998,774,pinned,NW,0.0,unknown,,1320.0,pinned: floor,,7784.954323165831
999,775,gap,NW,4199.9211500498295,unknown,,2362.455646903029,gap: k × gap,,4786.982338761421
1000,776,pinned,NW,0.0,strong,0.9492591401948974,1760.0,pinned: floor,"pinned edge, strong wells: edge not explained by performance; what stops it?",2192.848075028028
1001,777,gap,NW,899.9831035821064,strong,0.9492591401948974,1760.0,gap: k × gap,,699.9880806645953
1002,778,pinned,NW,0.0,strong,0.9678222014752067,1760.0,pinned: floor,"pinned edge, strong wells: edge not explained by performance; what stops it?",999.1230350166026
1003,779,pinned,NW,0.0,strong,0.9678222014752067,1760.0,pinned: floor,"pinned edge, strong wells: edge not explained by performance; what stops it?",2197.057436955233
1004,780,gap,NW,699.9868583416383,strong,0.9678222014752067,1760.0,gap: k × gap,,699.9880806625
1005,781,pinned,NW,0.0,strong,0.9678222014752067,1760.0,pinned: floor,"pinned edge, strong wells: edge not explained by performance; what stops it?",1498.3898951019912
1006,782,pinned,NW,0.0,strong,0.9678222014752067,1760.0,pinned: floor,"pinned edge, strong wells: edge not explained by performance; what stops it?",1298.044315268236
1007,783,pinned,NW,0.0,strong,0.9678222014752067,1760.0,pinned: floor,"pinned edge, strong wells: edge not explained by performance; what stops it?",1197.9386296644668
1008,784,pinned,NW,0.0,strong,0.9678222014752067,1760.0,pinned: floor,"pinned edge, strong wells: edge not explained by performance; what stops it?",1497.0020875350483
1009,785,pinned,NW,0.0,strong,0.974588698200699,1760.0,pinned: floor,"pinned edge, strong wells: edge not explained by performance; what stops it?",1299.337784031653
1010,786,pinned,NW,0.0,strong,0.974588698200699,1760.0,pinned: floor,"pinned edge, strong wells: edge not explained by performance; what stops it?",1495.1313073259857
1011,787,pinned,NW,0.0,unknown,,1320.0,pinned: floor,,1493.7774147572932
1012,788,pinned,NW,0.0,unknown,,1320.0,pinned: floor,,1396.7548807487663
1013,789,pinned,NW,0.0,unknown,,1320.0,pinned: floor,,1698.2426327097382
1014,790,pinned,NW,0.0,unknown,,1320.0,pinned: floor,,499.99148618835295
1015,793,pinned,NW,0.0,unknown,,1320.0,pinned: floor,,3390.6089501151855
1016,794,gap,NW,7599.857319137787,unknown,0.8260134566520214,4274.919742015005,gap: k × gap,,2199.8700947712373
1017,793,pinned,NW,0.0,unknown,,1320.0,pinned: floor,,98.81360615141926
1018,794,gap,NW,7599.857319137787,unknown,0.8260134566520214,4274.919742015005,gap: k × gap,,7184.145590620488
1019,795,pinned,NW,0.0,unknown,0.8260134566520214,1320.0,pinned: floor,,2891.1313021404653
1020,796,pinned,NW,0.0,unknown,0.8260134566520214,1320.0,pinned: floor,,1297.1307889470809
1021,797,pinned,NW,0.0,unknown,0.8260134566520214,1320.0,pinned: floor,,2989.127799728677
1022,798,gap,NW,4799.909885771234,unknown,0.8260134566520214,2699.9493107463195,gap: k × gap,,5587.158749066852
1023,799,pinned,NW,0.0,unknown,,1320.0,pinned: floor,,2487.5340480462737
1024,800,pinned,NW,0.0,unknown,,1320.0,pinned: floor,,1397.3294322801994
1025,801,pinned,NW,0.0,unknown,,1320.0,pinned: floor,,1497.1575242732272
1026,802,pinned,NW,0.0,unknown,,1320.0,pinned: floor,,1199.1861011464277
1027,803,pinned,NW,0.0,unknown,,1320.0,pinned: floor,,2087.2389481733244
1028,804,gap,NW,5199.90237625217,unknown,,2924.9450866418456,gap: k × gap,,5484.36250314247
1029,805,pinned,NW,0.0,unknown,0.7799883101784252,1320.0,pinned: floor,,8987.345500433552
1030,806,gap,NW,2199.9586976451487,unknown,0.8325850055546051,1320.0,gap: k × gap,,2699.5388192350856
1031,807,pinned,NW,0.0,unknown,0.8325850055546051,1320.0,pinned: floor,,2697.290505362093
1032,808,pinned,NW,0.0,unknown,0.8325850055546051,1320.0,pinned: floor,,1698.6629180341658
1033,809,pinned,NW,0.0,unknown,0.8325850055546051,1320.0,pinned: floor,,1498.9607528252818
1034,810,gap,NW,99.99812262023404,unknown,0.8325850055546051,1320.0,gap: k × gap,,199.99659447656086
1035,811,pinned,NW,0.0,unknown,0.8325850055546051,1320.0,pinned: floor,,2592.6012457766788
1036,812,gap,NW,7499.859196517553,unknown,0.81815671802909,4218.670798041124,gap: k × gap,,7286.325867697748
1037,813,pinned,NW,0.0,rolled,0.6418705508302728,880.0,pinned: floor,,5585.568153979028
1038,814,gap,NW,8899.83291320083,rolled,0.4910103829794962,3337.437342450311,gap: k × gap,,299.99489171377405
1039,813,pinned,NW,0.0,rolled,0.6418705508302728,880.0,pinned: floor,,399.9931889498894
1040,814,gap,NW,8899.83291320083,rolled,0.4910103829794962,3337.437342450311,gap: k × gap,,199.99659447657922
1041,813,pinned,NW,0.0,rolled,0.6418705508302728,880.0,pinned: floor,,399.9931889498894
1042,814,gap,NW,8899.83291320083,rolled,0.4910103829794962,3337.437342450311,gap: k × gap,,7882.724695752539
1043,815,pinned,NW,0.0,rolled,0.4424109182706491,880.0,pinned: floor,,4792.65999830765
1044,816,gap,NW,2299.956820265383,rolled,0.4424109182706491,880.0,gap: k × gap,,2899.2176073883907
1045,817,pinned,NW,0.0,rolled,0.4424109182706491,880.0,pinned: floor,,17490.406319334572
1046,818,gap,NW,1799.9662071642128,rolled,0.4424109182706491,880.0,gap: k × gap,,2499.1897164576526
1047,819,pinned,NW,0.0,rolled,0.4424109182706491,880.0,pinned: floor,,13890.031372643905
1048,820,gap,NW,499.9906131011702,rolled,0.4424109182706491,880.0,gap: k × gap,,499.9914861882294
1049,821,pinned,NW,0.0,rolled,0.4563711585283294,880.0,pinned: floor,,1192.1461994339354
1050,822,gap,NW,4299.919272670064,rolled,0.4703313987860096,1612.469727251274,gap: k × gap,,5690.815591996521
1051,823,pinned,NW,0.0,rolled,0.4994635289714204,880.0,pinned: floor,,7084.501699112667
1052,824,pinned,NW,0.0,rolled,0.528595659156831,880.0,pinned: floor,,1597.822916826677
1053,825,gap,NW,1299.9755940630425,rolled,0.6684900166383604,880.0,gap: k × gap,,1199.9795668519391
1054,826,pinned,NW,0.0,rolled,0.6684900166383604,880.0,pinned: floor,,1990.6715073744385
1055,827,gap,NW,4799.909885771234,rolled,0.5985428378975957,1799.9662071642128,gap: k × gap,,5989.444176606462
1056,828,pinned,NW,0.0,unknown,0.7936414795086207,1320.0,pinned: floor,,13581.646605426924
1057,829,gap,NW,7899.85168699849,unknown,0.7936414795086207,4443.666573936651,gap: k × gap,,7185.927869264913
1058,830,pinned,NW,0.0,strong,0.9453592163279528,1760.0,pinned: floor,"pinned edge, strong wells: edge not explained by performance; what stops it?",4187.691188997929
1059,831,gap,NW,799.9849809618723,strong,0.9453592163279528,1760.0,gap: k × gap,,799.9314834887384
1060,832,pinned,NW,0.0,strong,0.9453592163279528,1760.0,pinned: floor,"pinned edge, strong wells: edge not explained by performance; what stops it?",899.9184754242154
1061,833,pinned,NW,0.0,strong,0.9453592163279528,1760.0,pinned: floor,"pinned edge, strong wells: edge not explained by performance; what stops it?",1497.8007098964583
1062,834,gap,NW,899.9831035821064,strong,0.9453592163279528,1760.0,gap: k × gap,,899.9846751385475
1063,835,pinned,NW,0.0,strong,0.9068626611553217,1760.0,pinned: floor,"pinned edge, strong wells: edge not explained by performance; what stops it?",5096.672003702264
1064,836,gap,NW,3999.9249048093616,rolled,0.015401743491265222,1499.9718393035105,gap: k × gap,,5485.0348184978475
1065,837,pinned,NW,0.0,rolled,0.010702226823988263,880.0,pinned: floor,,2086.294618585161
1066,838,gap,NW,3199.9399238474894,rolled,0.015401743491265222,1199.9774714428086,gap: k × gap,,3993.618382447958
1067,839,pinned,NW,0.0,rolled,0.015634759076379304,880.0,pinned: floor,,12284.333355683542
1068,840,gap,NW,4999.906131011702,unknown,,2812.4471986940825,gap: k × gap,,4989.929871758594
1069,841,pinned,NW,0.0,unknown,,1320.0,pinned: floor,,16882.325619711093
1070,842,pinned,NW,0.0,unknown,,1320.0,pinned: floor,,1299.3543774372604
1071,843,pinned,NW,0.0,unknown,,1320.0,pinned: floor,,1398.4769956409748
1072,844,pinned,NW,0.0,unknown,,1320.0,pinned: floor,,1697.4583417259514
1073,845,gap,NW,699.9868583416383,unknown,,1320.0,gap: k × gap,,699.9880806635597
1074,846,pinned,NW,0.0,unknown,,1320.0,pinned: floor,,2098.058473984874
1075,-1,hole,,,,,880.0,hole: tightest floor,hole in the drilled body: geology hole or surface? (fill / keep),175774.03267163734
1076,-1,hole,,,,,880.0,hole: tightest floor,hole in the drilled body: geology hole or surface? (fill / keep),80832.25296826786
1077,332,gap,SE,8899.83291320083,strong,0.8818240502410452,6674.874684900622,gap: k × gap,,699.6544747419425
1078,-1,hole,,,,,880.0,hole: tightest floor,hole in the drilled body: geology hole or surface? (fill / keep),99.96644501448856
1079,332,gap,SE,8899.83291320083,strong,0.8818240502410452,6674.874684900622,gap: k × gap,,199.93289002921338
1080,-1,hole,,,,,880.0,hole: tightest floor,hole in the drilled body: geology hole or surface? (fill / keep),1099.4968309896303
1081,332,gap,SE,8899.83291320083,strong,0.8818240502410452,6674.874684900622,gap: k × gap,,99.96644501465923
1082,-1,hole,,,,,880.0,hole: tightest floor,hole in the drilled body: geology hole or surface? (fill / keep),99.96644501280568
1083,332,gap,SE,8899.83291320083,strong,0.8818240502410452,6674.874684900622,gap: k × gap,,699.5342208028671
1084,-1,hole,,,,,880.0,hole: tightest floor,hole in the drilled body: geology hole or surface? (fill / keep),99.9664450150036
1085,332,gap,SE,8899.83291320083,strong,0.8818240502410452,6674.874684900622,gap: k × gap,,99.96644501319216
1086,-1,hole,,,,,880.0,hole: tightest floor,hole in the drilled body: geology hole or surface? (fill / keep),499.6398257435133
1087,332,gap,SE,8899.83291320083,strong,0.8818240502410452,6674.874684900622,gap: k × gap,,99.96644501301877
1088,-1,hole,,,,,880.0,hole: tightest floor,hole in the drilled body: geology hole or surface? (fill / keep),99.96644501491785
1089,332,gap,SE,8899.83291320083,strong,0.8818240502410452,6674.874684900622,gap: k × gap,,99.96644501301877
1090,-1,hole,,,,,880.0,hole: tightest floor,hole in the drilled body: geology hole or surface? (fill / keep),99.96644501491785
1091,332,gap,SE,8899.83291320083,strong,0.8818240502410452,6674.874684900622,gap: k × gap,,199.61339301752017
1092,-1,hole,,,,,880.0,hole: tightest floor,hole in the drilled body: geology hole or surface? (fill / keep),99.96644501483462
1093,332,gap,SE,8899.83291320083,strong,0.8818240502410452,6674.874684900622,gap: k × gap,,99.96644501303389
1094,-1,hole,,,,,880.0,hole: tightest floor,hole in the drilled body: geology hole or surface? (fill / keep),99.96644501483462
1095,332,gap,SE,8899.83291320083,strong,0.8818240502410452,6674.874684900622,gap: k × gap,,99.96644501303389
1096,-1,hole,,,,,880.0,hole: tightest floor,hole in the drilled body: geology hole or surface? (fill / keep),99.96644501483462
1097,332,gap,SE,8899.83291320083,strong,0.8818240502410452,6674.874684900622,gap: k × gap,,99.96644501483462
1098,-1,hole,,,,,880.0,hole: tightest floor,hole in the drilled body: geology hole or surface? (fill / keep),499.67198393339186
1099,332,gap,SE,8899.83291320083,strong,0.8818240502410452,6674.874684900622,gap: k × gap,,99.96644501315224
1100,-1,hole,,,,,880.0,hole: tightest floor,hole in the drilled body: geology hole or surface? (fill / keep),99.96644501495824
1101,332,gap,SE,8899.83291320083,strong,0.8818240502410452,6674.874684900622,gap: k × gap,,299.81991791671595
1102,-1,hole,,,,,880.0,hole: tightest floor,hole in the drilled body: geology hole or surface? (fill / keep),99.96644501456635
1103,332,gap,SE,8899.83291320083,strong,0.8818240502410452,6674.874684900622,gap: k × gap,,199.93289002732206
1104,-1,hole,,,,,880.0,hole: tightest floor,hole in the drilled body: geology hole or surface? (fill / keep),99.96644501456635
1105,332,gap,SE,8899.83291320083,strong,0.8818240502410452,6674.874684900622,gap: k × gap,,99.96644501456635
1106,-1,hole,,,,,880.0,hole: tightest floor,hole in the drilled body: geology hole or surface? (fill / keep),99.96644501456635
1107,332,gap,SE,8899.83291320083,strong,0.8818240502410452,6674.874684900622,gap: k × gap,,99.96644501264645
1108,-1,hole,,,,,880.0,hole: tightest floor,hole in the drilled body: geology hole or surface? (fill / keep),44950.88972507943
1109,-1,hole,,,,,880.0,hole: tightest floor,hole in the drilled body: geology hole or surface? (fill / keep),55977.859523985724
1110,-1,hole,,,,,880.0,hole: tightest floor,hole in the drilled body: geology hole or surface? (fill / keep),42760.633822243115
1111,-1,hole,,,,,880.0,hole: tightest floor,hole in the drilled body: geology hole or surface? (fill / keep),50809.415269845136
1112,-1,hole,,,,,880.0,hole: tightest floor,hole in the drilled body: geology hole or surface? (fill / keep),114399.76656316525
1113,-1,hole,,,,,880.0,hole: tightest floor,hole in the drilled body: geology hole or surface? (fill / keep),51252.3726120254
1114,-1,hole,,,,,880.0,hole: tightest floor,hole in the drilled body: geology hole or surface? (fill / keep),37645.0204958389
1115,-1,hole,,,,,880.0,hole: tightest floor,hole in the drilled body: geology hole or surface? (fill / keep),43086.54841666636
1116,-1,hole,,,,,880.0,hole: tightest floor,hole in the drilled body: geology hole or surface? (fill / keep),58623.76840389096
1117,-1,hole,,,,,880.0,hole: tightest floor,hole in the drilled body: geology hole or surface? (fill / keep),140135.82749436866
1118,-1,hole,,,,,880.0,hole: tightest floor,hole in the drilled body: geology hole or surface? (fill / keep),37672.57731624655
1119,836,gap,NW,3999.9249048093616,rolled,0.015401743491265222,1499.9718393035105,gap: k × gap,,299.54563512968787
1120,-1,hole,,,,,880.0,hole: tightest floor,hole in the drilled body: geology hole or surface? (fill / keep),63972.81577137972
1121,435,pinned,N,0.0,strong,1.4379832616946546,1760.0,pinned: floor,"pinned edge, strong wells: edge not explained by performance; what stops it?",6288.580206128535
1122,433,pinned,N,0.0,strong,1.0322765448313829,1760.0,pinned: floor,"pinned edge, strong wells: edge not explained by performance; what stops it?",3592.4874122208607
1123,435,pinned,N,0.0,strong,1.4379832616946546,1760.0,pinned: floor,"pinned edge, strong wells: edge not explained by performance; what stops it?",4391.039580456544
1124,458,pinned,N,0.0,unknown,,1320.0,pinned: floor,,6082.579227028191
1125,505,gap,N,8799.834790580595,unknown,0.8143158906623754,1320.0,potash ignore-gap -> floor (D24),"inside the BLM Secretary's Potash Area: surface, not geology; gap not widened",6088.334061216295
1126,506,pinned,N,0.0,strong,1.0231054712247287,1760.0,potash ignore-gap -> floor (D24),"pinned edge, strong wells: edge not explained by performance; what stops it?; inside the BLM Secretary's Potash Area: surface, not geology; gap not widened",5987.881565818392
1127,507,gap,N,1499.9718393035107,strong,1.0231054712247287,1760.0,potash ignore-gap -> floor (D24),"inside the BLM Secretary's Potash Area: surface, not geology; gap not widened",199.88268612849362
1128,508,pinned,N,0.0,strong,1.0231054712247287,1760.0,potash ignore-gap -> floor (D24),"pinned edge, strong wells: edge not explained by performance; what stops it?; inside the BLM Secretary's Potash Area: surface, not geology; gap not widened",11682.766544277245
1129,509,gap,N,6699.874215555681,unknown,0.7521922213574898,1320.0,potash ignore-gap -> floor (D24),"inside the BLM Secretary's Potash Area: surface, not geology; gap not widened",3288.8012541231546
1130,473,gap,N,5299.900498872405,strong,0.9710089084146167,1760.0,potash ignore-gap -> floor (D24),"inside the BLM Secretary's Potash Area: surface, not geology; gap not widened",2095.929101210072
1131,446,gap,N,7999.849809618723,strong,0.9710089084146167,1760.0,potash ignore-gap -> floor (D24),"inside the BLM Secretary's Potash Area: surface, not geology; gap not widened",898.7002859720963
1132,447,pinned,N,0.0,strong,0.9710089084146167,1760.0,pinned: floor,"pinned edge, strong wells: edge not explained by performance; what stops it?",1398.0225861739737
1133,449,pinned,N,0.0,strong,0.9710089084146167,1760.0,pinned: floor,"pinned edge, strong wells: edge not explained by performance; what stops it?",1397.5662659020697
1134,450,pinned,N,0.0,strong,0.9710089084146167,1760.0,pinned: floor,"pinned edge, strong wells: edge not explained by performance; what stops it?",2689.3361978720986
1135,451,gap,N,6499.877970315213,strong,0.9763484381438149,4874.90847773641,gap: k × gap,,7776.87434676179
1136,452,pinned,N,0.0,unknown,,1320.0,pinned: floor,,1890.9004610284553
1137,453,gap,N,1499.9718393035107,unknown,,1320.0,gap: k × gap,,1498.8008021720655
1138,454,pinned,N,0.0,unknown,,1320.0,pinned: floor,,2695.4915171487683
1139,455,gap,N,499.9906131011702,unknown,,1320.0,gap: k × gap,,199.84010695630508
1140,456,pinned,N,0.0,unknown,,1320.0,pinned: floor,,5690.876634302147
1141,457,gap,N,2899.9455559867874,unknown,,1631.2193752425678,gap: k × gap,,592.92273473308
1142,458,pinned,N,0.0,unknown,,1320.0,pinned: floor,,3489.7668551190486
1143,460,pinned,N,0.0,unknown,,1320.0,pinned: floor,,2697.1120836349073
1144,461,gap,N,699.9868583416383,unknown,,1320.0,gap: k × gap,,795.1083804562415
1145,462,pinned,N,0.0,strong,1.619894453765498,1760.0,pinned: floor,"pinned edge, strong wells: edge not explained by performance; what stops it?",6885.7642109211665
1146,463,gap,N,2999.9436786070214,strong,1.1619182262638945,2249.957758955266,gap: k × gap,,3286.947344889579
1147,464,pinned,N,0.0,strong,1.1619182262638945,1760.0,pinned: floor,"pinned edge, strong wells: edge not explained by performance; what stops it?",12174.101894192134
1148,465,gap,N,4699.911763151,strong,1.0718030970684538,3524.93382236325,gap: k × gap,,5181.2997199079355
1149,466,pinned,N,0.0,strong,0.9805919562755104,1760.0,pinned: floor,"pinned edge, strong wells: edge not explained by performance; what stops it?",22468.471048947238
1150,467,gap,N,399.99249048093617,strong,0.9805919562755104,1760.0,gap: k × gap,,399.68021391171504
1151,468,pinned,N,0.0,strong,0.9805919562755104,1760.0,pinned: floor,"pinned edge, strong wells: edge not explained by performance; what stops it?",2287.8455217043975
1152,469,gap,N,7699.855441758022,strong,0.9805919562755104,5774.891581318516,gap: k × gap,,5679.094221786513
1153,470,pinned,N,0.0,strong,0.9710089084146167,1760.0,pinned: floor,"pinned edge, strong wells: edge not explained by performance; what stops it?",99.92005347922468
1154,469,gap,N,7699.855441758022,strong,0.9805919562755104,5774.891581318516,gap: k × gap,,99.9200534775983
1155,470,pinned,N,0.0,strong,0.9710089084146167,1760.0,pinned: floor,"pinned edge, strong wells: edge not explained by performance; what stops it?",99.92005347922468
1156,469,gap,N,7699.855441758022,strong,0.9805919562755104,5774.891581318516,gap: k × gap,,99.92005347745389
1157,470,pinned,N,0.0,strong,0.9710089084146167,1760.0,pinned: floor,"pinned edge, strong wells: edge not explained by performance; what stops it?",199.84010695667857
1158,469,gap,N,7699.855441758022,strong,0.9805919562755104,5774.891581318516,gap: k × gap,,199.8401069550522
1159,470,pinned,N,0.0,strong,0.9710089084146167,1760.0,pinned: floor,"pinned edge, strong wells: edge not explained by performance; what stops it?",399.68021391335714
1160,469,gap,N,7699.855441758022,strong,0.9805919562755104,5774.891581318516,gap: k × gap,,99.92005347745389
1161,470,pinned,N,0.0,strong,0.9710089084146167,1760.0,pinned: floor,"pinned edge, strong wells: edge not explained by performance; what stops it?",699.440374347634
1162,469,gap,N,7699.855441758022,strong,0.9805919562755104,5774.891581318516,gap: k × gap,,99.9200534775983
1163,470,pinned,N,0.0,strong,0.9710089084146167,1760.0,pinned: floor,"pinned edge, strong wells: edge not explained by performance; what stops it?",499.60026739081104
1164,469,gap,N,7699.855441758022,strong,0.9805919562755104,5774.891581318516,gap: k × gap,,99.9200534775983
1165,470,pinned,N,0.0,strong,0.9710089084146167,1760.0,pinned: floor,"pinned edge, strong wells: edge not explained by performance; what stops it?",3188.316952380236
1166,471,pinned,N,0.0,strong,0.9710089084146167,1760.0,pinned: floor,"pinned edge, strong wells: edge not explained by performance; what stops it?",1497.787612688829
1167,472,pinned,N,0.0,strong,0.9710089084146167,1760.0,potash ignore-gap -> floor (D24),"pinned edge, strong wells: edge not explained by performance; what stops it?; inside the BLM Secretary's Potash Area: surface, not geology; gap not widened",13484.333006926858
1168,560,gap,N,7099.866706036617,strong,2.097995487544769,1760.0,potash ignore-gap -> floor (D24),"inside the BLM Secretary's Potash Area: surface, not geology; gap not widened",1395.0273451181165
1169,555,gap,N,8499.840422719893,strong,1.9684543336042437,1760.0,potash ignore-gap -> floor (D24),"inside the BLM Secretary's Potash Area: surface, not geology; gap not widened",897.6603117592294
1170,556,pinned,N,0.0,strong,2.097995487544769,1760.0,pinned: floor,"pinned edge, strong wells: edge not explained by performance; what stops it?",6478.440920700009
1171,557,gap,N,4199.9211500498295,strong,2.097995487544769,3149.940862537372,gap: k × gap,,5175.728626197971
1172,558,pinned,N,0.0,strong,2.097995487544769,1760.0,pinned: floor,"pinned edge, strong wells: edge not explained by performance; what stops it?",4778.7660518046705
1173,559,pinned,N,0.0,strong,2.097995487544769,1760.0,pinned: floor,"pinned edge, strong wells: edge not explained by performance; what stops it?",13964.470658348313
