{"type": "FeatureCollection", "name": "box_extent_WCA_v1", "crs_note": "EPSG:4326", "params": {"k": 0.75, "cap_ft": 7920.0, "floor_ft": 880.0, "perf_ref": "pool", "local_radius_ft": 52800.0, "local_min_n": 15, "sample_ft": 200.0, "stepout_reach_mi": 5.0, "front_min_ok": 3, "front_ok_over_rolled": 2.0, "lateral_core_ft": 50.0, "quantum_ft": 110.0, "smooth_ft": 330.0, "legacy_fill_cover": 0.9, "bridge_mi": 8.0, "envelope": true, "min_cluster": 3, "cluster_link_mi": 1.0, "gen_tol_mi": 2.0, "gen_shoulder_mi": 1.5, "gen_round_mi": 0.75, "uniform": false}, "edge_params": {"pin_radius_ft": 2640.0, "close_ft": 3960.0, "quad_segs": 4, "ring_step_ft": 100.0, "pin_slack_ft": 60.0, "edge_reach_ft": 2640.0, "interior_depth_ft": 5280.0, "neg_evidence_ft": 2640.0, "min_body_wells": 5}, "features": [{"type": "Feature", "properties": {"layer": "extent", "pool": "WCA", "basin": "delaware", "version": 1, "source": "generated", "built": "2026-10-09T13:42:25-05:00"}, "geometry": {"type": "MultiPolygon", "coordinates": [[[[-104.439325, 31.812631], [-104.439952, 31.813113], [-104.440539, 31.813629], [-104.441086, 31.814177], [-104.441589, 31.814755], [-104.442046, 31.81536], [-104.442455, 31.81599], [-104.442815, 31.816641], [-104.443123, 31.817311], [-104.443379, 31.817997], [-104.443582, 31.818696], [-104.443729, 31.819405], [-104.443822, 31.82012], [-104.443859, 31.82084], [-104.443878, 31.822319], [-104.443879, 31.822395], [-104.44399, 31.846506], [-104.443963, 31.847252], [-104.443877, 31.847995], [-104.443731, 31.84873], [-104.443527, 31.849456], [-104.443265, 31.850168], [-104.442946, 31.850863], [-104.442573, 31.851537], [-104.442146, 31.852189], [-104.415463, 31.889787], [-104.415388, 31.889895], [-104.415167, 31.890223], [-104.415095, 31.890333], [-104.414872, 31.890683], [-104.414737, 31.890907], [-104.41435, 31.891587], [-104.414227, 31.891817], [-104.414189, 31.891893], [-104.414078, 31.892127], [-104.413767, 31.892834], [-104.413669, 31.893072], [-104.413525, 31.893451], [-104.413481, 31.893572], [-104.413355, 31.893934], [-104.413314, 31.894055], [-104.412144, 31.897709], [-104.412106, 31.897823], [-104.410174, 31.903602], [-104.410137, 31.903711], [-104.408092, 31.909598], [-104.408056, 31.909699], [-104.405852, 31.915823], [-104.405817, 31.915919], [-104.403472, 31.922224], [-104.403411, 31.92239], [-104.401218, 31.92854], [-104.401158, 31.928713], [-104.399083, 31.934801], [-104.399023, 31.93498], [-104.397067, 31.941005], [-104.397009, 31.941189], [-104.395167, 31.947163], [-104.395145, 31.947236], [-104.39511, 31.947354], [-104.395089, 31.947423], [-104.39339, 31.953253], [-104.393369, 31.953328], [-104.393334, 31.953449], [-104.393314, 31.95352], [-104.391733, 31.959286], [-104.391712, 31.959363], [-104.391678, 31.959488], [-104.391659, 31.959561], [-104.390194, 31.965261], [-104.390174, 31.965341], [-104.390142, 31.965469], [-104.390124, 31.965544], [-104.388776, 31.97118], [-104.388757, 31.971261], [-104.388726, 31.971394], [-104.388709, 31.971471], [-104.387477, 31.977041], [-104.387458, 31.977125], [-104.38743, 31.977261], [-104.387413, 31.977341], [-104.386297, 31.982846], [-104.38628, 31.982932], [-104.386253, 31.983072], [-104.386237, 31.983154], [-104.385237, 31.988593], [-104.385221, 31.988682], [-104.385196, 31.988826], [-104.385182, 31.988909], [-104.384296, 31.994283], [-104.384282, 31.994374], [-104.384259, 31.994522], [-104.384246, 31.994608], [-104.383475, 31.999917], [-104.383462, 32.00001], [-104.383442, 32.000162], [-104.38343, 32.00025], [-104.382774, 32.005493], [-104.382762, 32.005589], [-104.382744, 32.005744], [-104.382734, 32.005835], [-104.382192, 32.011012], [-104.382182, 32.01111], [-104.382167, 32.01127], [-104.382159, 32.011363], [-104.38173, 32.016474], [-104.381722, 32.016575], [-104.38171, 32.016739], [-104.381703, 32.016834], [-104.381387, 32.021879], [-104.381381, 32.021983], [-104.381372, 32.02215], [-104.381368, 32.022248], [-104.381164, 32.027228], [-104.38116, 32.027333], [-104.381155, 32.027505], [-104.381152, 32.027605], [-104.38106, 32.032519], [-104.381059, 32.032627], [-104.381057, 32.032802], [-104.381057, 32.032905], [-104.381076, 32.037753], [-104.381077, 32.037864], [-104.38108, 32.038043], [-104.381082, 32.038148], [-104.381212, 32.042931], [-104.381216, 32.043044], [-104.381223, 32.043227], [-104.381227, 32.043333], [-104.381468, 32.048052], [-104.381474, 32.048167], [-104.381486, 32.048353], [-104.381493, 32.048462], [-104.381843, 32.053115], [-104.381852, 32.053233], [-104.381869, 32.053423], [-104.381879, 32.053534], [-104.382337, 32.058122], [-104.38235, 32.058242], [-104.382372, 32.058435], [-104.382385, 32.058548], [-104.382952, 32.063073], [-104.382968, 32.063194], [-104.382995, 32.06339], [-104.383011, 32.063505], [-104.383686, 32.067966], [-104.383706, 32.068089], [-104.383738, 32.068289], [-104.383758, 32.068405], [-104.38454, 32.072803], [-104.384563, 32.072928], [-104.384602, 32.07313], [-104.384625, 32.073248], [-104.385514, 32.077583], [-104.385541, 32.077709], [-104.385586, 32.077914], [-104.385612, 32.078033], [-104.386608, 32.082307], [-104.386639, 32.082434], [-104.38669, 32.082641], [-104.38672, 32.082762], [-104.387822, 32.086974], [-104.387856, 32.087102], [-104.387914, 32.087311], [-104.387948, 32.087432], [-104.389156, 32.091584], [-104.389194, 32.091714], [-104.389258, 32.091924], [-104.389296, 32.092046], [-104.390648, 32.096257], [-104.390675, 32.096343], [-104.390686, 32.096379], [-104.390724, 32.096505], [-104.391961, 32.100688], [-104.391988, 32.100781], [-104.391999, 32.100819], [-104.392036, 32.100954], [-104.393126, 32.105005], [-104.393152, 32.105105], [-104.393162, 32.105146], [-104.393198, 32.105289], [-104.393749, 32.107577], [-104.393784, 32.107715], [-104.393898, 32.10813], [-104.393938, 32.108268], [-104.394175, 32.109046], [-104.394219, 32.109183], [-104.394357, 32.109592], [-104.394406, 32.109728], [-104.412369, 32.15803], [-104.412594, 32.158711], [-104.412766, 32.159402], [-104.412886, 32.160103], [-104.412951, 32.160808], [-104.412963, 32.161515], [-104.412921, 32.162221], [-104.412825, 32.162924], [-104.412675, 32.16362], [-104.412473, 32.164306], [-104.412219, 32.16498], [-104.411914, 32.165638], [-104.411559, 32.166277], [-104.411156, 32.166896], [-104.410707, 32.167491], [-104.410213, 32.168061], [-104.409677, 32.168601], [-104.409101, 32.169111], [-104.408487, 32.169589], [-104.407838, 32.170031], [-104.407156, 32.170436], [-104.406445, 32.170803], [-104.405708, 32.17113], [-104.335034, 32.199977], [-104.334894, 32.200036], [-104.334477, 32.200217], [-104.334339, 32.200279], [-104.333906, 32.200478], [-104.333635, 32.20061], [-104.332834, 32.201022], [-104.332571, 32.201165], [-104.332486, 32.201214], [-104.332232, 32.201368], [-104.331482, 32.201844], [-104.331237, 32.202009], [-104.331158, 32.202064], [-104.330923, 32.202238], [-104.330231, 32.202775], [-104.330006, 32.202958], [-104.329934, 32.20302], [-104.329719, 32.203213], [-104.329092, 32.203804], [-104.328889, 32.204005], [-104.328824, 32.204072], [-104.328633, 32.204282], [-104.328077, 32.204922], [-104.327897, 32.205139], [-104.327841, 32.205212], [-104.327674, 32.205436], [-104.327194, 32.206119], [-104.32704, 32.206351], [-104.326808, 32.20672], [-104.326737, 32.206838], [-104.326526, 32.207194], [-104.326458, 32.207313], [-104.326108, 32.207944], [-104.326074, 32.208006], [-104.325973, 32.208194], [-104.32594, 32.208256], [-104.325755, 32.208612], [-104.325723, 32.208675], [-104.325628, 32.208865], [-104.325596, 32.208928], [-104.324699, 32.210782], [-104.32467, 32.210842], [-104.324584, 32.211025], [-104.324556, 32.211085], [-104.3244, 32.211431], [-104.324373, 32.211493], [-104.324293, 32.211677], [-104.324267, 32.211738], [-104.323423, 32.213749], [-104.323399, 32.213808], [-104.323328, 32.213984], [-104.323304, 32.214043], [-104.323174, 32.214377], [-104.323152, 32.214436], [-104.323085, 32.214613], [-104.323063, 32.214672], [-104.322281, 32.216846], [-104.322261, 32.216902], [-104.322202, 32.217071], [-104.322183, 32.217128], [-104.322077, 32.217448], [-104.322058, 32.217505], [-104.322004, 32.217675], [-104.321986, 32.217731], [-104.321272, 32.220071], [-104.321256, 32.220125], [-104.321209, 32.220286], [-104.321193, 32.22034], [-104.321108, 32.220646], [-104.321093, 32.2207], [-104.32105, 32.220862], [-104.321036, 32.220916], [-104.320402, 32.223407], [-104.32035, 32.223618], [-104.320271, 32.22396], [-104.320226, 32.22416], [-104.319659, 32.226889], [-104.319619, 32.227088], [-104.319559, 32.227412], [-104.319525, 32.227602], [-104.31905, 32.230497], [-104.31902, 32.230685], [-104.318976, 32.230991], [-104.318952, 32.231171], [-104.318573, 32.234231], [-104.318553, 32.234409], [-104.318522, 32.234698], [-104.318506, 32.234867], [-104.31823, 32.238092], [-104.318217, 32.238259], [-104.318198, 32.238532], [-104.318188, 32.238691], [-104.318019, 32.242079], [-104.318012, 32.242236], [-104.318003, 32.242493], [-104.317999, 32.242643], [-104.31794, 32.246191], [-104.317938, 32.24634], [-104.317938, 32.246582], [-104.317938, 32.246723], [-104.317992, 32.25043], [-104.317995, 32.25057], [-104.318002, 32.250797], [-104.318006, 32.250933], [-104.318016, 32.251158], [-104.318024, 32.251286], [-104.318053, 32.251682], [-104.318064, 32.251814], [-104.318106, 32.25223], [-104.318141, 32.252493], [-104.318266, 32.253279], [-104.318315, 32.253541], [-104.318334, 32.253626], [-104.318398, 32.253885], [-104.318612, 32.254657], [-104.318691, 32.254913], [-104.31872, 32.254996], [-104.318813, 32.255248], [-104.319115, 32.255999], [-104.319222, 32.256247], [-104.319404, 32.256636], [-104.319463, 32.256758], [-104.319645, 32.257123], [-104.319708, 32.257244], [-104.339781, 32.294791], [-104.340083, 32.295404], [-104.34034, 32.296031], [-104.340551, 32.296671], [-104.340717, 32.29732], [-104.340835, 32.297976], [-104.340906, 32.298638], [-104.340929, 32.299302], [-104.340911, 32.323577], [-104.340911, 32.323795], [-104.340911, 32.324062], [-104.340911, 32.324315], [-104.340911, 32.324337], [-104.340874, 32.325151], [-104.340766, 32.32596], [-104.335944, 32.353003], [-104.335794, 32.353692], [-104.335592, 32.354371], [-104.335339, 32.355038], [-104.335037, 32.35569], [-104.334685, 32.356324], [-104.334286, 32.356937], [-104.333842, 32.357528], [-104.333354, 32.358093], [-104.332823, 32.35863], [-104.332254, 32.359137], [-104.331647, 32.359612], [-104.331005, 32.360052], [-104.293785, 32.383966], [-104.293679, 32.384035], [-104.293365, 32.384246], [-104.293261, 32.384317], [-104.292677, 32.384725], [-104.292575, 32.384798], [-104.292271, 32.38502], [-104.292171, 32.385094], [-104.28987, 32.386846], [-104.289661, 32.387001], [-104.289594, 32.38705], [-104.289384, 32.3872], [-104.286941, 32.388903], [-104.286849, 32.388968], [-104.286699, 32.389074], [-104.286613, 32.389136], [-104.284191, 32.390888], [-104.284095, 32.390958], [-104.28394, 32.391072], [-104.28385, 32.39114], [-104.281559, 32.392863], [-104.28146, 32.392938], [-104.281299, 32.393061], [-104.281206, 32.393134], [-104.279045, 32.394826], [-104.278942, 32.394907], [-104.278775, 32.39504], [-104.278679, 32.395119], [-104.276649, 32.396778], [-104.276542, 32.396866], [-104.276369, 32.39701], [-104.276269, 32.397095], [-104.27437, 32.398719], [-104.274259, 32.398815], [-104.274081, 32.398971], [-104.273978, 32.399062], [-104.272208, 32.400649], [-104.272095, 32.400753], [-104.271911, 32.400921], [-104.271804, 32.401021], [-104.270164, 32.402568], [-104.270047, 32.40268], [-104.269858, 32.402863], [-104.269749, 32.402971], [-104.268238, 32.404476], [-104.268117, 32.404597], [-104.267924, 32.404795], [-104.267811, 32.404912], [-104.266428, 32.406372], [-104.266305, 32.406503], [-104.266107, 32.406718], [-104.265992, 32.406845], [-104.264735, 32.408257], [-104.26461, 32.408399], [-104.264409, 32.408632], [-104.264292, 32.408769], [-104.263158, 32.410131], [-104.263032, 32.410284], [-104.262829, 32.410537], [-104.262711, 32.410685], [-104.261697, 32.411993], [-104.261571, 32.412159], [-104.261367, 32.412432], [-104.261249, 32.412593], [-104.260353, 32.413844], [-104.260226, 32.414023], [-104.260024, 32.414318], [-104.259906, 32.414492], [-104.259123, 32.415683], [-104.258999, 32.415877], [-104.258799, 32.416194], [-104.258684, 32.416382], [-104.257998, 32.417529], [-104.257969, 32.417578], [-104.257881, 32.417731], [-104.257851, 32.417782], [-104.257687, 32.418072], [-104.257658, 32.418124], [-104.257573, 32.418278], [-104.257545, 32.41833], [-104.257, 32.419346], [-104.256971, 32.419401], [-104.256885, 32.419565], [-104.256857, 32.419619], [-104.2567, 32.41993], [-104.256673, 32.419985], [-104.256592, 32.420151], [-104.256565, 32.420206], [-104.256114, 32.421156], [-104.256087, 32.421214], [-104.256006, 32.421389], [-104.25598, 32.421447], [-104.255833, 32.421779], [-104.255807, 32.421838], [-104.255732, 32.422014], [-104.255707, 32.422073], [-104.255342, 32.422955], [-104.255317, 32.423017], [-104.255243, 32.423203], [-104.255219, 32.423265], [-104.255085, 32.423617], [-104.255061, 32.42368], [-104.254993, 32.423867], [-104.25497, 32.423929], [-104.254684, 32.424746], [-104.254662, 32.424812], [-104.254596, 32.425008], [-104.254574, 32.425074], [-104.254456, 32.425446], [-104.254435, 32.425511], [-104.254375, 32.425709], [-104.254356, 32.425775], [-104.254139, 32.426529], [-104.25412, 32.426598], [-104.254064, 32.426804], [-104.254046, 32.426873], [-104.253946, 32.427263], [-104.253929, 32.427332], [-104.25388, 32.427539], [-104.253864, 32.427609], [-104.253708, 32.428306], [-104.253693, 32.428377], [-104.253648, 32.428592], [-104.253634, 32.428663], [-104.253556, 32.42907], [-104.253543, 32.429142], [-104.253505, 32.429357], [-104.253493, 32.429429], [-104.253391, 32.430075], [-104.253379, 32.430149], [-104.253348, 32.430371], [-104.253338, 32.430445], [-104.253285, 32.430865], [-104.253276, 32.43094], [-104.253252, 32.431162], [-104.253244, 32.431237], [-104.253188, 32.43184], [-104.253181, 32.431916], [-104.253164, 32.432143], [-104.253159, 32.432219], [-104.253133, 32.432649], [-104.253129, 32.432725], [-104.253119, 32.432953], [-104.253116, 32.433029], [-104.2531, 32.4336], [-104.253099, 32.433677], [-104.253096, 32.433908], [-104.253096, 32.433985], [-104.253099, 32.434422], [-104.2531, 32.434499], [-104.253105, 32.43473], [-104.253107, 32.434807], [-104.253129, 32.435356], [-104.253133, 32.435433], [-104.253146, 32.435666], [-104.253151, 32.435743], [-104.253183, 32.436182], [-104.253189, 32.43626], [-104.25321, 32.436492], [-104.253218, 32.436569], [-104.253275, 32.437107], [-104.253284, 32.437185], [-104.253313, 32.437417], [-104.253323, 32.437494], [-104.253385, 32.437931], [-104.253396, 32.438008], [-104.253433, 32.438239], [-104.253446, 32.438316], [-104.25354, 32.438856], [-104.253554, 32.438932], [-104.253598, 32.439161], [-104.253613, 32.439237], [-104.253704, 32.439668], [-104.25372, 32.439744], [-104.253772, 32.439971], [-104.25379, 32.440047], [-104.253925, 32.440599], [-104.253944, 32.440674], [-104.254002, 32.440898], [-104.254022, 32.440972], [-104.25414, 32.441393], [-104.254161, 32.441467], [-104.254227, 32.441689], [-104.254249, 32.441763], [-104.25443, 32.442339], [-104.254454, 32.442411], [-104.254525, 32.442627], [-104.25455, 32.442699], [-104.254692, 32.443106], [-104.254718, 32.443178], [-104.254796, 32.443393], [-104.254823, 32.443464], [-104.255057, 32.444072], [-104.255085, 32.444142], [-104.255168, 32.444349], [-104.255197, 32.444418], [-104.255361, 32.444809], [-104.25539, 32.444878], [-104.25548, 32.445083], [-104.255511, 32.445152], [-104.255807, 32.4458], [-104.255837, 32.445866], [-104.255931, 32.446063], [-104.255963, 32.446129], [-104.256146, 32.446501], [-104.256178, 32.446566], [-104.256278, 32.446762], [-104.256312, 32.446827], [-104.256747, 32.447649], [-104.256845, 32.447831], [-104.257006, 32.448123], [-104.257103, 32.448295], [-104.257687, 32.449301], [-104.257793, 32.449481], [-104.257969, 32.449772], [-104.258075, 32.449944], [-104.258688, 32.450912], [-104.258803, 32.45109], [-104.258994, 32.45138], [-104.259109, 32.451549], [-104.259752, 32.452481], [-104.259876, 32.452658], [-104.260082, 32.452944], [-104.260205, 32.453112], [-104.260879, 32.454011], [-104.261012, 32.454185], [-104.261232, 32.454467], [-104.261363, 32.454632], [-104.26207, 32.455501], [-104.26221, 32.45567], [-104.262444, 32.455947], [-104.262583, 32.456108], [-104.263324, 32.45695], [-104.263472, 32.457115], [-104.263718, 32.457384], [-104.263864, 32.457542], [-104.264641, 32.458358], [-104.264797, 32.458519], [-104.265054, 32.45878], [-104.265207, 32.458933], [-104.266023, 32.459727], [-104.266184, 32.459882], [-104.266452, 32.460133], [-104.266612, 32.46028], [-104.267468, 32.461054], [-104.267636, 32.461203], [-104.267913, 32.461444], [-104.268077, 32.461585], [-104.268978, 32.462341], [-104.26915, 32.462483], [-104.269435, 32.462713], [-104.269604, 32.462848], [-104.270551, 32.463586], [-104.270728, 32.463721], [-104.271019, 32.46394], [-104.271192, 32.464068], [-104.272189, 32.464791], [-104.272369, 32.464919], [-104.272665, 32.465125], [-104.27284, 32.465246], [-104.273892, 32.465954], [-104.274073, 32.466074], [-104.274373, 32.466268], [-104.27455, 32.466382], [-104.275658, 32.467075], [-104.275841, 32.467188], [-104.276143, 32.46737], [-104.276321, 32.467475], [-104.277489, 32.468154], [-104.277673, 32.468259], [-104.277975, 32.468429], [-104.278153, 32.468527], [-104.279384, 32.469192], [-104.279567, 32.469289], [-104.279869, 32.469446], [-104.280047, 32.469538], [-104.281342, 32.470187], [-104.281525, 32.470277], [-104.281825, 32.470422], [-104.282002, 32.470506], [-104.283365, 32.47114], [-104.283546, 32.471223], [-104.283843, 32.471356], [-104.284018, 32.471433], [-104.285451, 32.472051], [-104.28563, 32.472127], [-104.285923, 32.472249], [-104.286096, 32.472319], [-104.287601, 32.472919], [-104.287777, 32.472988], [-104.288066, 32.473099], [-104.288235, 32.473163], [-104.289814, 32.473745], [-104.289987, 32.473808], [-104.29027, 32.473908], [-104.290437, 32.473966], [-104.29209, 32.474528], [-104.29226, 32.474585], [-104.292537, 32.474676], [-104.2927, 32.474728], [-104.29443, 32.475269], [-104.294595, 32.47532], [-104.294867, 32.475402], [-104.295026, 32.475449], [-104.296832, 32.475967], [-104.296994, 32.476013], [-104.297258, 32.476086], [-104.297413, 32.476128], [-104.299297, 32.476623], [-104.299455, 32.476663], [-104.299712, 32.476728], [-104.299863, 32.476765], [-104.301826, 32.477236], [-104.301979, 32.477272], [-104.302229, 32.477329], [-104.302375, 32.477362], [-104.304416, 32.477806], [-104.304565, 32.477838], [-104.304808, 32.477888], [-104.30495, 32.477917], [-104.30707, 32.478334], [-104.307214, 32.478362], [-104.307449, 32.478406], [-104.307587, 32.478431], [-104.309786, 32.478819], [-104.309926, 32.478843], [-104.310153, 32.478881], [-104.310287, 32.478903], [-104.312564, 32.479262], [-104.3127, 32.479283], [-104.31292, 32.479315], [-104.313049, 32.479334], [-104.315405, 32.479662], [-104.315536, 32.47968], [-104.315749, 32.479708], [-104.315873, 32.479723], [-104.318358, 32.480026], [-104.318481, 32.480041], [-104.318533, 32.480048], [-104.318712, 32.480073], [-104.321134, 32.480418], [-104.321269, 32.480437], [-104.321323, 32.480446], [-104.321513, 32.480476], [-104.323809, 32.480854], [-104.323952, 32.480878], [-104.32401, 32.480888], [-104.324211, 32.480925], [-104.326379, 32.481335], [-104.326532, 32.481365], [-104.326593, 32.481377], [-104.326807, 32.481421], [-104.328846, 32.48186], [-104.329009, 32.481896], [-104.329074, 32.481911], [-104.3293, 32.481964], [-104.331209, 32.48243], [-104.331382, 32.482473], [-104.331451, 32.482491], [-104.331691, 32.482555], [-104.333469, 32.483043], [-104.333653, 32.483095], [-104.333726, 32.483116], [-104.333978, 32.483192], [-104.335625, 32.483701], [-104.33582, 32.483762], [-104.335897, 32.483787], [-104.336163, 32.483876], [-104.337715, 32.484414], [-104.337966, 32.484503], [-104.338045, 32.484532], [-104.338287, 32.484624], [-104.339674, 32.485162], [-104.339929, 32.485264], [-104.340014, 32.485299], [-104.340267, 32.485406], [-104.341525, 32.485953], [-104.341791, 32.486072], [-104.341879, 32.486112], [-104.342142, 32.486236], [-104.343275, 32.486787], [-104.343551, 32.486924], [-104.343642, 32.486971], [-104.343913, 32.487115], [-104.344924, 32.487664], [-104.345207, 32.487823], [-104.3453, 32.487876], [-104.345579, 32.488041], [-104.346473, 32.488586], [-104.346761, 32.488766], [-104.346856, 32.488828], [-104.347138, 32.489015], [-104.347923, 32.489552], [-104.348212, 32.489756], [-104.348307, 32.489825], [-104.34859, 32.490036], [-104.349274, 32.490562], [-104.349561, 32.49079], [-104.349655, 32.490867], [-104.349934, 32.491103], [-104.350528, 32.491619], [-104.350808, 32.491871], [-104.350899, 32.491956], [-104.35117, 32.492215], [-104.351684, 32.492723], [-104.351952, 32.492997], [-104.35204, 32.49309], [-104.352297, 32.493371], [-104.352743, 32.493875], [-104.352994, 32.49417], [-104.353076, 32.494269], [-104.353316, 32.494571], [-104.353704, 32.495076], [-104.353934, 32.495389], [-104.354009, 32.495494], [-104.354227, 32.495812], [-104.354566, 32.496328], [-104.354772, 32.496654], [-104.354839, 32.496763], [-104.355031, 32.497095], [-104.355329, 32.49763], [-104.355508, 32.497965], [-104.355565, 32.498078], [-104.35573, 32.498418], [-104.355991, 32.498984], [-104.356141, 32.499323], [-104.356188, 32.499437], [-104.356324, 32.499781], [-104.356551, 32.500389], [-104.356671, 32.500728], [-104.356708, 32.500842], [-104.356815, 32.501184], [-104.357007, 32.501845], [-104.357098, 32.50218], [-104.357126, 32.502291], [-104.357204, 32.502628], [-104.357358, 32.503352], [-104.357422, 32.503677], [-104.357441, 32.503786], [-104.357493, 32.504113], [-104.357604, 32.504908], [-104.357642, 32.505222], [-104.357653, 32.505326], [-104.357681, 32.50564], [-104.357743, 32.506513], [-104.357759, 32.506812], [-104.357763, 32.506912], [-104.35777, 32.507211], [-104.357775, 32.508165], [-104.357773, 32.508449], [-104.35777, 32.508543], [-104.357759, 32.508826], [-104.357701, 32.509865], [-104.357683, 32.510131], [-104.357675, 32.51022], [-104.357649, 32.510487], [-104.357521, 32.51161], [-104.357489, 32.51186], [-104.357477, 32.511943], [-104.357439, 32.512192], [-104.357234, 32.513402], [-104.357192, 32.513635], [-104.357177, 32.513712], [-104.357128, 32.513944], [-104.356846, 32.51522], [-104.356807, 32.515387], [-104.35679, 32.515458], [-104.35673, 32.515693], [-104.356381, 32.516997], [-104.356332, 32.517173], [-104.356312, 32.517242], [-104.35624, 32.517479], [-104.355839, 32.518745], [-104.355781, 32.518922], [-104.355758, 32.518992], [-104.355673, 32.519231], [-104.355209, 32.520492], [-104.355127, 32.520709], [-104.3551, 32.520776], [-104.355015, 32.520984], [-104.35451, 32.522181], [-104.35442, 32.52239], [-104.354389, 32.522459], [-104.354293, 32.522665], [-104.353737, 32.523832], [-104.353635, 32.524039], [-104.353601, 32.524107], [-104.353494, 32.524312], [-104.352886, 32.525451], [-104.352774, 32.525655], [-104.352736, 32.525722], [-104.352619, 32.525924], [-104.351957, 32.527037], [-104.351836, 32.527237], [-104.351794, 32.527304], [-104.351668, 32.527501], [-104.350952, 32.528591], [-104.350821, 32.528786], [-104.350776, 32.528851], [-104.35064, 32.529044], [-104.349868, 32.530113], [-104.349729, 32.530302], [-104.349681, 32.530364], [-104.349537, 32.530551], [-104.348707, 32.531601], [-104.34856, 32.531784], [-104.34851, 32.531844], [-104.348358, 32.532024], [-104.347468, 32.533057], [-104.347314, 32.533232], [-104.347262, 32.53329], [-104.347104, 32.533462], [-104.346176, 32.534454], [-104.346046, 32.53459], [-104.34599, 32.534648], [-104.345802, 32.534838], [-104.344784, 32.535842], [-104.344645, 32.535976], [-104.34459, 32.536029], [-104.344397, 32.536209], [-104.343311, 32.5372], [-104.34317, 32.537327], [-104.343114, 32.537376], [-104.342916, 32.537547], [-104.341761, 32.538524], [-104.341617, 32.538644], [-104.34156, 32.53869], [-104.34136, 32.538851], [-104.340132, 32.539815], [-104.339987, 32.539927], [-104.33993, 32.53997], [-104.339728, 32.540121], [-104.338425, 32.541072], [-104.33828, 32.541176], [-104.338222, 32.541217], [-104.33802, 32.541357], [-104.33664, 32.542295], [-104.336495, 32.542392], [-104.336438, 32.54243], [-104.336236, 32.54256], [-104.334777, 32.543484], [-104.334634, 32.543574], [-104.334577, 32.543609], [-104.334376, 32.54373], [-104.332836, 32.544639], [-104.332695, 32.544722], [-104.332639, 32.544754], [-104.33244, 32.544866], [-104.330818, 32.54576], [-104.330679, 32.545836], [-104.330624, 32.545866], [-104.330428, 32.545968], [-104.328722, 32.546847], [-104.328586, 32.546916], [-104.328532, 32.546943], [-104.32834, 32.547038], [-104.326549, 32.547899], [-104.326416, 32.547963], [-104.326363, 32.547988], [-104.326175, 32.548074], [-104.324299, 32.548917], [-104.324169, 32.548975], [-104.324117, 32.548998], [-104.323933, 32.549077], [-104.321972, 32.549901], [-104.321845, 32.549954], [-104.321794, 32.549974], [-104.321615, 32.550046], [-104.319567, 32.55085], [-104.319444, 32.550898], [-104.319395, 32.550917], [-104.319221, 32.550982], [-104.317086, 32.551766], [-104.316967, 32.551809], [-104.316919, 32.551826], [-104.316749, 32.551885], [-104.314528, 32.552646], [-104.314412, 32.552686], [-104.314366, 32.552701], [-104.314201, 32.552755], [-104.311892, 32.553493], [-104.311781, 32.553528], [-104.311736, 32.553542], [-104.311576, 32.553591], [-104.30918, 32.554305], [-104.309072, 32.554337], [-104.309029, 32.55435], [-104.308875, 32.554393], [-104.306392, 32.555084], [-104.306287, 32.555112], [-104.306245, 32.555123], [-104.306096, 32.555163], [-104.303607, 32.555807], [-104.303485, 32.555838], [-104.303287, 32.555891], [-104.303172, 32.555923], [-104.300809, 32.556576], [-104.300685, 32.556611], [-104.300482, 32.556669], [-104.300364, 32.556703], [-104.298068, 32.557381], [-104.29794, 32.557419], [-104.297734, 32.557482], [-104.297613, 32.557519], [-104.295382, 32.558221], [-104.295252, 32.558263], [-104.295042, 32.558331], [-104.294919, 32.558372], [-104.292752, 32.559098], [-104.29262, 32.559143], [-104.292406, 32.559216], [-104.292282, 32.55926], [-104.290179, 32.56001], [-104.290045, 32.560058], [-104.289827, 32.560138], [-104.2897, 32.560185], [-104.287662, 32.560957], [-104.287526, 32.561009], [-104.287305, 32.561095], [-104.287176, 32.561146], [-104.285201, 32.56194], [-104.285063, 32.561997], [-104.284839, 32.562089], [-104.284708, 32.562144], [-104.282795, 32.562959], [-104.282656, 32.56302], [-104.28243, 32.563119], [-104.282298, 32.563178], [-104.280446, 32.564014], [-104.280305, 32.564079], [-104.280077, 32.564185], [-104.279943, 32.564247], [-104.278152, 32.565104], [-104.27801, 32.565173], [-104.27778, 32.565286], [-104.277646, 32.565353], [-104.275915, 32.566231], [-104.275772, 32.566304], [-104.275541, 32.566424], [-104.275406, 32.566496], [-104.273733, 32.567393], [-104.27359, 32.56747], [-104.273357, 32.567598], [-104.273222, 32.567674], [-104.271606, 32.568591], [-104.271463, 32.568673], [-104.271231, 32.568808], [-104.271095, 32.568888], [-104.269536, 32.569824], [-104.269393, 32.569911], [-104.269161, 32.570054], [-104.269026, 32.570139], [-104.267521, 32.571094], [-104.267378, 32.571186], [-104.267148, 32.571336], [-104.267013, 32.571425], [-104.265561, 32.5724], [-104.26542, 32.572496], [-104.265191, 32.572654], [-104.265057, 32.572748], [-104.263658, 32.573742], [-104.263518, 32.573843], [-104.263291, 32.574008], [-104.263159, 32.574106], [-104.261809, 32.57512], [-104.261671, 32.575225], [-104.261448, 32.575398], [-104.261317, 32.5755], [-104.260017, 32.576535], [-104.259881, 32.576644], [-104.259661, 32.576824], [-104.259533, 32.57693], [-104.258279, 32.577986], [-104.258146, 32.578099], [-104.257931, 32.578286], [-104.257805, 32.578396], [-104.256598, 32.579473], [-104.256468, 32.57959], [-104.256257, 32.579783], [-104.256135, 32.579897], [-104.254972, 32.580997], [-104.254845, 32.581118], [-104.25464, 32.581317], [-104.254521, 32.581434], [-104.253401, 32.582557], [-104.253279, 32.582681], [-104.25308, 32.582886], [-104.252965, 32.583007], [-104.251887, 32.584154], [-104.251768, 32.584282], [-104.251577, 32.584491], [-104.251465, 32.584615], [-104.250428, 32.585787], [-104.250314, 32.585918], [-104.25013, 32.586132], [-104.250022, 32.586259], [-104.249491, 32.586897], [-104.249416, 32.586989], [-104.249192, 32.587271], [-104.249118, 32.587365], [-104.24889, 32.587666], [-104.24875, 32.587859], [-104.248344, 32.588445], [-104.248213, 32.588643], [-104.248015, 32.588959], [-104.247953, 32.589059], [-104.247772, 32.589362], [-104.247713, 32.589464], [-104.230107, 32.62053], [-104.22972, 32.621159], [-104.229285, 32.621766], [-104.228805, 32.622347], [-104.228281, 32.6229], [-104.227716, 32.623424], [-104.227111, 32.623915], [-104.22647, 32.624372], [-104.225795, 32.624792], [-104.22509, 32.625175], [-104.224356, 32.625518], [-104.223598, 32.625819], [-104.222818, 32.626079], [-104.222019, 32.626294], [-104.221206, 32.626465], [-104.220381, 32.626592], [-104.219548, 32.626672], [-104.218711, 32.626706], [-104.191606, 32.627065], [-104.191325, 32.627069], [-104.19109, 32.627072], [-104.190797, 32.627076], [-104.19063, 32.627078], [-104.189896, 32.62707], [-104.189163, 32.627027], [-104.147118, 32.623497], [-104.146912, 32.623482], [-104.146291, 32.623447], [-104.146084, 32.623438], [-104.144852, 32.623402], [-104.144687, 32.623399], [-104.144191, 32.623395], [-104.144026, 32.623396], [-104.137641, 32.623486], [-104.137485, 32.623487], [-104.130676, 32.623513], [-104.130527, 32.623513], [-104.123492, 32.623471], [-104.123353, 32.62347], [-104.116091, 32.623359], [-104.11596, 32.623357], [-104.108549, 32.623179], [-104.108426, 32.623176], [-104.100709, 32.622928], [-104.100591, 32.622924], [-104.092627, 32.622606], [-104.09253, 32.622602], [-104.084805, 32.622244], [-104.084703, 32.622239], [-104.0772, 32.62184], [-104.077093, 32.621834], [-104.069813, 32.621395], [-104.069699, 32.621388], [-104.062644, 32.620909], [-104.062523, 32.6209], [-104.055613, 32.620375], [-104.055484, 32.620365], [-104.048874, 32.619805], [-104.04874, 32.619793], [-104.045856, 32.619523], [-104.045698, 32.61951], [-104.045219, 32.619475], [-104.045059, 32.619466], [-104.044152, 32.619419], [-104.043992, 32.619412], [-104.043511, 32.619398], [-104.043351, 32.619395], [-103.973649, 32.618741], [-103.972823, 32.61871], [-103.972002, 32.618635], [-103.971188, 32.618515], [-103.970385, 32.618352], [-103.969596, 32.618145], [-103.968825, 32.617896], [-103.968073, 32.617605], [-103.967346, 32.617274], [-103.966645, 32.616904], [-103.965973, 32.616497], [-103.965334, 32.616054], [-103.96473, 32.615578], [-103.964163, 32.615069], [-103.963635, 32.614531], [-103.96315, 32.613965], [-103.962709, 32.613375], [-103.962313, 32.612761], [-103.962241, 32.61264], [-103.962013, 32.61227], [-103.961936, 32.612148], [-103.961644, 32.611703], [-103.961563, 32.611582], [-103.961355, 32.611283], [-103.961181, 32.611047], [-103.960955, 32.610756], [-103.960863, 32.610641], [-103.960708, 32.610452], [-103.960613, 32.610339], [-103.960369, 32.610059], [-103.960168, 32.609839], [-103.959909, 32.60957], [-103.959803, 32.609463], [-103.959626, 32.609289], [-103.959517, 32.609185], [-103.959242, 32.608927], [-103.959015, 32.608726], [-103.958724, 32.60848], [-103.958607, 32.608383], [-103.958409, 32.608225], [-103.958289, 32.608131], [-103.957983, 32.607898], [-103.957734, 32.607718], [-103.957415, 32.607499], [-103.957286, 32.607412], [-103.957071, 32.607272], [-103.956939, 32.607188], [-103.956608, 32.606983], [-103.956338, 32.606825], [-103.955994, 32.606635], [-103.955856, 32.60656], [-103.955625, 32.606439], [-103.955484, 32.606367], [-103.955129, 32.606192], [-103.954841, 32.606058], [-103.954477, 32.605898], [-103.95433, 32.605836], [-103.954085, 32.605735], [-103.953937, 32.605676], [-103.953563, 32.605533], [-103.953261, 32.605424], [-103.952879, 32.605297], [-103.952725, 32.605247], [-103.95247, 32.605168], [-103.952315, 32.605122], [-103.951925, 32.605012], [-103.951611, 32.60493], [-103.951216, 32.604836], [-103.951057, 32.6048], [-103.950475, 32.604675], [-103.950315, 32.604643], [-103.949834, 32.604551], [-103.949674, 32.604522], [-103.94245, 32.603304], [-103.94163, 32.603142], [-103.940825, 32.602935], [-103.940038, 32.602684], [-103.939271, 32.602389], [-103.938529, 32.602054], [-103.937815, 32.601677], [-103.937131, 32.601262], [-103.936481, 32.60081], [-103.935867, 32.600323], [-103.935292, 32.599803], [-103.934759, 32.599253], [-103.934269, 32.598674], [-103.933824, 32.598069], [-103.933428, 32.59744], [-103.933081, 32.596792], [-103.932785, 32.596125], [-103.932541, 32.595443], [-103.93235, 32.59475], [-103.932213, 32.594047], [-103.93213, 32.593338], [-103.932103, 32.592626], [-103.932105, 32.570206], [-103.932132, 32.5695], [-103.932213, 32.568796], [-103.932348, 32.568099], [-103.932536, 32.56741], [-103.932777, 32.566733], [-103.933069, 32.566071], [-103.933411, 32.565426], [-103.933802, 32.564801], [-103.934239, 32.5642], [-103.934722, 32.563623], [-103.935248, 32.563074], [-103.935815, 32.562555], [-103.936421, 32.562069], [-103.937063, 32.561617], [-103.937738, 32.561201], [-103.94984, 32.554238], [-103.949971, 32.55416], [-103.95036, 32.553924], [-103.950488, 32.553844], [-103.950954, 32.553547], [-103.95108, 32.553464], [-103.951392, 32.553254], [-103.951637, 32.553081], [-103.951937, 32.552858], [-103.952055, 32.552767], [-103.952249, 32.552616], [-103.952365, 32.552523], [-103.952651, 32.552288], [-103.952874, 32.552095], [-103.953146, 32.551848], [-103.953254, 32.551748], [-103.953429, 32.551581], [-103.953533, 32.551479], [-103.95379, 32.551221], [-103.95399, 32.55101], [-103.954232, 32.550741], [-103.954327, 32.550633], [-103.954482, 32.550452], [-103.954573, 32.550341], [-103.954799, 32.550063], [-103.954973, 32.549837], [-103.955182, 32.549549], [-103.955264, 32.549433], [-103.955397, 32.54924], [-103.955475, 32.549122], [-103.955667, 32.548827], [-103.955814, 32.548587], [-103.955988, 32.548283], [-103.956056, 32.548161], [-103.956166, 32.547957], [-103.95623, 32.547834], [-103.956387, 32.547523], [-103.956505, 32.547272], [-103.956643, 32.546956], [-103.956696, 32.546828], [-103.956884, 32.546361], [-103.956934, 32.546232], [-103.957077, 32.545846], [-103.957123, 32.545716], [-103.963569, 32.526662], [-103.963819, 32.526003], [-103.964118, 32.525358], [-103.964464, 32.524731], [-103.964857, 32.524124], [-103.965295, 32.52354], [-103.965776, 32.52298], [-103.966297, 32.522447], [-103.966858, 32.521943], [-103.967456, 32.521471], [-103.968087, 32.521031], [-103.96875, 32.520627], [-103.969443, 32.520259], [-103.970161, 32.519929], [-103.970903, 32.519638], [-104.037641, 32.495619], [-104.037796, 32.495561], [-104.03826, 32.495382], [-104.038414, 32.49532], [-104.038973, 32.495088], [-104.039124, 32.495023], [-104.039501, 32.494857], [-104.039798, 32.494717], [-104.040164, 32.494533], [-104.040309, 32.494458], [-104.040547, 32.494331], [-104.04069, 32.494253], [-104.041043, 32.494054], [-104.041321, 32.493888], [-104.041662, 32.493672], [-104.041797, 32.493585], [-104.042018, 32.493438], [-104.04215, 32.493347], [-104.042477, 32.493117], [-104.042733, 32.492927], [-104.043045, 32.492682], [-104.043168, 32.492583], [-104.043614, 32.492215], [-104.043734, 32.492114], [-104.044089, 32.491804], [-104.044206, 32.491699], [-104.04657, 32.489528], [-104.046685, 32.489422], [-104.046869, 32.489248], [-104.046976, 32.489146], [-104.049433, 32.48677], [-104.04955, 32.486656], [-104.049738, 32.486469], [-104.049848, 32.486359], [-104.052133, 32.484023], [-104.052252, 32.4839], [-104.052445, 32.483698], [-104.052556, 32.483579], [-104.054671, 32.481287], [-104.054793, 32.481154], [-104.054988, 32.480936], [-104.055101, 32.480808], [-104.057048, 32.478562], [-104.057171, 32.478418], [-104.057368, 32.478183], [-104.057482, 32.478045], [-104.059263, 32.475847], [-104.059386, 32.475692], [-104.059585, 32.475439], [-104.059699, 32.47529], [-104.061317, 32.473142], [-104.06144, 32.472976], [-104.061638, 32.472704], [-104.061752, 32.472544], [-104.063211, 32.470449], [-104.063333, 32.47027], [-104.063528, 32.469978], [-104.063641, 32.469806], [-104.064944, 32.467765], [-104.065063, 32.467574], [-104.065254, 32.467261], [-104.065364, 32.467077], [-104.066527, 32.465075], [-104.066554, 32.465027], [-104.066639, 32.464877], [-104.066667, 32.464827], [-104.066823, 32.464543], [-104.066851, 32.464493], [-104.066932, 32.464342], [-104.066958, 32.464291], [-104.067939, 32.462412], [-104.067966, 32.462359], [-104.068047, 32.462199], [-104.068074, 32.462146], [-104.068222, 32.461844], [-104.068248, 32.461791], [-104.068325, 32.46163], [-104.06835, 32.461576], [-104.069193, 32.459756], [-104.069218, 32.4597], [-104.069294, 32.459531], [-104.069319, 32.459475], [-104.069457, 32.459155], [-104.069482, 32.459098], [-104.069553, 32.458928], [-104.069576, 32.458871], [-104.070287, 32.45711], [-104.070311, 32.457051], [-104.07038, 32.456872], [-104.070402, 32.456813], [-104.070529, 32.456475], [-104.070551, 32.456415], [-104.070615, 32.456236], [-104.070636, 32.456176], [-104.071222, 32.454472], [-104.071243, 32.454409], [-104.071305, 32.454222], [-104.071325, 32.45416], [-104.071436, 32.453806], [-104.071455, 32.453743], [-104.071511, 32.453555], [-104.07153, 32.453492], [-104.071999, 32.451841], [-104.072017, 32.451776], [-104.072069, 32.451581], [-104.072086, 32.451516], [-104.07218, 32.451146], [-104.072196, 32.451081], [-104.072242, 32.450885], [-104.072258, 32.450819], [-104.072616, 32.449217], [-104.07263, 32.44915], [-104.072672, 32.448947], [-104.072686, 32.44888], [-104.072759, 32.448497], [-104.072772, 32.44843], [-104.072808, 32.448226], [-104.07282, 32.448159], [-104.073073, 32.446599], [-104.073084, 32.44653], [-104.073114, 32.446322], [-104.073124, 32.446253], [-104.073176, 32.445859], [-104.073184, 32.445789], [-104.073209, 32.445581], [-104.073216, 32.445511], [-104.07337, 32.443988], [-104.073377, 32.443917], [-104.073395, 32.443704], [-104.073401, 32.443633], [-104.073429, 32.443231], [-104.073433, 32.44316], [-104.073445, 32.442948], [-104.073448, 32.442877], [-104.073507, 32.441381], [-104.073509, 32.441309], [-104.073515, 32.441094], [-104.073516, 32.441022], [-104.073519, 32.440615], [-104.073519, 32.440543], [-104.073517, 32.440328], [-104.073516, 32.440256], [-104.073483, 32.438779], [-104.07348, 32.438707], [-104.073472, 32.43849], [-104.073469, 32.438418], [-104.073446, 32.43801], [-104.073442, 32.437938], [-104.073427, 32.437721], [-104.073421, 32.437649], [-104.073296, 32.436182], [-104.073289, 32.43611], [-104.073267, 32.435894], [-104.073259, 32.435822], [-104.073212, 32.435416], [-104.073203, 32.435344], [-104.073174, 32.435129], [-104.073164, 32.435057], [-104.072946, 32.433589], [-104.072934, 32.433518], [-104.072899, 32.433305], [-104.072887, 32.433234], [-104.072815, 32.432833], [-104.072801, 32.432762], [-104.07276, 32.43255], [-104.072745, 32.432479], [-104.07251, 32.431373], [-104.072484, 32.431256], [-104.0724, 32.430906], [-104.072371, 32.43079], [-104.072196, 32.430133], [-104.072164, 32.430017], [-104.072062, 32.429671], [-104.072027, 32.429556], [-104.071813, 32.42889], [-104.071774, 32.428773], [-104.071652, 32.428422], [-104.071609, 32.428306], [-104.071361, 32.427649], [-104.071316, 32.427533], [-104.071175, 32.427188], [-104.071126, 32.427073], [-104.070864, 32.426474], [-104.070812, 32.426359], [-104.070652, 32.426017], [-104.070597, 32.425903], [-104.070278, 32.425263], [-104.07022, 32.42515], [-104.070042, 32.424814], [-104.069981, 32.424703], [-104.069656, 32.424126], [-104.069593, 32.424017], [-104.069399, 32.42369], [-104.069333, 32.423582], [-104.06895, 32.422974], [-104.068881, 32.422867], [-104.06867, 32.422548], [-104.068598, 32.422443], [-104.068183, 32.421849], [-104.06811, 32.421747], [-104.067888, 32.421444], [-104.067813, 32.421344], [-104.067378, 32.42078], [-104.0673, 32.420681], [-104.067063, 32.420387], [-104.066982, 32.42029], [-104.06644, 32.419648], [-104.06636, 32.419556], [-104.066118, 32.419281], [-104.066035, 32.419191], [-104.065565, 32.41868], [-104.06548, 32.418591], [-104.065224, 32.418325], [-104.065138, 32.418237], [-104.064426, 32.41753], [-104.064342, 32.417448], [-104.064087, 32.417204], [-104.064001, 32.417124], [-104.063508, 32.416672], [-104.06342, 32.416593], [-104.063154, 32.416358], [-104.063064, 32.41628], [-104.062142, 32.415499], [-104.062056, 32.415428], [-104.061796, 32.415215], [-104.061709, 32.415145], [-104.061209, 32.414753], [-104.06112, 32.414684], [-104.06085, 32.41448], [-104.06076, 32.414413], [-104.059591, 32.413561], [-104.059505, 32.4135], [-104.059247, 32.413318], [-104.05916, 32.413258], [-104.058664, 32.412922], [-104.058576, 32.412863], [-104.05831, 32.412689], [-104.058221, 32.412631], [-104.056776, 32.411718], [-104.056692, 32.411667], [-104.05644, 32.411513], [-104.056355, 32.411462], [-104.055874, 32.411178], [-104.055789, 32.411128], [-104.055531, 32.410982], [-104.055444, 32.410933], [-104.0537, 32.409973], [-104.05362, 32.40993], [-104.053378, 32.409801], [-104.053297, 32.409759], [-104.052836, 32.409521], [-104.052754, 32.40948], [-104.052508, 32.409357], [-104.052426, 32.409317], [-104.050368, 32.408326], [-104.050292, 32.40829], [-104.050063, 32.408183], [-104.049986, 32.408148], [-104.04955, 32.407951], [-104.049472, 32.407917], [-104.04924, 32.407815], [-104.049162, 32.407782], [-104.046783, 32.406777], [-104.046711, 32.406748], [-104.046495, 32.406659], [-104.046423, 32.40663], [-104.046013, 32.406468], [-104.045941, 32.40644], [-104.045723, 32.406356], [-104.04565, 32.406329], [-104.042945, 32.405326], [-104.042878, 32.405301], [-104.042677, 32.405229], [-104.042609, 32.405205], [-104.042227, 32.405072], [-104.042159, 32.405049], [-104.041956, 32.40498], [-104.041888, 32.404958], [-104.038858, 32.403971], [-104.038795, 32.403951], [-104.038608, 32.403892], [-104.038545, 32.403872], [-104.03819, 32.403764], [-104.038127, 32.403745], [-104.037938, 32.403689], [-104.037875, 32.40367], [-104.03454, 32.402717], [-104.034302, 32.40265], [-104.033915, 32.402546], [-104.033687, 32.402487], [-104.029952, 32.401551], [-104.029733, 32.401497], [-104.029374, 32.401413], [-104.029164, 32.401365], [-104.025118, 32.400479], [-104.024914, 32.400436], [-104.024583, 32.400368], [-104.024389, 32.400329], [-104.020035, 32.3995], [-104.019847, 32.399465], [-104.019541, 32.399411], [-104.019361, 32.39938], [-104.014704, 32.398614], [-104.01453, 32.398586], [-104.014247, 32.398543], [-104.014081, 32.398519], [-104.009126, 32.39782], [-104.008964, 32.397798], [-104.008702, 32.397764], [-104.008549, 32.397745], [-104.003299, 32.397118], [-104.00315, 32.397101], [-104.002907, 32.397074], [-104.002765, 32.397059], [-103.997224, 32.396506], [-103.997085, 32.396493], [-103.99686, 32.396473], [-103.996728, 32.396461], [-103.990901, 32.395986], [-103.990772, 32.395976], [-103.990562, 32.39596], [-103.99044, 32.395952], [-103.984328, 32.395556], [-103.984208, 32.395549], [-103.984014, 32.395537], [-103.9839, 32.395531], [-103.977508, 32.395216], [-103.977396, 32.395211], [-103.977214, 32.395203], [-103.977108, 32.395199], [-103.970438, 32.394966], [-103.970333, 32.394963], [-103.970164, 32.394958], [-103.970065, 32.394956], [-103.963119, 32.394807], [-103.963021, 32.394805], [-103.962863, 32.394802], [-103.96277, 32.394801], [-103.955551, 32.394737], [-103.955459, 32.394736], [-103.955311, 32.394735], [-103.955224, 32.394735], [-103.947746, 32.394756], [-103.947523, 32.394758], [-103.939678, 32.394865], [-103.939469, 32.394869], [-103.931361, 32.395063], [-103.931164, 32.395069], [-103.923081, 32.395341], [-103.92286, 32.39535], [-103.922501, 32.395367], [-103.922292, 32.395378], [-103.914554, 32.395859], [-103.914333, 32.395874], [-103.913974, 32.395902], [-103.913765, 32.395919], [-103.906055, 32.39662], [-103.905835, 32.396641], [-103.905478, 32.396679], [-103.90527, 32.396702], [-103.897586, 32.397623], [-103.897367, 32.397651], [-103.897012, 32.397698], [-103.896806, 32.397727], [-103.889145, 32.398868], [-103.888929, 32.398902], [-103.888578, 32.398959], [-103.888373, 32.398994], [-103.880733, 32.400357], [-103.88052, 32.400396], [-103.880173, 32.400463], [-103.879972, 32.400503], [-103.87235, 32.402087], [-103.87214, 32.402132], [-103.8718, 32.402208], [-103.871601, 32.402253], [-103.863996, 32.404061], [-103.86379, 32.404111], [-103.863456, 32.404195], [-103.863262, 32.404246], [-103.85567, 32.406277], [-103.855469, 32.406333], [-103.855143, 32.406425], [-103.854953, 32.406479], [-103.847374, 32.408737], [-103.847178, 32.408797], [-103.84686, 32.408896], [-103.846675, 32.408955], [-103.839106, 32.411439], [-103.838916, 32.411503], [-103.838607, 32.411609], [-103.838428, 32.411672], [-103.830868, 32.414385], [-103.830683, 32.414453], [-103.830384, 32.414564], [-103.83021, 32.41463], [-103.822658, 32.417574], [-103.82248, 32.417644], [-103.822191, 32.417761], [-103.822023, 32.41783], [-103.814478, 32.421005], [-103.814306, 32.421079], [-103.814027, 32.4212], [-103.813866, 32.421272], [-103.806327, 32.42468], [-103.806161, 32.424756], [-103.805894, 32.424881], [-103.805738, 32.424955], [-103.798206, 32.428598], [-103.798046, 32.428676], [-103.797789, 32.428804], [-103.79764, 32.42888], [-103.790113, 32.432759], [-103.789961, 32.432839], [-103.789714, 32.432969], [-103.789571, 32.433046], [-103.782051, 32.437163], [-103.781905, 32.437244], [-103.781669, 32.437376], [-103.781532, 32.437454], [-103.774017, 32.44181], [-103.773878, 32.441892], [-103.773653, 32.442025], [-103.773522, 32.442104], [-103.766013, 32.446699], [-103.76588, 32.446782], [-103.765665, 32.446917], [-103.765541, 32.446996], [-103.758039, 32.451832], [-103.757912, 32.451915], [-103.757707, 32.45205], [-103.757589, 32.452129], [-103.750094, 32.457207], [-103.749973, 32.45729], [-103.749778, 32.457425], [-103.749665, 32.457504], [-103.742178, 32.462826], [-103.742064, 32.462908], [-103.741878, 32.463042], [-103.741771, 32.463121], [-103.734292, 32.468686], [-103.734183, 32.468768], [-103.734007, 32.468902], [-103.733905, 32.46898], [-103.726435, 32.47479], [-103.726332, 32.474871], [-103.726165, 32.475004], [-103.726067, 32.475082], [-103.725161, 32.475817], [-103.72506, 32.475901], [-103.724761, 32.476155], [-103.724662, 32.476241], [-103.724353, 32.476514], [-103.724162, 32.476691], [-103.723604, 32.477232], [-103.723423, 32.477415], [-103.723364, 32.477477], [-103.723193, 32.477667], [-103.722693, 32.478247], [-103.722531, 32.478444], [-103.722479, 32.47851], [-103.722328, 32.478712], [-103.72189, 32.479327], [-103.721749, 32.479535], [-103.721536, 32.479867], [-103.721469, 32.479973], [-103.721275, 32.480293], [-103.721211, 32.4804], [-103.680416, 32.551029], [-103.680009, 32.551677], [-103.679551, 32.5523], [-103.679045, 32.552895], [-103.678493, 32.55346], [-103.677897, 32.553993], [-103.67726, 32.55449], [-103.676585, 32.55495], [-103.675875, 32.55537], [-103.651858, 32.56858], [-103.651727, 32.568655], [-103.651336, 32.568881], [-103.651207, 32.568958], [-103.650739, 32.569244], [-103.650612, 32.569324], [-103.650298, 32.569526], [-103.650051, 32.569693], [-103.649749, 32.569908], [-103.649629, 32.569995], [-103.649433, 32.570141], [-103.649316, 32.570231], [-103.649027, 32.570458], [-103.648801, 32.570645], [-103.648525, 32.570884], [-103.648416, 32.570981], [-103.648238, 32.571143], [-103.648132, 32.571242], [-103.647871, 32.571492], [-103.647667, 32.571696], [-103.64742, 32.571957], [-103.647323, 32.572062], [-103.647165, 32.572238], [-103.647071, 32.572346], [-103.646839, 32.572616], [-103.646661, 32.572837], [-103.646445, 32.573117], [-103.646361, 32.573229], [-103.646223, 32.573418], [-103.646142, 32.573532], [-103.645943, 32.573821], [-103.645791, 32.574055], [-103.645609, 32.574352], [-103.645538, 32.574471], [-103.645284, 32.57491], [-103.645217, 32.575031], [-103.645019, 32.575396], [-103.644955, 32.575518], [-103.63551, 32.594141], [-103.63516, 32.594775], [-103.634763, 32.595388], [-103.634319, 32.595978], [-103.633832, 32.596543], [-103.633304, 32.59708], [-103.632735, 32.597587], [-103.632129, 32.598062], [-103.631489, 32.598504], [-103.630816, 32.59891], [-103.622047, 32.603846], [-103.62192, 32.603919], [-103.621543, 32.604143], [-103.621418, 32.604219], [-103.621028, 32.604462], [-103.620785, 32.604621], [-103.620071, 32.605112], [-103.619837, 32.605281], [-103.619762, 32.605338], [-103.619538, 32.605516], [-103.618882, 32.606062], [-103.618669, 32.606249], [-103.618601, 32.606312], [-103.618398, 32.606507], [-103.617807, 32.607104], [-103.617615, 32.607307], [-103.617554, 32.607375], [-103.617374, 32.607585], [-103.616853, 32.608227], [-103.616685, 32.608445], [-103.616632, 32.608517], [-103.616477, 32.608742], [-103.616011, 32.609452], [-103.61558, 32.610061], [-103.615104, 32.610645], [-103.614584, 32.611201], [-103.614021, 32.611728], [-103.61342, 32.612222], [-103.612782, 32.612683], [-103.612109, 32.613106], [-103.579364, 32.632376], [-103.579234, 32.632455], [-103.578848, 32.632694], [-103.57872, 32.632775], [-103.578258, 32.633077], [-103.578132, 32.633161], [-103.577822, 32.633374], [-103.57758, 32.633549], [-103.577283, 32.633775], [-103.577165, 32.633866], [-103.576973, 32.63402], [-103.576858, 32.634114], [-103.576575, 32.634352], [-103.576354, 32.634546], [-103.576085, 32.634796], [-103.575979, 32.634897], [-103.575805, 32.635066], [-103.575702, 32.635169], [-103.575448, 32.635429], [-103.575251, 32.635641], [-103.575012, 32.635912], [-103.574918, 32.636021], [-103.574581, 32.636425], [-103.57449, 32.636536], [-103.574223, 32.636873], [-103.574136, 32.636986], [-103.574006, 32.637158], [-103.573897, 32.637306], [-103.57031, 32.642207], [-103.570193, 32.642368], [-103.566838, 32.647089], [-103.56679, 32.647157], [-103.566713, 32.647268], [-103.566668, 32.647333], [-103.563605, 32.651784], [-103.563554, 32.651859], [-103.563471, 32.651982], [-103.563422, 32.652054], [-103.560604, 32.656302], [-103.560548, 32.656386], [-103.56046, 32.656522], [-103.560408, 32.656602], [-103.557834, 32.660642], [-103.557775, 32.660736], [-103.55768, 32.660888], [-103.557625, 32.660977], [-103.555295, 32.664804], [-103.555232, 32.664909], [-103.555131, 32.66508], [-103.555072, 32.66518], [-103.554024, 32.666994], [-103.553956, 32.667116], [-103.553755, 32.667488], [-103.55369, 32.667612], [-103.553458, 32.66807], [-103.553396, 32.668196], [-103.553247, 32.668512], [-103.553136, 32.668767], [-103.553006, 32.669089], [-103.552956, 32.669219], [-103.552876, 32.669434], [-103.552829, 32.669564], [-103.552718, 32.669891], [-103.552638, 32.670155], [-103.552546, 32.670486], [-103.552511, 32.670619], [-103.552392, 32.671107], [-103.552361, 32.67124], [-103.552275, 32.671642], [-103.552249, 32.671776], [-103.542153, 32.726662], [-103.541997, 32.727358], [-103.541788, 32.728044], [-103.541527, 32.728717], [-103.541214, 32.729375], [-103.540851, 32.730013], [-103.54044, 32.730631], [-103.539983, 32.731225], [-103.53948, 32.731792], [-103.538935, 32.73233], [-103.53835, 32.732837], [-103.537727, 32.733311], [-103.537069, 32.73375], [-103.536378, 32.734152], [-103.535658, 32.734515], [-103.534911, 32.734837], [-103.534142, 32.735118], [-103.533352, 32.735355], [-103.532546, 32.735549], [-103.531726, 32.735698], [-103.530897, 32.735802], [-103.530061, 32.73586], [-103.529223, 32.735872], [-103.528386, 32.735837], [-103.527553, 32.735757], [-103.493609, 32.73153], [-103.493473, 32.731514], [-103.493066, 32.731471], [-103.49293, 32.731458], [-103.49216, 32.73139], [-103.492024, 32.731379], [-103.491615, 32.73135], [-103.491478, 32.731342], [-103.455176, 32.729447], [-103.454333, 32.72938], [-103.453497, 32.729265], [-103.452672, 32.729105], [-103.451861, 32.728899], [-103.451068, 32.728648], [-103.450296, 32.728354], [-103.449549, 32.728017], [-103.448829, 32.72764], [-103.44814, 32.727224], [-103.447485, 32.72677], [-103.446867, 32.726281], [-103.446288, 32.725759], [-103.445752, 32.725205], [-103.445259, 32.724623], [-103.444812, 32.724015], [-103.444414, 32.723383], [-103.444066, 32.722731], [-103.443769, 32.72206], [-103.443526, 32.721375], [-103.443335, 32.720678], [-103.4432, 32.719971], [-103.439544, 32.695916], [-103.439474, 32.695325], [-103.439441, 32.694731], [-103.439296, 32.688098], [-103.439295, 32.688034], [-103.439294, 32.687995], [-103.439293, 32.687911], [-103.439293, 32.687817], [-103.439293, 32.687761], [-103.439295, 32.669573], [-103.439295, 32.669507], [-103.439295, 32.669479], [-103.439296, 32.669372], [-103.439297, 32.66936], [-103.439299, 32.669271], [-103.439322, 32.668452], [-103.439335, 32.668159], [-103.439341, 32.668064], [-103.439363, 32.667774], [-103.445206, 32.604395], [-103.445219, 32.604209], [-103.445248, 32.603647], [-103.445254, 32.60346], [-103.445265, 32.602401], [-103.445263, 32.602214], [-103.445246, 32.601652], [-103.445237, 32.601465], [-103.445024, 32.598455], [-103.445018, 32.598356], [-103.444446, 32.58882], [-103.444441, 32.588726], [-103.44395, 32.578851], [-103.443947, 32.578763], [-103.443537, 32.568546], [-103.443534, 32.568464], [-103.443205, 32.557907], [-103.443203, 32.557829], [-103.442956, 32.546969], [-103.442954, 32.54689], [-103.44295, 32.546761], [-103.442948, 32.546686], [-103.442603, 32.537962], [-103.442596, 32.537833], [-103.44257, 32.537447], [-103.44256, 32.537318], [-103.442521, 32.536912], [-103.442489, 32.536655], [-103.442372, 32.535887], [-103.442326, 32.535632], [-103.442309, 32.535549], [-103.442248, 32.535296], [-103.442046, 32.534541], [-103.441972, 32.534291], [-103.441945, 32.53421], [-103.441857, 32.533963], [-103.441571, 32.533227], [-103.441469, 32.532984], [-103.441297, 32.532604], [-103.441241, 32.532484], [-103.441068, 32.532125], [-103.441008, 32.532007], [-103.430507, 32.511688], [-103.430213, 32.511068], [-103.429965, 32.510433], [-103.429762, 32.509787], [-103.429607, 32.509132], [-103.4295, 32.50847], [-103.429441, 32.507803], [-103.42913, 32.501836], [-103.429127, 32.501774], [-103.429125, 32.501721], [-103.429119, 32.501567], [-103.429118, 32.501537], [-103.429115, 32.501338], [-103.429071, 32.495209], [-103.429071, 32.495147], [-103.429071, 32.494997], [-103.429086, 32.494463], [-103.429093, 32.494346], [-103.429095, 32.494313], [-103.429497, 32.487731], [-103.429613, 32.486728], [-103.43363, 32.46329], [-103.433652, 32.463155], [-103.433709, 32.462747], [-103.433726, 32.462611], [-103.433782, 32.462113], [-103.433795, 32.461977], [-103.433822, 32.461636], [-103.433837, 32.461362], [-103.433844, 32.461021], [-103.433845, 32.460884], [-103.433843, 32.460657], [-103.43384, 32.460521], [-103.433827, 32.460179], [-103.433809, 32.459906], [-103.433776, 32.459565], [-103.433761, 32.459429], [-103.433698, 32.458931], [-103.433679, 32.458795], [-103.433615, 32.458389], [-103.433591, 32.458253], [-103.432657, 32.453261], [-103.43264, 32.453168], [-103.43261, 32.453018], [-103.432592, 32.452931], [-103.430616, 32.4434], [-103.430596, 32.443306], [-103.430563, 32.443154], [-103.430543, 32.443065], [-103.428395, 32.433649], [-103.428373, 32.433554], [-103.428336, 32.4334], [-103.428314, 32.43331], [-103.425995, 32.424009], [-103.42597, 32.423912], [-103.42593, 32.423757], [-103.425906, 32.423666], [-103.423415, 32.414478], [-103.423389, 32.414381], [-103.423344, 32.414224], [-103.423318, 32.414132], [-103.420657, 32.405058], [-103.420628, 32.40496], [-103.420579, 32.404801], [-103.420551, 32.404708], [-103.41772, 32.395748], [-103.417688, 32.395649], [-103.417635, 32.395488], [-103.417604, 32.395395], [-103.414603, 32.386548], [-103.414569, 32.386448], [-103.414512, 32.386286], [-103.414478, 32.386192], [-103.411308, 32.377458], [-103.41127, 32.377358], [-103.411209, 32.377195], [-103.411173, 32.3771], [-103.407833, 32.368479], [-103.407793, 32.368377], [-103.407728, 32.368213], [-103.407689, 32.368118], [-103.40418, 32.359609], [-103.404137, 32.359507], [-103.404067, 32.359342], [-103.404026, 32.359246], [-103.400347, 32.350849], [-103.400302, 32.350747], [-103.400227, 32.350581], [-103.400183, 32.350485], [-103.396336, 32.342199], [-103.396288, 32.342096], [-103.396209, 32.341931], [-103.396162, 32.341834], [-103.392146, 32.333659], [-103.392095, 32.333556], [-103.392011, 32.333391], [-103.391962, 32.333294], [-103.387777, 32.325229], [-103.387723, 32.325126], [-103.387635, 32.324961], [-103.387583, 32.324864], [-103.383229, 32.316909], [-103.383172, 32.316806], [-103.383079, 32.316641], [-103.383024, 32.316544], [-103.378502, 32.308698], [-103.378442, 32.308596], [-103.378345, 32.308431], [-103.378288, 32.308335], [-103.373596, 32.300598], [-103.373534, 32.300496], [-103.373432, 32.300332], [-103.373372, 32.300236], [-103.368512, 32.292607], [-103.368447, 32.292506], [-103.36834, 32.292343], [-103.368278, 32.292248], [-103.363249, 32.284727], [-103.363181, 32.284626], [-103.36307, 32.284464], [-103.363005, 32.284369], [-103.357807, 32.276956], [-103.357736, 32.276856], [-103.357621, 32.276695], [-103.357553, 32.276601], [-103.352186, 32.269294], [-103.352113, 32.269196], [-103.351993, 32.269036], [-103.351923, 32.268944], [-103.346387, 32.261743], [-103.346311, 32.261645], [-103.346187, 32.261488], [-103.346115, 32.261396], [-103.340351, 32.25423], [-103.340292, 32.254156], [-103.340268, 32.254125], [-103.340182, 32.254016], [-103.334528, 32.246668], [-103.334471, 32.246593], [-103.334448, 32.246562], [-103.334365, 32.246452], [-103.328869, 32.238982], [-103.328813, 32.238906], [-103.328791, 32.238875], [-103.328712, 32.238764], [-103.323381, 32.231184], [-103.32333, 32.23111], [-103.323308, 32.231079], [-103.323231, 32.230965], [-103.318048, 32.22325], [-103.317998, 32.223175], [-103.317978, 32.223144], [-103.317904, 32.223031], [-103.312878, 32.215192], [-103.312831, 32.215117], [-103.312811, 32.215086], [-103.312741, 32.214972], [-103.307872, 32.20701], [-103.307827, 32.206936], [-103.307808, 32.206904], [-103.307741, 32.20679], [-103.303029, 32.198704], [-103.302987, 32.19863], [-103.302969, 32.198599], [-103.302905, 32.198485], [-103.29835, 32.190274], [-103.29831, 32.1902], [-103.298293, 32.190169], [-103.298232, 32.190056], [-103.293834, 32.181721], [-103.293796, 32.181647], [-103.293779, 32.181615], [-103.293722, 32.181503], [-103.292469, 32.179004], [-103.292408, 32.178886], [-103.292219, 32.178533], [-103.292155, 32.178416], [-103.291945, 32.178047], [-103.291806, 32.177817], [-103.291369, 32.177134], [-103.291217, 32.176909], [-103.291165, 32.176837], [-103.291001, 32.176618], [-103.290489, 32.175974], [-103.290313, 32.175762], [-103.290253, 32.175694], [-103.290065, 32.17549], [-103.289484, 32.17489], [-103.289285, 32.174694], [-103.288962, 32.17439], [-103.288858, 32.174295], [-103.288543, 32.174014], [-103.288437, 32.173921], [-103.251076, 32.142039], [-103.250491, 32.141505], [-103.249949, 32.140939], [-103.249454, 32.140343], [-103.249006, 32.13972], [-103.248608, 32.139073], [-103.248263, 32.138404], [-103.24797, 32.137718], [-103.247733, 32.137016], [-103.247551, 32.136303], [-103.247426, 32.13558], [-103.247358, 32.134853], [-103.245987, 32.109321], [-103.245982, 32.109214], [-103.24598, 32.10917], [-103.245975, 32.109015], [-103.243982, 32.03033], [-103.243975, 32.030158], [-103.243943, 32.029645], [-103.243929, 32.029475], [-103.243831, 32.028484], [-103.243814, 32.028339], [-103.243757, 32.027902], [-103.243735, 32.027757], [-103.242049, 32.017434], [-103.242026, 32.017283], [-103.240469, 32.006655], [-103.240448, 32.006505], [-103.239051, 31.995752], [-103.239033, 31.995605], [-103.237796, 31.984726], [-103.23778, 31.984581], [-103.236703, 31.973576], [-103.23669, 31.973433], [-103.235773, 31.962302], [-103.235763, 31.962163], [-103.235004, 31.95088], [-103.234994, 31.95074], [-103.234125, 31.939679], [-103.234113, 31.939534], [-103.233132, 31.928669], [-103.233117, 31.928519], [-103.232023, 31.917848], [-103.232007, 31.917693], [-103.2308, 31.907217], [-103.230781, 31.907057], [-103.229462, 31.896776], [-103.22944, 31.89661], [-103.22801, 31.886524], [-103.227984, 31.886354], [-103.226442, 31.876463], [-103.226414, 31.876287], [-103.22476, 31.866592], [-103.224728, 31.866409], [-103.222964, 31.85691], [-103.222928, 31.856722], [-103.221051, 31.847407], [-103.221036, 31.847333], [-103.22101, 31.847211], [-103.220995, 31.84714], [-103.219025, 31.838106], [-103.219008, 31.838028], [-103.21898, 31.837902], [-103.218963, 31.837829], [-103.216885, 31.828993], [-103.216866, 31.828913], [-103.216835, 31.828783], [-103.216816, 31.828707], [-103.214631, 31.820071], [-103.21461, 31.819988], [-103.214575, 31.819854], [-103.214554, 31.819776], [-103.212262, 31.811339], [-103.212239, 31.811253], [-103.2122, 31.811114], [-103.212177, 31.811033], [-103.209779, 31.802796], [-103.209753, 31.802708], [-103.20971, 31.802564], [-103.209685, 31.802481], [-103.207182, 31.794444], [-103.207153, 31.794352], [-103.207106, 31.794204], [-103.207078, 31.794118], [-103.204471, 31.786281], [-103.204439, 31.786186], [-103.204387, 31.786034], [-103.204356, 31.785944], [-103.201645, 31.778308], [-103.20161, 31.77821], [-103.201553, 31.778053], [-103.201519, 31.777961], [-103.198706, 31.770524], [-103.198667, 31.770424], [-103.198604, 31.770261], [-103.198566, 31.770167], [-103.195652, 31.762931], [-103.19561, 31.762827], [-103.19554, 31.76266], [-103.195499, 31.762562], [-103.192485, 31.755527], [-103.192438, 31.75542], [-103.192362, 31.755248], [-103.192317, 31.755147], [-103.189203, 31.748313], [-103.189153, 31.748203], [-103.189069, 31.748026], [-103.18902, 31.747922], [-103.185808, 31.741288], [-103.185753, 31.741175], [-103.185662, 31.740993], [-103.185608, 31.740887], [-103.182299, 31.734453], [-103.182238, 31.734337], [-103.182139, 31.73415], [-103.182081, 31.734041], [-103.178675, 31.727808], [-103.17861, 31.727689], [-103.178502, 31.727497], [-103.178438, 31.727385], [-103.174938, 31.721352], [-103.174867, 31.72123], [-103.17475, 31.721034], [-103.174681, 31.720919], [-103.171088, 31.715085], [-103.17101, 31.714961], [-103.170883, 31.71476], [-103.170808, 31.714643], [-103.167123, 31.709007], [-103.167039, 31.708881], [-103.166902, 31.708676], [-103.16682, 31.708557], [-103.163045, 31.703119], [-103.162954, 31.70299], [-103.162805, 31.702782], [-103.162717, 31.702661], [-103.158853, 31.69742], [-103.158755, 31.697289], [-103.158594, 31.697077], [-103.1585, 31.696954], [-103.154546, 31.691909], [-103.154441, 31.691777], [-103.154269, 31.691563], [-103.154167, 31.691438], [-103.149997, 31.686433], [-103.149908, 31.686324], [-103.145696, 31.681135], [-103.145605, 31.681021], [-103.141528, 31.675857], [-103.141436, 31.675739], [-103.137492, 31.670602], [-103.1374, 31.67048], [-103.13359, 31.665367], [-103.133497, 31.665241], [-103.12982, 31.660155], [-103.129727, 31.660024], [-103.126183, 31.654964], [-103.12609, 31.654829], [-103.122679, 31.649795], [-103.122586, 31.649655], [-103.11928, 31.644605], [-103.119242, 31.644546], [-103.119227, 31.644523], [-103.119171, 31.644435], [-103.116042, 31.639477], [-103.116005, 31.639417], [-103.115989, 31.639392], [-103.115934, 31.639302], [-103.112936, 31.634371], [-103.112899, 31.63431], [-103.11288, 31.634277], [-103.112828, 31.63419], [-103.112678, 31.633934], [-103.11261, 31.63382], [-103.112399, 31.63348], [-103.112327, 31.633368], [-103.112091, 31.633008], [-103.111936, 31.632784], [-103.111452, 31.632122], [-103.111284, 31.631905], [-103.111227, 31.631835], [-103.111048, 31.631624], [-103.110492, 31.631005], [-103.110301, 31.630802], [-103.10999, 31.630488], [-103.10989, 31.63039], [-103.109587, 31.630098], [-103.109484, 31.630002], [-103.08355, 31.606205], [-103.083023, 31.605689], [-103.082534, 31.605145], [-103.082086, 31.604577], [-103.081681, 31.603985], [-103.081321, 31.603373], [-103.081006, 31.602742], [-103.080738, 31.602096], [-103.072961, 31.581263], [-103.072928, 31.581173], [-103.072887, 31.581062], [-103.072842, 31.580933], [-103.072837, 31.58092], [-103.072793, 31.58079], [-103.071449, 31.576725], [-103.071432, 31.576672], [-103.071418, 31.576628], [-103.071257, 31.576078], [-103.064595, 31.550399], [-103.064438, 31.549681], [-103.064338, 31.548956], [-103.064294, 31.548227], [-103.064308, 31.547497], [-103.064379, 31.54677], [-103.064507, 31.546048], [-103.064691, 31.545335], [-103.074641, 31.51208], [-103.074682, 31.511936], [-103.074797, 31.511501], [-103.074833, 31.511356], [-103.074957, 31.510823], [-103.074988, 31.510677], [-103.075061, 31.51031], [-103.07511, 31.510016], [-103.07516, 31.509647], [-103.075177, 31.5095], [-103.075202, 31.509255], [-103.075215, 31.509107], [-103.075241, 31.508736], [-103.075252, 31.508439], [-103.075254, 31.508067], [-103.075253, 31.507919], [-103.075246, 31.507673], [-103.07524, 31.507525], [-103.075219, 31.507154], [-103.075192, 31.506858], [-103.075147, 31.506488], [-103.075127, 31.506341], [-103.075043, 31.505802], [-103.075018, 31.505655], [-103.074936, 31.505215], [-103.074906, 31.505068], [-103.073862, 31.500311], [-103.073835, 31.500191], [-103.073789, 31.499996], [-103.073762, 31.499883], [-103.072321, 31.494026], [-103.072294, 31.493918], [-103.072249, 31.493742], [-103.072222, 31.493639], [-103.070554, 31.487474], [-103.070527, 31.487375], [-103.070482, 31.487215], [-103.070456, 31.487122], [-103.068562, 31.480652], [-103.068535, 31.480562], [-103.068491, 31.480417], [-103.068465, 31.480332], [-103.066343, 31.473562], [-103.066317, 31.47348], [-103.066274, 31.473346], [-103.066249, 31.473269], [-103.063899, 31.466202], [-103.063874, 31.466126], [-103.063832, 31.466004], [-103.063807, 31.465933], [-103.061233, 31.458583], [-103.061169, 31.458401], [-103.060539, 31.456684], [-103.060483, 31.456538], [-103.060307, 31.4561], [-103.060245, 31.455955], [-103.060012, 31.455427], [-103.059946, 31.455283], [-103.059775, 31.454926], [-103.059629, 31.454644], [-103.059434, 31.454296], [-103.059354, 31.454157], [-103.059218, 31.45393], [-103.059134, 31.453794], [-103.058916, 31.453456], [-103.058734, 31.45319], [-103.058494, 31.452862], [-103.058397, 31.452733], [-103.058031, 31.452263], [-103.057929, 31.452136], [-103.057616, 31.451758], [-103.05751, 31.451633], [-103.023172, 31.412497], [-103.023079, 31.412393], [-103.022795, 31.412085], [-103.022699, 31.411984], [-103.022391, 31.411666], [-103.022191, 31.411468], [-103.021573, 31.41089], [-103.021362, 31.410701], [-103.021291, 31.41064], [-103.02107, 31.41046], [-103.02039, 31.409935], [-103.020159, 31.409765], [-103.020081, 31.40971], [-103.01984, 31.40955], [-103.019105, 31.409083], [-103.018856, 31.408932], [-103.018773, 31.408884], [-103.018515, 31.408744], [-103.017731, 31.40834], [-103.017052, 31.407964], [-103.016403, 31.407552], [-103.015786, 31.407106], [-103.015203, 31.406626], [-103.014656, 31.406116], [-103.014149, 31.405577], [-103.013682, 31.405012], [-103.013259, 31.404422], [-103.01288, 31.40381], [-103.012547, 31.403179], [-103.012262, 31.402531], [-103.012025, 31.401869], [-103.011838, 31.401195], [-103.011701, 31.400513], [-103.011615, 31.399824], [-103.009675, 31.3776], [-103.009661, 31.37746], [-103.009611, 31.377038], [-103.009593, 31.376897], [-103.009516, 31.376384], [-103.009493, 31.376244], [-103.009431, 31.375895], [-103.009372, 31.375617], [-103.009289, 31.375271], [-103.009253, 31.375133], [-103.009191, 31.374905], [-103.009151, 31.374768], [-103.009047, 31.374426], [-103.008955, 31.374155], [-103.00883, 31.373818], [-103.008778, 31.373684], [-103.008688, 31.373463], [-103.008632, 31.37333], [-103.008487, 31.373], [-103.008363, 31.372738], [-103.008198, 31.372414], [-103.00813, 31.372285], [-103.008014, 31.372073], [-103.007942, 31.371946], [-103.007758, 31.37163], [-103.007602, 31.371381], [-103.007399, 31.371074], [-103.007316, 31.370952], [-103.007175, 31.370751], [-103.007088, 31.370631], [-103.006867, 31.370333], [-103.006682, 31.370099], [-103.006443, 31.369812], [-103.006346, 31.369698], [-103.005983, 31.369285], [-103.005882, 31.369173], [-103.005574, 31.368841], [-103.00547, 31.368732], [-103.004171, 31.367403], [-103.003668, 31.366854], [-103.003207, 31.366278], [-103.00279, 31.365678], [-103.002419, 31.365057], [-103.002095, 31.364416], [-103.00182, 31.363759], [-103.001594, 31.363088], [-103.001419, 31.362406], [-102.998225, 31.347728], [-102.998195, 31.347598], [-102.998099, 31.347209], [-102.998065, 31.34708], [-102.997952, 31.346672], [-102.997873, 31.346416], [-102.997615, 31.345652], [-102.997522, 31.3454], [-102.997489, 31.345317], [-102.997382, 31.345069], [-102.997039, 31.34433], [-102.996917, 31.344087], [-102.996875, 31.344008], [-102.99674, 31.343769], [-102.996315, 31.343063], [-102.996167, 31.34283], [-102.996116, 31.342755], [-102.995954, 31.342529], [-102.995451, 31.341862], [-102.995277, 31.341643], [-102.995218, 31.341572], [-102.995032, 31.341361], [-102.994455, 31.340738], [-102.994257, 31.340535], [-102.993935, 31.34022], [-102.993832, 31.340122], [-102.993518, 31.339829], [-102.993412, 31.339733], [-102.981437, 31.329114], [-102.980877, 31.328584], [-102.980358, 31.328023], [-102.979884, 31.327433], [-102.979456, 31.326819], [-102.979076, 31.326181], [-102.978746, 31.325524], [-102.978466, 31.324849], [-102.978239, 31.32416], [-102.978066, 31.323459], [-102.964221, 31.256931], [-102.964195, 31.256814], [-102.964113, 31.256463], [-102.964084, 31.256346], [-102.963988, 31.255978], [-102.963921, 31.255746], [-102.963703, 31.255054], [-102.963624, 31.254825], [-102.963597, 31.25475], [-102.963506, 31.254524], [-102.963219, 31.253852], [-102.963117, 31.25363], [-102.962948, 31.253282], [-102.962893, 31.253172], [-102.962723, 31.252845], [-102.962665, 31.252736], [-102.960702, 31.249155], [-102.953362, 31.235898], [-102.95332, 31.235822], [-102.946342, 31.222958], [-102.946297, 31.222875], [-102.939671, 31.210386], [-102.939625, 31.210298], [-102.933352, 31.198185], [-102.933303, 31.19809], [-102.927349, 31.186289], [-102.927298, 31.186186], [-102.921728, 31.174823], [-102.921674, 31.174712], [-102.916456, 31.163727], [-102.9164, 31.163606], [-102.911534, 31.153], [-102.911475, 31.152869], [-102.906961, 31.142644], [-102.9069, 31.142502], [-102.903926, 31.13547], [-102.903867, 31.135336], [-102.903683, 31.134934], [-102.903619, 31.134801], [-102.90338, 31.134316], [-102.903313, 31.134185], [-102.903139, 31.133857], [-102.902992, 31.133599], [-102.902799, 31.13328], [-102.902719, 31.133153], [-102.902422, 31.132693], [-102.902339, 31.132568], [-102.902083, 31.132196], [-102.901996, 31.132074], [-102.842154, 31.049942], [-102.841715, 31.049289], [-102.84133, 31.048612], [-102.841, 31.047914], [-102.840726, 31.047198], [-102.840511, 31.046467], [-102.840356, 31.045725], [-102.84026, 31.044976], [-102.840225, 31.044223], [-102.840224, 31.044128], [-102.840224, 31.044056], [-102.840224, 31.044025], [-102.840225, 31.043915], [-102.840346, 31.034518], [-102.840385, 31.033782], [-102.840481, 31.03305], [-102.840634, 31.032325], [-102.840845, 31.031611], [-102.84111, 31.03091], [-102.84143, 31.030227], [-102.841804, 31.029564], [-102.842228, 31.028924], [-102.842702, 31.02831], [-102.843222, 31.027726], [-102.843788, 31.027173], [-102.844396, 31.026654], [-102.845043, 31.026172], [-102.850319, 31.022501], [-102.850978, 31.022072], [-102.851669, 31.021681], [-102.852387, 31.02133], [-102.852681, 31.021197], [-102.853259, 31.020952], [-102.85385, 31.020732], [-102.908921, 31.001686], [-102.909, 31.001659], [-102.909035, 31.001648], [-102.909155, 31.001607], [-102.912637, 31.000461], [-102.912756, 31.000422], [-102.912803, 31.000407], [-102.912973, 31.000354], [-102.916387, 30.999311], [-102.916509, 30.999274], [-102.916558, 30.999259], [-102.916733, 30.999209], [-102.920134, 30.998251], [-102.920259, 30.998216], [-102.92031, 30.998202], [-102.920489, 30.998155], [-102.923876, 30.997281], [-102.924004, 30.997249], [-102.924056, 30.997236], [-102.92424, 30.997191], [-102.927613, 30.996402], [-102.927745, 30.996372], [-102.927798, 30.99636], [-102.927987, 30.996319], [-102.931347, 30.995613], [-102.931481, 30.995586], [-102.931536, 30.995575], [-102.931728, 30.995538], [-102.935076, 30.994915], [-102.935213, 30.99489], [-102.935269, 30.994881], [-102.935465, 30.994847], [-102.938801, 30.994307], [-102.938941, 30.994285], [-102.938997, 30.994277], [-102.939197, 30.994248], [-102.942522, 30.99379], [-102.942664, 30.993771], [-102.942722, 30.993764], [-102.942924, 30.993739], [-102.946239, 30.993363], [-102.946383, 30.993348], [-102.946441, 30.993342], [-102.946647, 30.993322], [-102.949952, 30.993027], [-102.950098, 30.993014], [-102.950157, 30.99301], [-102.950364, 30.992995], [-102.953662, 30.992781], [-102.953808, 30.992772], [-102.953868, 30.992769], [-102.954077, 30.992759], [-102.957367, 30.992626], [-102.957515, 30.99262], [-102.957574, 30.992619], [-102.957785, 30.992614], [-102.961068, 30.992561], [-102.961217, 30.992559], [-102.961277, 30.992559], [-102.961488, 30.992559], [-102.964766, 30.992587], [-102.964915, 30.992589], [-102.964975, 30.99259], [-102.965186, 30.992596], [-102.968459, 30.992704], [-102.968608, 30.992709], [-102.968668, 30.992712], [-102.96888, 30.992723], [-102.972149, 30.992911], [-102.972298, 30.99292], [-102.97236, 30.992925], [-102.972566, 30.99294], [-102.973652, 30.993029], [-102.975837, 30.993209], [-102.975982, 30.993222], [-102.976042, 30.993228], [-102.976252, 30.993249], [-102.979518, 30.993598], [-102.979664, 30.993615], [-102.979723, 30.993622], [-102.979931, 30.993648], [-102.983196, 30.994078], [-102.983341, 30.994098], [-102.983399, 30.994107], [-102.983605, 30.994137], [-102.986871, 30.994649], [-102.987014, 30.994672], [-102.987071, 30.994682], [-102.987274, 30.994717], [-102.990542, 30.995311], [-102.990682, 30.995337], [-102.990739, 30.995348], [-102.990939, 30.995388], [-102.994208, 30.996064], [-102.994347, 30.996093], [-102.994403, 30.996105], [-102.994599, 30.996149], [-102.997871, 30.996908], [-102.998007, 30.99694], [-102.998062, 30.996953], [-102.998254, 30.997001], [-103.00153, 30.997843], [-103.001663, 30.997877], [-103.001717, 30.997892], [-103.001905, 30.997943], [-103.005185, 30.998868], [-103.005315, 30.998906], [-103.005367, 30.998921], [-103.005552, 30.998976], [-103.008836, 30.999985], [-103.008963, 31.000025], [-103.009014, 31.000041], [-103.009193, 31.000099], [-103.012483, 31.001193], [-103.012606, 31.001235], [-103.012656, 31.001252], [-103.012831, 31.001313], [-103.016126, 31.002492], [-103.016246, 31.002536], [-103.016294, 31.002553], [-103.016464, 31.002617], [-103.019706, 31.00386], [-103.01983, 31.003907], [-103.020033, 31.003982], [-103.020151, 31.004026], [-103.023258, 31.005151], [-103.023391, 31.005198], [-103.023607, 31.005274], [-103.023733, 31.005318], [-103.026746, 31.006341], [-103.026888, 31.006388], [-103.027118, 31.006464], [-103.027253, 31.006507], [-103.030169, 31.007431], [-103.03032, 31.007478], [-103.030565, 31.007552], [-103.030709, 31.007596], [-103.033527, 31.00842], [-103.033687, 31.008466], [-103.033949, 31.00854], [-103.034102, 31.008582], [-103.036819, 31.009309], [-103.03699, 31.009354], [-103.037269, 31.009425], [-103.037432, 31.009466], [-103.040047, 31.010098], [-103.040229, 31.010141], [-103.040526, 31.010209], [-103.0407, 31.010248], [-103.043209, 31.010787], [-103.043403, 31.010828], [-103.043719, 31.010892], [-103.043904, 31.010928], [-103.046306, 31.011377], [-103.046512, 31.011414], [-103.046848, 31.011472], [-103.047045, 31.011505], [-103.049338, 31.011867], [-103.049557, 31.0119], [-103.049914, 31.011951], [-103.050123, 31.01198], [-103.052305, 31.012258], [-103.052537, 31.012286], [-103.052916, 31.012328], [-103.053138, 31.012351], [-103.055208, 31.01255], [-103.055453, 31.012571], [-103.055854, 31.012603], [-103.056089, 31.01262], [-103.058068, 31.012744], [-103.05813, 31.012748], [-103.058319, 31.012758], [-103.058383, 31.012761], [-103.058741, 31.012777], [-103.058805, 31.01278], [-103.058995, 31.012787], [-103.059058, 31.012789], [-103.060842, 31.012838], [-103.060909, 31.012839], [-103.061108, 31.012843], [-103.061175, 31.012844], [-103.061552, 31.012848], [-103.061618, 31.012848], [-103.061818, 31.012848], [-103.061884, 31.012848], [-103.063555, 31.012833], [-103.063625, 31.012832], [-103.063834, 31.012829], [-103.063903, 31.012827], [-103.064298, 31.012816], [-103.064367, 31.012814], [-103.064576, 31.012806], [-103.064646, 31.012803], [-103.066205, 31.01273], [-103.066278, 31.012727], [-103.066496, 31.012714], [-103.066568, 31.01271], [-103.066979, 31.012682], [-103.067051, 31.012677], [-103.067269, 31.012661], [-103.067341, 31.012655], [-103.068794, 31.012529], [-103.068869, 31.012522], [-103.069095, 31.0125], [-103.06917, 31.012492], [-103.069595, 31.012447], [-103.06967, 31.012438], [-103.069895, 31.012412], [-103.06997, 31.012402], [-103.071322, 31.012229], [-103.071399, 31.012218], [-103.071631, 31.012186], [-103.071709, 31.012175], [-103.072146, 31.012109], [-103.072223, 31.012097], [-103.072454, 31.01206], [-103.072531, 31.012047], [-103.073789, 31.01183], [-103.073868, 31.011816], [-103.074106, 31.011772], [-103.074185, 31.011757], [-103.074631, 31.011669], [-103.07471, 31.011654], [-103.074946, 31.011605], [-103.075025, 31.011588], [-103.076197, 31.011331], [-103.076277, 31.011313], [-103.076518, 31.011257], [-103.076598, 31.011238], [-103.077051, 31.011128], [-103.077131, 31.011108], [-103.07737, 31.011047], [-103.077449, 31.011027], [-103.078546, 31.010733], [-103.078627, 31.01071], [-103.078869, 31.010643], [-103.078949, 31.010619], [-103.079405, 31.010486], [-103.079485, 31.010462], [-103.079724, 31.010388], [-103.079804, 31.010363], [-103.080837, 31.010033], [-103.080917, 31.010007], [-103.081159, 31.009927], [-103.081239, 31.009899], [-103.081692, 31.009742], [-103.081772, 31.009714], [-103.08201, 31.009628], [-103.082089, 31.009599], [-103.083069, 31.009232], [-103.083149, 31.009202], [-103.083387, 31.009109], [-103.083466, 31.009078], [-103.083913, 31.008898], [-103.083992, 31.008866], [-103.084227, 31.008768], [-103.084305, 31.008735], [-103.085244, 31.008329], [-103.085322, 31.008295], [-103.085554, 31.00819], [-103.085632, 31.008155], [-103.086068, 31.007954], [-103.086145, 31.007918], [-103.086374, 31.007808], [-103.08645, 31.007771], [-103.08736, 31.007322], [-103.087435, 31.007284], [-103.08766, 31.007169], [-103.087735, 31.007131], [-103.088157, 31.006909], [-103.088231, 31.006869], [-103.088452, 31.006749], [-103.088526, 31.006709], [-103.089417, 31.006211], [-103.089489, 31.00617], [-103.089705, 31.006046], [-103.089777, 31.006004], [-103.09018, 31.005765], [-103.090251, 31.005722], [-103.090463, 31.005593], [-103.090533, 31.005549], [-103.091415, 31.004995], [-103.091483, 31.004951], [-103.091688, 31.004819], [-103.091755, 31.004775], [-103.092138, 31.00452], [-103.092205, 31.004475], [-103.092405, 31.004338], [-103.092472, 31.004292], [-103.093351, 31.003674], [-103.093416, 31.003628], [-103.093608, 31.00349], [-103.093671, 31.003443], [-103.09403, 31.003177], [-103.094093, 31.00313], [-103.094281, 31.002987], [-103.094343, 31.002939], [-103.095226, 31.002248], [-103.095286, 31.0022], [-103.095465, 31.002057], [-103.095524, 31.002009], [-103.095858, 31.001734], [-103.095916, 31.001685], [-103.096091, 31.001538], [-103.096149, 31.001488], [-103.097039, 31.000716], [-103.097094, 31.000668], [-103.097259, 31.000521], [-103.097314, 31.000472], [-103.097621, 31.000191], [-103.097675, 31.000141], [-103.097836, 30.999991], [-103.097889, 30.999941], [-103.098787, 30.999079], [-103.098838, 30.99903], [-103.098989, 30.998882], [-103.099039, 30.998832], [-103.09932, 30.998549], [-103.09937, 30.998499], [-103.099516, 30.998347], [-103.099565, 30.998297], [-103.100472, 30.997338], [-103.100518, 30.997288], [-103.100655, 30.99714], [-103.1007, 30.99709], [-103.100956, 30.996807], [-103.101, 30.996757], [-103.101134, 30.996605], [-103.101178, 30.996555], [-103.102184, 30.995383], [-103.102389, 30.995151], [-103.102459, 30.995074], [-103.10267, 30.994847], [-103.103843, 30.993625], [-103.104066, 30.993399], [-103.104141, 30.993325], [-103.104371, 30.993104], [-103.105599, 30.991957], [-103.105838, 30.99174], [-103.105919, 30.991669], [-103.106165, 30.991457], [-103.107452, 30.99038], [-103.107706, 30.990173], [-103.107792, 30.990105], [-103.108052, 30.989905], [-103.109403, 30.988893], [-103.10967, 30.988699], [-103.10976, 30.988635], [-103.110032, 30.988448], [-103.111453, 30.987497], [-103.11173, 30.987317], [-103.111823, 30.987258], [-103.112105, 30.987085], [-103.113602, 30.986192], [-103.113886, 30.986028], [-103.113981, 30.985974], [-103.11427, 30.985816], [-103.11585, 30.984979], [-103.116138, 30.984831], [-103.116235, 30.984783], [-103.116527, 30.984641], [-103.118197, 30.983859], [-103.118486, 30.983727], [-103.118583, 30.983684], [-103.118877, 30.983559], [-103.120642, 30.982831], [-103.120931, 30.982716], [-103.121027, 30.982679], [-103.121319, 30.98257], [-103.123186, 30.981897], [-103.123471, 30.981798], [-103.123566, 30.981766], [-103.123854, 30.981672], [-103.125828, 30.981056], [-103.126107, 30.980972], [-103.126201, 30.980945], [-103.126482, 30.980867], [-103.128568, 30.98031], [-103.12884, 30.98024], [-103.128931, 30.980218], [-103.129204, 30.980153], [-103.131405, 30.979657], [-103.131668, 30.979601], [-103.131756, 30.979582], [-103.132021, 30.979531], [-103.134338, 30.979099], [-103.134592, 30.979054], [-103.134677, 30.97904], [-103.134931, 30.979], [-103.137331, 30.978641], [-103.137528, 30.978613], [-103.137612, 30.978601], [-103.137896, 30.978565], [-103.140456, 30.97827], [-103.140651, 30.978249], [-103.140728, 30.978241], [-103.140999, 30.978216], [-103.143681, 30.977993], [-103.143865, 30.977978], [-103.143939, 30.977973], [-103.144198, 30.977957], [-103.147001, 30.97781], [-103.147176, 30.977802], [-103.147246, 30.977799], [-103.147492, 30.977791], [-103.150417, 30.977721], [-103.150582, 30.977718], [-103.150649, 30.977717], [-103.150882, 30.977716], [-103.153928, 30.977726], [-103.154084, 30.977728], [-103.154147, 30.977728], [-103.154368, 30.977733], [-103.157534, 30.977825], [-103.157682, 30.97783], [-103.157741, 30.977833], [-103.157951, 30.977842], [-103.161236, 30.978018], [-103.161375, 30.978026], [-103.161431, 30.97803], [-103.161629, 30.978044], [-103.165032, 30.978304], [-103.165164, 30.978315], [-103.165217, 30.97832], [-103.165404, 30.978337], [-103.168924, 30.978684], [-103.169048, 30.978697], [-103.169098, 30.978702], [-103.169275, 30.978722], [-103.172911, 30.979158], [-103.173028, 30.979172], [-103.173075, 30.979178], [-103.173242, 30.9792], [-103.176993, 30.979724], [-103.177103, 30.97974], [-103.177148, 30.979746], [-103.177305, 30.979771], [-103.18117, 30.980384], [-103.181274, 30.980401], [-103.181316, 30.980408], [-103.181465, 30.980433], [-103.185427, 30.981134], [-103.185522, 30.981151], [-103.185563, 30.981158], [-103.185706, 30.981185], [-103.189796, 30.98198], [-103.189886, 30.981997], [-103.189923, 30.982005], [-103.190059, 30.982033], [-103.194259, 30.982918], [-103.194345, 30.982936], [-103.19438, 30.982944], [-103.194508, 30.982973], [-103.198818, 30.98395], [-103.198899, 30.983968], [-103.198932, 30.983976], [-103.199053, 30.984005], [-103.203213, 30.985011], [-103.203413, 30.985059], [-103.203741, 30.985133], [-103.203933, 30.985176], [-103.207895, 30.986018], [-103.208098, 30.986059], [-103.208428, 30.986125], [-103.208622, 30.986162], [-103.21262, 30.986895], [-103.212824, 30.986931], [-103.213155, 30.986987], [-103.213349, 30.987018], [-103.217386, 30.987642], [-103.21759, 30.987672], [-103.217922, 30.987719], [-103.218116, 30.987745], [-103.222194, 30.98826], [-103.222397, 30.988284], [-103.222728, 30.988322], [-103.222921, 30.988342], [-103.227042, 30.988748], [-103.227245, 30.988766], [-103.227573, 30.988795], [-103.227766, 30.98881], [-103.231932, 30.989106], [-103.232133, 30.989119], [-103.232459, 30.989138], [-103.23265, 30.989148], [-103.236863, 30.989334], [-103.237061, 30.989341], [-103.237384, 30.989352], [-103.237572, 30.989356], [-103.241835, 30.989432], [-103.242031, 30.989434], [-103.242348, 30.989436], [-103.242534, 30.989436], [-103.246848, 30.9894], [-103.24704, 30.989397], [-103.247353, 30.989391], [-103.247535, 30.989386], [-103.251901, 30.989237], [-103.25209, 30.98923], [-103.252397, 30.989216], [-103.252576, 30.989207], [-103.256995, 30.988945], [-103.25718, 30.988933], [-103.25748, 30.988912], [-103.257655, 30.988898], [-103.26213, 30.988522], [-103.262311, 30.988506], [-103.262604, 30.988478], [-103.262775, 30.98846], [-103.267305, 30.987969], [-103.267481, 30.987949], [-103.267767, 30.987914], [-103.267937, 30.987893], [-103.268281, 30.987848], [-103.268438, 30.987825], [-103.268919, 30.98775], [-103.269079, 30.987724], [-103.269662, 30.987619], [-103.269821, 30.987589], [-103.270217, 30.987509], [-103.270532, 30.987438], [-103.270923, 30.987341], [-103.271079, 30.9873], [-103.271336, 30.98723], [-103.271491, 30.987185], [-103.271875, 30.987071], [-103.27218, 30.986972], [-103.272557, 30.986841], [-103.272708, 30.986786], [-103.272955, 30.986694], [-103.273103, 30.986636], [-103.273472, 30.986488], [-103.273764, 30.986363], [-103.274123, 30.986198], [-103.274266, 30.986131], [-103.274501, 30.986017], [-103.274641, 30.985946], [-103.274991, 30.985766], [-103.275266, 30.985616], [-103.275604, 30.985421], [-103.275738, 30.985341], [-103.276224, 30.985044], [-103.276355, 30.984961], [-103.276746, 30.984709], [-103.276875, 30.984624], [-103.326492, 30.95085], [-103.327155, 30.950428], [-103.327848, 30.950045], [-103.328569, 30.949701], [-103.329314, 30.949398], [-103.330081, 30.949138], [-103.330865, 30.948921], [-103.331665, 30.948749], [-103.332475, 30.948622], [-103.333294, 30.948541], [-103.383531, 30.944981], [-103.383681, 30.944969], [-103.38413, 30.944928], [-103.38428, 30.944912], [-103.384752, 30.944859], [-103.38505, 30.944819], [-103.385939, 30.944682], [-103.386234, 30.94463], [-103.38633, 30.944611], [-103.386622, 30.944547], [-103.387492, 30.944337], [-103.38778, 30.944261], [-103.387874, 30.944234], [-103.388158, 30.944146], [-103.389001, 30.943866], [-103.389279, 30.943766], [-103.389369, 30.943732], [-103.389642, 30.943621], [-103.39045, 30.943273], [-103.390716, 30.943151], [-103.391131, 30.94295], [-103.391261, 30.942885], [-103.39165, 30.942686], [-103.391779, 30.942619], [-103.456229, 30.907809], [-103.45693, 30.907456], [-103.457655, 30.907144], [-103.458402, 30.906872], [-103.459167, 30.906642], [-103.459948, 30.906455], [-103.460742, 30.906311], [-103.461544, 30.906212], [-103.462353, 30.906157], [-103.463163, 30.906147], [-103.463973, 30.906182], [-103.464778, 30.906262], [-103.465576, 30.906386], [-103.466363, 30.906554], [-103.467136, 30.906765], [-103.467892, 30.907018], [-103.468627, 30.907313], [-103.469339, 30.907648], [-103.470024, 30.908021], [-103.47068, 30.908432], [-103.471304, 30.908878], [-103.54989, 30.96875], [-103.549972, 30.968811], [-103.55022, 30.968993], [-103.550303, 30.969053], [-103.550778, 30.96939], [-103.550862, 30.969449], [-103.551117, 30.969624], [-103.551202, 30.969681], [-103.555584, 30.97258], [-103.555691, 30.972652], [-103.555735, 30.972682], [-103.55589, 30.972788], [-103.561844, 30.976946], [-103.561945, 30.977018], [-103.561986, 30.977047], [-103.562131, 30.977152], [-103.568149, 30.981576], [-103.568265, 30.981663], [-103.574194, 30.986129], [-103.574315, 30.986222], [-103.580028, 30.990637], [-103.580153, 30.990735], [-103.58565, 30.995099], [-103.58578, 30.995203], [-103.59106, 30.999515], [-103.591195, 30.999627], [-103.596301, 31.003921], [-103.596358, 31.003969], [-103.596381, 31.003989], [-103.596466, 31.004061], [-103.601291, 31.008249], [-103.601349, 31.0083], [-103.601373, 31.008321], [-103.601461, 31.008399], [-103.606068, 31.012531], [-103.606128, 31.012586], [-103.606153, 31.012609], [-103.606244, 31.012692], [-103.610634, 31.016768], [-103.610696, 31.016826], [-103.610722, 31.016851], [-103.610816, 31.01694], [-103.614988, 31.020959], [-103.615052, 31.021022], [-103.615091, 31.021059], [-103.615177, 31.021144], [-103.615322, 31.02129], [-103.615412, 31.021377], [-103.615683, 31.021637], [-103.615775, 31.021723], [-103.616079, 31.022002], [-103.616275, 31.022173], [-103.616875, 31.022677], [-103.61708, 31.022841], [-103.617149, 31.022894], [-103.617361, 31.02305], [-103.618011, 31.023506], [-103.618232, 31.023654], [-103.618586, 31.023881], [-103.618699, 31.023952], [-103.619041, 31.024161], [-103.619156, 31.02423], [-103.660706, 31.048455], [-103.661374, 31.048872], [-103.662008, 31.049325], [-103.662607, 31.049813], [-103.663167, 31.050333], [-103.663687, 31.050884], [-103.664164, 31.051463], [-103.664596, 31.052067], [-103.664982, 31.052694], [-103.66532, 31.053342], [-103.665607, 31.054007], [-103.665844, 31.054687], [-103.666029, 31.055378], [-103.666161, 31.056079], [-103.66624, 31.056785], [-103.666265, 31.057495], [-103.666237, 31.058204], [-103.666155, 31.05891], [-103.656237, 31.122986], [-103.656219, 31.123113], [-103.656171, 31.123495], [-103.656156, 31.123623], [-103.656116, 31.124026], [-103.656098, 31.124282], [-103.656064, 31.12505], [-103.656059, 31.125306], [-103.656063, 31.125711], [-103.656066, 31.125839], [-103.656081, 31.126223], [-103.656087, 31.126351], [-103.656164, 31.127536], [-103.656175, 31.127687], [-103.656195, 31.127932], [-103.656207, 31.128075], [-103.656471, 31.130807], [-103.656486, 31.130955], [-103.656513, 31.131197], [-103.65653, 31.131338], [-103.656881, 31.13409], [-103.656901, 31.134236], [-103.656935, 31.134473], [-103.656956, 31.134612], [-103.657396, 31.137385], [-103.65742, 31.137528], [-103.65746, 31.137762], [-103.657485, 31.137898], [-103.658016, 31.140692], [-103.658043, 31.140833], [-103.65809, 31.141062], [-103.658118, 31.141195], [-103.658739, 31.144012], [-103.658771, 31.14415], [-103.658823, 31.144374], [-103.658855, 31.144504], [-103.659568, 31.147344], [-103.659602, 31.147479], [-103.65966, 31.147697], [-103.659695, 31.147825], [-103.660501, 31.150688], [-103.660538, 31.15082], [-103.660601, 31.151033], [-103.660639, 31.151157], [-103.661538, 31.154045], [-103.661579, 31.154173], [-103.661646, 31.15438], [-103.661686, 31.154502], [-103.66268, 31.157413], [-103.662723, 31.157538], [-103.662795, 31.15774], [-103.662837, 31.157857], [-103.663926, 31.160794], [-103.663972, 31.160915], [-103.664047, 31.161111], [-103.664092, 31.161225], [-103.665277, 31.164186], [-103.665325, 31.164303], [-103.665404, 31.164494], [-103.66545, 31.164605], [-103.666732, 31.16759], [-103.666782, 31.167704], [-103.666864, 31.167889], [-103.666912, 31.167996], [-103.668292, 31.171007], [-103.668344, 31.171117], [-103.668428, 31.171295], [-103.668478, 31.1714], [-103.669957, 31.174435], [-103.67001, 31.174541], [-103.670096, 31.174714], [-103.670147, 31.174815], [-103.671726, 31.177875], [-103.67178, 31.177978], [-103.671868, 31.178145], [-103.67192, 31.178242], [-103.673599, 31.181326], [-103.673654, 31.181426], [-103.673744, 31.181587], [-103.673797, 31.181681], [-103.675577, 31.18479], [-103.675633, 31.184886], [-103.675724, 31.185042], [-103.675778, 31.185132], [-103.67766, 31.188265], [-103.677716, 31.188358], [-103.677808, 31.188508], [-103.677862, 31.188595], [-103.679847, 31.191752], [-103.679903, 31.191842], [-103.679996, 31.191986], [-103.680051, 31.19207], [-103.682138, 31.195251], [-103.682195, 31.195337], [-103.682288, 31.195476], [-103.682343, 31.195557], [-103.684534, 31.198761], [-103.684591, 31.198844], [-103.684684, 31.198978], [-103.684739, 31.199057], [-103.687034, 31.202283], [-103.687091, 31.202363], [-103.687185, 31.202492], [-103.68724, 31.202568], [-103.689639, 31.205817], [-103.689696, 31.205894], [-103.689789, 31.206018], [-103.689844, 31.206091], [-103.692347, 31.209362], [-103.692405, 31.209436], [-103.692498, 31.209556], [-103.692552, 31.209626], [-103.69517, 31.212931], [-103.695225, 31.213002], [-103.69525, 31.213033], [-103.695333, 31.213141], [-103.697901, 31.216524], [-103.697955, 31.216597], [-103.697978, 31.216627], [-103.698059, 31.216737], [-103.700546, 31.220161], [-103.700599, 31.220235], [-103.700621, 31.220265], [-103.700699, 31.220377], [-103.703106, 31.223842], [-103.703157, 31.223916], [-103.703178, 31.223947], [-103.703254, 31.22406], [-103.705581, 31.227566], [-103.70563, 31.227641], [-103.705651, 31.227673], [-103.705724, 31.227787], [-103.70797, 31.231334], [-103.708018, 31.23141], [-103.708038, 31.231442], [-103.708108, 31.231557], [-103.710275, 31.235146], [-103.71032, 31.235222], [-103.710339, 31.235255], [-103.710407, 31.235371], [-103.712494, 31.239001], [-103.712538, 31.239079], [-103.712558, 31.239115], [-103.712621, 31.239228], [-103.713023, 31.239963], [-103.713088, 31.240078], [-103.713286, 31.24042], [-103.713354, 31.240533], [-103.713575, 31.240893], [-103.713721, 31.241118], [-103.714178, 31.241783], [-103.714336, 31.242001], [-103.71439, 31.242072], [-103.714561, 31.242284], [-103.715089, 31.242908], [-103.71527, 31.243113], [-103.715566, 31.243431], [-103.715661, 31.24353], [-103.71595, 31.243826], [-103.716048, 31.243923], [-103.737082, 31.264417], [-103.737613, 31.264969], [-103.7381, 31.26555], [-103.738541, 31.266158], [-103.738935, 31.266789], [-103.73928, 31.26744], [-103.739575, 31.26811], [-103.739817, 31.268795], [-103.740007, 31.269492], [-103.740143, 31.270199], [-103.740224, 31.270911], [-103.740251, 31.271627], [-103.740231, 31.296993], [-103.740231, 31.297096], [-103.74023, 31.297139], [-103.740227, 31.297289], [-103.739351, 31.328712], [-103.739349, 31.328826], [-103.739348, 31.329167], [-103.739349, 31.329281], [-103.739362, 31.329926], [-103.739366, 31.33004], [-103.739381, 31.330381], [-103.739388, 31.330495], [-103.739695, 31.334904], [-103.739699, 31.334971], [-103.739701, 31.335], [-103.739707, 31.335102], [-103.739947, 31.339766], [-103.73995, 31.339833], [-103.739951, 31.339861], [-103.739955, 31.339961], [-103.740113, 31.344673], [-103.740115, 31.344738], [-103.740116, 31.344765], [-103.740118, 31.344864], [-103.740184, 31.349002], [-103.740187, 31.349096], [-103.740197, 31.349378], [-103.740201, 31.349472], [-103.740231, 31.350006], [-103.740238, 31.3501], [-103.740259, 31.350382], [-103.740267, 31.350476], [-103.740607, 31.353982], [-103.740617, 31.354075], [-103.740649, 31.354351], [-103.740661, 31.354443], [-103.740732, 31.354964], [-103.740746, 31.355056], [-103.740789, 31.355331], [-103.740804, 31.355423], [-103.741437, 31.358991], [-103.741453, 31.35908], [-103.741506, 31.359347], [-103.741524, 31.359435], [-103.741633, 31.359937], [-103.741653, 31.360025], [-103.741716, 31.36029], [-103.741737, 31.360378], [-103.742675, 31.364026], [-103.742698, 31.364111], [-103.742768, 31.364364], [-103.742792, 31.364449], [-103.742934, 31.364926], [-103.742959, 31.36501], [-103.743039, 31.365261], [-103.743066, 31.365345], [-103.744324, 31.369084], [-103.744352, 31.369164], [-103.744437, 31.369403], [-103.744466, 31.369482], [-103.744634, 31.369931], [-103.744664, 31.37001], [-103.744758, 31.370246], [-103.74479, 31.370325], [-103.746383, 31.374164], [-103.746415, 31.374238], [-103.746512, 31.374461], [-103.746544, 31.374535], [-103.746734, 31.374953], [-103.746768, 31.375026], [-103.746872, 31.375246], [-103.746908, 31.37532], [-103.748853, 31.379263], [-103.748887, 31.379332], [-103.748993, 31.379537], [-103.749029, 31.379606], [-103.749234, 31.379992], [-103.749271, 31.38006], [-103.749383, 31.380264], [-103.749421, 31.380331], [-103.751733, 31.38438], [-103.751769, 31.384443], [-103.751881, 31.384632], [-103.751918, 31.384695], [-103.752134, 31.38505], [-103.752173, 31.385112], [-103.75229, 31.385299], [-103.75233, 31.385361], [-103.755021, 31.389514], [-103.755059, 31.389572], [-103.755175, 31.389745], [-103.755213, 31.389802], [-103.755436, 31.390126], [-103.755475, 31.390183], [-103.755595, 31.390353], [-103.755636, 31.39041], [-103.758719, 31.394664], [-103.758757, 31.394717], [-103.758874, 31.394874], [-103.758913, 31.394926], [-103.759138, 31.395221], [-103.759178, 31.395273], [-103.759299, 31.395427], [-103.759339, 31.395479], [-103.762823, 31.39983], [-103.762862, 31.399877], [-103.762979, 31.40002], [-103.763018, 31.400067], [-103.763242, 31.400334], [-103.763282, 31.400381], [-103.763402, 31.400522], [-103.763442, 31.400568], [-103.767322, 31.404995], [-103.76748, 31.405173], [-103.767739, 31.405457], [-103.767893, 31.405622], [-103.772239, 31.410192], [-103.772394, 31.410352], [-103.772648, 31.410609], [-103.772797, 31.410759], [-103.777562, 31.415403], [-103.777712, 31.415548], [-103.777959, 31.41578], [-103.778104, 31.415915], [-103.783289, 31.420629], [-103.783435, 31.42076], [-103.783673, 31.42097], [-103.783813, 31.421091], [-103.789421, 31.42587], [-103.789561, 31.425987], [-103.78979, 31.426177], [-103.789925, 31.426287], [-103.795956, 31.431125], [-103.796091, 31.431232], [-103.796311, 31.431403], [-103.79644, 31.431503], [-103.802896, 31.436396], [-103.803025, 31.436492], [-103.803235, 31.436648], [-103.803358, 31.436738], [-103.810238, 31.441681], [-103.810362, 31.441769], [-103.810563, 31.44191], [-103.810681, 31.441992], [-103.817985, 31.446983], [-103.818102, 31.447062], [-103.818294, 31.447191], [-103.818407, 31.447265], [-103.826135, 31.4523], [-103.826247, 31.452372], [-103.82643, 31.452489], [-103.826537, 31.452556], [-103.834688, 31.457632], [-103.834795, 31.457698], [-103.834969, 31.457804], [-103.835071, 31.457866], [-103.843645, 31.46298], [-103.843746, 31.463041], [-103.843912, 31.463138], [-103.844009, 31.463194], [-103.853005, 31.468345], [-103.853102, 31.4684], [-103.85326, 31.468488], [-103.853352, 31.46854], [-103.862769, 31.473725], [-103.862861, 31.473775], [-103.863011, 31.473856], [-103.863099, 31.473904], [-103.872936, 31.479121], [-103.873024, 31.479167], [-103.873167, 31.479242], [-103.873251, 31.479285], [-103.883507, 31.484532], [-103.883591, 31.484575], [-103.883727, 31.484644], [-103.883807, 31.484683], [-103.894482, 31.48996], [-103.894562, 31.489999], [-103.894692, 31.490063], [-103.894768, 31.490099], [-103.905861, 31.495404], [-103.905937, 31.49544], [-103.906061, 31.495498], [-103.906133, 31.495532], [-103.917633, 31.500858], [-103.917822, 31.500945], [-103.92982, 31.506334], [-103.93, 31.506414], [-103.942412, 31.511826], [-103.942584, 31.5119], [-103.95548, 31.517364], [-103.955518, 31.51738], [-103.9681, 31.522752], [-103.96814, 31.522769], [-103.980353, 31.528029], [-103.980395, 31.528047], [-103.99224, 31.533193], [-103.992284, 31.533212], [-104.00376, 31.538244], [-104.003807, 31.538265], [-104.014913, 31.543184], [-104.014963, 31.543206], [-104.025698, 31.548011], [-104.025751, 31.548035], [-104.036117, 31.552726], [-104.036173, 31.552752], [-104.046168, 31.557329], [-104.046228, 31.557357], [-104.055851, 31.56182], [-104.055916, 31.56185], [-104.065167, 31.5662], [-104.065236, 31.566232], [-104.074114, 31.570467], [-104.074188, 31.570502], [-104.082694, 31.574622], [-104.082773, 31.574661], [-104.090905, 31.578665], [-104.090991, 31.578707], [-104.098747, 31.582595], [-104.09884, 31.582643], [-104.106221, 31.586414], [-104.106322, 31.586466], [-104.113393, 31.590156], [-104.113505, 31.590215], [-104.120134, 31.593753], [-104.120254, 31.593819], [-104.126505, 31.597239], [-104.126638, 31.597312], [-104.132507, 31.600612], [-104.132653, 31.600695], [-104.138188, 31.603899], [-104.138253, 31.603938], [-104.13828, 31.603953], [-104.138377, 31.604011], [-104.143455, 31.60705], [-104.143527, 31.607093], [-104.143557, 31.607112], [-104.143665, 31.607178], [-104.148352, 31.610088], [-104.148432, 31.610138], [-104.148466, 31.610159], [-104.148586, 31.610236], [-104.152893, 31.613021], [-104.152986, 31.613082], [-104.153023, 31.613106], [-104.153155, 31.613195], [-104.15705, 31.615832], [-104.157154, 31.615904], [-104.157197, 31.615933], [-104.157345, 31.616038], [-104.160835, 31.618528], [-104.160953, 31.618613], [-104.161002, 31.618648], [-104.16117, 31.618774], [-104.164247, 31.621106], [-104.164383, 31.62121], [-104.164438, 31.621253], [-104.164628, 31.621404], [-104.167316, 31.623588], [-104.167507, 31.623746], [-104.167568, 31.623798], [-104.167753, 31.623957], [-104.169988, 31.62593], [-104.170204, 31.626125], [-104.170275, 31.626191], [-104.170485, 31.626391], [-104.172286, 31.628145], [-104.172533, 31.628393], [-104.172613, 31.628477], [-104.172851, 31.628731], [-104.174211, 31.630228], [-104.174491, 31.630548], [-104.174582, 31.630656], [-104.174848, 31.630984], [-104.17577, 31.632169], [-104.17608, 31.632588], [-104.176179, 31.632729], [-104.176467, 31.633159], [-104.177063, 31.634102], [-104.177104, 31.634164], [-104.177226, 31.634352], [-104.177267, 31.634414], [-104.177503, 31.634765], [-104.177546, 31.634826], [-104.177673, 31.635011], [-104.177717, 31.635072], [-104.178399, 31.636027], [-104.178442, 31.636087], [-104.178573, 31.636265], [-104.178618, 31.636324], [-104.17887, 31.636657], [-104.178915, 31.636716], [-104.179051, 31.636891], [-104.179097, 31.636949], [-104.179868, 31.637913], [-104.179914, 31.637969], [-104.180052, 31.638137], [-104.180098, 31.638193], [-104.180364, 31.638507], [-104.180411, 31.638562], [-104.180554, 31.638727], [-104.180602, 31.638782], [-104.181471, 31.639758], [-104.181518, 31.639811], [-104.181662, 31.639968], [-104.18171, 31.64002], [-104.181985, 31.640314], [-104.182034, 31.640366], [-104.182182, 31.64052], [-104.182232, 31.640571], [-104.183206, 31.641562], [-104.183255, 31.641611], [-104.183402, 31.641757], [-104.183452, 31.641805], [-104.183733, 31.642078], [-104.183784, 31.642126], [-104.183935, 31.64227], [-104.183986, 31.642317], [-104.185075, 31.643323], [-104.185124, 31.643369], [-104.185274, 31.643504], [-104.185324, 31.643548], [-104.185609, 31.643801], [-104.18566, 31.643845], [-104.185813, 31.643977], [-104.185864, 31.644021], [-104.187076, 31.645042], [-104.187125, 31.645084], [-104.187276, 31.645208], [-104.187326, 31.645249], [-104.187613, 31.645481], [-104.187664, 31.645521], [-104.187817, 31.645642], [-104.187868, 31.645682], [-104.189209, 31.646718], [-104.189259, 31.646756], [-104.189408, 31.64687], [-104.189459, 31.646907], [-104.189744, 31.647119], [-104.189794, 31.647156], [-104.189947, 31.647266], [-104.189998, 31.647303], [-104.191458, 31.648339], [-104.191661, 31.648481], [-104.191992, 31.648707], [-104.192188, 31.648839], [-104.193856, 31.64993], [-104.194054, 31.650058], [-104.19438, 31.650263], [-104.194578, 31.650385], [-104.194797, 31.650518], [-104.194924, 31.650593], [-104.195331, 31.650825], [-104.195468, 31.650901], [-104.195973, 31.651174], [-104.196112, 31.651247], [-104.196462, 31.651426], [-104.196747, 31.651563], [-104.197108, 31.651726], [-104.197253, 31.651789], [-104.197495, 31.651892], [-104.197642, 31.651952], [-104.198012, 31.6521], [-104.198311, 31.652211], [-104.19869, 31.652341], [-104.198842, 31.652392], [-104.199095, 31.652473], [-104.199248, 31.65252], [-104.199634, 31.652634], [-104.199945, 31.652718], [-104.200337, 31.652815], [-104.200495, 31.652852], [-104.200756, 31.652911], [-104.200914, 31.652944], [-104.201312, 31.653024], [-104.201631, 31.65308], [-104.202033, 31.653142], [-104.202194, 31.653165], [-104.202461, 31.653201], [-104.202622, 31.65322], [-104.203027, 31.653264], [-104.203352, 31.653293], [-104.203759, 31.653319], [-104.203922, 31.653328], [-104.204191, 31.65334], [-104.204354, 31.653345], [-104.204762, 31.653353], [-104.205089, 31.653353], [-104.205497, 31.653344], [-104.20566, 31.653338], [-104.206256, 31.653312], [-104.206419, 31.653303], [-104.206907, 31.65327], [-104.20707, 31.653257], [-104.282557, 31.646521], [-104.283384, 31.64647], [-104.284213, 31.646466], [-104.285041, 31.646507], [-104.285863, 31.646595], [-104.286678, 31.646728], [-104.28748, 31.646906], [-104.288268, 31.647129], [-104.289036, 31.647395], [-104.289783, 31.647703], [-104.290505, 31.648052], [-104.291199, 31.64844], [-104.291861, 31.648867], [-104.29249, 31.649329], [-104.326172, 31.675762], [-104.326298, 31.675858], [-104.32668, 31.676143], [-104.326809, 31.676236], [-104.327286, 31.676572], [-104.327417, 31.676662], [-104.32775, 31.676884], [-104.328022, 31.677056], [-104.328368, 31.677263], [-104.328508, 31.677344], [-104.328741, 31.677475], [-104.328883, 31.677553], [-104.329242, 31.677744], [-104.329533, 31.67789], [-104.329903, 31.678064], [-104.330052, 31.678132], [-104.3303, 31.678242], [-104.330451, 31.678306], [-104.330831, 31.678463], [-104.331139, 31.678582], [-104.331528, 31.678722], [-104.331685, 31.678776], [-104.331945, 31.678863], [-104.332103, 31.678913], [-104.332501, 31.679035], [-104.332822, 31.679125], [-104.333226, 31.679229], [-104.333388, 31.679269], [-104.333658, 31.679331], [-104.333822, 31.679367], [-104.334232, 31.679452], [-104.334562, 31.679513], [-104.334977, 31.679579], [-104.335143, 31.679604], [-104.335753, 31.679687], [-104.335921, 31.679708], [-104.336423, 31.679765], [-104.33659, 31.679783], [-104.358261, 31.681743], [-104.359099, 31.681843], [-104.359927, 31.68199], [-104.360743, 31.682184], [-104.361541, 31.682424], [-104.362319, 31.682709], [-104.363073, 31.683037], [-104.3638, 31.683407], [-104.364497, 31.683818], [-104.36516, 31.684268], [-104.365787, 31.684754], [-104.366374, 31.685274], [-104.36692, 31.685827], [-104.367422, 31.68641], [-104.367878, 31.68702], [-104.368285, 31.687654], [-104.368642, 31.68831], [-104.368947, 31.688985], [-104.369199, 31.689676], [-104.369397, 31.69038], [-104.36954, 31.691093], [-104.38031, 31.758184], [-104.380329, 31.758292], [-104.380389, 31.758618], [-104.38041, 31.758726], [-104.380482, 31.759068], [-104.380532, 31.759283], [-104.380698, 31.759927], [-104.380759, 31.76014], [-104.380847, 31.760426], [-104.380891, 31.760561], [-104.381028, 31.760966], [-104.381074, 31.761094], [-104.381087, 31.761128], [-104.381112, 31.761194], [-104.381872, 31.76315], [-104.38192, 31.763274], [-104.382001, 31.763474], [-104.382049, 31.763592], [-104.382837, 31.765471], [-104.382891, 31.765598], [-104.38298, 31.765804], [-104.383033, 31.765925], [-104.383849, 31.767733], [-104.383909, 31.767863], [-104.384007, 31.768074], [-104.384066, 31.768197], [-104.384909, 31.769934], [-104.384974, 31.770068], [-104.385083, 31.770284], [-104.385147, 31.77041], [-104.386016, 31.772076], [-104.386088, 31.772212], [-104.386207, 31.772433], [-104.386277, 31.772561], [-104.38717, 31.774158], [-104.387249, 31.774297], [-104.387378, 31.774522], [-104.387456, 31.774653], [-104.388372, 31.776181], [-104.388457, 31.776322], [-104.388599, 31.77655], [-104.388683, 31.776684], [-104.38962, 31.778144], [-104.389713, 31.778287], [-104.389867, 31.778518], [-104.389958, 31.778654], [-104.390917, 31.780048], [-104.391017, 31.780192], [-104.391184, 31.780426], [-104.391283, 31.780563], [-104.391896, 31.781398], [-104.391976, 31.781503], [-104.392223, 31.781823], [-104.392307, 31.781928], [-104.392577, 31.782259], [-104.392753, 31.782465], [-104.393299, 31.783071], [-104.393486, 31.78327], [-104.39355, 31.783334], [-104.393748, 31.783525], [-104.394357, 31.784085], [-104.394566, 31.784268], [-104.394636, 31.784327], [-104.394854, 31.784501], [-104.395522, 31.78501], [-104.39575, 31.785175], [-104.396116, 31.785429], [-104.396233, 31.785508], [-104.396588, 31.785742], [-104.396707, 31.785819], [-104.438663, 31.812185], [-104.439325, 31.812631]]]]}}, {"type": "Feature", "properties": {"layer": "edge", "edge_no": 0, "seg_no": 21, "edge_class": "bridge", "side": "W", "gap_ft": 0.0, "perf_class": "rolled", "perf_ratio": 0.22448399316791406, "buffer_ft": 880.0, "rule": "envelope bridge (D27)", "flag": "bridged gap between development trends (D27): any structural or reservoir break here?", "length_ft": 11499.9669431084}, "geometry": {"type": "LineString", "coordinates": [[-104.42725, 31.805016], [-104.397428, 31.786273]]}}, {"type": "Feature", "properties": {"layer": "edge", "edge_no": 1, "seg_no": 22, "edge_class": "bridge", "side": "W", "gap_ft": 0.0, "perf_class": "rolled", "perf_ratio": 0.22448399316791406, "buffer_ft": 880.0, "rule": "envelope bridge (D27)", "flag": "bridged gap between development trends (D27): any structural or reservoir break here?", "length_ft": 19499.821948006167}, "geometry": {"type": "LineString", "coordinates": [[-104.397428, 31.786273], [-104.395401, 31.784917], [-104.393581, 31.783364], [-104.392049, 31.781597], [-104.389881, 31.77854], [-104.387459, 31.774658], [-104.386069, 31.772178], [-104.383917, 31.76788], [-104.382119, 31.763758], [-104.380912, 31.760624], [-104.380415, 31.758747], [-104.3769, 31.736954]]}}, {"type": "Feature", "properties": {"layer": "edge", "edge_no": 2, "seg_no": 24, "edge_class": "bridge", "side": "W", "gap_ft": 0.0, "perf_class": "rolled", "perf_ratio": 0.17058045558759846, "buffer_ft": 880.0, "rule": "envelope bridge (D27)", "flag": "bridged gap between development trends (D27): any structural or reservoir break here?", "length_ft": 199.99942509816157}, "geometry": {"type": "LineString", "coordinates": [[-104.3769, 31.736954], [-104.376813, 31.73641]]}}, {"type": "Feature", "properties": {"layer": "edge", "edge_no": 3, "seg_no": 33, "edge_class": "pinned", "side": "W", "gap_ft": 0.0, "perf_class": "unknown", "perf_ratio": null, "buffer_ft": 1320.0, "rule": "pinned: floor", "flag": "", "length_ft": 20899.33821455189}, "geometry": {"type": "LineString", "coordinates": [[-104.376813, 31.73641], [-104.369555, 31.691186], [-104.369244, 31.689838], [-104.368858, 31.688789], [-104.368207, 31.687533], [-104.367377, 31.686357], [-104.36638, 31.68528], [-104.365228, 31.684321], [-104.363946, 31.683493], [-104.362552, 31.68281], [-104.361373, 31.682374]]}}, {"type": "Feature", "properties": {"layer": "edge", "edge_no": 4, "seg_no": 34, "edge_class": "pinned", "side": "W", "gap_ft": 0.0, "perf_class": "unknown", "perf_ratio": null, "buffer_ft": 1320.0, "rule": "pinned: floor", "flag": "", "length_ft": 1799.8825174206117}, "geometry": {"type": "LineString", "coordinates": [[-104.361373, 31.682374], [-104.359206, 31.681862], [-104.355693, 31.681511]]}}, {"type": "Feature", "properties": {"layer": "edge", "edge_no": 5, "seg_no": 35, "edge_class": "gap", "side": "W", "gap_ft": 999.9812262023404, "perf_class": "unknown", "perf_ratio": null, "buffer_ft": 1320.0, "rule": "gap: k \u00d7 gap", "flag": "", "length_ft": 699.9979878412531}, "geometry": {"type": "LineString", "coordinates": [[-104.355693, 31.681511], [-104.353455, 31.681309]]}}, {"type": "Feature", "properties": {"layer": "edge", "edge_no": 6, "seg_no": 36, "edge_class": "pinned", "side": "W", "gap_ft": 0.0, "perf_class": "unknown", "perf_ratio": null, "buffer_ft": 1320.0, "rule": "pinned: floor", "flag": "", "length_ft": 1299.9962631339542}, "geometry": {"type": "LineString", "coordinates": [[-104.353455, 31.681309], [-104.349297, 31.680933]]}}, {"type": "Feature", "properties": {"layer": "edge", "edge_no": 7, "seg_no": 37, "edge_class": "gap", "side": "W", "gap_ft": 3999.9249048093616, "perf_class": "unknown", "perf_ratio": null, "buffer_ft": 2249.9577589552655, "rule": "gap: k \u00d7 gap", "flag": "", "length_ft": 5099.9604623298555}, "geometry": {"type": "LineString", "coordinates": [[-104.349297, 31.680933], [-104.336506, 31.679774], [-104.334601, 31.679519], [-104.333042, 31.679182]]}}, {"type": "Feature", "properties": {"layer": "edge", "edge_no": 8, "seg_no": 39, "edge_class": "gap", "side": "W", "gap_ft": 5899.889234593808, "perf_class": "unknown", "perf_ratio": null, "buffer_ft": 3318.6876944590176, "rule": "gap: k \u00d7 gap", "flag": "", "length_ft": 6099.901817408004}, "geometry": {"type": "LineString", "coordinates": [[-104.333042, 31.679182], [-104.331528, 31.678722], [-104.330072, 31.678141], [-104.327637, 31.676809], [-104.326157, 31.675751], [-104.317627, 31.669059]]}}, {"type": "Feature", "properties": {"layer": "edge", "edge_no": 9, "seg_no": 38, "edge_class": "bridge", "side": "W", "gap_ft": 0.0, "perf_class": "unknown", "perf_ratio": null, "buffer_ft": 1320.0, "rule": "envelope bridge (D27)", "flag": "bridged gap between development trends (D27): any structural or reservoir break here?", "length_ft": 2799.991951365198}, "geometry": {"type": "LineString", "coordinates": [[-104.317627, 31.669059], [-104.310994, 31.663853]]}}, {"type": "Feature", "properties": {"layer": "edge", "edge_no": 10, "seg_no": 42, "edge_class": "pinned", "side": "W", "gap_ft": 0.0, "perf_class": "unknown", "perf_ratio": null, "buffer_ft": 1320.0, "rule": "pinned: floor", "flag": "", "length_ft": 22199.497402049412}, "geometry": {"type": "LineString", "coordinates": [[-104.310994, 31.663853], [-104.292032, 31.648992], [-104.289906, 31.647762], [-104.288445, 31.64719], [-104.287224, 31.646849], [-104.285013, 31.646506], [-104.282766, 31.646508], [-104.247277, 31.649675]]}}, {"type": "Feature", "properties": {"layer": "edge", "edge_no": 11, "seg_no": 64, "edge_class": "bridge", "side": "W", "gap_ft": 0.0, "perf_class": "rolled", "perf_ratio": 0.5277834505697973, "buffer_ft": 880.0, "rule": "envelope bridge (D27)", "flag": "bridged gap between development trends (D27): any structural or reservoir break here?", "length_ft": 9699.972117230263}, "geometry": {"type": "LineString", "coordinates": [[-104.247277, 31.649675], [-104.216264, 31.652439]]}}, {"type": "Feature", "properties": {"layer": "edge", "edge_no": 12, "seg_no": 65, "edge_class": "bridge", "side": "W", "gap_ft": 1299.9755940630425, "perf_class": "rolled", "perf_ratio": 0.5277834505697973, "buffer_ft": 880.0, "rule": "envelope bridge (D27)", "flag": "bridged gap between development trends (D27): any structural or reservoir break here?", "length_ft": 1399.9959756827668}, "geometry": {"type": "LineString", "coordinates": [[-104.216264, 31.652439], [-104.211788, 31.652838]]}}, {"type": "Feature", "properties": {"layer": "edge", "edge_no": 13, "seg_no": 66, "edge_class": "bridge", "side": "W", "gap_ft": 0.0, "perf_class": "rolled", "perf_ratio": 0.5277834505697973, "buffer_ft": 880.0, "rule": "envelope bridge (D27)", "flag": "bridged gap between development trends (D27): any structural or reservoir break here?", "length_ft": 99.99971254862211}, "geometry": {"type": "LineString", "coordinates": [[-104.211788, 31.652838], [-104.211468, 31.652866]]}}, {"type": "Feature", "properties": {"layer": "edge", "edge_no": 14, "seg_no": 67, "edge_class": "bridge", "side": "W", "gap_ft": 2199.9586976451487, "perf_class": "rolled", "perf_ratio": 0.5277834505697973, "buffer_ft": 880.0, "rule": "envelope bridge (D27)", "flag": "bridged gap between development trends (D27): any structural or reservoir break here?", "length_ft": 1099.9968380364378}, "geometry": {"type": "LineString", "coordinates": [[-104.211468, 31.652866], [-104.207951, 31.653179]]}}, {"type": "Feature", "properties": {"layer": "edge", "edge_no": 15, "seg_no": 68, "edge_class": "bridge", "side": "W", "gap_ft": 0.0, "perf_class": "rolled", "perf_ratio": 0.6207665216445407, "buffer_ft": 880.0, "rule": "envelope bridge (D27)", "flag": "bridged gap between development trends (D27): any structural or reservoir break here?", "length_ft": 9599.848055782524}, "geometry": {"type": "LineString", "coordinates": [[-104.207951, 31.653179], [-104.204744, 31.653353], [-104.201868, 31.653117], [-104.19908, 31.652468], [-104.19646, 31.651425], [-104.193795, 31.64989], [-104.189293, 31.646783], [-104.185561, 31.643758], [-104.182345, 31.640686]]}}, {"type": "Feature", "properties": {"layer": "edge", "edge_no": 16, "seg_no": 74, "edge_class": "bridge", "side": "SW", "gap_ft": 0.0, "perf_class": "rolled", "perf_ratio": 0.38480943856240846, "buffer_ft": 880.0, "rule": "envelope bridge (D27)", "flag": "bridged gap between development trends (D27): any structural or reservoir break here?", "length_ft": 14199.893035731053}, "geometry": {"type": "LineString", "coordinates": [[-104.182345, 31.640686], [-104.180372, 31.638516], [-104.178908, 31.636707], [-104.176143, 31.632677], [-104.174547, 31.630614], [-104.172578, 31.628441], [-104.170248, 31.626166], [-104.167335, 31.623604], [-104.164538, 31.621332], [-104.161174, 31.618777], [-104.157228, 31.615955], [-104.151663, 31.612226]]}}, {"type": "Feature", "properties": {"layer": "edge", "edge_no": 17, "seg_no": 75, "edge_class": "gap", "side": "SW", "gap_ft": 5199.90237625217, "perf_class": "rolled", "perf_ratio": 0.2545645600806526, "buffer_ft": 1949.9633910945638, "rule": "gap: k \u00d7 gap", "flag": "", "length_ft": 6699.977031562013}, "geometry": {"type": "LineString", "coordinates": [[-104.151663, 31.612226], [-104.143647, 31.607167], [-104.134125, 31.601547]]}}, {"type": "Feature", "properties": {"layer": "edge", "edge_no": 18, "seg_no": 76, "edge_class": "bridge", "side": "SW", "gap_ft": 0.0, "perf_class": "rolled", "perf_ratio": 0.2545645600806526, "buffer_ft": 880.0, "rule": "envelope bridge (D27)", "flag": "bridged gap between development trends (D27): any structural or reservoir break here?", "length_ft": 2199.992918874575}, "geometry": {"type": "LineString", "coordinates": [[-104.134125, 31.601547], [-104.128231, 31.598208]]}}, {"type": "Feature", "properties": {"layer": "edge", "edge_no": 19, "seg_no": 77, "edge_class": "bridge", "side": "SW", "gap_ft": 1899.9643297844468, "perf_class": "rolled", "perf_ratio": 0.2545645600806526, "buffer_ft": 880.0, "rule": "envelope bridge (D27)", "flag": "bridged gap between development trends (D27): any structural or reservoir break here?", "length_ft": 1299.995676775754}, "geometry": {"type": "LineString", "coordinates": [[-104.128231, 31.598208], [-104.124726, 31.596265]]}}, {"type": "Feature", "properties": {"layer": "edge", "edge_no": 20, "seg_no": 78, "edge_class": "bridge", "side": "SW", "gap_ft": 0.0, "perf_class": "rolled", "perf_ratio": 0.2741290202227724, "buffer_ft": 880.0, "rule": "envelope bridge (D27)", "flag": "bridged gap between development trends (D27): any structural or reservoir break here?", "length_ft": 699.9979878415708}, "geometry": {"type": "LineString", "coordinates": [[-104.124726, 31.596265], [-104.122831, 31.595228]]}}, {"type": "Feature", "properties": {"layer": "edge", "edge_no": 21, "seg_no": 79, "edge_class": "bridge", "side": "SW", "gap_ft": 3799.9286595688936, "perf_class": "rolled", "perf_ratio": 0.2741290202227724, "buffer_ft": 1424.973247338335, "rule": "envelope bridge (D27)", "flag": "bridged gap between development trends (D27): any structural or reservoir break here?", "length_ft": 8799.972486021526}, "geometry": {"type": "LineString", "coordinates": [[-104.122831, 31.595228], [-104.113308, 31.590112], [-104.098728, 31.582586]]}}, {"type": "Feature", "properties": {"layer": "edge", "edge_no": 22, "seg_no": 80, "edge_class": "bridge", "side": "SW", "gap_ft": 0.0, "perf_class": "rolled", "perf_ratio": 0.3361164575115966, "buffer_ft": 880.0, "rule": "envelope bridge (D27)", "flag": "bridged gap between development trends (D27): any structural or reservoir break here?", "length_ft": 99.99971254875783}, "geometry": {"type": "LineString", "coordinates": [[-104.098728, 31.582586], [-104.098451, 31.582447]]}}, {"type": "Feature", "properties": {"layer": "edge", "edge_no": 23, "seg_no": 84, "edge_class": "bridge", "side": "SW", "gap_ft": 0.0, "perf_class": "rolled", "perf_ratio": 0.475061338628078, "buffer_ft": 880.0, "rule": "envelope bridge (D27)", "flag": "bridged gap between development trends (D27): any structural or reservoir break here?", "length_ft": 1499.9956882314061}, "geometry": {"type": "LineString", "coordinates": [[-104.098451, 31.582447], [-104.094293, 31.580363]]}}, {"type": "Feature", "properties": {"layer": "edge", "edge_no": 24, "seg_no": 85, "edge_class": "bridge", "side": "SW", "gap_ft": 999.9812262023404, "perf_class": "rolled", "perf_ratio": 0.38632366483819985, "buffer_ft": 880.0, "rule": "envelope bridge (D27)", "flag": "bridged gap between development trends (D27): any structural or reservoir break here?", "length_ft": 699.9979878414251}, "geometry": {"type": "LineString", "coordinates": [[-104.094293, 31.580363], [-104.092353, 31.57939]]}}, {"type": "Feature", "properties": {"layer": "edge", "edge_no": 25, "seg_no": 86, "edge_class": "bridge", "side": "SW", "gap_ft": 0.0, "perf_class": "rolled", "perf_ratio": 0.49679263391660694, "buffer_ft": 880.0, "rule": "envelope bridge (D27)", "flag": "bridged gap between development trends (D27): any structural or reservoir break here?", "length_ft": 9999.970157187667}, "geometry": {"type": "LineString", "coordinates": [[-104.092353, 31.57939], [-104.082614, 31.574583], [-104.064405, 31.565842]]}}, {"type": "Feature", "properties": {"layer": "edge", "edge_no": 26, "seg_no": 87, "edge_class": "gap", "side": "SW", "gap_ft": 1899.9643297844468, "perf_class": "strong", "perf_ratio": 0.8866087880296745, "buffer_ft": 1760.0, "rule": "gap: k \u00d7 gap", "flag": "", "length_ft": 1999.994250974862}, "geometry": {"type": "LineString", "coordinates": [[-104.064405, 31.565842], [-104.058775, 31.563195]]}}, {"type": "Feature", "properties": {"layer": "edge", "edge_no": 27, "seg_no": 88, "edge_class": "bridge", "side": "SW", "gap_ft": 0.0, "perf_class": "strong", "perf_ratio": 0.8866087880296745, "buffer_ft": 1760.0, "rule": "envelope bridge (D27)", "flag": "bridged gap between development trends (D27): any structural or reservoir break here?", "length_ft": 3899.9885543960095}, "geometry": {"type": "LineString", "coordinates": [[-104.058775, 31.563195], [-104.047772, 31.558073]]}}, {"type": "Feature", "properties": {"layer": "edge", "edge_no": 28, "seg_no": 89, "edge_class": "bridge", "side": "SW", "gap_ft": 4599.913640530766, "perf_class": "strong", "perf_ratio": 0.8866087880296745, "buffer_ft": 3449.935230398075, "rule": "envelope bridge (D27)", "flag": "bridged gap between development trends (D27): any structural or reservoir break here?", "length_ft": 1799.9945489290244}, "geometry": {"type": "LineString", "coordinates": [[-104.047772, 31.558073], [-104.042679, 31.555732]]}}, {"type": "Feature", "properties": {"layer": "edge", "edge_no": 29, "seg_no": 90, "edge_class": "bridge", "side": "SW", "gap_ft": 0.0, "perf_class": "unknown", "perf_ratio": null, "buffer_ft": 1320.0, "rule": "envelope bridge (D27)", "flag": "bridged gap between development trends (D27): any structural or reservoir break here?", "length_ft": 10099.970609212434}, "geometry": {"type": "LineString", "coordinates": [[-104.042679, 31.555732], [-104.013993, 31.542777]]}}, {"type": "Feature", "properties": {"layer": "edge", "edge_no": 30, "seg_no": 92, "edge_class": "bridge", "side": "SW", "gap_ft": 0.0, "perf_class": "rolled", "perf_ratio": 0.3198799565392476, "buffer_ft": 880.0, "rule": "envelope bridge (D27)", "flag": "bridged gap between development trends (D27): any structural or reservoir break here?", "length_ft": 1899.9945384267264}, "geometry": {"type": "LineString", "coordinates": [[-104.013993, 31.542777], [-104.008575, 31.540377]]}}, {"type": "Feature", "properties": {"layer": "edge", "edge_no": 31, "seg_no": 94, "edge_class": "bridge", "side": "SW", "gap_ft": 0.0, "perf_class": "rolled", "perf_ratio": 0.3198799565392476, "buffer_ft": 880.0, "rule": "envelope bridge (D27)", "flag": "bridged gap between development trends (D27): any structural or reservoir break here?", "length_ft": 1499.9956882310196}, "geometry": {"type": "LineString", "coordinates": [[-104.008575, 31.540377], [-104.004297, 31.538482]]}}, {"type": "Feature", "properties": {"layer": "edge", "edge_no": 32, "seg_no": 96, "edge_class": "bridge", "side": "SW", "gap_ft": 0.0, "perf_class": "rolled", "perf_ratio": 0.3198799565392476, "buffer_ft": 880.0, "rule": "envelope bridge (D27)", "flag": "bridged gap between development trends (D27): any structural or reservoir break here?", "length_ft": 18299.94689691061}, "geometry": {"type": "LineString", "coordinates": [[-104.004297, 31.538482], [-103.980271, 31.527993], [-103.951844, 31.515823]]}}, {"type": "Feature", "properties": {"layer": "edge", "edge_no": 33, "seg_no": 106, "edge_class": "bridge", "side": "SW", "gap_ft": 0.0, "perf_class": "rolled", "perf_ratio": 0.18212264053730884, "buffer_ft": 880.0, "rule": "envelope bridge (D27)", "flag": "bridged gap between development trends (D27): any structural or reservoir break here?", "length_ft": 15599.953498091798}, "geometry": {"type": "LineString", "coordinates": [[-103.951844, 31.515823], [-103.942637, 31.511923], [-103.930051, 31.506436], [-103.917828, 31.500948], [-103.907382, 31.496111]]}}, {"type": "Feature", "properties": {"layer": "edge", "edge_no": 34, "seg_no": 108, "edge_class": "bridge", "side": "SW", "gap_ft": 0.0, "perf_class": "rolled", "perf_ratio": 0.33876433141132334, "buffer_ft": 880.0, "rule": "envelope bridge (D27)", "flag": "bridged gap between development trends (D27): any structural or reservoir break here?", "length_ft": 7799.976538901041}, "geometry": {"type": "LineString", "coordinates": [[-103.907382, 31.496111], [-103.894762, 31.490097], [-103.885589, 31.485564]]}}, {"type": "Feature", "properties": {"layer": "edge", "edge_no": 35, "seg_no": 114, "edge_class": "bridge", "side": "SW", "gap_ft": 0.0, "perf_class": "rolled", "perf_ratio": 0.5048089915714693, "buffer_ft": 880.0, "rule": "envelope bridge (D27)", "flag": "bridged gap between development trends (D27): any structural or reservoir break here?", "length_ft": 11799.964000421745}, "geometry": {"type": "LineString", "coordinates": [[-103.885589, 31.485564], [-103.872901, 31.479102], [-103.86308, 31.473893], [-103.853361, 31.468545]]}}, {"type": "Feature", "properties": {"layer": "edge", "edge_no": 36, "seg_no": 115, "edge_class": "bridge", "side": "SW", "gap_ft": 4499.915517910532, "perf_class": "rolled", "perf_ratio": 0.6242140271588393, "buffer_ft": 1687.4683192164493, "rule": "envelope bridge (D27)", "flag": "bridged gap between development trends (D27): any structural or reservoir break here?", "length_ft": 2699.991719361911}, "geometry": {"type": "LineString", "coordinates": [[-103.853361, 31.468545], [-103.846157, 31.464424]]}}, {"type": "Feature", "properties": {"layer": "edge", "edge_no": 37, "seg_no": 116, "edge_class": "pinned", "side": "SW", "gap_ft": 0.0, "perf_class": "rolled", "perf_ratio": 0.3658786909483694, "buffer_ft": 880.0, "rule": "pinned: floor", "flag": "", "length_ft": 8199.974362628689}, "geometry": {"type": "LineString", "coordinates": [[-103.846157, 31.464424], [-103.834807, 31.457705], [-103.824712, 31.451373]]}}, {"type": "Feature", "properties": {"layer": "edge", "edge_no": 38, "seg_no": 117, "edge_class": "bridge", "side": "S", "gap_ft": 3499.9342917081913, "perf_class": "rolled", "perf_ratio": 0.5906275929947973, "buffer_ft": 1312.4753593905716, "rule": "envelope bridge (D27)", "flag": "bridged gap between development trends (D27): any structural or reservoir break here?", "length_ft": 1999.9942509749471}, "geometry": {"type": "LineString", "coordinates": [[-103.824712, 31.451373], [-103.819604, 31.448045]]}}, {"type": "Feature", "properties": {"layer": "edge", "edge_no": 39, "seg_no": 118, "edge_class": "bridge", "side": "S", "gap_ft": 0.0, "perf_class": "rolled", "perf_ratio": 0.6304848135310821, "buffer_ft": 880.0, "rule": "envelope bridge (D27)", "flag": "bridged gap between development trends (D27): any structural or reservoir break here?", "length_ft": 1099.9956996421417}, "geometry": {"type": "LineString", "coordinates": [[-103.819604, 31.448045], [-103.816821, 31.446187]]}}, {"type": "Feature", "properties": {"layer": "edge", "edge_no": 40, "seg_no": 119, "edge_class": "bridge", "side": "S", "gap_ft": 2699.949310746319, "perf_class": "rolled", "perf_ratio": 0.6304848135310821, "buffer_ft": 1012.4809915298697, "rule": "envelope bridge (D27)", "flag": "bridged gap between development trends (D27): any structural or reservoir break here?", "length_ft": 599.998275292403}, "geometry": {"type": "LineString", "coordinates": [[-103.816821, 31.446187], [-103.815316, 31.445159]]}}, {"type": "Feature", "properties": {"layer": "edge", "edge_no": 41, "seg_no": 120, "edge_class": "bridge", "side": "S", "gap_ft": 0.0, "perf_class": "rolled", "perf_ratio": 0.6304848135310821, "buffer_ft": 880.0, "rule": "envelope bridge (D27)", "flag": "bridged gap between development trends (D27): any structural or reservoir break here?", "length_ft": 14199.949942320023}, "geometry": {"type": "LineString", "coordinates": [[-103.815316, 31.445159], [-103.810303, 31.441728], [-103.803421, 31.436783], [-103.796447, 31.431508], [-103.789423, 31.425871], [-103.783737, 31.421025], [-103.781531, 31.41903]]}}, {"type": "Feature", "properties": {"layer": "edge", "edge_no": 42, "seg_no": 122, "edge_class": "bridge", "side": "S", "gap_ft": 0.0, "perf_class": "rolled", "perf_ratio": 0.6918090600397997, "buffer_ft": 880.0, "rule": "envelope bridge (D27)", "flag": "bridged gap between development trends (D27): any structural or reservoir break here?", "length_ft": 3299.9874617541013}, "geometry": {"type": "LineString", "coordinates": [[-103.781531, 31.41903], [-103.777796, 31.415626], [-103.774404, 31.412325]]}}, {"type": "Feature", "properties": {"layer": "edge", "edge_no": 43, "seg_no": 124, "edge_class": "bridge", "side": "S", "gap_ft": 0.0, "perf_class": "rolled", "perf_ratio": 0.6918090600397997, "buffer_ft": 880.0, "rule": "envelope bridge (D27)", "flag": "bridged gap between development trends (D27): any structural or reservoir break here?", "length_ft": 5599.974664855202}, "geometry": {"type": "LineString", "coordinates": [[-103.774404, 31.412325], [-103.772298, 31.410253], [-103.76784, 31.405565], [-103.763209, 31.400295]]}}, {"type": "Feature", "properties": {"layer": "edge", "edge_no": 44, "seg_no": 143, "edge_class": "bridge", "side": "S", "gap_ft": 0.0, "perf_class": "rolled", "perf_ratio": 0.49320341990529976, "buffer_ft": 880.0, "rule": "envelope bridge (D27)", "flag": "bridged gap between development trends (D27): any structural or reservoir break here?", "length_ft": 31399.846429518308}, "geometry": {"type": "LineString", "coordinates": [[-103.763209, 31.400295], [-103.759033, 31.395084], [-103.755475, 31.390182], [-103.752192, 31.385142], [-103.749493, 31.380458], [-103.746369, 31.37413], [-103.744458, 31.369461], [-103.742789, 31.364437], [-103.741401, 31.358788], [-103.74066, 31.354435], [-103.740234, 31.350051], [-103.739952, 31.339881], [-103.739352, 31.329445], [-103.739637, 31.31845]]}}, {"type": "Feature", "properties": {"layer": "edge", "edge_no": 45, "seg_no": 149, "edge_class": "pinned", "side": "S", "gap_ft": 0.0, "perf_class": "rolled", "perf_ratio": 0.5804405852373613, "buffer_ft": 880.0, "rule": "pinned: floor", "flag": "", "length_ft": 20399.55703181239}, "geometry": {"type": "LineString", "coordinates": [[-103.739637, 31.31845], [-103.740231, 31.297008], [-103.740222, 31.270887], [-103.739792, 31.268722], [-103.739006, 31.266922], [-103.737677, 31.265047], [-103.736013, 31.263376]]}}, {"type": "Feature", "properties": {"layer": "edge", "edge_no": 46, "seg_no": 150, "edge_class": "gap", "side": "S", "gap_ft": 1899.9643297844468, "perf_class": "rolled", "perf_ratio": 0.5804405852373613, "buffer_ft": 880.0, "rule": "gap: k \u00d7 gap", "flag": "", "length_ft": 1999.9942509754903}, "geometry": {"type": "LineString", "coordinates": [[-103.736013, 31.263376], [-103.731779, 31.259251]]}}, {"type": "Feature", "properties": {"layer": "edge", "edge_no": 47, "seg_no": 151, "edge_class": "bridge", "side": "S", "gap_ft": 0.0, "perf_class": "rolled", "perf_ratio": 0.5804405852373613, "buffer_ft": 880.0, "rule": "envelope bridge (D27)", "flag": "bridged gap between development trends (D27): any structural or reservoir break here?", "length_ft": 3399.9902266572444}, "geometry": {"type": "LineString", "coordinates": [[-103.731779, 31.259251], [-103.724581, 31.252239]]}}, {"type": "Feature", "properties": {"layer": "edge", "edge_no": 48, "seg_no": 152, "edge_class": "bridge", "side": "S", "gap_ft": 0.0, "perf_class": "unknown", "perf_ratio": 0.7354748992628772, "buffer_ft": 1320.0, "rule": "envelope bridge (D27)", "flag": "bridged gap between development trends (D27): any structural or reservoir break here?", "length_ft": 1199.996550586249}, "geometry": {"type": "LineString", "coordinates": [[-103.724581, 31.252239], [-103.722041, 31.249764]]}}, {"type": "Feature", "properties": {"layer": "edge", "edge_no": 49, "seg_no": 153, "edge_class": "bridge", "side": "S", "gap_ft": 5499.8967441128725, "perf_class": "rolled", "perf_ratio": 0.5908386544581458, "buffer_ft": 2062.461279042327, "rule": "envelope bridge (D27)", "flag": "bridged gap between development trends (D27): any structural or reservoir break here?", "length_ft": 3699.9698492713123}, "geometry": {"type": "LineString", "coordinates": [[-103.722041, 31.249764], [-103.715906, 31.243781], [-103.714358, 31.24203]]}}, {"type": "Feature", "properties": {"layer": "edge", "edge_no": 50, "seg_no": 154, "edge_class": "pinned", "side": "S", "gap_ft": 0.0, "perf_class": "rolled", "perf_ratio": 0.5908386544581458, "buffer_ft": 880.0, "rule": "pinned: floor", "flag": "", "length_ft": 9799.944931841828}, "geometry": {"type": "LineString", "coordinates": [[-103.714358, 31.24203], [-103.713396, 31.240603], [-103.710291, 31.235174], [-103.705789, 31.227889], [-103.703096, 31.223827], [-103.699281, 31.21842]]}}, {"type": "Feature", "properties": {"layer": "edge", "edge_no": 51, "seg_no": 155, "edge_class": "bridge", "side": "S", "gap_ft": 5999.887357214043, "perf_class": "unknown", "perf_ratio": 0.7767784068451703, "buffer_ft": 3374.9366384328987, "rule": "envelope bridge (D27)", "flag": "bridged gap between development trends (D27): any structural or reservoir break here?", "length_ft": 2299.9916062983634}, "geometry": {"type": "LineString", "coordinates": [[-103.699281, 31.21842], [-103.695302, 31.2131]]}}, {"type": "Feature", "properties": {"layer": "edge", "edge_no": 52, "seg_no": 156, "edge_class": "pinned", "side": "S", "gap_ft": 0.0, "perf_class": "strong", "perf_ratio": 0.8668501397281865, "buffer_ft": 1760.0, "rule": "pinned: floor", "flag": "pinned edge, strong wells: edge not explained by performance; what stops it?", "length_ft": 10599.962323801232}, "geometry": {"type": "LineString", "coordinates": [[-103.695302, 31.2131], [-103.689787, 31.206016], [-103.684877, 31.199251], [-103.682119, 31.195222], [-103.677644, 31.188238]]}}, {"type": "Feature", "properties": {"layer": "edge", "edge_no": 53, "seg_no": 157, "edge_class": "bridge", "side": "S", "gap_ft": 4699.911763151, "perf_class": "strong", "perf_ratio": 1.1447166264578545, "buffer_ft": 3524.93382236325, "rule": "envelope bridge (D27)", "flag": "bridged gap between development trends (D27): any structural or reservoir break here?", "length_ft": 2199.992889941387}, "geometry": {"type": "LineString", "coordinates": [[-103.677644, 31.188238], [-103.674462, 31.182843]]}}, {"type": "Feature", "properties": {"layer": "edge", "edge_no": 54, "seg_no": 158, "edge_class": "bridge", "side": "S", "gap_ft": 0.0, "perf_class": "unknown", "perf_ratio": null, "buffer_ft": 1320.0, "rule": "envelope bridge (D27)", "flag": "bridged gap between development trends (D27): any structural or reservoir break here?", "length_ft": 7199.974138317743}, "geometry": {"type": "LineString", "coordinates": [[-103.674462, 31.182843], [-103.671857, 31.178123], [-103.670041, 31.174605], [-103.668197, 31.170797], [-103.665462, 31.164632]]}}, {"type": "Feature", "properties": {"layer": "edge", "edge_no": 55, "seg_no": 160, "edge_class": "bridge", "side": "S", "gap_ft": 0.0, "perf_class": "rolled", "perf_ratio": 0.48165141905884173, "buffer_ft": 880.0, "rule": "envelope bridge (D27)", "flag": "bridged gap between development trends (D27): any structural or reservoir break here?", "length_ft": 5999.975742597984}, "geometry": {"type": "LineString", "coordinates": [[-103.665462, 31.164632], [-103.66274, 31.157587], [-103.661573, 31.154156], [-103.659978, 31.148831]]}}, {"type": "Feature", "properties": {"layer": "edge", "edge_no": 56, "seg_no": 161, "edge_class": "bridge", "side": "S", "gap_ft": 2799.947433366553, "perf_class": "rolled", "perf_ratio": 0.48165141905884173, "buffer_ft": 1049.9802875124574, "rule": "envelope bridge (D27)", "flag": "bridged gap between development trends (D27): any structural or reservoir break here?", "length_ft": 199.9994250979817}, "geometry": {"type": "LineString", "coordinates": [[-103.659978, 31.148831], [-103.659828, 31.148297]]}}, {"type": "Feature", "properties": {"layer": "edge", "edge_no": 57, "seg_no": 162, "edge_class": "bridge", "side": "S", "gap_ft": 0.0, "perf_class": "rolled", "perf_ratio": 0.6263776565984297, "buffer_ft": 880.0, "rule": "envelope bridge (D27)", "flag": "bridged gap between development trends (D27): any structural or reservoir break here?", "length_ft": 19299.900957581194}, "geometry": {"type": "LineString", "coordinates": [[-103.659828, 31.148297], [-103.658736, 31.143999], [-103.657415, 31.137499], [-103.656485, 31.130949], [-103.656173, 31.12766], [-103.656061, 31.125188], [-103.656236, 31.122995], [-103.660456, 31.095739]]}}, {"type": "Feature", "properties": {"layer": "edge", "edge_no": 58, "seg_no": 163, "edge_class": "bridge", "side": "S", "gap_ft": 4199.9211500498295, "perf_class": "unknown", "perf_ratio": 0.7512154592873678, "buffer_ft": 2362.455646903029, "rule": "envelope bridge (D27)", "flag": "bridged gap between development trends (D27): any structural or reservoir break here?", "length_ft": 1099.9968380359717}, "geometry": {"type": "LineString", "coordinates": [[-103.660456, 31.095739], [-103.66092, 31.092741]]}}, {"type": "Feature", "properties": {"layer": "edge", "edge_no": 59, "seg_no": 165, "edge_class": "bridge", "side": "S", "gap_ft": 3799.9286595688936, "perf_class": "rolled", "perf_ratio": 0.6263776565984297, "buffer_ft": 1424.973247338335, "rule": "envelope bridge (D27)", "flag": "bridged gap between development trends (D27): any structural or reservoir break here?", "length_ft": 899.9974129390416}, "geometry": {"type": "LineString", "coordinates": [[-103.66092, 31.092741], [-103.6613, 31.090287]]}}, {"type": "Feature", "properties": {"layer": "edge", "edge_no": 60, "seg_no": 166, "edge_class": "pinned", "side": "S", "gap_ft": 0.0, "perf_class": "rolled", "perf_ratio": 0.49132172023369497, "buffer_ft": 880.0, "rule": "pinned: floor", "flag": "", "length_ft": 15999.356262937472}, "geometry": {"type": "LineString", "coordinates": [[-103.6613, 31.090287], [-103.666149, 31.058943], [-103.666258, 31.057297], [-103.666133, 31.055928], [-103.665808, 31.054583], [-103.665289, 31.053284], [-103.664585, 31.052051], [-103.663704, 31.050905], [-103.662662, 31.049864], [-103.661476, 31.048945], [-103.660441, 31.048301]]}}, {"type": "Feature", "properties": {"layer": "edge", "edge_no": 61, "seg_no": 167, "edge_class": "bridge", "side": "S", "gap_ft": 2099.9605750249148, "perf_class": "rolled", "perf_ratio": 0.3562657838689603, "buffer_ft": 880.0, "rule": "envelope bridge (D27)", "flag": "bridged gap between development trends (D27): any structural or reservoir break here?", "length_ft": 2299.9933886217323}, "geometry": {"type": "LineString", "coordinates": [[-103.660441, 31.048301], [-103.654358, 31.044755]]}}, {"type": "Feature", "properties": {"layer": "edge", "edge_no": 62, "seg_no": 168, "edge_class": "bridge", "side": "S", "gap_ft": 0.0, "perf_class": "rolled", "perf_ratio": 0.3562657838689603, "buffer_ft": 880.0, "rule": "envelope bridge (D27)", "flag": "bridged gap between development trends (D27): any structural or reservoir break here?", "length_ft": 6399.981603120282}, "geometry": {"type": "LineString", "coordinates": [[-103.654358, 31.044755], [-103.637434, 31.03489]]}}, {"type": "Feature", "properties": {"layer": "edge", "edge_no": 63, "seg_no": 170, "edge_class": "bridge", "side": "S", "gap_ft": 0.0, "perf_class": "strong", "perf_ratio": 1.1479708111964897, "buffer_ft": 1760.0, "rule": "envelope bridge (D27)", "flag": "bridged gap between development trends (D27): any structural or reservoir break here?", "length_ft": 9999.923452978615}, "geometry": {"type": "LineString", "coordinates": [[-103.637434, 31.03489], [-103.618158, 31.023605], [-103.616024, 31.021951], [-103.612191, 31.018264]]}}, {"type": "Feature", "properties": {"layer": "edge", "edge_no": 64, "seg_no": 174, "edge_class": "bridge", "side": "S", "gap_ft": 0.0, "perf_class": "unknown", "perf_ratio": 0.7683294472233771, "buffer_ft": 1320.0, "rule": "envelope bridge (D27)", "flag": "bridged gap between development trends (D27): any structural or reservoir break here?", "length_ft": 6599.978142601022}, "geometry": {"type": "LineString", "coordinates": [[-103.612191, 31.018264], [-103.606141, 31.012597], [-103.597677, 31.005112]]}}, {"type": "Feature", "properties": {"layer": "edge", "edge_no": 65, "seg_no": 175, "edge_class": "bridge", "side": "S", "gap_ft": 0.0, "perf_class": "strong", "perf_ratio": 0.9557203359895746, "buffer_ft": 1760.0, "rule": "envelope bridge (D27)", "flag": "bridged gap between development trends (D27): any structural or reservoir break here?", "length_ft": 2399.9920745946056}, "geometry": {"type": "LineString", "coordinates": [[-103.597677, 31.005112], [-103.592215, 31.000485]]}}, {"type": "Feature", "properties": {"layer": "edge", "edge_no": 66, "seg_no": 176, "edge_class": "bridge", "side": "S", "gap_ft": 2299.956820265383, "perf_class": "unknown", "perf_ratio": 0.706246347433902, "buffer_ft": 1320.0, "rule": "envelope bridge (D27)", "flag": "bridged gap between development trends (D27): any structural or reservoir break here?", "length_ft": 1299.9954414983106}, "geometry": {"type": "LineString", "coordinates": [[-103.592215, 31.000485], [-103.589219, 30.998012]]}}, {"type": "Feature", "properties": {"layer": "edge", "edge_no": 67, "seg_no": 177, "edge_class": "bridge", "side": "S", "gap_ft": 0.0, "perf_class": "strong", "perf_ratio": 0.9413092166396845, "buffer_ft": 1760.0, "rule": "envelope bridge (D27)", "flag": "bridged gap between development trends (D27): any structural or reservoir break here?", "length_ft": 5999.980985279774}, "geometry": {"type": "LineString", "coordinates": [[-103.589219, 30.998012], [-103.580346, 30.990888], [-103.575123, 30.986846]]}}, {"type": "Feature", "properties": {"layer": "edge", "edge_no": 68, "seg_no": 178, "edge_class": "bridge", "side": "S", "gap_ft": 0.0, "perf_class": "strong", "perf_ratio": 0.9268980972897943, "buffer_ft": 1760.0, "rule": "envelope bridge (D27)", "flag": "bridged gap between development trends (D27): any structural or reservoir break here?", "length_ft": 1999.993430863739}, "geometry": {"type": "LineString", "coordinates": [[-103.575123, 30.986846], [-103.570327, 30.983216]]}}, {"type": "Feature", "properties": {"layer": "edge", "edge_no": 69, "seg_no": 179, "edge_class": "bridge", "side": "S", "gap_ft": 1799.9662071642128, "perf_class": "strong", "perf_ratio": 0.9268980972897943, "buffer_ft": 1760.0, "rule": "envelope bridge (D27)", "flag": "bridged gap between development trends (D27): any structural or reservoir break here?", "length_ft": 899.9969655062011}, "geometry": {"type": "LineString", "coordinates": [[-103.570327, 30.983216], [-103.568164, 30.981588]]}}, {"type": "Feature", "properties": {"layer": "edge", "edge_no": 70, "seg_no": 180, "edge_class": "bridge", "side": "S", "gap_ft": 0.0, "perf_class": "strong", "perf_ratio": 0.9268980972897943, "buffer_ft": 1760.0, "rule": "envelope bridge (D27)", "flag": "bridged gap between development trends (D27): any structural or reservoir break here?", "length_ft": 6399.977583423339}, "geometry": {"type": "LineString", "coordinates": [[-103.568164, 30.981588], [-103.56185, 30.97695], [-103.5559, 30.972795], [-103.55236, 30.970447]]}}, {"type": "Feature", "properties": {"layer": "edge", "edge_no": 71, "seg_no": 182, "edge_class": "bridge", "side": "S", "gap_ft": 0.0, "perf_class": "unknown", "perf_ratio": 0.7802811555678668, "buffer_ft": 1320.0, "rule": "envelope bridge (D27)", "flag": "bridged gap between development trends (D27): any structural or reservoir break here?", "length_ft": 3699.9830037212046}, "geometry": {"type": "LineString", "coordinates": [[-103.55236, 30.970447], [-103.550108, 30.968911], [-103.543409, 30.963817]]}}, {"type": "Feature", "properties": {"layer": "edge", "edge_no": 72, "seg_no": 188, "edge_class": "bridge", "side": "S", "gap_ft": 0.0, "perf_class": "unknown", "perf_ratio": null, "buffer_ft": 1320.0, "rule": "envelope bridge (D27)", "flag": "bridged gap between development trends (D27): any structural or reservoir break here?", "length_ft": 20399.941359947243}, "geometry": {"type": "LineString", "coordinates": [[-103.543409, 30.963817], [-103.494644, 30.926673]]}}, {"type": "Feature", "properties": {"layer": "edge", "edge_no": 73, "seg_no": 189, "edge_class": "bridge", "side": "S", "gap_ft": 4499.915517910532, "perf_class": "unknown", "perf_ratio": null, "buffer_ft": 2531.202478824674, "rule": "envelope bridge (D27)", "flag": "bridged gap between development trends (D27): any structural or reservoir break here?", "length_ft": 2799.9919513652353}, "geometry": {"type": "LineString", "coordinates": [[-103.494644, 30.926673], [-103.487954, 30.921573]]}}, {"type": "Feature", "properties": {"layer": "edge", "edge_no": 74, "seg_no": 190, "edge_class": "bridge", "side": "S", "gap_ft": 0.0, "perf_class": "rolled", "perf_ratio": 0.22103247541362597, "buffer_ft": 880.0, "rule": "envelope bridge (D27)", "flag": "bridged gap between development trends (D27): any structural or reservoir break here?", "length_ft": 2099.9939635251026}, "geometry": {"type": "LineString", "coordinates": [[-103.487954, 30.921573], [-103.482937, 30.917748]]}}, {"type": "Feature", "properties": {"layer": "edge", "edge_no": 75, "seg_no": 191, "edge_class": "bridge", "side": "S", "gap_ft": 3399.9361690879573, "perf_class": "rolled", "perf_ratio": 0.22103247541362597, "buffer_ft": 1274.976063407984, "rule": "envelope bridge (D27)", "flag": "bridged gap between development trends (D27): any structural or reservoir break here?", "length_ft": 1999.9942509751909}, "geometry": {"type": "LineString", "coordinates": [[-103.482937, 30.917748], [-103.478159, 30.914105]]}}, {"type": "Feature", "properties": {"layer": "edge", "edge_no": 76, "seg_no": 192, "edge_class": "pinned", "side": "S", "gap_ft": 0.0, "perf_class": "rolled", "perf_ratio": 0.22103247541362597, "buffer_ft": 880.0, "rule": "pinned: floor", "flag": "", "length_ft": 8099.315750696059}, "geometry": {"type": "LineString", "coordinates": [[-103.478159, 30.914105], [-103.470483, 30.908309], [-103.468588, 30.907297], [-103.466513, 30.906595], [-103.464011, 30.906186], [-103.462418, 30.906156], [-103.460833, 30.9063], [-103.458377, 30.906881], [-103.45693, 30.907456], [-103.455836, 30.908021]]}}, {"type": "Feature", "properties": {"layer": "edge", "edge_no": 77, "seg_no": 193, "edge_class": "bridge", "side": "S", "gap_ft": 4099.923027429596, "perf_class": "rolled", "perf_ratio": 0.22103247541362597, "buffer_ft": 1537.4711352860986, "rule": "envelope bridge (D27)", "flag": "bridged gap between development trends (D27): any structural or reservoir break here?", "length_ft": 3799.9890768531327}, "geometry": {"type": "LineString", "coordinates": [[-103.455836, 30.908021], [-103.445568, 30.913571]]}}, {"type": "Feature", "properties": {"layer": "edge", "edge_no": 78, "seg_no": 194, "edge_class": "bridge", "side": "S", "gap_ft": 0.0, "perf_class": "unknown", "perf_ratio": null, "buffer_ft": 1320.0, "rule": "envelope bridge (D27)", "flag": "bridged gap between development trends (D27): any structural or reservoir break here?", "length_ft": 20499.928983907394}, "geometry": {"type": "LineString", "coordinates": [[-103.445568, 30.913571], [-103.391781, 30.942618], [-103.390109, 30.94342]]}}, {"type": "Feature", "properties": {"layer": "edge", "edge_no": 79, "seg_no": 204, "edge_class": "bridge", "side": "S", "gap_ft": 0.0, "perf_class": "unknown", "perf_ratio": null, "buffer_ft": 1320.0, "rule": "envelope bridge (D27)", "flag": "bridged gap between development trends (D27): any structural or reservoir break here?", "length_ft": 3899.9079332208617}, "geometry": {"type": "LineString", "coordinates": [[-103.390109, 30.94342], [-103.388058, 30.944177], [-103.385907, 30.944687], [-103.383698, 30.944967], [-103.377976, 30.945376]]}}, {"type": "Feature", "properties": {"layer": "edge", "edge_no": 80, "seg_no": 206, "edge_class": "bridge", "side": "S", "gap_ft": 0.0, "perf_class": "unknown", "perf_ratio": null, "buffer_ft": 1320.0, "rule": "envelope bridge (D27)", "flag": "bridged gap between development trends (D27): any structural or reservoir break here?", "length_ft": 24499.627805922948}, "geometry": {"type": "LineString", "coordinates": [[-103.377976, 30.945376], [-103.333466, 30.948529], [-103.331887, 30.948714], [-103.33065, 30.948981], [-103.32858, 30.949696], [-103.326694, 30.950722], [-103.306163, 30.964694]]}}, {"type": "Feature", "properties": {"layer": "edge", "edge_no": 81, "seg_no": 208, "edge_class": "bridge", "side": "S", "gap_ft": 0.0, "perf_class": "rolled", "perf_ratio": 0.4136676921171626, "buffer_ft": 880.0, "rule": "envelope bridge (D27)", "flag": "bridged gap between development trends (D27): any structural or reservoir break here?", "length_ft": 8499.975566645071}, "geometry": {"type": "LineString", "coordinates": [[-103.306163, 30.964694], [-103.284879, 30.979179]]}}, {"type": "Feature", "properties": {"layer": "edge", "edge_no": 82, "seg_no": 214, "edge_class": "bridge", "side": "SE", "gap_ft": 0.0, "perf_class": "rolled", "perf_ratio": 0.246914586772003, "buffer_ft": 880.0, "rule": "envelope bridge (D27)", "flag": "bridged gap between development trends (D27): any structural or reservoir break here?", "length_ft": 18799.845884779636}, "geometry": {"type": "LineString", "coordinates": [[-103.284879, 30.979179], [-103.276865, 30.984631], [-103.27504, 30.985739], [-103.273649, 30.986412], [-103.27219, 30.986969], [-103.270677, 30.987402], [-103.269124, 30.987716], [-103.262801, 30.988458], [-103.25772, 30.988893], [-103.252308, 30.98922], [-103.247525, 30.989386], [-103.242419, 30.989436], [-103.237314, 30.989349], [-103.232533, 30.989142], [-103.22808, 30.988832]]}}, {"type": "Feature", "properties": {"layer": "edge", "edge_no": 83, "seg_no": 215, "edge_class": "bridge", "side": "SE", "gap_ft": 1099.9793488225744, "perf_class": "rolled", "perf_ratio": 0.246914586772003, "buffer_ft": 880.0, "rule": "envelope bridge (D27)", "flag": "bridged gap between development trends (D27): any structural or reservoir break here?", "length_ft": 699.9960477101964}, "geometry": {"type": "LineString", "coordinates": [[-103.22808, 30.988832], [-103.225859, 30.988631]]}}, {"type": "Feature", "properties": {"layer": "edge", "edge_no": 84, "seg_no": 216, "edge_class": "bridge", "side": "SE", "gap_ft": 0.0, "perf_class": "rolled", "perf_ratio": 0.310162600640231, "buffer_ft": 880.0, "rule": "envelope bridge (D27)", "flag": "bridged gap between development trends (D27): any structural or reservoir break here?", "length_ft": 4699.9796314264395}, "geometry": {"type": "LineString", "coordinates": [[-103.225859, 30.988631], [-103.217951, 30.987723], [-103.211052, 30.986607]]}}, {"type": "Feature", "properties": {"layer": "edge", "edge_no": 85, "seg_no": 218, "edge_class": "bridge", "side": "SE", "gap_ft": 0.0, "perf_class": "rolled", "perf_ratio": 0.43089020550383567, "buffer_ft": 880.0, "rule": "envelope bridge (D27)", "flag": "bridged gap between development trends (D27): any structural or reservoir break here?", "length_ft": 19499.917338118685}, "geometry": {"type": "LineString", "coordinates": [[-103.211052, 30.986607], [-103.203906, 30.98517], [-103.194667, 30.983009], [-103.190019, 30.982025], [-103.185349, 30.98112], [-103.177206, 30.979755], [-103.169003, 30.978692], [-103.161702, 30.978049], [-103.154373, 30.977733], [-103.149907, 30.977733]]}}, {"type": "Feature", "properties": {"layer": "edge", "edge_no": 86, "seg_no": 219, "edge_class": "gap", "side": "SE", "gap_ft": 6199.883602454511, "perf_class": "rolled", "perf_ratio": 0.36085766894200827, "buffer_ft": 2324.9563509204418, "rule": "gap: k \u00d7 gap", "flag": "", "length_ft": 6799.952315885412}, "geometry": {"type": "LineString", "coordinates": [[-103.149907, 30.977733], [-103.143852, 30.977979], [-103.13783, 30.978574], [-103.132189, 30.979499], [-103.128485, 30.980332]]}}, {"type": "Feature", "properties": {"layer": "edge", "edge_no": 87, "seg_no": 220, "edge_class": "bridge", "side": "SE", "gap_ft": 0.0, "perf_class": "rolled", "perf_ratio": 0.40571100473522304, "buffer_ft": 880.0, "rule": "envelope bridge (D27)", "flag": "bridged gap between development trends (D27): any structural or reservoir break here?", "length_ft": 12699.870430323163}, "geometry": {"type": "LineString", "coordinates": [[-103.128485, 30.980332], [-103.123649, 30.981739], [-103.118981, 30.983516], [-103.115895, 30.984956], [-103.113994, 30.985967], [-103.111636, 30.987378], [-103.108176, 30.989812], [-103.10565, 30.99191], [-103.10271, 30.994806], [-103.099376, 30.998492], [-103.096794, 31.000928]]}}, {"type": "Feature", "properties": {"layer": "edge", "edge_no": 88, "seg_no": 226, "edge_class": "bridge", "side": "SE", "gap_ft": 0.0, "perf_class": "rolled", "perf_ratio": 0.5403359438575075, "buffer_ft": 880.0, "rule": "envelope bridge (D27)", "flag": "bridged gap between development trends (D27): any structural or reservoir break here?", "length_ft": 1899.984603853259}, "geometry": {"type": "LineString", "coordinates": [[-103.096794, 31.000928], [-103.09425, 31.00301], [-103.092288, 31.004418]]}}, {"type": "Feature", "properties": {"layer": "edge", "edge_no": 89, "seg_no": 227, "edge_class": "bridge", "side": "SE", "gap_ft": 0.0, "perf_class": "rolled", "perf_ratio": 0.5403359438575075, "buffer_ft": 880.0, "rule": "envelope bridge (D27)", "flag": "bridged gap between development trends (D27): any structural or reservoir break here?", "length_ft": 99.99805482240643}, "geometry": {"type": "LineString", "coordinates": [[-103.092288, 31.004418], [-103.092037, 31.004587]]}}, {"type": "Feature", "properties": {"layer": "edge", "edge_no": 90, "seg_no": 229, "edge_class": "bridge", "side": "SE", "gap_ft": 0.0, "perf_class": "rolled", "perf_ratio": 0.5403359438575075, "buffer_ft": 880.0, "rule": "envelope bridge (D27)", "flag": "bridged gap between development trends (D27): any structural or reservoir break here?", "length_ft": 12799.90560556491}, "geometry": {"type": "LineString", "coordinates": [[-103.092037, 31.004587], [-103.090239, 31.005729], [-103.088105, 31.006936], [-103.086174, 31.007904], [-103.0839, 31.008903], [-103.079471, 31.010466], [-103.077038, 31.011131], [-103.074566, 31.011682], [-103.06954, 31.012453], [-103.064452, 31.012811], [-103.058708, 31.012776], [-103.053304, 31.012367]]}}, {"type": "Feature", "properties": {"layer": "edge", "edge_no": 91, "seg_no": 231, "edge_class": "bridge", "side": "SE", "gap_ft": 0.0, "perf_class": "rolled", "perf_ratio": 0.5695941475747511, "buffer_ft": 880.0, "rule": "envelope bridge (D27)", "flag": "bridged gap between development trends (D27): any structural or reservoir break here?", "length_ft": 6699.964772480647}, "geometry": {"type": "LineString", "coordinates": [[-103.053304, 31.012367], [-103.0492, 31.011845], [-103.04357, 31.010862], [-103.037399, 31.009458], [-103.032531, 31.008129]]}}, {"type": "Feature", "properties": {"layer": "edge", "edge_no": 92, "seg_no": 233, "edge_class": "bridge", "side": "SE", "gap_ft": 0.0, "perf_class": "rolled", "perf_ratio": 0.5105614184277073, "buffer_ft": 880.0, "rule": "envelope bridge (D27)", "flag": "bridged gap between development trends (D27): any structural or reservoir break here?", "length_ft": 6499.974846358271}, "geometry": {"type": "LineString", "coordinates": [[-103.032531, 31.008129], [-103.027121, 31.006465], [-103.023558, 31.005257], [-103.013287, 31.001476]]}}, {"type": "Feature", "properties": {"layer": "edge", "edge_no": 93, "seg_no": 236, "edge_class": "bridge", "side": "SE", "gap_ft": 0.0, "perf_class": "rolled", "perf_ratio": 0.513489069534595, "buffer_ft": 880.0, "rule": "envelope bridge (D27)", "flag": "bridged gap between development trends (D27): any structural or reservoir break here?", "length_ft": 6399.967595020437}, "geometry": {"type": "LineString", "coordinates": [[-103.013287, 31.001476], [-103.009125, 31.000077], [-103.004913, 30.998792], [-102.998212, 30.996991], [-102.993895, 30.995999]]}}, {"type": "Feature", "properties": {"layer": "edge", "edge_no": 94, "seg_no": 237, "edge_class": "pinned", "side": "SE", "gap_ft": 0.0, "perf_class": "rolled", "perf_ratio": 0.513489069534595, "buffer_ft": 880.0, "rule": "pinned: floor", "flag": "", "length_ft": 9299.95483253746}, "geometry": {"type": "LineString", "coordinates": [[-102.993895, 30.995999], [-102.987045, 30.994678], [-102.979807, 30.993632], [-102.972195, 30.992914], [-102.964547, 30.992585]]}}, {"type": "Feature", "properties": {"layer": "edge", "edge_no": 95, "seg_no": 240, "edge_class": "gap", "side": "SE", "gap_ft": 4999.906131011702, "perf_class": "unknown", "perf_ratio": 0.7845167023190333, "buffer_ft": 2812.4471986940825, "rule": "gap: k \u00d7 gap", "flag": "", "length_ft": 7699.9639089635875}, "geometry": {"type": "LineString", "coordinates": [[-102.964547, 30.992585], [-102.957847, 30.992613], [-102.953703, 30.992778], [-102.946394, 30.993346], [-102.940077, 30.994127]]}}, {"type": "Feature", "properties": {"layer": "edge", "edge_no": 96, "seg_no": 241, "edge_class": "bridge", "side": "SE", "gap_ft": 0.0, "perf_class": "unknown", "perf_ratio": 0.7845167023190333, "buffer_ft": 1320.0, "rule": "envelope bridge (D27)", "flag": "bridged gap between development trends (D27): any structural or reservoir break here?", "length_ft": 1799.9895875577133}, "geometry": {"type": "LineString", "coordinates": [[-102.940077, 30.994127], [-102.934432, 30.995035]]}}, {"type": "Feature", "properties": {"layer": "edge", "edge_no": 97, "seg_no": 254, "edge_class": "bridge", "side": "SE", "gap_ft": 0.0, "perf_class": "strong", "perf_ratio": 0.9363715492933262, "buffer_ft": 1760.0, "rule": "envelope bridge (D27)", "flag": "bridged gap between development trends (D27): any structural or reservoir break here?", "length_ft": 24599.914990494464}, "geometry": {"type": "LineString", "coordinates": [[-102.934432, 30.995035], [-102.927904, 30.996337], [-102.923901, 30.997275], [-102.916897, 30.999163], [-102.912685, 31.000445], [-102.860833, 31.018319]]}}, {"type": "Feature", "properties": {"layer": "edge", "edge_no": 98, "seg_no": 255, "edge_class": "gap", "side": "SE", "gap_ft": 499.9906131011702, "perf_class": "strong", "perf_ratio": 0.9116141156126102, "buffer_ft": 1760.0, "rule": "gap: k \u00d7 gap", "flag": "", "length_ft": 599.9982752927203}, "geometry": {"type": "LineString", "coordinates": [[-102.860833, 31.018319], [-102.859056, 31.018933]]}}, {"type": "Feature", "properties": {"layer": "edge", "edge_no": 99, "seg_no": 256, "edge_class": "pinned", "side": "SE", "gap_ft": 0.0, "perf_class": "strong", "perf_ratio": 0.9826004671434643, "buffer_ft": 1760.0, "rule": "pinned: floor", "flag": "pinned edge, strong wells: edge not explained by performance; what stops it?", "length_ft": 3899.847182785144}, "geometry": {"type": "LineString", "coordinates": [[-102.859056, 31.018933], [-102.85257, 31.021247], [-102.850934, 31.022101], [-102.848187, 31.023984]]}}, {"type": "Feature", "properties": {"layer": "edge", "edge_no": 100, "seg_no": 257, "edge_class": "gap", "side": "SE", "gap_ft": 999.9812262023404, "perf_class": "strong", "perf_ratio": 0.9826004671434643, "buffer_ft": 1760.0, "rule": "gap: k \u00d7 gap", "flag": "", "length_ft": 1299.983494297508}, "geometry": {"type": "LineString", "coordinates": [[-102.848187, 31.023984], [-102.844962, 31.026232]]}}, {"type": "Feature", "properties": {"layer": "edge", "edge_no": 101, "seg_no": 258, "edge_class": "pinned", "side": "SE", "gap_ft": 0.0, "perf_class": "strong", "perf_ratio": 0.8653851977624721, "buffer_ft": 1760.0, "rule": "pinned: floor", "flag": "pinned edge, strong wells: edge not explained by performance; what stops it?", "length_ft": 3199.538466511794}, "geometry": {"type": "LineString", "coordinates": [[-102.844962, 31.026232], [-102.843165, 31.02779], [-102.841769, 31.029626], [-102.840828, 31.031666], [-102.840382, 31.033828]]}}, {"type": "Feature", "properties": {"layer": "edge", "edge_no": 102, "seg_no": 260, "edge_class": "pinned", "side": "SE", "gap_ft": 0.0, "perf_class": "unknown", "perf_ratio": 0.7704919418405791, "buffer_ft": 1320.0, "rule": "pinned: floor", "flag": "", "length_ft": 1399.9816612378524}, "geometry": {"type": "LineString", "coordinates": [[-102.840382, 31.033828], [-102.840305, 31.037675]]}}, {"type": "Feature", "properties": {"layer": "edge", "edge_no": 103, "seg_no": 261, "edge_class": "pinned", "side": "SE", "gap_ft": 0.0, "perf_class": "unknown", "perf_ratio": 0.7704919418405791, "buffer_ft": 1320.0, "rule": "pinned: floor", "flag": "", "length_ft": 799.9977003895937}, "geometry": {"type": "LineString", "coordinates": [[-102.840305, 31.037675], [-102.840277, 31.039874]]}}, {"type": "Feature", "properties": {"layer": "edge", "edge_no": 104, "seg_no": 262, "edge_class": "pinned", "side": "SE", "gap_ft": 0.0, "perf_class": "unknown", "perf_ratio": 0.7704919418405791, "buffer_ft": 1320.0, "rule": "pinned: floor", "flag": "", "length_ft": 999.9971254869882}, "geometry": {"type": "LineString", "coordinates": [[-102.840277, 31.039874], [-102.840241, 31.042623]]}}, {"type": "Feature", "properties": {"layer": "edge", "edge_no": 105, "seg_no": 263, "edge_class": "pinned", "side": "SE", "gap_ft": 0.0, "perf_class": "unknown", "perf_ratio": 0.7704919418405791, "buffer_ft": 1320.0, "rule": "pinned: floor", "flag": "", "length_ft": 799.9861596278679}, "geometry": {"type": "LineString", "coordinates": [[-102.840241, 31.042623], [-102.840253, 31.044822]]}}, {"type": "Feature", "properties": {"layer": "edge", "edge_no": 106, "seg_no": 264, "edge_class": "bridge", "side": "SE", "gap_ft": 0.0, "perf_class": "unknown", "perf_ratio": 0.7003561195994022, "buffer_ft": 1320.0, "rule": "envelope bridge (D27)", "flag": "bridged gap between development trends (D27): any structural or reservoir break here?", "length_ft": 12499.680880315202}, "geometry": {"type": "LineString", "coordinates": [[-102.840253, 31.044822], [-102.840395, 31.045913], [-102.840747, 31.047253], [-102.841713, 31.049285], [-102.860001, 31.074453]]}}, {"type": "Feature", "properties": {"layer": "edge", "edge_no": 107, "seg_no": 271, "edge_class": "bridge", "side": "SE", "gap_ft": 0.0, "perf_class": "rolled", "perf_ratio": 0.45161111837202744, "buffer_ft": 880.0, "rule": "envelope bridge (D27)", "flag": "bridged gap between development trends (D27): any structural or reservoir break here?", "length_ft": 1199.9965505852024}, "geometry": {"type": "LineString", "coordinates": [[-102.860001, 31.074453], [-102.862037, 31.077248]]}}, {"type": "Feature", "properties": {"layer": "edge", "edge_no": 108, "seg_no": 272, "edge_class": "bridge", "side": "SE", "gap_ft": 0.0, "perf_class": "rolled", "perf_ratio": 0.45161111837202744, "buffer_ft": 880.0, "rule": "envelope bridge (D27)", "flag": "bridged gap between development trends (D27): any structural or reservoir break here?", "length_ft": 1599.9954007809592}, "geometry": {"type": "LineString", "coordinates": [[-102.862037, 31.077248], [-102.864751, 31.080974]]}}, {"type": "Feature", "properties": {"layer": "edge", "edge_no": 109, "seg_no": 273, "edge_class": "bridge", "side": "SE", "gap_ft": 0.0, "perf_class": "rolled", "perf_ratio": 0.45161111837202744, "buffer_ft": 880.0, "rule": "envelope bridge (D27)", "flag": "bridged gap between development trends (D27): any structural or reservoir break here?", "length_ft": 13999.95975682559}, "geometry": {"type": "LineString", "coordinates": [[-102.864751, 31.080974], [-102.88851, 31.113578]]}}, {"type": "Feature", "properties": {"layer": "edge", "edge_no": 110, "seg_no": 279, "edge_class": "bridge", "side": "SE", "gap_ft": 0.0, "perf_class": "unknown", "perf_ratio": 0.7804509167885749, "buffer_ft": 1320.0, "rule": "envelope bridge (D27)", "flag": "bridged gap between development trends (D27): any structural or reservoir break here?", "length_ft": 1899.9945384272603}, "geometry": {"type": "LineString", "coordinates": [[-102.88851, 31.113578], [-102.891736, 31.118003]]}}, {"type": "Feature", "properties": {"layer": "edge", "edge_no": 111, "seg_no": 281, "edge_class": "bridge", "side": "SE", "gap_ft": 0.0, "perf_class": "unknown", "perf_ratio": 0.730259676051489, "buffer_ft": 1320.0, "rule": "envelope bridge (D27)", "flag": "bridged gap between development trends (D27): any structural or reservoir break here?", "length_ft": 14399.928506664592}, "geometry": {"type": "LineString", "coordinates": [[-102.891736, 31.118003], [-102.901924, 31.131974], [-102.903021, 31.13365], [-102.903903, 31.135418], [-102.906964, 31.14265], [-102.911736, 31.153441]]}}, {"type": "Feature", "properties": {"layer": "edge", "edge_no": 112, "seg_no": 283, "edge_class": "bridge", "side": "SE", "gap_ft": 0.0, "perf_class": "rolled", "perf_ratio": 0.6330509551973957, "buffer_ft": 880.0, "rule": "envelope bridge (D27)", "flag": "bridged gap between development trends (D27): any structural or reservoir break here?", "length_ft": 6399.980963032467}, "geometry": {"type": "LineString", "coordinates": [[-102.911736, 31.153441], [-102.91933, 31.169777]]}}, {"type": "Feature", "properties": {"layer": "edge", "edge_no": 113, "seg_no": 285, "edge_class": "bridge", "side": "SE", "gap_ft": 0.0, "perf_class": "rolled", "perf_ratio": 0.586033475080388, "buffer_ft": 880.0, "rule": "envelope bridge (D27)", "flag": "bridged gap between development trends (D27): any structural or reservoir break here?", "length_ft": 7399.977544050611}, "geometry": {"type": "LineString", "coordinates": [[-102.91933, 31.169777], [-102.928482, 31.188534]]}}, {"type": "Feature", "properties": {"layer": "edge", "edge_no": 114, "seg_no": 287, "edge_class": "bridge", "side": "SE", "gap_ft": 0.0, "perf_class": "unknown", "perf_ratio": 0.7278930888186225, "buffer_ft": 1320.0, "rule": "envelope bridge (D27)", "flag": "bridged gap between development trends (D27): any structural or reservoir break here?", "length_ft": 7299.978679280738}, "geometry": {"type": "LineString", "coordinates": [[-102.928482, 31.188534], [-102.937869, 31.206907]]}}, {"type": "Feature", "properties": {"layer": "edge", "edge_no": 115, "seg_no": 288, "edge_class": "bridge", "side": "SE", "gap_ft": 1099.9793488225744, "perf_class": "unknown", "perf_ratio": 0.7278930888186225, "buffer_ft": 1320.0, "rule": "envelope bridge (D27)", "flag": "bridged gap between development trends (D27): any structural or reservoir break here?", "length_ft": 899.9974129388335}, "geometry": {"type": "LineString", "coordinates": [[-102.937869, 31.206907], [-102.939039, 31.209167]]}}, {"type": "Feature", "properties": {"layer": "edge", "edge_no": 116, "seg_no": 289, "edge_class": "bridge", "side": "SE", "gap_ft": 0.0, "perf_class": "unknown", "perf_ratio": 0.7278930888186225, "buffer_ft": 1320.0, "rule": "envelope bridge (D27)", "flag": "bridged gap between development trends (D27): any structural or reservoir break here?", "length_ft": 8999.97337486325}, "geometry": {"type": "LineString", "coordinates": [[-102.939039, 31.209167], [-102.951056, 31.231648]]}}, {"type": "Feature", "properties": {"layer": "edge", "edge_no": 117, "seg_no": 290, "edge_class": "bridge", "side": "SE", "gap_ft": 2899.9455559867874, "perf_class": "unknown", "perf_ratio": null, "buffer_ft": 1631.2193752425678, "rule": "envelope bridge (D27)", "flag": "bridged gap between development trends (D27): any structural or reservoir break here?", "length_ft": 299.9991376471858}, "geometry": {"type": "LineString", "coordinates": [[-102.951056, 31.231648], [-102.951462, 31.232396]]}}, {"type": "Feature", "properties": {"layer": "edge", "edge_no": 118, "seg_no": 291, "edge_class": "bridge", "side": "SE", "gap_ft": 0.0, "perf_class": "unknown", "perf_ratio": null, "buffer_ft": 1320.0, "rule": "envelope bridge (D27)", "flag": "bridged gap between development trends (D27): any structural or reservoir break here?", "length_ft": 4999.985444970137}, "geometry": {"type": "LineString", "coordinates": [[-102.951462, 31.232396], [-102.958302, 31.24482]]}}, {"type": "Feature", "properties": {"layer": "edge", "edge_no": 119, "seg_no": 294, "edge_class": "bridge", "side": "SE", "gap_ft": 0.0, "perf_class": "rolled", "perf_ratio": 0.5927677752015093, "buffer_ft": 880.0, "rule": "envelope bridge (D27)", "flag": "bridged gap between development trends (D27): any structural or reservoir break here?", "length_ft": 5899.942428771498}, "geometry": {"type": "LineString", "coordinates": [[-102.958302, 31.24482], [-102.962684, 31.25277], [-102.963299, 31.254039], [-102.964031, 31.256144], [-102.964844, 31.259928]]}}, {"type": "Feature", "properties": {"layer": "edge", "edge_no": 120, "seg_no": 295, "edge_class": "bridge", "side": "SE", "gap_ft": 0.0, "perf_class": "unknown", "perf_ratio": 0.7591815957796041, "buffer_ft": 1320.0, "rule": "envelope bridge (D27)", "flag": "bridged gap between development trends (D27): any structural or reservoir break here?", "length_ft": 15499.955445057649}, "geometry": {"type": "LineString", "coordinates": [[-102.964844, 31.259928], [-102.973571, 31.301871]]}}, {"type": "Feature", "properties": {"layer": "edge", "edge_no": 121, "seg_no": 296, "edge_class": "gap", "side": "SE", "gap_ft": 3399.9361690879573, "perf_class": "unknown", "perf_ratio": 0.7591815957796041, "buffer_ft": 1912.464095111976, "rule": "gap: k \u00d7 gap", "flag": "", "length_ft": 2999.991376462824}, "geometry": {"type": "LineString", "coordinates": [[-102.973571, 31.301871], [-102.975261, 31.309989]]}}, {"type": "Feature", "properties": {"layer": "edge", "edge_no": 122, "seg_no": 297, "edge_class": "pinned", "side": "SE", "gap_ft": 0.0, "perf_class": "strong", "perf_ratio": 0.8530627363871397, "buffer_ft": 1760.0, "rule": "pinned: floor", "flag": "pinned edge, strong wells: edge not explained by performance; what stops it?", "length_ft": 7799.678044346011}, "geometry": {"type": "LineString", "coordinates": [[-102.975261, 31.309989], [-102.978022, 31.323249], [-102.978467, 31.324852], [-102.979051, 31.326131], [-102.979991, 31.327567], [-102.980958, 31.328661], [-102.9825, 31.330058]]}}, {"type": "Feature", "properties": {"layer": "edge", "edge_no": 123, "seg_no": 298, "edge_class": "pinned", "side": "SE", "gap_ft": 0.0, "perf_class": "strong", "perf_ratio": 0.8530627363871397, "buffer_ft": 1760.0, "rule": "pinned: floor", "flag": "pinned edge, strong wells: edge not explained by performance; what stops it?", "length_ft": 399.99885019523094}, "geometry": {"type": "LineString", "coordinates": [[-102.9825, 31.330058], [-102.983391, 31.330848]]}}, {"type": "Feature", "properties": {"layer": "edge", "edge_no": 124, "seg_no": 299, "edge_class": "pinned", "side": "SE", "gap_ft": 0.0, "perf_class": "strong", "perf_ratio": 0.8530627363871397, "buffer_ft": 1760.0, "rule": "pinned: floor", "flag": "pinned edge, strong wells: edge not explained by performance; what stops it?", "length_ft": 2299.9933886223307}, "geometry": {"type": "LineString", "coordinates": [[-102.983391, 31.330848], [-102.988514, 31.33539]]}}, {"type": "Feature", "properties": {"layer": "edge", "edge_no": 125, "seg_no": 300, "edge_class": "bridge", "side": "SE", "gap_ft": 1199.9774714428086, "perf_class": "unknown", "perf_ratio": 0.8343946937431391, "buffer_ft": 1320.0, "rule": "envelope bridge (D27)", "flag": "bridged gap between development trends (D27): any structural or reservoir break here?", "length_ft": 1399.995975681829}, "geometry": {"type": "LineString", "coordinates": [[-102.988514, 31.33539], [-102.991633, 31.338155]]}}, {"type": "Feature", "properties": {"layer": "edge", "edge_no": 126, "seg_no": 301, "edge_class": "bridge", "side": "SE", "gap_ft": 0.0, "perf_class": "unknown", "perf_ratio": 0.8343946937431391, "buffer_ft": 1320.0, "rule": "envelope bridge (D27)", "flag": "bridged gap between development trends (D27): any structural or reservoir break here?", "length_ft": 99.99971254905519}, "geometry": {"type": "LineString", "coordinates": [[-102.991633, 31.338155], [-102.991855, 31.338353]]}}, {"type": "Feature", "properties": {"layer": "edge", "edge_no": 127, "seg_no": 302, "edge_class": "gap", "side": "SE", "gap_ft": 4399.9173952902975, "perf_class": "strong", "perf_ratio": 0.8530627363871397, "buffer_ft": 3299.9380464677233, "rule": "gap: k \u00d7 gap", "flag": "", "length_ft": 2799.9398704971995}, "geometry": {"type": "LineString", "coordinates": [[-102.991855, 31.338353], [-102.99385, 31.340139], [-102.995266, 31.34163], [-102.99629, 31.343024], [-102.997122, 31.34451]]}}, {"type": "Feature", "properties": {"layer": "edge", "edge_no": 128, "seg_no": 303, "edge_class": "pinned", "side": "SE", "gap_ft": 0.0, "perf_class": "strong", "perf_ratio": 1.1013891373819458, "buffer_ft": 1760.0, "rule": "pinned: floor", "flag": "pinned edge, strong wells: edge not explained by performance; what stops it?", "length_ft": 9199.655598421892}, "geometry": {"type": "LineString", "coordinates": [[-102.997122, 31.34451], [-102.997666, 31.345802], [-102.998211, 31.347667], [-103.001387, 31.362259], [-103.001765, 31.363594], [-103.002329, 31.364879], [-103.003078, 31.366092], [-103.003801, 31.366999], [-103.005227, 31.368484]]}}, {"type": "Feature", "properties": {"layer": "edge", "edge_no": 129, "seg_no": 304, "edge_class": "gap", "side": "SE", "gap_ft": 1099.9793488225744, "perf_class": "strong", "perf_ratio": 1.1013891373819458, "buffer_ft": 1760.0, "rule": "gap: k \u00d7 gap", "flag": "", "length_ft": 1099.9659236833102}, "geometry": {"type": "LineString", "coordinates": [[-103.005227, 31.368484], [-103.006416, 31.36978], [-103.007298, 31.370926]]}}, {"type": "Feature", "properties": {"layer": "edge", "edge_no": 130, "seg_no": 305, "edge_class": "pinned", "side": "SE", "gap_ft": 0.0, "perf_class": "strong", "perf_ratio": 1.0668638507517927, "buffer_ft": 1760.0, "rule": "pinned: floor", "flag": "pinned edge, strong wells: edge not explained by performance; what stops it?", "length_ft": 2599.9163117568382}, "geometry": {"type": "LineString", "coordinates": [[-103.007298, 31.370926], [-103.008313, 31.37264], [-103.008967, 31.37419], [-103.00941, 31.375795], [-103.009684, 31.377704]]}}, {"type": "Feature", "properties": {"layer": "edge", "edge_no": 131, "seg_no": 306, "edge_class": "bridge", "side": "SE", "gap_ft": 2099.9605750249148, "perf_class": "strong", "perf_ratio": 1.0954497981901368, "buffer_ft": 1760.0, "rule": "envelope bridge (D27)", "flag": "bridged gap between development trends (D27): any structural or reservoir break here?", "length_ft": 2099.993963523057}, "geometry": {"type": "LineString", "coordinates": [[-103.009684, 31.377704], [-103.010187, 31.38346]]}}, {"type": "Feature", "properties": {"layer": "edge", "edge_no": 132, "seg_no": 307, "edge_class": "bridge", "side": "SE", "gap_ft": 0.0, "perf_class": "strong", "perf_ratio": 1.0551616807352213, "buffer_ft": 1760.0, "rule": "envelope bridge (D27)", "flag": "bridged gap between development trends (D27): any structural or reservoir break here?", "length_ft": 299.999137645615}, "geometry": {"type": "LineString", "coordinates": [[-103.010187, 31.38346], [-103.010259, 31.384283]]}}, {"type": "Feature", "properties": {"layer": "edge", "edge_no": 133, "seg_no": 308, "edge_class": "bridge", "side": "SE", "gap_ft": 4099.923027429596, "perf_class": "strong", "perf_ratio": 0.9296586434666323, "buffer_ft": 3074.9422705721972, "rule": "envelope bridge (D27)", "flag": "bridged gap between development trends (D27): any structural or reservoir break here?", "length_ft": 2699.992238817997}, "geometry": {"type": "LineString", "coordinates": [[-103.010259, 31.384283], [-103.010905, 31.391684]]}}, {"type": "Feature", "properties": {"layer": "edge", "edge_no": 134, "seg_no": 309, "edge_class": "pinned", "side": "SE", "gap_ft": 0.0, "perf_class": "strong", "perf_ratio": 0.8588882308111987, "buffer_ft": 1760.0, "rule": "pinned: floor", "flag": "pinned edge, strong wells: edge not explained by performance; what stops it?", "length_ft": 6499.495882180782}, "geometry": {"type": "LineString", "coordinates": [[-103.010905, 31.391684], [-103.011694, 31.400454], [-103.012287, 31.402589], [-103.012908, 31.403856], [-103.01408, 31.405494], [-103.015338, 31.406738], [-103.01706, 31.407968]]}}, {"type": "Feature", "properties": {"layer": "edge", "edge_no": 135, "seg_no": 310, "edge_class": "gap", "side": "SE", "gap_ft": 899.9831035821064, "perf_class": "unknown", "perf_ratio": 0.7881178181557652, "buffer_ft": 1320.0, "rule": "gap: k \u00d7 gap", "flag": "", "length_ft": 899.9514740686091}, "geometry": {"type": "LineString", "coordinates": [[-103.01706, 31.407968], [-103.019475, 31.409318]]}}, {"type": "Feature", "properties": {"layer": "edge", "edge_no": 136, "seg_no": 311, "edge_class": "pinned", "side": "SE", "gap_ft": 0.0, "perf_class": "unknown", "perf_ratio": 0.7881178181557652, "buffer_ft": 1320.0, "rule": "pinned: floor", "flag": "", "length_ft": 1799.910604917498}, "geometry": {"type": "LineString", "coordinates": [[-103.019475, 31.409318], [-103.021417, 31.41075], [-103.023482, 31.41285]]}}, {"type": "Feature", "properties": {"layer": "edge", "edge_no": 137, "seg_no": 312, "edge_class": "gap", "side": "SE", "gap_ft": 299.99436786070214, "perf_class": "unknown", "perf_ratio": 0.7881178181557652, "buffer_ft": 1320.0, "rule": "gap: k \u00d7 gap", "flag": "", "length_ft": 399.9988501953499}, "geometry": {"type": "LineString", "coordinates": [[-103.023482, 31.41285], [-103.024253, 31.413729]]}}, {"type": "Feature", "properties": {"layer": "edge", "edge_no": 138, "seg_no": 313, "edge_class": "pinned", "side": "SE", "gap_ft": 0.0, "perf_class": "strong", "perf_ratio": 0.8588882308111987, "buffer_ft": 1760.0, "rule": "pinned: floor", "flag": "pinned edge, strong wells: edge not explained by performance; what stops it?", "length_ft": 899.9974129392418}, "geometry": {"type": "LineString", "coordinates": [[-103.024253, 31.413729], [-103.025987, 31.415706]]}}, {"type": "Feature", "properties": {"layer": "edge", "edge_no": 139, "seg_no": 314, "edge_class": "bridge", "side": "SE", "gap_ft": 499.9906131011702, "perf_class": "unknown", "perf_ratio": 0.7881178181557652, "buffer_ft": 1320.0, "rule": "envelope bridge (D27)", "flag": "bridged gap between development trends (D27): any structural or reservoir break here?", "length_ft": 499.99856274389197}, "geometry": {"type": "LineString", "coordinates": [[-103.025987, 31.415706], [-103.02695, 31.416804]]}}, {"type": "Feature", "properties": {"layer": "edge", "edge_no": 140, "seg_no": 315, "edge_class": "bridge", "side": "SE", "gap_ft": 0.0, "perf_class": "unknown", "perf_ratio": 0.7002445280628579, "buffer_ft": 1320.0, "rule": "envelope bridge (D27)", "flag": "bridged gap between development trends (D27): any structural or reservoir break here?", "length_ft": 1899.9945384252708}, "geometry": {"type": "LineString", "coordinates": [[-103.02695, 31.416804], [-103.030611, 31.420978]]}}, {"type": "Feature", "properties": {"layer": "edge", "edge_no": 141, "seg_no": 316, "edge_class": "bridge", "side": "SE", "gap_ft": 699.9868583416383, "perf_class": "unknown", "perf_ratio": 0.7658761975649419, "buffer_ft": 1320.0, "rule": "envelope bridge (D27)", "flag": "bridged gap between development trends (D27): any structural or reservoir break here?", "length_ft": 1099.9968380375076}, "geometry": {"type": "LineString", "coordinates": [[-103.030611, 31.420978], [-103.032731, 31.423395]]}}, {"type": "Feature", "properties": {"layer": "edge", "edge_no": 142, "seg_no": 317, "edge_class": "bridge", "side": "SE", "gap_ft": 0.0, "perf_class": "rolled", "perf_ratio": 0.5577111927494084, "buffer_ft": 880.0, "rule": "envelope bridge (D27)", "flag": "bridged gap between development trends (D27): any structural or reservoir break here?", "length_ft": 7299.979016058973}, "geometry": {"type": "LineString", "coordinates": [[-103.032731, 31.423395], [-103.0468, 31.439431]]}}, {"type": "Feature", "properties": {"layer": "edge", "edge_no": 143, "seg_no": 323, "edge_class": "bridge", "side": "SE", "gap_ft": 0.0, "perf_class": "strong", "perf_ratio": 1.2532716349807658, "buffer_ft": 1760.0, "rule": "envelope bridge (D27)", "flag": "bridged gap between development trends (D27): any structural or reservoir break here?", "length_ft": 7999.910572672388}, "geometry": {"type": "LineString", "coordinates": [[-103.0468, 31.439431], [-103.058323, 31.452638], [-103.059711, 31.454803], [-103.060893, 31.45765]]}}, {"type": "Feature", "properties": {"layer": "edge", "edge_no": 144, "seg_no": 324, "edge_class": "bridge", "side": "SE", "gap_ft": 799.9849809618723, "perf_class": "strong", "perf_ratio": 1.2532716349807658, "buffer_ft": 1760.0, "rule": "envelope bridge (D27)", "flag": "bridged gap between development trends (D27): any structural or reservoir break here?", "length_ft": 699.997339263442}, "geometry": {"type": "LineString", "coordinates": [[-103.060893, 31.45765], [-103.061551, 31.45949]]}}, {"type": "Feature", "properties": {"layer": "edge", "edge_no": 145, "seg_no": 325, "edge_class": "bridge", "side": "SE", "gap_ft": 0.0, "perf_class": "strong", "perf_ratio": 1.2532716349807658, "buffer_ft": 1760.0, "rule": "envelope bridge (D27)", "flag": "bridged gap between development trends (D27): any structural or reservoir break here?", "length_ft": 5199.984240936107}, "geometry": {"type": "LineString", "coordinates": [[-103.061551, 31.45949], [-103.066229, 31.47321]]}}, {"type": "Feature", "properties": {"layer": "edge", "edge_no": 146, "seg_no": 327, "edge_class": "bridge", "side": "SE", "gap_ft": 0.0, "perf_class": "rolled", "perf_ratio": 0.45729618381650344, "buffer_ft": 880.0, "rule": "envelope bridge (D27)", "flag": "bridged gap between development trends (D27): any structural or reservoir break here?", "length_ft": 499.9979123989937}, "geometry": {"type": "LineString", "coordinates": [[-103.066229, 31.47321], [-103.066649, 31.474536]]}}, {"type": "Feature", "properties": {"layer": "edge", "edge_no": 147, "seg_no": 329, "edge_class": "bridge", "side": "SE", "gap_ft": 0.0, "perf_class": "rolled", "perf_ratio": 0.48603651943004167, "buffer_ft": 880.0, "rule": "envelope bridge (D27)", "flag": "bridged gap between development trends (D27): any structural or reservoir break here?", "length_ft": 3399.9896650689407}, "geometry": {"type": "LineString", "coordinates": [[-103.066649, 31.474536], [-103.069418, 31.483576]]}}, {"type": "Feature", "properties": {"layer": "edge", "edge_no": 148, "seg_no": 331, "edge_class": "bridge", "side": "SE", "gap_ft": 0.0, "perf_class": "strong", "perf_ratio": 0.9714373566026197, "buffer_ft": 1760.0, "rule": "envelope bridge (D27)", "flag": "bridged gap between development trends (D27): any structural or reservoir break here?", "length_ft": 10699.885432438852}, "geometry": {"type": "LineString", "coordinates": [[-103.069418, 31.483576], [-103.072316, 31.494005], [-103.073835, 31.500192], [-103.075008, 31.505597], [-103.075223, 31.507235], [-103.07523, 31.508884], [-103.075019, 31.510522], [-103.074545, 31.512402]]}}, {"type": "Feature", "properties": {"layer": "edge", "edge_no": 149, "seg_no": -1, "edge_class": "hole", "side": "", "gap_ft": null, "perf_class": "", "perf_ratio": null, "buffer_ft": 880.0, "rule": "hole: tightest floor", "flag": "hole in the drilled body: geology hole or surface? (fill / keep)", "length_ft": 1599.9954007801757}, "geometry": {"type": "LineString", "coordinates": [[-103.074545, 31.512402], [-103.07327, 31.516663]]}}, {"type": "Feature", "properties": {"layer": "edge", "edge_no": 150, "seg_no": 332, "edge_class": "gap", "side": "SE", "gap_ft": 8899.83291320083, "perf_class": "strong", "perf_ratio": 0.8818240502410452, "buffer_ft": 6674.874684900622, "rule": "gap: k \u00d7 gap", "flag": "", "length_ft": 7799.977578803635}, "geometry": {"type": "LineString", "coordinates": [[-103.07327, 31.516663], [-103.067056, 31.537433]]}}, {"type": "Feature", "properties": {"layer": "edge", "edge_no": 151, "seg_no": 333, "edge_class": "pinned", "side": "SE", "gap_ft": 0.0, "perf_class": "strong", "perf_ratio": 0.8788320961151923, "buffer_ft": 1760.0, "rule": "pinned: floor", "flag": "pinned edge, strong wells: edge not explained by performance; what stops it?", "length_ft": 899.9974129388161}, "geometry": {"type": "LineString", "coordinates": [[-103.067056, 31.537433], [-103.066338, 31.53983]]}}, {"type": "Feature", "properties": {"layer": "edge", "edge_no": 152, "seg_no": 334, "edge_class": "pinned", "side": "SE", "gap_ft": 0.0, "perf_class": "unknown", "perf_ratio": 0.8401248710521211, "buffer_ft": 1320.0, "rule": "pinned: floor", "flag": "", "length_ft": 10799.73090523729}, "geometry": {"type": "LineString", "coordinates": [[-103.066338, 31.53983], [-103.06453, 31.545959], [-103.064306, 31.547596], [-103.064339, 31.548969], [-103.064646, 31.550596], [-103.06938, 31.568844]]}}, {"type": "Feature", "properties": {"layer": "edge", "edge_no": 153, "seg_no": 335, "edge_class": "gap", "side": "SE", "gap_ft": 1599.9699619237447, "perf_class": "rolled", "perf_ratio": 0.6857342958948175, "buffer_ft": 880.0, "rule": "gap: k \u00d7 gap", "flag": "", "length_ft": 1399.9959756826797}, "geometry": {"type": "LineString", "coordinates": [[-103.06938, 31.568844], [-103.070355, 31.5726]]}}, {"type": "Feature", "properties": {"layer": "edge", "edge_no": 154, "seg_no": 336, "edge_class": "pinned", "side": "E", "gap_ft": 0.0, "perf_class": "unknown", "perf_ratio": 0.7383249193544236, "buffer_ft": 1320.0, "rule": "pinned: floor", "flag": "", "length_ft": 15599.738550030528}, "geometry": {"type": "LineString", "coordinates": [[-103.070355, 31.5726], [-103.071416, 31.576622], [-103.072907, 31.581118], [-103.081055, 31.60284], [-103.082071, 31.604554], [-103.083006, 31.605671], [-103.089338, 31.611517]]}}, {"type": "Feature", "properties": {"layer": "edge", "edge_no": 155, "seg_no": 337, "edge_class": "bridge", "side": "E", "gap_ft": 5399.898621492638, "perf_class": "rolled", "perf_ratio": 0.6163878295847383, "buffer_ft": 2024.9619830597394, "rule": "envelope bridge (D27)", "flag": "bridged gap between development trends (D27): any structural or reservoir break here?", "length_ft": 3499.9899392065986}, "geometry": {"type": "LineString", "coordinates": [[-103.089338, 31.611517], [-103.097006, 31.618554]]}}, {"type": "Feature", "properties": {"layer": "edge", "edge_no": 156, "seg_no": 338, "edge_class": "bridge", "side": "E", "gap_ft": 0.0, "perf_class": "rolled", "perf_ratio": 0.3461657713138286, "buffer_ft": 880.0, "rule": "envelope bridge (D27)", "flag": "bridged gap between development trends (D27): any structural or reservoir break here?", "length_ft": 3299.9905141095323}, "geometry": {"type": "LineString", "coordinates": [[-103.097006, 31.618554], [-103.104236, 31.625188]]}}, {"type": "Feature", "properties": {"layer": "edge", "edge_no": 157, "seg_no": 339, "edge_class": "bridge", "side": "E", "gap_ft": 299.99436786070214, "perf_class": "rolled", "perf_ratio": 0.3461657713138286, "buffer_ft": 880.0, "rule": "envelope bridge (D27)", "flag": "bridged gap between development trends (D27): any structural or reservoir break here?", "length_ft": 399.99885019482747}, "geometry": {"type": "LineString", "coordinates": [[-103.104236, 31.625188], [-103.105113, 31.625992]]}}, {"type": "Feature", "properties": {"layer": "edge", "edge_no": 158, "seg_no": 340, "edge_class": "bridge", "side": "E", "gap_ft": 0.0, "perf_class": "rolled", "perf_ratio": 0.3461657713138286, "buffer_ft": 880.0, "rule": "envelope bridge (D27)", "flag": "bridged gap between development trends (D27): any structural or reservoir break here?", "length_ft": 13699.8981972365}, "geometry": {"type": "LineString", "coordinates": [[-103.105113, 31.625992], [-103.109923, 31.630422], [-103.111123, 31.631713], [-103.111825, 31.632633], [-103.119226, 31.64452], [-103.122681, 31.649797], [-103.12821, 31.657858]]}}, {"type": "Feature", "properties": {"layer": "edge", "edge_no": 159, "seg_no": 349, "edge_class": "bridge", "side": "E", "gap_ft": 0.0, "perf_class": "unknown", "perf_ratio": 0.7401589994578515, "buffer_ft": 1320.0, "rule": "envelope bridge (D27)", "flag": "bridged gap between development trends (D27): any structural or reservoir break here?", "length_ft": 3699.9876038646225}, "geometry": {"type": "LineString", "coordinates": [[-103.12821, 31.657858], [-103.134447, 31.666517]]}}, {"type": "Feature", "properties": {"layer": "edge", "edge_no": 160, "seg_no": 351, "edge_class": "bridge", "side": "E", "gap_ft": 0.0, "perf_class": "unknown", "perf_ratio": 0.7273827279782606, "buffer_ft": 1320.0, "rule": "envelope bridge (D27)", "flag": "bridged gap between development trends (D27): any structural or reservoir break here?", "length_ft": 15899.946811167163}, "geometry": {"type": "LineString", "coordinates": [[-103.134447, 31.666517], [-103.14144, 31.675744], [-103.145576, 31.680984], [-103.154263, 31.691555], [-103.158383, 31.696805], [-103.162851, 31.702846]]}}, {"type": "Feature", "properties": {"layer": "edge", "edge_no": 161, "seg_no": 352, "edge_class": "bridge", "side": "E", "gap_ft": 1199.9774714428086, "perf_class": "rolled", "perf_ratio": 0.6465918499479779, "buffer_ft": 880.0, "rule": "envelope bridge (D27)", "flag": "bridged gap between development trends (D27): any structural or reservoir break here?", "length_ft": 1299.9954550571956}, "geometry": {"type": "LineString", "coordinates": [[-103.162851, 31.702846], [-103.164988, 31.705917]]}}, {"type": "Feature", "properties": {"layer": "edge", "edge_no": 162, "seg_no": 353, "edge_class": "pinned", "side": "E", "gap_ft": 0.0, "perf_class": "rolled", "perf_ratio": 0.6068769490929803, "buffer_ft": 880.0, "rule": "pinned: floor", "flag": "", "length_ft": 19199.934764698846}, "geometry": {"type": "LineString", "coordinates": [[-103.164988, 31.705917], [-103.167114, 31.708994], [-103.171032, 31.714995], [-103.174776, 31.721077], [-103.178631, 31.727727], [-103.182168, 31.734204], [-103.185664, 31.740998], [-103.189109, 31.74811], [-103.191562, 31.753489]]}}, {"type": "Feature", "properties": {"layer": "edge", "edge_no": 163, "seg_no": 354, "edge_class": "bridge", "side": "E", "gap_ft": 5299.900498872405, "perf_class": "rolled", "perf_ratio": 0.6584103293764408, "buffer_ft": 1987.4626870771517, "rule": "envelope bridge (D27)", "flag": "bridged gap between development trends (D27): any structural or reservoir break here?", "length_ft": 799.9964888343194}, "geometry": {"type": "LineString", "coordinates": [[-103.191562, 31.753489], [-103.19249, 31.75554]]}}, {"type": "Feature", "properties": {"layer": "edge", "edge_no": 164, "seg_no": 355, "edge_class": "bridge", "side": "E", "gap_ft": 0.0, "perf_class": "rolled", "perf_ratio": 0.6544469775854199, "buffer_ft": 880.0, "rule": "envelope bridge (D27)", "flag": "bridged gap between development trends (D27): any structural or reservoir break here?", "length_ft": 5699.981536205701}, "geometry": {"type": "LineString", "coordinates": [[-103.19249, 31.75554], [-103.195586, 31.762768], [-103.198622, 31.770307]]}}, {"type": "Feature", "properties": {"layer": "edge", "edge_no": 165, "seg_no": 356, "edge_class": "bridge", "side": "E", "gap_ft": 1899.9643297844468, "perf_class": "rolled", "perf_ratio": 0.6584103293764408, "buffer_ft": 880.0, "rule": "envelope bridge (D27)", "flag": "bridged gap between development trends (D27): any structural or reservoir break here?", "length_ft": 599.9977165172326}, "geometry": {"type": "LineString", "coordinates": [[-103.198622, 31.770307], [-103.199217, 31.771876]]}}, {"type": "Feature", "properties": {"layer": "edge", "edge_no": 166, "seg_no": 357, "edge_class": "bridge", "side": "E", "gap_ft": 0.0, "perf_class": "unknown", "perf_ratio": 0.7076499383425326, "buffer_ft": 1320.0, "rule": "envelope bridge (D27)", "flag": "bridged gap between development trends (D27): any structural or reservoir break here?", "length_ft": 5599.9818039079755}, "geometry": {"type": "LineString", "coordinates": [[-103.199217, 31.771876], [-103.20159, 31.778154], [-103.204569, 31.786574]]}}, {"type": "Feature", "properties": {"layer": "edge", "edge_no": 167, "seg_no": 359, "edge_class": "bridge", "side": "E", "gap_ft": 0.0, "perf_class": "strong", "perf_ratio": 0.9739884914584442, "buffer_ft": 1760.0, "rule": "envelope bridge (D27)", "flag": "bridged gap between development trends (D27): any structural or reservoir break here?", "length_ft": 10999.966291923165}, "geometry": {"type": "LineString", "coordinates": [[-103.204569, 31.786574], [-103.207118, 31.794243], [-103.209684, 31.802478], [-103.213483, 31.815834]]}}, {"type": "Feature", "properties": {"layer": "edge", "edge_no": 168, "seg_no": 361, "edge_class": "bridge", "side": "E", "gap_ft": 0.0, "perf_class": "strong", "perf_ratio": 1.070279536219788, "buffer_ft": 1760.0, "rule": "envelope bridge (D27)", "flag": "bridged gap between development trends (D27): any structural or reservoir break here?", "length_ft": 7399.977734393819}, "geometry": {"type": "LineString", "coordinates": [[-103.213483, 31.815834], [-103.216818, 31.828718], [-103.218468, 31.835725]]}}, {"type": "Feature", "properties": {"layer": "edge", "edge_no": 169, "seg_no": 362, "edge_class": "bridge", "side": "E", "gap_ft": 1299.9755940630425, "perf_class": "strong", "perf_ratio": 0.9992787567206802, "buffer_ft": 1760.0, "rule": "envelope bridge (D27)", "flag": "bridged gap between development trends (D27): any structural or reservoir break here?", "length_ft": 799.9975680206487}, "geometry": {"type": "LineString", "coordinates": [[-103.218468, 31.835725], [-103.218975, 31.837881]]}}, {"type": "Feature", "properties": {"layer": "edge", "edge_no": 170, "seg_no": 363, "edge_class": "bridge", "side": "E", "gap_ft": 0.0, "perf_class": "strong", "perf_ratio": 0.9282779772215723, "buffer_ft": 1760.0, "rule": "envelope bridge (D27)", "flag": "bridged gap between development trends (D27): any structural or reservoir break here?", "length_ft": 11999.962716608721}, "geometry": {"type": "LineString", "coordinates": [[-103.218975, 31.837881], [-103.221037, 31.84734], [-103.222894, 31.856551], [-103.225411, 31.870405]]}}, {"type": "Feature", "properties": {"layer": "edge", "edge_no": 171, "seg_no": 365, "edge_class": "bridge", "side": "E", "gap_ft": 0.0, "perf_class": "unknown", "perf_ratio": 0.7698481713927643, "buffer_ft": 1320.0, "rule": "envelope bridge (D27)", "flag": "bridged gap between development trends (D27): any structural or reservoir break here?", "length_ft": 14999.953879067569}, "geometry": {"type": "LineString", "coordinates": [[-103.225411, 31.870405], [-103.228002, 31.886472], [-103.229471, 31.896843], [-103.231274, 31.91133]]}}, {"type": "Feature", "properties": {"layer": "edge", "edge_no": 172, "seg_no": 376, "edge_class": "bridge", "side": "NE", "gap_ft": 0.0, "perf_class": "rolled", "perf_ratio": 0.37928492951842313, "buffer_ft": 880.0, "rule": "envelope bridge (D27)", "flag": "bridged gap between development trends (D27): any structural or reservoir break here?", "length_ft": 17799.947041556377}, "geometry": {"type": "LineString", "coordinates": [[-103.231274, 31.91133], [-103.233123, 31.928576], [-103.234114, 31.93954], [-103.235625, 31.960116]]}}, {"type": "Feature", "properties": {"layer": "edge", "edge_no": 173, "seg_no": 377, "edge_class": "bridge", "side": "NE", "gap_ft": 199.99624524046808, "perf_class": "rolled", "perf_ratio": 0.37928492951842313, "buffer_ft": 880.0, "rule": "envelope bridge (D27)", "flag": "bridged gap between development trends (D27): any structural or reservoir break here?", "length_ft": 799.9970570070273}, "geometry": {"type": "LineString", "coordinates": [[-103.235625, 31.960116], [-103.235774, 31.962311]]}}, {"type": "Feature", "properties": {"layer": "edge", "edge_no": 174, "seg_no": 379, "edge_class": "bridge", "side": "NE", "gap_ft": 0.0, "perf_class": "rolled", "perf_ratio": 0.37928492951842313, "buffer_ft": 880.0, "rule": "envelope bridge (D27)", "flag": "bridged gap between development trends (D27): any structural or reservoir break here?", "length_ft": 12999.96014511294}, "geometry": {"type": "LineString", "coordinates": [[-103.235774, 31.962311], [-103.236701, 31.973554], [-103.237773, 31.984512], [-103.239332, 31.997916]]}}, {"type": "Feature", "properties": {"layer": "edge", "edge_no": 175, "seg_no": 383, "edge_class": "bridge", "side": "NE", "gap_ft": 0.0, "perf_class": "rolled", "perf_ratio": 0.3980307036683106, "buffer_ft": 880.0, "rule": "envelope bridge (D27)", "flag": "bridged gap between development trends (D27): any structural or reservoir break here?", "length_ft": 22499.918063006782}, "geometry": {"type": "LineString", "coordinates": [[-103.239332, 31.997916], [-103.240469, 32.006659], [-103.242028, 32.017297], [-103.243758, 32.027916], [-103.243936, 32.029558], [-103.244721, 32.059513]]}}, {"type": "Feature", "properties": {"layer": "edge", "edge_no": 176, "seg_no": 384, "edge_class": "bridge", "side": "NE", "gap_ft": 3099.9418012272554, "perf_class": "rolled", "perf_ratio": 0.5393378552658726, "buffer_ft": 1162.4781754602209, "rule": "envelope bridge (D27)", "flag": "bridged gap between development trends (D27): any structural or reservoir break here?", "length_ft": 2199.9936760729233}, "geometry": {"type": "LineString", "coordinates": [[-103.244721, 32.059513], [-103.244875, 32.065559]]}}, {"type": "Feature", "properties": {"layer": "edge", "edge_no": 177, "seg_no": 385, "edge_class": "bridge", "side": "NE", "gap_ft": 0.0, "perf_class": "rolled", "perf_ratio": 0.5393378552658726, "buffer_ft": 880.0, "rule": "envelope bridge (D27)", "flag": "bridged gap between development trends (D27): any structural or reservoir break here?", "length_ft": 699.9979878410383}, "geometry": {"type": "LineString", "coordinates": [[-103.244875, 32.065559], [-103.244923, 32.067483]]}}, {"type": "Feature", "properties": {"layer": "edge", "edge_no": 178, "seg_no": 386, "edge_class": "bridge", "side": "NE", "gap_ft": 2199.9586976451487, "perf_class": "rolled", "perf_ratio": 0.6806450068634348, "buffer_ft": 880.0, "rule": "envelope bridge (D27)", "flag": "bridged gap between development trends (D27): any structural or reservoir break here?", "length_ft": 1599.9954007797971}, "geometry": {"type": "LineString", "coordinates": [[-103.244923, 32.067483], [-103.245035, 32.07188]]}}, {"type": "Feature", "properties": {"layer": "edge", "edge_no": 179, "seg_no": 387, "edge_class": "bridge", "side": "NE", "gap_ft": 0.0, "perf_class": "rolled", "perf_ratio": 0.3487370219481282, "buffer_ft": 880.0, "rule": "envelope bridge (D27)", "flag": "bridged gap between development trends (D27): any structural or reservoir break here?", "length_ft": 4999.9856274389385}, "geometry": {"type": "LineString", "coordinates": [[-103.245035, 32.07188], [-103.245383, 32.085621]]}}, {"type": "Feature", "properties": {"layer": "edge", "edge_no": 180, "seg_no": 388, "edge_class": "bridge", "side": "NE", "gap_ft": 1499.9718393035107, "perf_class": "rolled", "perf_ratio": 0.3487370219481282, "buffer_ft": 880.0, "rule": "envelope bridge (D27)", "flag": "bridged gap between development trends (D27): any structural or reservoir break here?", "length_ft": 1599.9954007797971}, "geometry": {"type": "LineString", "coordinates": [[-103.245383, 32.085621], [-103.245494, 32.090018]]}}, {"type": "Feature", "properties": {"layer": "edge", "edge_no": 181, "seg_no": 389, "edge_class": "bridge", "side": "NE", "gap_ft": 0.0, "perf_class": "rolled", "perf_ratio": 0.01682903703282165, "buffer_ft": 880.0, "rule": "envelope bridge (D27)", "flag": "bridged gap between development trends (D27): any structural or reservoir break here?", "length_ft": 1599.9954007797971}, "geometry": {"type": "LineString", "coordinates": [[-103.245494, 32.090018], [-103.245605, 32.094415]]}}, {"type": "Feature", "properties": {"layer": "edge", "edge_no": 182, "seg_no": 390, "edge_class": "bridge", "side": "NE", "gap_ft": 2699.949310746319, "perf_class": "unknown", "perf_ratio": null, "buffer_ft": 1518.7214872948045, "rule": "envelope bridge (D27)", "flag": "bridged gap between development trends (D27): any structural or reservoir break here?", "length_ft": 2499.9928137203997}, "geometry": {"type": "LineString", "coordinates": [[-103.245605, 32.094415], [-103.245779, 32.101286]]}}, {"type": "Feature", "properties": {"layer": "edge", "edge_no": 183, "seg_no": 391, "edge_class": "pinned", "side": "NE", "gap_ft": 0.0, "perf_class": "unknown", "perf_ratio": null, "buffer_ft": 1320.0, "rule": "pinned: floor", "flag": "", "length_ft": 3999.9866811504407}, "geometry": {"type": "LineString", "coordinates": [[-103.245779, 32.101286], [-103.246146, 32.112276]]}}, {"type": "Feature", "properties": {"layer": "edge", "edge_no": 184, "seg_no": 392, "edge_class": "gap", "side": "NE", "gap_ft": 599.9887357214043, "perf_class": "unknown", "perf_ratio": null, "buffer_ft": 1320.0, "rule": "gap: k \u00d7 gap", "flag": "", "length_ft": 599.9982752926418}, "geometry": {"type": "LineString", "coordinates": [[-103.246146, 32.112276], [-103.246234, 32.113924]]}}, {"type": "Feature", "properties": {"layer": "edge", "edge_no": 185, "seg_no": 393, "edge_class": "pinned", "side": "NE", "gap_ft": 0.0, "perf_class": "unknown", "perf_ratio": null, "buffer_ft": 1320.0, "rule": "pinned: floor", "flag": "", "length_ft": 19499.53632101334}, "geometry": {"type": "LineString", "coordinates": [[-103.246234, 32.113924], [-103.247404, 32.135342], [-103.24772, 32.136967], [-103.248589, 32.139035], [-103.249554, 32.140463], [-103.250981, 32.141952], [-103.271506, 32.159477]]}}, {"type": "Feature", "properties": {"layer": "edge", "edge_no": 186, "seg_no": 399, "edge_class": "bridge", "side": "NE", "gap_ft": 0.0, "perf_class": "unknown", "perf_ratio": 0.747218246840803, "buffer_ft": 1320.0, "rule": "envelope bridge (D27)", "flag": "bridged gap between development trends (D27): any structural or reservoir break here?", "length_ft": 16799.9031795191}, "geometry": {"type": "LineString", "coordinates": [[-103.271506, 32.159477], [-103.288392, 32.173882], [-103.290487, 32.175971], [-103.291363, 32.177126], [-103.292251, 32.178592], [-103.298282, 32.190149], [-103.302005, 32.196862]]}}, {"type": "Feature", "properties": {"layer": "edge", "edge_no": 187, "seg_no": 400, "edge_class": "gap", "side": "NE", "gap_ft": 1499.9718393035107, "perf_class": "strong", "perf_ratio": 0.8777286463911615, "buffer_ft": 1760.0, "rule": "gap: k \u00d7 gap", "flag": "", "length_ft": 1699.9943040268327}, "geometry": {"type": "LineString", "coordinates": [[-103.302005, 32.196862], [-103.304405, 32.201066]]}}, {"type": "Feature", "properties": {"layer": "edge", "edge_no": 188, "seg_no": 401, "edge_class": "bridge", "side": "NE", "gap_ft": 0.0, "perf_class": "strong", "perf_ratio": 0.8777286463911615, "buffer_ft": 1760.0, "rule": "envelope bridge (D27)", "flag": "bridged gap between development trends (D27): any structural or reservoir break here?", "length_ft": 3699.9879052259994}, "geometry": {"type": "LineString", "coordinates": [[-103.304405, 32.201066], [-103.30979, 32.210147]]}}, {"type": "Feature", "properties": {"layer": "edge", "edge_no": 189, "seg_no": 402, "edge_class": "bridge", "side": "NE", "gap_ft": 4699.911763151, "perf_class": "unknown", "perf_ratio": 0.8314796732045178, "buffer_ft": 2643.7003667724375, "rule": "envelope bridge (D27)", "flag": "bridged gap between development trends (D27): any structural or reservoir break here?", "length_ft": 1399.9959756834783}, "geometry": {"type": "LineString", "coordinates": [[-103.30979, 32.210147], [-103.311878, 32.213562]]}}, {"type": "Feature", "properties": {"layer": "edge", "edge_no": 190, "seg_no": 403, "edge_class": "bridge", "side": "NE", "gap_ft": 0.0, "perf_class": "unknown", "perf_ratio": 0.7900736032956578, "buffer_ft": 1320.0, "rule": "envelope bridge (D27)", "flag": "bridged gap between development trends (D27): any structural or reservoir break here?", "length_ft": 12599.958623595678}, "geometry": {"type": "LineString", "coordinates": [[-103.311878, 32.213562], [-103.317879, 32.222991], [-103.323328, 32.231108], [-103.328805, 32.238894], [-103.332234, 32.243556]]}}, {"type": "Feature", "properties": {"layer": "edge", "edge_no": 191, "seg_no": 405, "edge_class": "bridge", "side": "NE", "gap_ft": 4599.913640530766, "perf_class": "unknown", "perf_ratio": 0.8273564443225758, "buffer_ft": 2587.4514227985565, "rule": "envelope bridge (D27)", "flag": "bridged gap between development trends (D27): any structural or reservoir break here?", "length_ft": 399.99885019595865}, "geometry": {"type": "LineString", "coordinates": [[-103.332234, 32.243556], [-103.33292, 32.244488]]}}, {"type": "Feature", "properties": {"layer": "edge", "edge_no": 192, "seg_no": 406, "edge_class": "bridge", "side": "NE", "gap_ft": 0.0, "perf_class": "strong", "perf_ratio": 0.8688304172099606, "buffer_ft": 1760.0, "rule": "envelope bridge (D27)", "flag": "bridged gap between development trends (D27): any structural or reservoir break here?", "length_ft": 4799.983781838542}, "geometry": {"type": "LineString", "coordinates": [[-103.33292, 32.244488], [-103.341404, 32.255539]]}}, {"type": "Feature", "properties": {"layer": "edge", "edge_no": 193, "seg_no": 407, "edge_class": "bridge", "side": "NE", "gap_ft": 3099.9418012272554, "perf_class": "strong", "perf_ratio": 0.9050496750976164, "buffer_ft": 2324.9563509204418, "rule": "envelope bridge (D27)", "flag": "bridged gap between development trends (D27): any structural or reservoir break here?", "length_ft": 399.9988501956118}, "geometry": {"type": "LineString", "coordinates": [[-103.341404, 32.255539], [-103.342134, 32.256446]]}}, {"type": "Feature", "properties": {"layer": "edge", "edge_no": 194, "seg_no": 408, "edge_class": "bridge", "side": "NE", "gap_ft": 0.0, "perf_class": "strong", "perf_ratio": 0.9050496750976164, "buffer_ft": 1760.0, "rule": "envelope bridge (D27)", "flag": "bridged gap between development trends (D27): any structural or reservoir break here?", "length_ft": 4799.985312300479}, "geometry": {"type": "LineString", "coordinates": [[-103.342134, 32.256446], [-103.346329, 32.261668], [-103.350753, 32.267421]]}}, {"type": "Feature", "properties": {"layer": "edge", "edge_no": 195, "seg_no": 409, "edge_class": "bridge", "side": "NE", "gap_ft": 4599.913640530766, "perf_class": "strong", "perf_ratio": 0.8869400461537884, "buffer_ft": 3449.935230398075, "rule": "envelope bridge (D27)", "flag": "bridged gap between development trends (D27): any structural or reservoir break here?", "length_ft": 999.9962414300694}, "geometry": {"type": "LineString", "coordinates": [[-103.350753, 32.267421], [-103.352507, 32.269731]]}}, {"type": "Feature", "properties": {"layer": "edge", "edge_no": 196, "seg_no": 410, "edge_class": "bridge", "side": "NE", "gap_ft": 0.0, "perf_class": "rolled", "perf_ratio": 0.6853622156332446, "buffer_ft": 880.0, "rule": "envelope bridge (D27)", "flag": "bridged gap between development trends (D27): any structural or reservoir break here?", "length_ft": 12499.959770258803}, "geometry": {"type": "LineString", "coordinates": [[-103.352507, 32.269731], [-103.357645, 32.276728], [-103.363109, 32.284521], [-103.368384, 32.292409], [-103.372852, 32.29942]]}}, {"type": "Feature", "properties": {"layer": "edge", "edge_no": 197, "seg_no": 411, "edge_class": "pinned", "side": "NE", "gap_ft": 0.0, "perf_class": "rolled", "perf_ratio": 0.6853622156332446, "buffer_ft": 880.0, "rule": "pinned: floor", "flag": "", "length_ft": 2099.992483311343}, "geometry": {"type": "LineString", "coordinates": [[-103.372852, 32.29942], [-103.375987, 32.304541]]}}, {"type": "Feature", "properties": {"layer": "edge", "edge_no": 198, "seg_no": 412, "edge_class": "bridge", "side": "NE", "gap_ft": 0.0, "perf_class": "rolled", "perf_ratio": 0.6853622156332446, "buffer_ft": 880.0, "rule": "envelope bridge (D27)", "flag": "bridged gap between development trends (D27): any structural or reservoir break here?", "length_ft": 1399.9959756841629}, "geometry": {"type": "LineString", "coordinates": [[-103.375987, 32.304541], [-103.378062, 32.307963]]}}, {"type": "Feature", "properties": {"layer": "edge", "edge_no": 199, "seg_no": 413, "edge_class": "bridge", "side": "NE", "gap_ft": 0.0, "perf_class": "rolled", "perf_ratio": 0.6853622156332446, "buffer_ft": 880.0, "rule": "envelope bridge (D27)", "flag": "bridged gap between development trends (D27): any structural or reservoir break here?", "length_ft": 5799.981435438753}, "geometry": {"type": "LineString", "coordinates": [[-103.378062, 32.307963], [-103.383055, 32.316599], [-103.386196, 32.322331]]}}, {"type": "Feature", "properties": {"layer": "edge", "edge_no": 200, "seg_no": 431, "edge_class": "bridge", "side": "N", "gap_ft": 0.0, "perf_class": "strong", "perf_ratio": 1.0322765448313829, "buffer_ft": 1760.0, "rule": "envelope bridge (D27)", "flag": "bridged gap between development trends (D27): any structural or reservoir break here?", "length_ft": 12199.960002403828}, "geometry": {"type": "LineString", "coordinates": [[-103.386196, 32.322331], [-103.392255, 32.333882], [-103.396242, 32.342001], [-103.401409, 32.353273]]}}, {"type": "Feature", "properties": {"layer": "edge", "edge_no": 201, "seg_no": 433, "edge_class": "bridge", "side": "N", "gap_ft": 0.0, "perf_class": "strong", "perf_ratio": 1.0322765448313829, "buffer_ft": 1760.0, "rule": "envelope bridge (D27)", "flag": "bridged gap between development trends (D27): any structural or reservoir break here?", "length_ft": 3599.988386271647}, "geometry": {"type": "LineString", "coordinates": [[-103.401409, 32.353273], [-103.405401, 32.36257]]}}, {"type": "Feature", "properties": {"layer": "edge", "edge_no": 202, "seg_no": 435, "edge_class": "bridge", "side": "N", "gap_ft": 0.0, "perf_class": "strong", "perf_ratio": 1.4379832616946546, "buffer_ft": 1760.0, "rule": "envelope bridge (D27)", "flag": "bridged gap between development trends (D27): any structural or reservoir break here?", "length_ft": 6799.978267010379}, "geometry": {"type": "LineString", "coordinates": [[-103.405401, 32.36257], [-103.407857, 32.368539], [-103.412342, 32.380309]]}}, {"type": "Feature", "properties": {"layer": "edge", "edge_no": 203, "seg_no": 458, "edge_class": "bridge", "side": "N", "gap_ft": 0.0, "perf_class": "unknown", "perf_ratio": null, "buffer_ft": 1320.0, "rule": "envelope bridge (D27)", "flag": "bridged gap between development trends (D27): any structural or reservoir break here?", "length_ft": 8399.973259014776}, "geometry": {"type": "LineString", "coordinates": [[-103.412342, 32.380309], [-103.414535, 32.386352], [-103.417583, 32.395333], [-103.419853, 32.402501]]}}, {"type": "Feature", "properties": {"layer": "edge", "edge_no": 204, "seg_no": 459, "edge_class": "bridge", "side": "N", "gap_ft": 199.99624524046808, "perf_class": "unknown", "perf_ratio": null, "buffer_ft": 1320.0, "rule": "envelope bridge (D27)", "flag": "bridged gap between development trends (D27): any structural or reservoir break here?", "length_ft": 699.9979878403634}, "geometry": {"type": "LineString", "coordinates": [[-103.419853, 32.402501], [-103.42044, 32.404359]]}}, {"type": "Feature", "properties": {"layer": "edge", "edge_no": 205, "seg_no": 460, "edge_class": "bridge", "side": "N", "gap_ft": 0.0, "perf_class": "unknown", "perf_ratio": null, "buffer_ft": 1320.0, "rule": "envelope bridge (D27)", "flag": "bridged gap between development trends (D27): any structural or reservoir break here?", "length_ft": 999.9958204246285}, "geometry": {"type": "LineString", "coordinates": [[-103.42044, 32.404359], [-103.421234, 32.407025]]}}, {"type": "Feature", "properties": {"layer": "edge", "edge_no": 206, "seg_no": 461, "edge_class": "bridge", "side": "N", "gap_ft": 699.9868583416383, "perf_class": "unknown", "perf_ratio": null, "buffer_ft": 1320.0, "rule": "envelope bridge (D27)", "flag": "bridged gap between development trends (D27): any structural or reservoir break here?", "length_ft": 499.9985627435253}, "geometry": {"type": "LineString", "coordinates": [[-103.421234, 32.407025], [-103.421625, 32.408358]]}}, {"type": "Feature", "properties": {"layer": "edge", "edge_no": 207, "seg_no": 462, "edge_class": "bridge", "side": "N", "gap_ft": 0.0, "perf_class": "strong", "perf_ratio": 1.619894453765498, "buffer_ft": 1760.0, "rule": "envelope bridge (D27)", "flag": "bridged gap between development trends (D27): any structural or reservoir break here?", "length_ft": 7399.976923458556}, "geometry": {"type": "LineString", "coordinates": [[-103.421625, 32.408358], [-103.42342, 32.414495], [-103.427033, 32.428175]]}}, {"type": "Feature", "properties": {"layer": "edge", "edge_no": 208, "seg_no": 463, "edge_class": "bridge", "side": "N", "gap_ft": 2999.9436786070214, "perf_class": "strong", "perf_ratio": 1.1619182262638945, "buffer_ft": 2249.957758955266, "rule": "envelope bridge (D27)", "flag": "bridged gap between development trends (D27): any structural or reservoir break here?", "length_ft": 2799.991368699626}, "geometry": {"type": "LineString", "coordinates": [[-103.427033, 32.428175], [-103.428866, 32.435713]]}}, {"type": "Feature", "properties": {"layer": "edge", "edge_no": 209, "seg_no": 464, "edge_class": "pinned", "side": "N", "gap_ft": 0.0, "perf_class": "strong", "perf_ratio": 1.1619182262638945, "buffer_ft": 1760.0, "rule": "pinned: floor", "flag": "pinned edge, strong wells: edge not explained by performance; what stops it?", "length_ft": 11699.909954503557}, "geometry": {"type": "LineString", "coordinates": [[-103.428866, 32.435713], [-103.430645, 32.443541], [-103.43261, 32.453016], [-103.433706, 32.458992], [-103.433843, 32.460636], [-103.433792, 32.46201], [-103.432917, 32.467456]]}}, {"type": "Feature", "properties": {"layer": "edge", "edge_no": 210, "seg_no": 465, "edge_class": "gap", "side": "N", "gap_ft": 4699.911763151, "perf_class": "strong", "perf_ratio": 1.0718030970684538, "buffer_ft": 3524.93382236325, "rule": "gap: k \u00d7 gap", "flag": "", "length_ft": 5699.98361527896}, "geometry": {"type": "LineString", "coordinates": [[-103.432917, 32.467456], [-103.430259, 32.482962]]}}, {"type": "Feature", "properties": {"layer": "edge", "edge_no": 211, "seg_no": 466, "edge_class": "pinned", "side": "N", "gap_ft": 0.0, "perf_class": "strong", "perf_ratio": 0.9805919562755104, "buffer_ft": 1760.0, "rule": "pinned: floor", "flag": "pinned edge, strong wells: edge not explained by performance; what stops it?", "length_ft": 22999.62230050284}, "geometry": {"type": "LineString", "coordinates": [[-103.430259, 32.482962], [-103.429513, 32.487591], [-103.429071, 32.495004], [-103.42912, 32.501601], [-103.429451, 32.507917], [-103.429643, 32.509281], [-103.429939, 32.510351], [-103.430486, 32.511644], [-103.441025, 32.532041], [-103.441811, 32.533845], [-103.442284, 32.535444], [-103.442537, 32.537079], [-103.442839, 32.543946]]}}, {"type": "Feature", "properties": {"layer": "edge", "edge_no": 212, "seg_no": 521, "edge_class": "bridge", "side": "N", "gap_ft": 0.0, "perf_class": "unknown", "perf_ratio": 0.7606669857356824, "buffer_ft": 1320.0, "rule": "envelope bridge (D27)", "flag": "bridged gap between development trends (D27): any structural or reservoir break here?", "length_ft": 10799.967755388061}, "geometry": {"type": "LineString", "coordinates": [[-103.442839, 32.543946], [-103.44374, 32.573623]]}}, {"type": "Feature", "properties": {"layer": "edge", "edge_no": 213, "seg_no": 523, "edge_class": "bridge", "side": "N", "gap_ft": 0.0, "perf_class": "unknown", "perf_ratio": 0.7181385781818359, "buffer_ft": 1320.0, "rule": "envelope bridge (D27)", "flag": "bridged gap between development trends (D27): any structural or reservoir break here?", "length_ft": 3399.990035503875}, "geometry": {"type": "LineString", "coordinates": [[-103.44374, 32.573623], [-103.444155, 32.582963]]}}, {"type": "Feature", "properties": {"layer": "edge", "edge_no": 214, "seg_no": 525, "edge_class": "bridge", "side": "N", "gap_ft": 0.0, "perf_class": "unknown", "perf_ratio": null, "buffer_ft": 1320.0, "rule": "envelope bridge (D27)", "flag": "bridged gap between development trends (D27): any structural or reservoir break here?", "length_ft": 11099.947385057003}, "geometry": {"type": "LineString", "coordinates": [[-103.444155, 32.582963], [-103.445265, 32.602456], [-103.445207, 32.60438], [-103.444374, 32.613423]]}}, {"type": "Feature", "properties": {"layer": "edge", "edge_no": 215, "seg_no": 526, "edge_class": "gap", "side": "N", "gap_ft": 399.99249048093617, "perf_class": "unknown", "perf_ratio": null, "buffer_ft": 1320.0, "rule": "gap: k \u00d7 gap", "flag": "", "length_ft": 99.99971254761876}, "geometry": {"type": "LineString", "coordinates": [[-103.444374, 32.613423], [-103.444349, 32.613697]]}}, {"type": "Feature", "properties": {"layer": "edge", "edge_no": 216, "seg_no": 527, "edge_class": "pinned", "side": "N", "gap_ft": 0.0, "perf_class": "unknown", "perf_ratio": null, "buffer_ft": 1320.0, "rule": "pinned: floor", "flag": "", "length_ft": 11799.966080754073}, "geometry": {"type": "LineString", "coordinates": [[-103.444349, 32.613697], [-103.441368, 32.646036]]}}, {"type": "Feature", "properties": {"layer": "edge", "edge_no": 217, "seg_no": 528, "edge_class": "bridge", "side": "N", "gap_ft": 6899.870460796149, "perf_class": "rolled", "perf_ratio": 0.39184270077648253, "buffer_ft": 2587.451422798556, "rule": "envelope bridge (D27)", "flag": "bridged gap between development trends (D27): any structural or reservoir break here?", "length_ft": 5099.985339988572}, "geometry": {"type": "LineString", "coordinates": [[-103.441368, 32.646036], [-103.440079, 32.660012]]}}, {"type": "Feature", "properties": {"layer": "edge", "edge_no": 218, "seg_no": 529, "edge_class": "pinned", "side": "N", "gap_ft": 0.0, "perf_class": "rolled", "perf_ratio": 0.4943719635301034, "buffer_ft": 880.0, "rule": "pinned: floor", "flag": "", "length_ft": 14499.893436409515}, "geometry": {"type": "LineString", "coordinates": [[-103.440079, 32.660012], [-103.439305, 32.669059], [-103.439293, 32.68775], [-103.439465, 32.695171], [-103.440136, 32.699808]]}}, {"type": "Feature", "properties": {"layer": "edge", "edge_no": 219, "seg_no": 530, "edge_class": "gap", "side": "N", "gap_ft": 1899.9643297844468, "perf_class": "rolled", "perf_ratio": 0.4943719635301034, "buffer_ft": 880.0, "rule": "gap: k \u00d7 gap", "flag": "", "length_ft": 2099.9939635250025}, "geometry": {"type": "LineString", "coordinates": [[-103.440136, 32.699808], [-103.441006, 32.705534]]}}, {"type": "Feature", "properties": {"layer": "edge", "edge_no": 220, "seg_no": 531, "edge_class": "pinned", "side": "N", "gap_ft": 0.0, "perf_class": "rolled", "perf_ratio": 0.4943719635301034, "buffer_ft": 880.0, "rule": "pinned: floor", "flag": "", "length_ft": 14899.236153870766}, "geometry": {"type": "LineString", "coordinates": [[-103.441006, 32.705534], [-103.443202, 32.719984], [-103.443514, 32.721332], [-103.444024, 32.722636], [-103.444885, 32.724114], [-103.445796, 32.725251], [-103.446869, 32.726283], [-103.44809, 32.727189], [-103.449719, 32.728094], [-103.451795, 32.728878], [-103.453362, 32.729239], [-103.455295, 32.729454], [-103.468603, 32.730149]]}}, {"type": "Feature", "properties": {"layer": "edge", "edge_no": 221, "seg_no": 532, "edge_class": "bridge", "side": "N", "gap_ft": 3999.9249048093616, "perf_class": "rolled", "perf_ratio": 0.5767550099323991, "buffer_ft": 1499.9718393035105, "rule": "envelope bridge (D27)", "flag": "bridged gap between development trends (D27): any structural or reservoir break here?", "length_ft": 599.9982752924714}, "geometry": {"type": "LineString", "coordinates": [[-103.468603, 32.730149], [-103.470551, 32.730251]]}}, {"type": "Feature", "properties": {"layer": "edge", "edge_no": 222, "seg_no": 534, "edge_class": "bridge", "side": "N", "gap_ft": 599.9887357214043, "perf_class": "rolled", "perf_ratio": 0.5620371637938671, "buffer_ft": 880.0, "rule": "envelope bridge (D27)", "flag": "bridged gap between development trends (D27): any structural or reservoir break here?", "length_ft": 299.9991376462797}, "geometry": {"type": "LineString", "coordinates": [[-103.470551, 32.730251], [-103.471525, 32.730302]]}}, {"type": "Feature", "properties": {"layer": "edge", "edge_no": 223, "seg_no": 535, "edge_class": "bridge", "side": "N", "gap_ft": 0.0, "perf_class": "rolled", "perf_ratio": 0.5767550099323991, "buffer_ft": 880.0, "rule": "envelope bridge (D27)", "flag": "bridged gap between development trends (D27): any structural or reservoir break here?", "length_ft": 699.9979878418221}, "geometry": {"type": "LineString", "coordinates": [[-103.471525, 32.730302], [-103.473797, 32.730421]]}}, {"type": "Feature", "properties": {"layer": "edge", "edge_no": 224, "seg_no": 536, "edge_class": "bridge", "side": "N", "gap_ft": 0.0, "perf_class": "rolled", "perf_ratio": 0.5620371637938671, "buffer_ft": 880.0, "rule": "envelope bridge (D27)", "flag": "bridged gap between development trends (D27): any structural or reservoir break here?", "length_ft": 1299.9962631334513}, "geometry": {"type": "LineString", "coordinates": [[-103.473797, 32.730421], [-103.478017, 32.730641]]}}, {"type": "Feature", "properties": {"layer": "edge", "edge_no": 225, "seg_no": 537, "edge_class": "bridge", "side": "N", "gap_ft": 0.0, "perf_class": "rolled", "perf_ratio": 0.5767550099323991, "buffer_ft": 880.0, "rule": "envelope bridge (D27)", "flag": "bridged gap between development trends (D27): any structural or reservoir break here?", "length_ft": 1199.996550585408}, "geometry": {"type": "LineString", "coordinates": [[-103.478017, 32.730641], [-103.481912, 32.730844]]}}, {"type": "Feature", "properties": {"layer": "edge", "edge_no": 226, "seg_no": 538, "edge_class": "bridge", "side": "N", "gap_ft": 0.0, "perf_class": "rolled", "perf_ratio": 0.5893064173140137, "buffer_ft": 880.0, "rule": "envelope bridge (D27)", "flag": "bridged gap between development trends (D27): any structural or reservoir break here?", "length_ft": 3999.979949624703}, "geometry": {"type": "LineString", "coordinates": [[-103.481912, 32.730844], [-103.49165, 32.731353], [-103.494877, 32.731688]]}}, {"type": "Feature", "properties": {"layer": "edge", "edge_no": 227, "seg_no": 540, "edge_class": "bridge", "side": "N", "gap_ft": 0.0, "perf_class": "rolled", "perf_ratio": 0.6018578246956281, "buffer_ft": 880.0, "rule": "envelope bridge (D27)", "flag": "bridged gap between development trends (D27): any structural or reservoir break here?", "length_ft": 4399.987352145836}, "geometry": {"type": "LineString", "coordinates": [[-103.494877, 32.731688], [-103.509034, 32.733452]]}}, {"type": "Feature", "properties": {"layer": "edge", "edge_no": 228, "seg_no": 542, "edge_class": "pinned", "side": "N", "gap_ft": 0.0, "perf_class": "rolled", "perf_ratio": 0.023632751333270304, "buffer_ft": 880.0, "rule": "pinned: floor", "flag": "", "length_ft": 29999.07714567381}, "geometry": {"type": "LineString", "coordinates": [[-103.509034, 32.733452], [-103.527697, 32.735771], [-103.529317, 32.73587], [-103.53094, 32.735797], [-103.532539, 32.73555], [-103.534088, 32.735134], [-103.536403, 32.734137], [-103.537711, 32.733322], [-103.538886, 32.732373], [-103.540448, 32.730619], [-103.541559, 32.728635], [-103.542128, 32.726774], [-103.551176, 32.677611]]}}, {"type": "Feature", "properties": {"layer": "edge", "edge_no": 229, "seg_no": 559, "edge_class": "bridge", "side": "N", "gap_ft": 0.0, "perf_class": "strong", "perf_ratio": 2.097995487544769, "buffer_ft": 1760.0, "rule": "envelope bridge (D27)", "flag": "bridged gap between development trends (D27): any structural or reservoir break here?", "length_ft": 19099.819288936156}, "geometry": {"type": "LineString", "coordinates": [[-103.551176, 32.677611], [-103.552277, 32.671635], [-103.552951, 32.66923], [-103.554055, 32.666941], [-103.55788, 32.660569], [-103.563365, 32.65214], [-103.56663, 32.647387], [-103.574255, 32.636832], [-103.57539, 32.635492], [-103.576684, 32.63426], [-103.578135, 32.633159], [-103.579968, 32.632021]]}}, {"type": "Feature", "properties": {"layer": "edge", "edge_no": 230, "seg_no": 565, "edge_class": "bridge", "side": "N", "gap_ft": 0.0, "perf_class": "strong", "perf_ratio": 0.9635336461412934, "buffer_ft": 1760.0, "rule": "envelope bridge (D27)", "flag": "bridged gap between development trends (D27): any structural or reservoir break here?", "length_ft": 7999.977003901851}, "geometry": {"type": "LineString", "coordinates": [[-103.579968, 32.632021], [-103.601305, 32.619467]]}}, {"type": "Feature", "properties": {"layer": "edge", "edge_no": 231, "seg_no": 566, "edge_class": "bridge", "side": "N", "gap_ft": 1799.9662071642128, "perf_class": "strong", "perf_ratio": 0.9635336461412934, "buffer_ft": 1760.0, "rule": "envelope bridge (D27)", "flag": "bridged gap between development trends (D27): any structural or reservoir break here?", "length_ft": 1799.994825877794}, "geometry": {"type": "LineString", "coordinates": [[-103.601305, 32.619467], [-103.606105, 32.616641]]}}, {"type": "Feature", "properties": {"layer": "edge", "edge_no": 232, "seg_no": 567, "edge_class": "pinned", "side": "N", "gap_ft": 0.0, "perf_class": "strong", "perf_ratio": 0.9635336461412934, "buffer_ft": 1760.0, "rule": "potash ignore-gap -> floor (D24)", "flag": "pinned edge, strong wells: edge not explained by performance; what stops it?; inside the BLM Secretary's Potash Area: surface, not geology; gap not widened", "length_ft": 4599.742983738501}, "geometry": {"type": "LineString", "coordinates": [[-103.606105, 32.616641], [-103.611971, 32.613188], [-103.613494, 32.612161], [-103.61521, 32.610515], [-103.6169, 32.60817]]}}, {"type": "Feature", "properties": {"layer": "edge", "edge_no": 233, "seg_no": 568, "edge_class": "gap", "side": "N", "gap_ft": 4299.919272670064, "perf_class": "unknown", "perf_ratio": 0.7425406272778775, "buffer_ft": 1320.0, "rule": "potash ignore-gap -> floor (D24)", "flag": "inside the BLM Secretary's Potash Area: surface, not geology; gap not widened", "length_ft": 4799.892389075624}, "geometry": {"type": "LineString", "coordinates": [[-103.6169, 32.60817], [-103.618698, 32.606223], [-103.620613, 32.604739], [-103.621917, 32.603921], [-103.628947, 32.599962]]}}, {"type": "Feature", "properties": {"layer": "edge", "edge_no": 234, "seg_no": 569, "edge_class": "pinned", "side": "N", "gap_ft": 0.0, "perf_class": "rolled", "perf_ratio": 0.5215476084144617, "buffer_ft": 880.0, "rule": "potash ignore-gap -> floor (D24)", "flag": "inside the BLM Secretary's Potash Area: surface, not geology; gap not widened", "length_ft": 8799.684187492758}, "geometry": {"type": "LineString", "coordinates": [[-103.628947, 32.599962], [-103.631368, 32.598577], [-103.632606, 32.597689], [-103.633903, 32.596461], [-103.634807, 32.59532], [-103.635535, 32.594092], [-103.642966, 32.579441]]}}, {"type": "Feature", "properties": {"layer": "edge", "edge_no": 235, "seg_no": 570, "edge_class": "bridge", "side": "N", "gap_ft": 2699.949310746319, "perf_class": "rolled", "perf_ratio": 0.5215476084144617, "buffer_ft": 880.0, "rule": "envelope bridge (D27)", "flag": "bridged gap between development trends (D27): any structural or reservoir break here?", "length_ft": 2199.9790329389316}, "geometry": {"type": "LineString", "coordinates": [[-103.642966, 32.579441], [-103.645017, 32.5754], [-103.645878, 32.573921]]}}, {"type": "Feature", "properties": {"layer": "edge", "edge_no": 236, "seg_no": 571, "edge_class": "bridge", "side": "N", "gap_ft": 0.0, "perf_class": "rolled", "perf_ratio": 0.5215476084144617, "buffer_ft": 880.0, "rule": "envelope bridge (D27)", "flag": "bridged gap between development trends (D27): any structural or reservoir break here?", "length_ft": 3199.918527946457}, "geometry": {"type": "LineString", "coordinates": [[-103.645878, 32.573921], [-103.647107, 32.572304], [-103.648804, 32.570642], [-103.65052, 32.569383], [-103.653206, 32.567839]]}}, {"type": "Feature", "properties": {"layer": "edge", "edge_no": 237, "seg_no": 572, "edge_class": "bridge", "side": "N", "gap_ft": 5799.891111973575, "perf_class": "rolled", "perf_ratio": 0.4667820323674467, "buffer_ft": 880.0, "rule": "envelope bridge (D27)", "flag": "bridged gap between development trends (D27): any structural or reservoir break here?", "length_ft": 2999.991376463004}, "geometry": {"type": "LineString", "coordinates": [[-103.653206, 32.567839], [-103.661374, 32.563348]]}}, {"type": "Feature", "properties": {"layer": "edge", "edge_no": 238, "seg_no": 573, "edge_class": "bridge", "side": "N", "gap_ft": 0.0, "perf_class": "rolled", "perf_ratio": 0.4120164563204317, "buffer_ft": 880.0, "rule": "envelope bridge (D27)", "flag": "bridged gap between development trends (D27): any structural or reservoir break here?", "length_ft": 2299.9933886214662}, "geometry": {"type": "LineString", "coordinates": [[-103.661374, 32.563348], [-103.667635, 32.559903]]}}, {"type": "Feature", "properties": {"layer": "edge", "edge_no": 239, "seg_no": 574, "edge_class": "bridge", "side": "N", "gap_ft": 0.0, "perf_class": "rolled", "perf_ratio": 0.4120164563204317, "buffer_ft": 880.0, "rule": "envelope bridge (D27)", "flag": "bridged gap between development trends (D27): any structural or reservoir break here?", "length_ft": 99.999712548976}, "geometry": {"type": "LineString", "coordinates": [[-103.667635, 32.559903], [-103.667907, 32.559754]]}}, {"type": "Feature", "properties": {"layer": "edge", "edge_no": 240, "seg_no": 575, "edge_class": "bridge", "side": "N", "gap_ft": 1099.9793488225744, "perf_class": "rolled", "perf_ratio": 0.4120164563204317, "buffer_ft": 880.0, "rule": "envelope bridge (D27)", "flag": "bridged gap between development trends (D27): any structural or reservoir break here?", "length_ft": 1299.9962631334538}, "geometry": {"type": "LineString", "coordinates": [[-103.667907, 32.559754], [-103.671446, 32.557807]]}}, {"type": "Feature", "properties": {"layer": "edge", "edge_no": 241, "seg_no": 576, "edge_class": "bridge", "side": "N", "gap_ft": 0.0, "perf_class": "rolled", "perf_ratio": 0.4120164563204317, "buffer_ft": 880.0, "rule": "envelope bridge (D27)", "flag": "bridged gap between development trends (D27): any structural or reservoir break here?", "length_ft": 20799.68066983847}, "geometry": {"type": "LineString", "coordinates": [[-103.671446, 32.557807], [-103.675801, 32.55541], [-103.677106, 32.554595], [-103.678504, 32.553449], [-103.680016, 32.551665], [-103.704724, 32.508959]]}}, {"type": "Feature", "properties": {"layer": "edge", "edge_no": 242, "seg_no": 608, "edge_class": "bridge", "side": "N", "gap_ft": 0.0, "perf_class": "strong", "perf_ratio": 1.0757495811969884, "buffer_ft": 1760.0, "rule": "envelope bridge (D27)", "flag": "bridged gap between development trends (D27): any structural or reservoir break here?", "length_ft": 3799.9890768537657}, "geometry": {"type": "LineString", "coordinates": [[-103.704724, 32.508959], [-103.710142, 32.499576]]}}, {"type": "Feature", "properties": {"layer": "edge", "edge_no": 243, "seg_no": 610, "edge_class": "bridge", "side": "N", "gap_ft": 0.0, "perf_class": "strong", "perf_ratio": 0.8922714983556844, "buffer_ft": 1760.0, "rule": "envelope bridge (D27)", "flag": "bridged gap between development trends (D27): any structural or reservoir break here?", "length_ft": 3699.9893643043247}, "geometry": {"type": "LineString", "coordinates": [[-103.710142, 32.499576], [-103.715417, 32.490439]]}}, {"type": "Feature", "properties": {"layer": "edge", "edge_no": 244, "seg_no": 611, "edge_class": "bridge", "side": "N", "gap_ft": 1699.9680845439786, "perf_class": "strong", "perf_ratio": 0.8922714983556844, "buffer_ft": 1760.0, "rule": "envelope bridge (D27)", "flag": "bridged gap between development trends (D27): any structural or reservoir break here?", "length_ft": 399.9988501941948}, "geometry": {"type": "LineString", "coordinates": [[-103.715417, 32.490439], [-103.715987, 32.489451]]}}, {"type": "Feature", "properties": {"layer": "edge", "edge_no": 245, "seg_no": 612, "edge_class": "bridge", "side": "N", "gap_ft": 0.0, "perf_class": "strong", "perf_ratio": 0.8922714983556844, "buffer_ft": 1760.0, "rule": "envelope bridge (D27)", "flag": "bridged gap between development trends (D27): any structural or reservoir break here?", "length_ft": 199.9994250988801}, "geometry": {"type": "LineString", "coordinates": [[-103.715987, 32.489451], [-103.716272, 32.488957]]}}, {"type": "Feature", "properties": {"layer": "edge", "edge_no": 246, "seg_no": 613, "edge_class": "bridge", "side": "N", "gap_ft": 0.0, "perf_class": "strong", "perf_ratio": 0.8922714983556844, "buffer_ft": 1760.0, "rule": "envelope bridge (D27)", "flag": "bridged gap between development trends (D27): any structural or reservoir break here?", "length_ft": 599.9982752912922}, "geometry": {"type": "LineString", "coordinates": [[-103.716272, 32.488957], [-103.717128, 32.487476]]}}, {"type": "Feature", "properties": {"layer": "edge", "edge_no": 247, "seg_no": 614, "edge_class": "bridge", "side": "N", "gap_ft": 0.0, "perf_class": "strong", "perf_ratio": 0.8922714983556844, "buffer_ft": 1760.0, "rule": "envelope bridge (D27)", "flag": "bridged gap between development trends (D27): any structural or reservoir break here?", "length_ft": 1699.9951133297848}, "geometry": {"type": "LineString", "coordinates": [[-103.717128, 32.487476], [-103.71955, 32.483277]]}}, {"type": "Feature", "properties": {"layer": "edge", "edge_no": 248, "seg_no": 615, "edge_class": "bridge", "side": "N", "gap_ft": 0.0, "perf_class": "strong", "perf_ratio": 1.067365603892202, "buffer_ft": 1760.0, "rule": "envelope bridge (D27)", "flag": "bridged gap between development trends (D27): any structural or reservoir break here?", "length_ft": 1799.9840437008586}, "geometry": {"type": "LineString", "coordinates": [[-103.71955, 32.483277], [-103.721262, 32.480315], [-103.722212, 32.478876]]}}, {"type": "Feature", "properties": {"layer": "edge", "edge_no": 249, "seg_no": 616, "edge_class": "pinned", "side": "N", "gap_ft": 0.0, "perf_class": "strong", "perf_ratio": 1.067365603892202, "buffer_ft": 1760.0, "rule": "potash ignore-gap -> floor (D24)", "flag": "pinned edge, strong wells: edge not explained by performance; what stops it?; inside the BLM Secretary's Potash Area: surface, not geology; gap not widened", "length_ft": 2199.93437828205}, "geometry": {"type": "LineString", "coordinates": [[-103.722212, 32.478876], [-103.723323, 32.477523], [-103.724166, 32.476687], [-103.726954, 32.474387]]}}, {"type": "Feature", "properties": {"layer": "edge", "edge_no": 250, "seg_no": 618, "edge_class": "bridge", "side": "N", "gap_ft": 0.0, "perf_class": "strong", "perf_ratio": 1.067365603892202, "buffer_ft": 1760.0, "rule": "envelope bridge (D27)", "flag": "bridged gap between development trends (D27): any structural or reservoir break here?", "length_ft": 21599.928168049053}, "geometry": {"type": "LineString", "coordinates": [[-103.726954, 32.474387], [-103.734125, 32.468813], [-103.741924, 32.46301], [-103.749876, 32.457358], [-103.757473, 32.452207], [-103.765989, 32.446715], [-103.773878, 32.441891], [-103.78164, 32.437393]]}}, {"type": "Feature", "properties": {"layer": "edge", "edge_no": 251, "seg_no": 620, "edge_class": "bridge", "side": "N", "gap_ft": 0.0, "perf_class": "strong", "perf_ratio": 2.341408017002937, "buffer_ft": 1760.0, "rule": "envelope bridge (D27)", "flag": "bridged gap between development trends (D27): any structural or reservoir break here?", "length_ft": 2799.991321603876}, "geometry": {"type": "LineString", "coordinates": [[-103.78164, 32.437393], [-103.789264, 32.433215]]}}, {"type": "Feature", "properties": {"layer": "edge", "edge_no": 252, "seg_no": 643, "edge_class": "bridge", "side": "N", "gap_ft": 0.0, "perf_class": "unknown", "perf_ratio": null, "buffer_ft": 1320.0, "rule": "envelope bridge (D27)", "flag": "bridged gap between development trends (D27): any structural or reservoir break here?", "length_ft": 25599.9072440105}, "geometry": {"type": "LineString", "coordinates": [[-103.789264, 32.433215], [-103.797843, 32.428777], [-103.806293, 32.424696], [-103.814595, 32.420956], [-103.822437, 32.417662], [-103.830094, 32.414676], [-103.838746, 32.411561], [-103.846906, 32.408881], [-103.855469, 32.406333], [-103.864439, 32.403956]]}}, {"type": "Feature", "properties": {"layer": "edge", "edge_no": 253, "seg_no": 644, "edge_class": "gap", "side": "N", "gap_ft": 1099.9793488225744, "perf_class": "unknown", "perf_ratio": null, "buffer_ft": 1320.0, "rule": "potash ignore-gap -> floor (D24)", "flag": "inside the BLM Secretary's Potash Area: surface, not geology; gap not widened", "length_ft": 1099.9968380367052}, "geometry": {"type": "LineString", "coordinates": [[-103.864439, 32.403956], [-103.867872, 32.40314]]}}, {"type": "Feature", "properties": {"layer": "edge", "edge_no": 254, "seg_no": 645, "edge_class": "pinned", "side": "N", "gap_ft": 0.0, "perf_class": "strong", "perf_ratio": 1.0945429168778407, "buffer_ft": 1760.0, "rule": "potash ignore-gap -> floor (D24)", "flag": "pinned edge, strong wells: edge not explained by performance; what stops it?; inside the BLM Secretary's Potash Area: surface, not geology; gap not widened", "length_ft": 13299.949291478784}, "geometry": {"type": "LineString", "coordinates": [[-103.867872, 32.40314], [-103.872244, 32.40211], [-103.880112, 32.400475], [-103.888674, 32.398944], [-103.897612, 32.39762], [-103.905313, 32.396697], [-103.910145, 32.396248]]}}, {"type": "Feature", "properties": {"layer": "edge", "edge_no": 255, "seg_no": 646, "edge_class": "gap", "side": "N", "gap_ft": 1999.9624524046808, "perf_class": "strong", "perf_ratio": 1.0945429168778407, "buffer_ft": 1760.0, "rule": "potash ignore-gap -> floor (D24)", "flag": "inside the BLM Secretary's Potash Area: surface, not geology; gap not widened", "length_ft": 2599.9905640383095}, "geometry": {"type": "LineString", "coordinates": [[-103.910145, 32.396248], [-103.914011, 32.395899], [-103.918536, 32.395612]]}}, {"type": "Feature", "properties": {"layer": "edge", "edge_no": 256, "seg_no": 647, "edge_class": "bridge", "side": "NW", "gap_ft": 0.0, "perf_class": "strong", "perf_ratio": 1.0945429168778407, "buffer_ft": 1760.0, "rule": "envelope bridge (D27)", "flag": "bridged gap between development trends (D27): any structural or reservoir break here?", "length_ft": 25799.915593792364}, "geometry": {"type": "LineString", "coordinates": [[-103.918536, 32.395612], [-103.923061, 32.395342], [-103.939578, 32.394867], [-103.955131, 32.394736], [-103.962908, 32.394803], [-103.970682, 32.394975], [-103.983951, 32.395534], [-103.991059, 32.395999], [-104.002015, 32.396984]]}}, {"type": "Feature", "properties": {"layer": "edge", "edge_no": 257, "seg_no": 676, "edge_class": "bridge", "side": "NW", "gap_ft": 0.0, "perf_class": "strong", "perf_ratio": 0.9470129275380498, "buffer_ft": 1760.0, "rule": "envelope bridge (D27)", "flag": "bridged gap between development trends (D27): any structural or reservoir break here?", "length_ft": 5399.979632054337}, "geometry": {"type": "LineString", "coordinates": [[-104.002015, 32.396984], [-104.009077, 32.397814], [-104.014192, 32.398535], [-104.019283, 32.399367]]}}, {"type": "Feature", "properties": {"layer": "edge", "edge_no": 258, "seg_no": 685, "edge_class": "bridge", "side": "NW", "gap_ft": 0.0, "perf_class": "rolled", "perf_ratio": 0.6237784501279767, "buffer_ft": 880.0, "rule": "envelope bridge (D27)", "flag": "bridged gap between development trends (D27): any structural or reservoir break here?", "length_ft": 8999.954530465226}, "geometry": {"type": "LineString", "coordinates": [[-104.019283, 32.399367], [-104.02529, 32.400517], [-104.029681, 32.401485], [-104.03434, 32.402661], [-104.038331, 32.403807], [-104.041964, 32.404983], [-104.047003, 32.406871]]}}, {"type": "Feature", "properties": {"layer": "edge", "edge_no": 259, "seg_no": 686, "edge_class": "bridge", "side": "NW", "gap_ft": 999.9812262023404, "perf_class": "rolled", "perf_ratio": 0.6899419536059698, "buffer_ft": 880.0, "rule": "envelope bridge (D27)", "flag": "bridged gap between development trends (D27): any structural or reservoir break here?", "length_ft": 499.9985627440052}, "geometry": {"type": "LineString", "coordinates": [[-104.047003, 32.406871], [-104.048454, 32.407483]]}}, {"type": "Feature", "properties": {"layer": "edge", "edge_no": 260, "seg_no": 687, "edge_class": "bridge", "side": "NW", "gap_ft": 0.0, "perf_class": "strong", "perf_ratio": 0.8617201392456344, "buffer_ft": 1760.0, "rule": "envelope bridge (D27)", "flag": "bridged gap between development trends (D27): any structural or reservoir break here?", "length_ft": 13799.85500752358}, "geometry": {"type": "LineString", "coordinates": [[-104.048454, 32.407483], [-104.053548, 32.409892], [-104.056255, 32.411403], [-104.058851, 32.413049], [-104.061075, 32.41465], [-104.063169, 32.416371], [-104.065115, 32.418215], [-104.06651, 32.419732], [-104.068137, 32.421785], [-104.069406, 32.423703], [-104.070369, 32.425445], [-104.071301, 32.427497], [-104.072042, 32.429604], [-104.072534, 32.431483], [-104.072955, 32.433652], [-104.073336, 32.436659]]}}, {"type": "Feature", "properties": {"layer": "edge", "edge_no": 261, "seg_no": 699, "edge_class": "bridge", "side": "NW", "gap_ft": 0.0, "perf_class": "unknown", "perf_ratio": null, "buffer_ft": 1320.0, "rule": "envelope bridge (D27)", "flag": "bridged gap between development trends (D27): any structural or reservoir break here?", "length_ft": 13099.917826836623}, "geometry": {"type": "LineString", "coordinates": [[-104.073336, 32.436659], [-104.073515, 32.441054], [-104.073193, 32.445718], [-104.072607, 32.449257], [-104.071431, 32.453822], [-104.070231, 32.457248], [-104.068076, 32.46214], [-104.065337, 32.467123], [-104.062841, 32.47098]]}}, {"type": "Feature", "properties": {"layer": "edge", "edge_no": 262, "seg_no": 714, "edge_class": "bridge", "side": "NW", "gap_ft": 0.0, "perf_class": "rolled", "perf_ratio": 0.6200123415530027, "buffer_ft": 880.0, "rule": "envelope bridge (D27)", "flag": "bridged gap between development trends (D27): any structural or reservoir break here?", "length_ft": 20699.855153035507}, "geometry": {"type": "LineString", "coordinates": [[-104.062841, 32.47098], [-104.059775, 32.47519], [-104.057585, 32.477918], [-104.054907, 32.481026], [-104.052512, 32.483626], [-104.049615, 32.486591], [-104.046619, 32.489483], [-104.043748, 32.492101], [-104.041819, 32.49357], [-104.039938, 32.494646], [-104.037914, 32.495516], [-104.01164, 32.504983]]}}, {"type": "Feature", "properties": {"layer": "edge", "edge_no": 263, "seg_no": 715, "edge_class": "bridge", "side": "NW", "gap_ft": 0.0, "perf_class": "rolled", "perf_ratio": 0.6109374701531077, "buffer_ft": 880.0, "rule": "envelope bridge (D27)", "flag": "bridged gap between development trends (D27): any structural or reservoir break here?", "length_ft": 2699.992238815748}, "geometry": {"type": "LineString", "coordinates": [[-104.01164, 32.504983], [-104.003577, 32.507885]]}}, {"type": "Feature", "properties": {"layer": "edge", "edge_no": 264, "seg_no": 717, "edge_class": "bridge", "side": "NW", "gap_ft": 6499.877970315213, "perf_class": "rolled", "perf_ratio": 0.6316003356767294, "buffer_ft": 880.0, "rule": "envelope bridge (D27)", "flag": "bridged gap between development trends (D27): any structural or reservoir break here?", "length_ft": 799.9977003907499}, "geometry": {"type": "LineString", "coordinates": [[-104.003577, 32.507885], [-104.001188, 32.508744]]}}, {"type": "Feature", "properties": {"layer": "edge", "edge_no": 265, "seg_no": 718, "edge_class": "pinned", "side": "N", "gap_ft": 0.0, "perf_class": "strong", "perf_ratio": 0.9777996344461343, "buffer_ft": 1760.0, "rule": "potash ignore-gap -> floor (D24)", "flag": "pinned edge, strong wells: edge not explained by performance; what stops it?; inside the BLM Secretary's Potash Area: surface, not geology; gap not widened", "length_ft": 13399.589425882332}, "geometry": {"type": "LineString", "coordinates": [[-104.001188, 32.508744], [-103.971022, 32.519595], [-103.969566, 32.520202], [-103.967954, 32.521123], [-103.966303, 32.522442], [-103.964792, 32.524225], [-103.963835, 32.525968]]}}, {"type": "Feature", "properties": {"layer": "edge", "edge_no": 266, "seg_no": 719, "edge_class": "pinned", "side": "N", "gap_ft": 0.0, "perf_class": "strong", "perf_ratio": 0.9777996344461343, "buffer_ft": 1760.0, "rule": "potash ignore-gap -> floor (D24)", "flag": "pinned edge, strong wells: edge not explained by performance; what stops it?; inside the BLM Secretary's Potash Area: surface, not geology; gap not widened", "length_ft": 1399.9606746337754}, "geometry": {"type": "LineString", "coordinates": [[-103.963835, 32.525968], [-103.962555, 32.52966]]}}, {"type": "Feature", "properties": {"layer": "edge", "edge_no": 267, "seg_no": 720, "edge_class": "pinned", "side": "N", "gap_ft": 0.0, "perf_class": "strong", "perf_ratio": 0.9777996344461343, "buffer_ft": 1760.0, "rule": "potash ignore-gap -> floor (D24)", "flag": "pinned edge, strong wells: edge not explained by performance; what stops it?; inside the BLM Secretary's Potash Area: surface, not geology; gap not widened", "length_ft": 1399.995975682541}, "geometry": {"type": "LineString", "coordinates": [[-103.962555, 32.52966], [-103.961303, 32.53336]]}}, {"type": "Feature", "properties": {"layer": "edge", "edge_no": 268, "seg_no": 721, "edge_class": "bridge", "side": "N", "gap_ft": 0.0, "perf_class": "strong", "perf_ratio": 0.9777996344461343, "buffer_ft": 1760.0, "rule": "envelope bridge (D27)", "flag": "bridged gap between development trends (D27): any structural or reservoir break here?", "length_ft": 4999.979945618076}, "geometry": {"type": "LineString", "coordinates": [[-103.961303, 32.53336], [-103.956801, 32.546567]]}}, {"type": "Feature", "properties": {"layer": "edge", "edge_no": 269, "seg_no": 722, "edge_class": "bridge", "side": "N", "gap_ft": 9599.819771542469, "perf_class": "strong", "perf_ratio": 1.026868386030402, "buffer_ft": 1760.0, "rule": "envelope bridge (D27)", "flag": "bridged gap between development trends (D27): any structural or reservoir break here?", "length_ft": 2199.9303555140345}, "geometry": {"type": "LineString", "coordinates": [[-103.956801, 32.546567], [-103.956222, 32.54785], [-103.955341, 32.549321], [-103.95427, 32.550697], [-103.953241, 32.55176]]}}, {"type": "Feature", "properties": {"layer": "edge", "edge_no": 270, "seg_no": 723, "edge_class": "bridge", "side": "N", "gap_ft": 0.0, "perf_class": "unknown", "perf_ratio": null, "buffer_ft": 1320.0, "rule": "envelope bridge (D27)", "flag": "bridged gap between development trends (D27): any structural or reservoir break here?", "length_ft": 2299.955003340791}, "geometry": {"type": "LineString", "coordinates": [[-103.953241, 32.55176], [-103.951108, 32.553445], [-103.947384, 32.555651]]}}, {"type": "Feature", "properties": {"layer": "edge", "edge_no": 271, "seg_no": 724, "edge_class": "bridge", "side": "N", "gap_ft": 0.0, "perf_class": "unknown", "perf_ratio": null, "buffer_ft": 1320.0, "rule": "envelope bridge (D27)", "flag": "bridged gap between development trends (D27): any structural or reservoir break here?", "length_ft": 1399.995975682977}, "geometry": {"type": "LineString", "coordinates": [[-103.947384, 32.555651], [-103.943625, 32.557814]]}}, {"type": "Feature", "properties": {"layer": "edge", "edge_no": 272, "seg_no": 725, "edge_class": "pinned", "side": "N", "gap_ft": 0.0, "perf_class": "unknown", "perf_ratio": null, "buffer_ft": 1320.0, "rule": "potash ignore-gap -> floor (D24)", "flag": "inside the BLM Secretary's Potash Area: surface, not geology; gap not widened", "length_ft": 1899.994538426077}, "geometry": {"type": "LineString", "coordinates": [[-103.943625, 32.557814], [-103.938523, 32.560749]]}}, {"type": "Feature", "properties": {"layer": "edge", "edge_no": 273, "seg_no": 726, "edge_class": "pinned", "side": "N", "gap_ft": 0.0, "perf_class": "unknown", "perf_ratio": null, "buffer_ft": 1320.0, "rule": "potash ignore-gap -> floor (D24)", "flag": "inside the BLM Secretary's Potash Area: surface, not geology; gap not widened", "length_ft": 16898.827210846513}, "geometry": {"type": "LineString", "coordinates": [[-103.938523, 32.560749], [-103.937193, 32.561537], [-103.936201, 32.562246], [-103.935294, 32.563032], [-103.934305, 32.564121], [-103.933077, 32.566055], [-103.932337, 32.568159], [-103.932105, 32.570346], [-103.932103, 32.592615], [-103.932206, 32.593986], [-103.932597, 32.5956], [-103.933404, 32.597396], [-103.934207, 32.59859], [-103.935395, 32.599896], [-103.936551, 32.600859], [-103.937842, 32.601692], [-103.939839, 32.602607]]}}, {"type": "Feature", "properties": {"layer": "edge", "edge_no": 274, "seg_no": 727, "edge_class": "pinned", "side": "N", "gap_ft": 0.0, "perf_class": "unknown", "perf_ratio": null, "buffer_ft": 1320.0, "rule": "potash ignore-gap -> floor (D24)", "flag": "inside the BLM Secretary's Potash Area: surface, not geology; gap not widened", "length_ft": 1399.8673990510956}, "geometry": {"type": "LineString", "coordinates": [[-103.939839, 32.602607], [-103.941676, 32.603151], [-103.944219, 32.603602]]}}, {"type": "Feature", "properties": {"layer": "edge", "edge_no": 275, "seg_no": 728, "edge_class": "gap", "side": "N", "gap_ft": 6499.877970315213, "perf_class": "rolled", "perf_ratio": 0.19192652212686725, "buffer_ft": 880.0, "rule": "potash ignore-gap -> floor (D24)", "flag": "inside the BLM Secretary's Potash Area: surface, not geology; gap not widened", "length_ft": 7199.784295670636}, "geometry": {"type": "LineString", "coordinates": [[-103.944219, 32.603602], [-103.949634, 32.604516], [-103.951837, 32.604989], [-103.953956, 32.605684], [-103.955947, 32.606609], [-103.958023, 32.607929], [-103.959839, 32.609499], [-103.961183, 32.611049], [-103.962938, 32.613682]]}}, {"type": "Feature", "properties": {"layer": "edge", "edge_no": 276, "seg_no": 729, "edge_class": "pinned", "side": "N", "gap_ft": 0.0, "perf_class": "rolled", "perf_ratio": 0.6137869225447086, "buffer_ft": 880.0, "rule": "potash ignore-gap -> floor (D24)", "flag": "inside the BLM Secretary's Potash Area: surface, not geology; gap not widened", "length_ft": 14199.426050965661}, "geometry": {"type": "LineString", "coordinates": [[-103.962938, 32.613682], [-103.963685, 32.614581], [-103.964766, 32.615606], [-103.966789, 32.61698], [-103.968203, 32.617655], [-103.9694, 32.618081], [-103.971914, 32.618622], [-103.973856, 32.618743], [-104.006989, 32.619058]]}}, {"type": "Feature", "properties": {"layer": "edge", "edge_no": 277, "seg_no": 730, "edge_class": "bridge", "side": "N", "gap_ft": 2599.951188126085, "perf_class": "rolled", "perf_ratio": 0.6137869225447086, "buffer_ft": 880.0, "rule": "envelope bridge (D27)", "flag": "bridged gap between development trends (D27): any structural or reservoir break here?", "length_ft": 2699.992238816776}, "geometry": {"type": "LineString", "coordinates": [[-104.006989, 32.619058], [-104.01576, 32.61914]]}}, {"type": "Feature", "properties": {"layer": "edge", "edge_no": 278, "seg_no": 731, "edge_class": "bridge", "side": "N", "gap_ft": 0.0, "perf_class": "rolled", "perf_ratio": 0.6137869225447086, "buffer_ft": 880.0, "rule": "envelope bridge (D27)", "flag": "bridged gap between development trends (D27): any structural or reservoir break here?", "length_ft": 18499.932148449596}, "geometry": {"type": "LineString", "coordinates": [[-104.01576, 32.61914], [-104.044021, 32.619414], [-104.062454, 32.620895], [-104.075735, 32.621752]]}}, {"type": "Feature", "properties": {"layer": "edge", "edge_no": 279, "seg_no": 733, "edge_class": "bridge", "side": "NW", "gap_ft": 0.0, "perf_class": "strong", "perf_ratio": 1.1978077747394542, "buffer_ft": 1760.0, "rule": "envelope bridge (D27)", "flag": "bridged gap between development trends (D27): any structural or reservoir break here?", "length_ft": 9299.972098107224}, "geometry": {"type": "LineString", "coordinates": [[-104.075735, 32.621752], [-104.092598, 32.622605], [-104.105906, 32.623095]]}}, {"type": "Feature", "properties": {"layer": "edge", "edge_no": 280, "seg_no": 734, "edge_class": "bridge", "side": "NW", "gap_ft": 1999.9624524046808, "perf_class": "strong", "perf_ratio": 1.1978077747394542, "buffer_ft": 1760.0, "rule": "envelope bridge (D27)", "flag": "bridged gap between development trends (D27): any structural or reservoir break here?", "length_ft": 1099.9964935245366}, "geometry": {"type": "LineString", "coordinates": [[-104.105906, 32.623095], [-104.109477, 32.623201]]}}, {"type": "Feature", "properties": {"layer": "edge", "edge_no": 281, "seg_no": 735, "edge_class": "bridge", "side": "NW", "gap_ft": 0.0, "perf_class": "strong", "perf_ratio": 1.0797338043464666, "buffer_ft": 1760.0, "rule": "envelope bridge (D27)", "flag": "bridged gap between development trends (D27): any structural or reservoir break here?", "length_ft": 10799.962965492467}, "geometry": {"type": "LineString", "coordinates": [[-104.109477, 32.623201], [-104.123118, 32.623466], [-104.130265, 32.623512], [-104.144559, 32.623398]]}}, {"type": "Feature", "properties": {"layer": "edge", "edge_no": 282, "seg_no": 736, "edge_class": "bridge", "side": "NW", "gap_ft": 1799.9662071642128, "perf_class": "strong", "perf_ratio": 1.0797338043464666, "buffer_ft": 1760.0, "rule": "envelope bridge (D27)", "flag": "bridged gap between development trends (D27): any structural or reservoir break here?", "length_ft": 1499.9822561653339}, "geometry": {"type": "LineString", "coordinates": [[-104.144559, 32.623398], [-104.146831, 32.623478], [-104.149418, 32.62369]]}}, {"type": "Feature", "properties": {"layer": "edge", "edge_no": 283, "seg_no": 737, "edge_class": "pinned", "side": "NW", "gap_ft": 0.0, "perf_class": "strong", "perf_ratio": 1.0797338043464666, "buffer_ft": 1760.0, "rule": "pinned: floor", "flag": "pinned edge, strong wells: edge not explained by performance; what stops it?", "length_ft": 4699.986489791824}, "geometry": {"type": "LineString", "coordinates": [[-104.149418, 32.62369], [-104.164613, 32.624967]]}}, {"type": "Feature", "properties": {"layer": "edge", "edge_no": 284, "seg_no": 738, "edge_class": "bridge", "side": "NW", "gap_ft": 1999.9624524046808, "perf_class": "strong", "perf_ratio": 1.238160263963615, "buffer_ft": 1760.0, "rule": "envelope bridge (D27)", "flag": "bridged gap between development trends (D27): any structural or reservoir break here?", "length_ft": 1799.9948258775883}, "geometry": {"type": "LineString", "coordinates": [[-104.164613, 32.624967], [-104.170432, 32.625456]]}}, {"type": "Feature", "properties": {"layer": "edge", "edge_no": 285, "seg_no": 739, "edge_class": "bridge", "side": "NW", "gap_ft": 0.0, "perf_class": "strong", "perf_ratio": 1.238160263963615, "buffer_ft": 1760.0, "rule": "envelope bridge (D27)", "flag": "bridged gap between development trends (D27): any structural or reservoir break here?", "length_ft": 99.99971254885547}, "geometry": {"type": "LineString", "coordinates": [[-104.170432, 32.625456], [-104.170756, 32.625483]]}}, {"type": "Feature", "properties": {"layer": "edge", "edge_no": 286, "seg_no": 740, "edge_class": "gap", "side": "NW", "gap_ft": 3699.9305369486597, "perf_class": "strong", "perf_ratio": 1.238160263963615, "buffer_ft": 2774.947902711495, "rule": "gap: k \u00d7 gap", "flag": "", "length_ft": 2799.9919513653836}, "geometry": {"type": "LineString", "coordinates": [[-104.170756, 32.625483], [-104.179808, 32.626242]]}}, {"type": "Feature", "properties": {"layer": "edge", "edge_no": 287, "seg_no": 741, "edge_class": "pinned", "side": "NW", "gap_ft": 0.0, "perf_class": "strong", "perf_ratio": 0.9374030536215416, "buffer_ft": 1760.0, "rule": "pinned: floor", "flag": "pinned edge, strong wells: edge not explained by performance; what stops it?", "length_ft": 16099.374521279307}, "geometry": {"type": "LineString", "coordinates": [[-104.179808, 32.626242], [-104.190482, 32.627077], [-104.218745, 32.626705], [-104.220363, 32.626593], [-104.22288, 32.626058], [-104.22437, 32.625511], [-104.225765, 32.624809], [-104.227749, 32.623393], [-104.228803, 32.622349], [-104.229692, 32.621199]]}}, {"type": "Feature", "properties": {"layer": "edge", "edge_no": 288, "seg_no": 742, "edge_class": "pinned", "side": "NW", "gap_ft": 0.0, "perf_class": "strong", "perf_ratio": 1.3813309420335824, "buffer_ft": 1760.0, "rule": "pinned: floor", "flag": "pinned edge, strong wells: edge not explained by performance; what stops it?", "length_ft": 1499.9560965143419}, "geometry": {"type": "LineString", "coordinates": [[-104.229692, 32.621199], [-104.231829, 32.617493]]}}, {"type": "Feature", "properties": {"layer": "edge", "edge_no": 289, "seg_no": 743, "edge_class": "gap", "side": "NW", "gap_ft": 2299.956820265383, "perf_class": "strong", "perf_ratio": 1.267997063201008, "buffer_ft": 1760.0, "rule": "gap: k \u00d7 gap", "flag": "", "length_ft": 2299.9933886217577}, "geometry": {"type": "LineString", "coordinates": [[-104.231829, 32.617493], [-104.235061, 32.611792]]}}, {"type": "Feature", "properties": {"layer": "edge", "edge_no": 290, "seg_no": 744, "edge_class": "bridge", "side": "NW", "gap_ft": 0.0, "perf_class": "strong", "perf_ratio": 1.3595357264205503, "buffer_ft": 1760.0, "rule": "envelope bridge (D27)", "flag": "bridged gap between development trends (D27): any structural or reservoir break here?", "length_ft": 4899.985914889}, "geometry": {"type": "LineString", "coordinates": [[-104.235061, 32.611792], [-104.241945, 32.599645]]}}, {"type": "Feature", "properties": {"layer": "edge", "edge_no": 291, "seg_no": 745, "edge_class": "bridge", "side": "NW", "gap_ft": 0.0, "perf_class": "strong", "perf_ratio": 1.3595357264205503, "buffer_ft": 1760.0, "rule": "envelope bridge (D27)", "flag": "bridged gap between development trends (D27): any structural or reservoir break here?", "length_ft": 599.9982752929599}, "geometry": {"type": "LineString", "coordinates": [[-104.241945, 32.599645], [-104.242788, 32.598157]]}}, {"type": "Feature", "properties": {"layer": "edge", "edge_no": 292, "seg_no": 746, "edge_class": "bridge", "side": "NW", "gap_ft": 0.0, "perf_class": "strong", "perf_ratio": 1.3595357264205503, "buffer_ft": 1760.0, "rule": "envelope bridge (D27)", "flag": "bridged gap between development trends (D27): any structural or reservoir break here?", "length_ft": 5199.955896296179}, "geometry": {"type": "LineString", "coordinates": [[-104.242788, 32.598157], [-104.247996, 32.58899], [-104.249146, 32.58733], [-104.250649, 32.585537]]}}, {"type": "Feature", "properties": {"layer": "edge", "edge_no": 293, "seg_no": 750, "edge_class": "bridge", "side": "NW", "gap_ft": 0.0, "perf_class": "unknown", "perf_ratio": null, "buffer_ft": 1320.0, "rule": "envelope bridge (D27)", "flag": "bridged gap between development trends (D27): any structural or reservoir break here?", "length_ft": 3799.9787027043876}, "geometry": {"type": "LineString", "coordinates": [[-104.250649, 32.585537], [-104.254711, 32.581248], [-104.2587, 32.577632]]}}, {"type": "Feature", "properties": {"layer": "edge", "edge_no": 294, "seg_no": 756, "edge_class": "bridge", "side": "NW", "gap_ft": 0.0, "perf_class": "strong", "perf_ratio": 0.9986963507421461, "buffer_ft": 1760.0, "rule": "envelope bridge (D27)", "flag": "bridged gap between development trends (D27): any structural or reservoir break here?", "length_ft": 21199.903241421554}, "geometry": {"type": "LineString", "coordinates": [[-104.2587, 32.577632], [-104.263455, 32.573889], [-104.266973, 32.571452], [-104.269308, 32.569964], [-104.273046, 32.567774], [-104.275785, 32.566297], [-104.279711, 32.564359], [-104.282571, 32.563057], [-104.287827, 32.560895], [-104.295011, 32.558341], [-104.300507, 32.556661], [-104.311612, 32.55358], [-104.314648, 32.552605], [-104.319139, 32.551012]]}}, {"type": "Feature", "properties": {"layer": "edge", "edge_no": 295, "seg_no": 757, "edge_class": "gap", "side": "NW", "gap_ft": 4099.923027429596, "perf_class": "strong", "perf_ratio": 0.9986963507421461, "buffer_ft": 3074.9422705721972, "rule": "gap: k \u00d7 gap", "flag": "", "length_ft": 3999.9782726296244}, "geometry": {"type": "LineString", "coordinates": [[-104.319139, 32.551012], [-104.324405, 32.54887], [-104.328387, 32.547015], [-104.330607, 32.545874]]}}, {"type": "Feature", "properties": {"layer": "edge", "edge_no": 296, "seg_no": 758, "edge_class": "pinned", "side": "NW", "gap_ft": 0.0, "perf_class": "strong", "perf_ratio": 0.9986963507421461, "buffer_ft": 1760.0, "rule": "pinned: floor", "flag": "pinned edge, strong wells: edge not explained by performance; what stops it?", "length_ft": 2899.981599361996}, "geometry": {"type": "LineString", "coordinates": [[-104.330607, 32.545874], [-104.334643, 32.543568], [-104.338233, 32.541209]]}}, {"type": "Feature", "properties": {"layer": "edge", "edge_no": 297, "seg_no": 759, "edge_class": "gap", "side": "NW", "gap_ft": 999.9812262023404, "perf_class": "strong", "perf_ratio": 0.9986963507421461, "buffer_ft": 1760.0, "rule": "gap: k \u00d7 gap", "flag": "", "length_ft": 1499.9901233971573}, "geometry": {"type": "LineString", "coordinates": [[-104.338233, 32.541209], [-104.34185, 32.538449]]}}, {"type": "Feature", "properties": {"layer": "edge", "edge_no": 298, "seg_no": 760, "edge_class": "pinned", "side": "NW", "gap_ft": 0.0, "perf_class": "strong", "perf_ratio": 0.916542437718395, "buffer_ft": 1760.0, "rule": "pinned: floor", "flag": "pinned edge, strong wells: edge not explained by performance; what stops it?", "length_ft": 499.9971863070772}, "geometry": {"type": "LineString", "coordinates": [[-104.34185, 32.538449], [-104.342997, 32.537477]]}}, {"type": "Feature", "properties": {"layer": "edge", "edge_no": 299, "seg_no": 761, "edge_class": "gap", "side": "NW", "gap_ft": 2499.953065505851, "perf_class": "strong", "perf_ratio": 0.916542437718395, "buffer_ft": 1874.9647991293882, "rule": "gap: k \u00d7 gap", "flag": "", "length_ft": 4099.959284846532}, "geometry": {"type": "LineString", "coordinates": [[-104.342997, 32.537477], [-104.344762, 32.535863], [-104.347237, 32.533317], [-104.349482, 32.530621], [-104.351005, 32.52851]]}}, {"type": "Feature", "properties": {"layer": "edge", "edge_no": 300, "seg_no": 762, "edge_class": "pinned", "side": "NW", "gap_ft": 0.0, "perf_class": "strong", "perf_ratio": 0.916542437718395, "buffer_ft": 1760.0, "rule": "pinned: floor", "flag": "pinned edge, strong wells: edge not explained by performance; what stops it?", "length_ft": 3299.9715215564506}, "geometry": {"type": "LineString", "coordinates": [[-104.351005, 32.52851], [-104.352525, 32.526082], [-104.353612, 32.524085], [-104.355309, 32.520221]]}}, {"type": "Feature", "properties": {"layer": "edge", "edge_no": 301, "seg_no": 763, "edge_class": "gap", "side": "NW", "gap_ft": 5199.90237625217, "perf_class": "unknown", "perf_ratio": 0.8343885246946441, "buffer_ft": 2924.9450866418456, "rule": "gap: k \u00d7 gap", "flag": "", "length_ft": 5099.939296046917}, "geometry": {"type": "LineString", "coordinates": [[-104.355309, 32.520221], [-104.356367, 32.517046], [-104.357208, 32.513544], [-104.357692, 32.509995], [-104.357736, 32.506423]]}}, {"type": "Feature", "properties": {"layer": "edge", "edge_no": 302, "seg_no": 764, "edge_class": "pinned", "side": "NW", "gap_ft": 0.0, "perf_class": "strong", "perf_ratio": 1.0849642482992095, "buffer_ft": 1760.0, "rule": "pinned: floor", "flag": "pinned edge, strong wells: edge not explained by performance; what stops it?", "length_ft": 3099.9471777217163}, "geometry": {"type": "LineString", "coordinates": [[-104.357736, 32.506423], [-104.357468, 32.503959], [-104.357067, 32.502066], [-104.356385, 32.499944], [-104.355595, 32.49814]]}}, {"type": "Feature", "properties": {"layer": "edge", "edge_no": 303, "seg_no": 765, "edge_class": "pinned", "side": "NW", "gap_ft": 0.0, "perf_class": "strong", "perf_ratio": 1.0849642482992095, "buffer_ft": 1760.0, "rule": "pinned: floor", "flag": "pinned edge, strong wells: edge not explained by performance; what stops it?", "length_ft": 1499.9634436443314}, "geometry": {"type": "LineString", "coordinates": [[-104.355595, 32.49814], [-104.354615, 32.496405], [-104.353277, 32.494522]]}}, {"type": "Feature", "properties": {"layer": "edge", "edge_no": 304, "seg_no": 766, "edge_class": "gap", "side": "NW", "gap_ft": 99.99812262023404, "perf_class": "strong", "perf_ratio": 1.0849642482992095, "buffer_ft": 1760.0, "rule": "gap: k \u00d7 gap", "flag": "", "length_ft": 199.99328747755231}, "geometry": {"type": "LineString", "coordinates": [[-104.353277, 32.494522], [-104.352908, 32.494069]]}}, {"type": "Feature", "properties": {"layer": "edge", "edge_no": 305, "seg_no": 767, "edge_class": "pinned", "side": "NW", "gap_ft": 0.0, "perf_class": "strong", "perf_ratio": 1.0849642482992095, "buffer_ft": 1760.0, "rule": "pinned: floor", "flag": "pinned edge, strong wells: edge not explained by performance; what stops it?", "length_ft": 199.9978510788473}, "geometry": {"type": "LineString", "coordinates": [[-104.352908, 32.494069], [-104.352523, 32.493627]]}}, {"type": "Feature", "properties": {"layer": "edge", "edge_no": 306, "seg_no": 768, "edge_class": "bridge", "side": "NW", "gap_ft": 0.0, "perf_class": "strong", "perf_ratio": 1.0849642482992095, "buffer_ft": 1760.0, "rule": "envelope bridge (D27)", "flag": "bridged gap between development trends (D27): any structural or reservoir break here?", "length_ft": 23899.815740729424}, "geometry": {"type": "LineString", "coordinates": [[-104.352523, 32.493627], [-104.351087, 32.492136], [-104.349511, 32.490751], [-104.347811, 32.489476], [-104.345483, 32.487984], [-104.343577, 32.486938], [-104.341603, 32.485987], [-104.338394, 32.484665], [-104.335998, 32.483821], [-104.331399, 32.482477], [-104.326387, 32.481337], [-104.321306, 32.480443], [-104.309788, 32.478819], [-104.30472, 32.47787], [-104.299709, 32.476727], [-104.294772, 32.475373], [-104.290231, 32.473894], [-104.285798, 32.472197], [-104.2815, 32.470265]]}}, {"type": "Feature", "properties": {"layer": "edge", "edge_no": 307, "seg_no": 788, "edge_class": "bridge", "side": "NW", "gap_ft": 0.0, "perf_class": "unknown", "perf_ratio": null, "buffer_ft": 1320.0, "rule": "envelope bridge (D27)", "flag": "bridged gap between development trends (D27): any structural or reservoir break here?", "length_ft": 99.99911108584789}, "geometry": {"type": "LineString", "coordinates": [[-104.2815, 32.470265], [-104.28122, 32.470126]]}}, {"type": "Feature", "properties": {"layer": "edge", "edge_no": 308, "seg_no": 789, "edge_class": "bridge", "side": "NW", "gap_ft": 0.0, "perf_class": "unknown", "perf_ratio": null, "buffer_ft": 1320.0, "rule": "envelope bridge (D27)", "flag": "bridged gap between development trends (D27): any structural or reservoir break here?", "length_ft": 5399.963279776452}, "geometry": {"type": "LineString", "coordinates": [[-104.28122, 32.470126], [-104.277639, 32.46824], [-104.273953, 32.465994], [-104.270712, 32.463709], [-104.267447, 32.461035]]}}, {"type": "Feature", "properties": {"layer": "edge", "edge_no": 309, "seg_no": 792, "edge_class": "bridge", "side": "NW", "gap_ft": 0.0, "perf_class": "unknown", "perf_ratio": null, "buffer_ft": 1320.0, "rule": "envelope bridge (D27)", "flag": "bridged gap between development trends (D27): any structural or reservoir break here?", "length_ft": 1399.9898413251972}, "geometry": {"type": "LineString", "coordinates": [[-104.267447, 32.461035], [-104.264443, 32.45815]]}}, {"type": "Feature", "properties": {"layer": "edge", "edge_no": 310, "seg_no": 793, "edge_class": "bridge", "side": "NW", "gap_ft": 0.0, "perf_class": "unknown", "perf_ratio": null, "buffer_ft": 1320.0, "rule": "envelope bridge (D27)", "flag": "bridged gap between development trends (D27): any structural or reservoir break here?", "length_ft": 6099.95385108481}, "geometry": {"type": "LineString", "coordinates": [[-104.264443, 32.45815], [-104.261353, 32.454619], [-104.258812, 32.451103], [-104.256361, 32.446918], [-104.254867, 32.443578]]}}, {"type": "Feature", "properties": {"layer": "edge", "edge_no": 311, "seg_no": 795, "edge_class": "bridge", "side": "NW", "gap_ft": 0.0, "perf_class": "unknown", "perf_ratio": 0.8260134566520214, "buffer_ft": 1320.0, "rule": "envelope bridge (D27)", "flag": "bridged gap between development trends (D27): any structural or reservoir break here?", "length_ft": 6299.936887251491}, "geometry": {"type": "LineString", "coordinates": [[-104.254867, 32.443578], [-104.25416, 32.441462], [-104.253629, 32.43931], [-104.253311, 32.437404], [-104.253123, 32.435211], [-104.253116, 32.433012], [-104.253291, 32.430818], [-104.253639, 32.428638], [-104.254153, 32.426483]]}}, {"type": "Feature", "properties": {"layer": "edge", "edge_no": 312, "seg_no": 796, "edge_class": "bridge", "side": "NW", "gap_ft": 0.0, "perf_class": "unknown", "perf_ratio": 0.8260134566520214, "buffer_ft": 1320.0, "rule": "envelope bridge (D27)", "flag": "bridged gap between development trends (D27): any structural or reservoir break here?", "length_ft": 1499.9871551489202}, "geometry": {"type": "LineString", "coordinates": [[-104.254153, 32.426483], [-104.254728, 32.424621], [-104.255519, 32.422527]]}}, {"type": "Feature", "properties": {"layer": "edge", "edge_no": 313, "seg_no": 797, "edge_class": "bridge", "side": "NW", "gap_ft": 0.0, "perf_class": "unknown", "perf_ratio": 0.8260134566520214, "buffer_ft": 1320.0, "rule": "envelope bridge (D27)", "flag": "bridged gap between development trends (D27): any structural or reservoir break here?", "length_ft": 5599.963200909273}, "geometry": {"type": "LineString", "coordinates": [[-104.255519, 32.422527], [-104.256942, 32.419457], [-104.258924, 32.415995], [-104.261368, 32.412431], [-104.264089, 32.409014]]}}, {"type": "Feature", "properties": {"layer": "edge", "edge_no": 314, "seg_no": 799, "edge_class": "bridge", "side": "NW", "gap_ft": 0.0, "perf_class": "unknown", "perf_ratio": null, "buffer_ft": 1320.0, "rule": "envelope bridge (D27)", "flag": "bridged gap between development trends (D27): any structural or reservoir break here?", "length_ft": 4999.975024095516}, "geometry": {"type": "LineString", "coordinates": [[-104.264089, 32.409014], [-104.268261, 32.404453], [-104.271892, 32.400939], [-104.274571, 32.398547]]}}, {"type": "Feature", "properties": {"layer": "edge", "edge_no": 315, "seg_no": 805, "edge_class": "bridge", "side": "NW", "gap_ft": 0.0, "perf_class": "unknown", "perf_ratio": 0.7799883101784252, "buffer_ft": 1320.0, "rule": "envelope bridge (D27)", "flag": "bridged gap between development trends (D27): any structural or reservoir break here?", "length_ft": 12799.940930742925}, "geometry": {"type": "LineString", "coordinates": [[-104.274571, 32.398547], [-104.27873, 32.395077], [-104.281348, 32.393024], [-104.292629, 32.38476], [-104.306292, 32.375933]]}}, {"type": "Feature", "properties": {"layer": "edge", "edge_no": 316, "seg_no": 807, "edge_class": "bridge", "side": "NW", "gap_ft": 0.0, "perf_class": "unknown", "perf_ratio": 0.8325850055546051, "buffer_ft": 1320.0, "rule": "envelope bridge (D27)", "flag": "bridged gap between development trends (D27): any structural or reservoir break here?", "length_ft": 99.99971254951257}, "geometry": {"type": "LineString", "coordinates": [[-104.306292, 32.375933], [-104.30655, 32.375767]]}}, {"type": "Feature", "properties": {"layer": "edge", "edge_no": 317, "seg_no": 817, "edge_class": "pinned", "side": "NW", "gap_ft": 0.0, "perf_class": "rolled", "perf_ratio": 0.4424109182706491, "buffer_ft": 880.0, "rule": "pinned: floor", "flag": "", "length_ft": 18899.542819142127}, "geometry": {"type": "LineString", "coordinates": [[-104.30655, 32.375767], [-104.331086, 32.359997], [-104.332304, 32.359092], [-104.333761, 32.357621], [-104.335028, 32.355706], [-104.335811, 32.353613], [-104.339034, 32.335674]]}}, {"type": "Feature", "properties": {"layer": "edge", "edge_no": 318, "seg_no": 818, "edge_class": "gap", "side": "NW", "gap_ft": 1799.9662071642128, "perf_class": "rolled", "perf_ratio": 0.4424109182706491, "buffer_ft": 880.0, "rule": "gap: k \u00d7 gap", "flag": "", "length_ft": 1999.9942509752866}, "geometry": {"type": "LineString", "coordinates": [[-104.339034, 32.335674], [-104.340004, 32.330237]]}}, {"type": "Feature", "properties": {"layer": "edge", "edge_no": 319, "seg_no": 819, "edge_class": "pinned", "side": "NW", "gap_ft": 0.0, "perf_class": "rolled", "perf_ratio": 0.4424109182706491, "buffer_ft": 880.0, "rule": "pinned: floor", "flag": "", "length_ft": 16099.665033501335}, "geometry": {"type": "LineString", "coordinates": [[-104.340004, 32.330237], [-104.340776, 32.325887], [-104.340911, 32.324242], [-104.34088, 32.298398], [-104.340577, 32.29677], [-104.340104, 32.295456], [-104.335579, 32.286934]]}}, {"type": "Feature", "properties": {"layer": "edge", "edge_no": 320, "seg_no": 820, "edge_class": "bridge", "side": "NW", "gap_ft": 499.9906131011702, "perf_class": "rolled", "perf_ratio": 0.4424109182706491, "buffer_ft": 880.0, "rule": "envelope bridge (D27)", "flag": "bridged gap between development trends (D27): any structural or reservoir break here?", "length_ft": 799.997700390467}, "geometry": {"type": "LineString", "coordinates": [[-104.335579, 32.286934], [-104.334509, 32.284932]]}}, {"type": "Feature", "properties": {"layer": "edge", "edge_no": 321, "seg_no": 821, "edge_class": "bridge", "side": "NW", "gap_ft": 0.0, "perf_class": "rolled", "perf_ratio": 0.4563711585283294, "buffer_ft": 880.0, "rule": "envelope bridge (D27)", "flag": "bridged gap between development trends (D27): any structural or reservoir break here?", "length_ft": 599.9982752924275}, "geometry": {"type": "LineString", "coordinates": [[-104.334509, 32.284932], [-104.333705, 32.28343]]}}, {"type": "Feature", "properties": {"layer": "edge", "edge_no": 322, "seg_no": 822, "edge_class": "bridge", "side": "NW", "gap_ft": 4299.919272670064, "perf_class": "rolled", "perf_ratio": 0.4703313987860096, "buffer_ft": 1612.469727251274, "rule": "envelope bridge (D27)", "flag": "bridged gap between development trends (D27): any structural or reservoir break here?", "length_ft": 1699.99511332901}, "geometry": {"type": "LineString", "coordinates": [[-104.333705, 32.28343], [-104.33143, 32.279174]]}}, {"type": "Feature", "properties": {"layer": "edge", "edge_no": 323, "seg_no": 823, "edge_class": "bridge", "side": "NW", "gap_ft": 0.0, "perf_class": "rolled", "perf_ratio": 0.4994635289714204, "buffer_ft": 880.0, "rule": "envelope bridge (D27)", "flag": "bridged gap between development trends (D27): any structural or reservoir break here?", "length_ft": 15699.844773767905}, "geometry": {"type": "LineString", "coordinates": [[-104.33143, 32.279174], [-104.319655, 32.257142], [-104.318662, 32.254818], [-104.318254, 32.253206], [-104.318, 32.250743], [-104.317997, 32.24277], [-104.318209, 32.238374]]}}, {"type": "Feature", "properties": {"layer": "edge", "edge_no": 324, "seg_no": 828, "edge_class": "bridge", "side": "NW", "gap_ft": 0.0, "perf_class": "unknown", "perf_ratio": 0.7936414795086207, "buffer_ft": 1320.0, "rule": "envelope bridge (D27)", "flag": "bridged gap between development trends (D27): any structural or reservoir break here?", "length_ft": 7499.965501868551}, "geometry": {"type": "LineString", "coordinates": [[-104.318209, 32.238374], [-104.318604, 32.233988], [-104.319554, 32.227439], [-104.320409, 32.22338], [-104.321896, 32.218029]]}}, {"type": "Feature", "properties": {"layer": "edge", "edge_no": 325, "seg_no": 830, "edge_class": "bridge", "side": "NW", "gap_ft": 0.0, "perf_class": "strong", "perf_ratio": 0.9453592163279528, "buffer_ft": 1760.0, "rule": "envelope bridge (D27)", "flag": "bridged gap between development trends (D27): any structural or reservoir break here?", "length_ft": 10399.811394131984}, "geometry": {"type": "LineString", "coordinates": [[-104.321896, 32.218029], [-104.323394, 32.213819], [-104.32449, 32.211232], [-104.325717, 32.208688], [-104.32713, 32.206216], [-104.327976, 32.205044], [-104.328948, 32.203946], [-104.330991, 32.202188], [-104.332805, 32.201038], [-104.335062, 32.199966], [-104.34206, 32.197112]]}}, {"type": "Feature", "properties": {"layer": "edge", "edge_no": 326, "seg_no": 841, "edge_class": "bridge", "side": "NW", "gap_ft": 0.0, "perf_class": "unknown", "perf_ratio": null, "buffer_ft": 1320.0, "rule": "envelope bridge (D27)", "flag": "bridged gap between development trends (D27): any structural or reservoir break here?", "length_ft": 25399.46623119239}, "geometry": {"type": "LineString", "coordinates": [[-104.34206, 32.197112], [-104.406464, 32.170793], [-104.408571, 32.169524], [-104.410335, 32.167921], [-104.411233, 32.166779], [-104.411823, 32.165801], [-104.412646, 32.16372]]}}, {"type": "Feature", "properties": {"layer": "edge", "edge_no": 327, "seg_no": 842, "edge_class": "pinned", "side": "NW", "gap_ft": 0.0, "perf_class": "unknown", "perf_ratio": null, "buffer_ft": 1320.0, "rule": "pinned: floor", "flag": "", "length_ft": 1299.8188709632957}, "geometry": {"type": "LineString", "coordinates": [[-104.412646, 32.16372], [-104.412929, 32.16209], [-104.412892, 32.160168]]}}, {"type": "Feature", "properties": {"layer": "edge", "edge_no": 328, "seg_no": 843, "edge_class": "pinned", "side": "NW", "gap_ft": 0.0, "perf_class": "unknown", "perf_ratio": null, "buffer_ft": 1320.0, "rule": "pinned: floor", "flag": "", "length_ft": 1399.873168245767}, "geometry": {"type": "LineString", "coordinates": [[-104.412892, 32.160168], [-104.412619, 32.158813], [-104.411779, 32.156445]]}}, {"type": "Feature", "properties": {"layer": "edge", "edge_no": 329, "seg_no": 844, "edge_class": "pinned", "side": "NW", "gap_ft": 0.0, "perf_class": "unknown", "perf_ratio": null, "buffer_ft": 1320.0, "rule": "pinned: floor", "flag": "", "length_ft": 1899.994538426553}, "geometry": {"type": "LineString", "coordinates": [[-104.411779, 32.156445], [-104.409926, 32.151464]]}}, {"type": "Feature", "properties": {"layer": "edge", "edge_no": 330, "seg_no": 845, "edge_class": "gap", "side": "NW", "gap_ft": 699.9868583416383, "perf_class": "unknown", "perf_ratio": null, "buffer_ft": 1320.0, "rule": "gap: k \u00d7 gap", "flag": "", "length_ft": 699.9979878419997}, "geometry": {"type": "LineString", "coordinates": [[-104.409926, 32.151464], [-104.409243, 32.149629]]}}, {"type": "Feature", "properties": {"layer": "edge", "edge_no": 331, "seg_no": 846, "edge_class": "pinned", "side": "NW", "gap_ft": 0.0, "perf_class": "unknown", "perf_ratio": null, "buffer_ft": 1320.0, "rule": "pinned: floor", "flag": "", "length_ft": 1599.995400780043}, "geometry": {"type": "LineString", "coordinates": [[-104.409243, 32.149629], [-104.407683, 32.145435]]}}, {"type": "Feature", "properties": {"layer": "edge", "edge_no": 332, "seg_no": 847, "edge_class": "gap", "side": "NW", "gap_ft": 499.9906131011702, "perf_class": "unknown", "perf_ratio": null, "buffer_ft": 1320.0, "rule": "gap: k \u00d7 gap", "flag": "", "length_ft": 199.9994250976734}, "geometry": {"type": "LineString", "coordinates": [[-104.407683, 32.145435], [-104.407488, 32.14491]]}}, {"type": "Feature", "properties": {"layer": "edge", "edge_no": 333, "seg_no": 848, "edge_class": "bridge", "side": "NW", "gap_ft": 0.0, "perf_class": "unknown", "perf_ratio": null, "buffer_ft": 1320.0, "rule": "envelope bridge (D27)", "flag": "bridged gap between development trends (D27): any structural or reservoir break here?", "length_ft": 9299.973267035175}, "geometry": {"type": "LineString", "coordinates": [[-104.407488, 32.14491], [-104.398421, 32.12053]]}}, {"type": "Feature", "properties": {"layer": "edge", "edge_no": 334, "seg_no": 850, "edge_class": "bridge", "side": "NW", "gap_ft": 0.0, "perf_class": "rolled", "perf_ratio": 0.590319704080338, "buffer_ft": 880.0, "rule": "envelope bridge (D27)", "flag": "bridged gap between development trends (D27): any structural or reservoir break here?", "length_ft": 16899.92636420806}, "geometry": {"type": "LineString", "coordinates": [[-104.398421, 32.12053], [-104.394426, 32.109781], [-104.393915, 32.10819], [-104.391957, 32.100674], [-104.387854, 32.087093], [-104.386597, 32.082261], [-104.385089, 32.075508]]}}, {"type": "Feature", "properties": {"layer": "edge", "edge_no": 335, "seg_no": 880, "edge_class": "gap", "side": "NW", "gap_ft": 4899.908008391468, "perf_class": "unknown", "perf_ratio": null, "buffer_ft": 1320.0, "rule": "gap: pre-2016 beyond -> floor (D5)", "flag": "pre-2016 laterals beyond this gap were not followed up; held to the floor", "length_ft": 12099.956188427288}, "geometry": {"type": "LineString", "coordinates": [[-104.385089, 32.075508], [-104.38372, 32.068176], [-104.382362, 32.058346], [-104.381494, 32.048475], [-104.381199, 32.042431]]}}, {"type": "Feature", "properties": {"layer": "edge", "edge_no": 336, "seg_no": 886, "edge_class": "bridge", "side": "W", "gap_ft": 0.0, "perf_class": "rolled", "perf_ratio": 0.3910924392239552, "buffer_ft": 880.0, "rule": "envelope bridge (D27)", "flag": "bridged gap between development trends (D27): any structural or reservoir break here?", "length_ft": 13199.957071551937}, "geometry": {"type": "LineString", "coordinates": [[-104.381199, 32.042431], [-104.381057, 32.032808], [-104.381363, 32.022363], [-104.381742, 32.016323], [-104.382698, 32.006182]]}}, {"type": "Feature", "properties": {"layer": "edge", "edge_no": 337, "seg_no": 887, "edge_class": "bridge", "side": "W", "gap_ft": 3599.9324143284257, "perf_class": "rolled", "perf_ratio": 0.3112094912821859, "buffer_ft": 1349.9746553731597, "rule": "envelope bridge (D27)", "flag": "bridged gap between development trends (D27): any structural or reservoir break here?", "length_ft": 4999.982784679411}, "geometry": {"type": "LineString", "coordinates": [[-104.382698, 32.006182], [-104.383441, 32.000165], [-104.384585, 31.992528]]}}, {"type": "Feature", "properties": {"layer": "edge", "edge_no": 338, "seg_no": 0, "edge_class": "bridge", "side": "W", "gap_ft": 0.0, "perf_class": "rolled", "perf_ratio": 0.3305321046664693, "buffer_ft": 880.0, "rule": "envelope bridge (D27)", "flag": "bridged gap between development trends (D27): any structural or reservoir break here?", "length_ft": 2699.991299491484}, "geometry": {"type": "LineString", "coordinates": [[-104.384585, 31.992528], [-104.385864, 31.985185]]}}, {"type": "Feature", "properties": {"layer": "edge", "edge_no": 339, "seg_no": 1, "edge_class": "bridge", "side": "W", "gap_ft": 3099.9418012272554, "perf_class": "rolled", "perf_ratio": 0.3112094912821859, "buffer_ft": 1162.4781754602209, "rule": "envelope bridge (D27)", "flag": "bridged gap between development trends (D27): any structural or reservoir break here?", "length_ft": 1199.9955408522642}, "geometry": {"type": "LineString", "coordinates": [[-104.385864, 31.985185], [-104.386483, 31.981928]]}}, {"type": "Feature", "properties": {"layer": "edge", "edge_no": 340, "seg_no": 2, "edge_class": "bridge", "side": "W", "gap_ft": 0.0, "perf_class": "rolled", "perf_ratio": 0.2918868778979024, "buffer_ft": 880.0, "rule": "envelope bridge (D27)", "flag": "bridged gap between development trends (D27): any structural or reservoir break here?", "length_ft": 7399.976820677871}, "geometry": {"type": "LineString", "coordinates": [[-104.386483, 31.981928], [-104.38873, 31.971376], [-104.391044, 31.961957]]}}, {"type": "Feature", "properties": {"layer": "edge", "edge_no": 341, "seg_no": 3, "edge_class": "bridge", "side": "W", "gap_ft": 7899.85168699849, "perf_class": "rolled", "perf_ratio": 0.21561075246437578, "buffer_ft": 2962.4443826244337, "rule": "envelope bridge (D27)", "flag": "bridged gap between development trends (D27): any structural or reservoir break here?", "length_ft": 5299.983529471413}, "geometry": {"type": "LineString", "coordinates": [[-104.391044, 31.961957], [-104.393353, 31.953381], [-104.394986, 31.947777]]}}, {"type": "Feature", "properties": {"layer": "edge", "edge_no": 342, "seg_no": 4, "edge_class": "bridge", "side": "W", "gap_ft": 0.0, "perf_class": "rolled", "perf_ratio": 0.21561075246437578, "buffer_ft": 880.0, "rule": "envelope bridge (D27)", "flag": "bridged gap between development trends (D27): any structural or reservoir break here?", "length_ft": 32299.86255764553}, "geometry": {"type": "LineString", "coordinates": [[-104.394986, 31.947777], [-104.397114, 31.940862], [-104.401164, 31.928694], [-104.40812, 31.909517], [-104.410224, 31.903453], [-104.413359, 31.893922], [-104.41409, 31.892102], [-104.415391, 31.889892], [-104.432585, 31.865665]]}}, {"type": "Feature", "properties": {"layer": "edge", "edge_no": 343, "seg_no": 18, "edge_class": "bridge", "side": "W", "gap_ft": 0.0, "perf_class": "rolled", "perf_ratio": 0.5071494700120673, "buffer_ft": 880.0, "rule": "envelope bridge (D27)", "flag": "bridged gap between development trends (D27): any structural or reservoir break here?", "length_ft": 4099.988214500198}, "geometry": {"type": "LineString", "coordinates": [[-104.432585, 31.865665], [-104.439427, 31.856021]]}}, {"type": "Feature", "properties": {"layer": "edge", "edge_no": 344, "seg_no": 19, "edge_class": "pinned", "side": "W", "gap_ft": 0.0, "perf_class": "rolled", "perf_ratio": 0.46854582548522156, "buffer_ft": 880.0, "rule": "pinned: floor", "flag": "", "length_ft": 13699.604514584482}, "geometry": {"type": "LineString", "coordinates": [[-104.439427, 31.856021], [-104.442097, 31.852258], [-104.442847, 31.851042], [-104.443513, 31.849495], [-104.44389, 31.847879], [-104.44399, 31.846507], [-104.443878, 31.822309], [-104.443821, 31.82011], [-104.443706, 31.819291]]}}, {"type": "Feature", "properties": {"layer": "edge", "edge_no": 345, "seg_no": 20, "edge_class": "pinned", "side": "W", "gap_ft": 0.0, "perf_class": "rolled", "perf_ratio": 0.36974827866136734, "buffer_ft": 880.0, "rule": "pinned: floor", "flag": "", "length_ft": 7499.561943200144}, "geometry": {"type": "LineString", "coordinates": [[-104.443706, 31.819291], [-104.443166, 31.817425], [-104.442404, 31.815911], [-104.441571, 31.814735], [-104.440123, 31.813263], [-104.438663, 31.812185], [-104.42725, 31.805016]]}}]}