{"type": "FeatureCollection", "name": "box_extent_BS2_S_v1", "crs_note": "EPSG:4326", "params": {"k": 0.75, "cap_ft": 7920.0, "floor_ft": 880.0, "perf_ref": "pool", "local_radius_ft": 52800.0, "local_min_n": 15, "sample_ft": 200.0, "stepout_reach_mi": 5.0, "front_min_ok": 3, "front_ok_over_rolled": 2.0, "lateral_core_ft": 50.0, "quantum_ft": 110.0, "smooth_ft": 330.0, "legacy_fill_cover": 0.9, "bridge_mi": 8.0, "envelope": true, "min_cluster": 3, "cluster_link_mi": 1.0, "gen_tol_mi": 2.0, "gen_shoulder_mi": 1.5, "gen_round_mi": 0.75, "uniform": false}, "edge_params": {"pin_radius_ft": 2640.0, "close_ft": 3960.0, "quad_segs": 4, "ring_step_ft": 100.0, "pin_slack_ft": 60.0, "edge_reach_ft": 2640.0, "interior_depth_ft": 5280.0, "neg_evidence_ft": 2640.0, "min_body_wells": 5}, "features": [{"type": "Feature", "properties": {"layer": "extent", "pool": "BS2_S", "basin": "delaware", "version": 1, "source": "generated", "built": "2026-10-09T13:42:25-05:00"}, "geometry": {"type": "MultiPolygon", "coordinates": [[[[-104.337409, 32.538612], [-104.338143, 32.538971], [-104.338848, 32.539371], [-104.339521, 32.539808], [-104.340158, 32.540283], [-104.340756, 32.540792], [-104.341314, 32.541333], [-104.341828, 32.541904], [-104.342297, 32.542503], [-104.342718, 32.543127], [-104.34309, 32.543773], [-104.34341, 32.544438], [-104.343678, 32.545119], [-104.343892, 32.545814], [-104.344052, 32.54652], [-104.344157, 32.547233], [-104.344206, 32.54795], [-104.344198, 32.548668], [-104.344135, 32.549385], [-104.344017, 32.550096], [-104.343843, 32.550799], [-104.343615, 32.551491], [-104.343333, 32.552169], [-104.342999, 32.552829], [-104.342615, 32.55347], [-104.342181, 32.554087], [-104.341701, 32.554679], [-104.341175, 32.555243], [-104.340606, 32.555776], [-104.339998, 32.556277], [-104.339351, 32.556742], [-104.288019, 32.591259], [-104.28789, 32.591348], [-104.287507, 32.591619], [-104.287381, 32.591711], [-104.286924, 32.592052], [-104.2868, 32.592147], [-104.286495, 32.592387], [-104.286257, 32.592584], [-104.285967, 32.592837], [-104.285853, 32.592939], [-104.285666, 32.593111], [-104.285555, 32.593216], [-104.285281, 32.593481], [-104.285068, 32.593698], [-104.28481, 32.593975], [-104.284709, 32.594087], [-104.284345, 32.5945], [-104.284247, 32.594614], [-104.283959, 32.59496], [-104.283864, 32.595076], [-104.283647, 32.595352], [-104.28354, 32.595489], [-104.283369, 32.595712], [-104.28327, 32.595843], [-104.282048, 32.597493], [-104.281947, 32.597632], [-104.281783, 32.597859], [-104.281689, 32.597993], [-104.280524, 32.599673], [-104.280428, 32.599815], [-104.280273, 32.600046], [-104.280183, 32.600182], [-104.279075, 32.601893], [-104.278983, 32.602037], [-104.278837, 32.602271], [-104.278752, 32.602408], [-104.277699, 32.604153], [-104.277613, 32.604298], [-104.277475, 32.604534], [-104.277396, 32.604673], [-104.276398, 32.606453], [-104.276318, 32.606599], [-104.276189, 32.606837], [-104.276115, 32.606977], [-104.275172, 32.608792], [-104.275097, 32.608939], [-104.274977, 32.609178], [-104.274908, 32.609318], [-104.274019, 32.611171], [-104.27395, 32.611318], [-104.27384, 32.611558], [-104.273776, 32.611699], [-104.272942, 32.61359], [-104.272878, 32.613737], [-104.272777, 32.613976], [-104.272719, 32.614117], [-104.271939, 32.616049], [-104.271881, 32.616195], [-104.271789, 32.616434], [-104.271736, 32.616574], [-104.271011, 32.618547], [-104.270959, 32.618693], [-104.270875, 32.61893], [-104.270828, 32.619069], [-104.270158, 32.621085], [-104.270111, 32.621229], [-104.270036, 32.621465], [-104.269994, 32.621603], [-104.26938, 32.623662], [-104.269338, 32.623806], [-104.269272, 32.624039], [-104.269234, 32.624176], [-104.268676, 32.626279], [-104.268639, 32.626422], [-104.268606, 32.626557], [-104.268576, 32.626686], [-104.268488, 32.627089], [-104.26846, 32.627223], [-104.268408, 32.627502], [-104.268375, 32.627702], [-104.268289, 32.628304], [-104.268264, 32.628506], [-104.268233, 32.628825], [-104.268224, 32.628925], [-104.268201, 32.629228], [-104.268194, 32.629329], [-104.265143, 32.685322], [-104.265076, 32.686034], [-104.264955, 32.68674], [-104.264778, 32.687439], [-104.264549, 32.688126], [-104.264266, 32.688799], [-104.263932, 32.689454], [-104.263548, 32.69009], [-104.263115, 32.690703], [-104.262636, 32.691291], [-104.262112, 32.691851], [-104.261546, 32.692381], [-104.26094, 32.692878], [-104.260296, 32.693341], [-104.259619, 32.693767], [-104.258909, 32.694154], [-104.258171, 32.694501], [-104.220203, 32.711009], [-104.220042, 32.711081], [-104.219561, 32.711305], [-104.219402, 32.711382], [-104.218825, 32.711668], [-104.218669, 32.711749], [-104.218281, 32.711954], [-104.217977, 32.712126], [-104.217604, 32.71235], [-104.217456, 32.712441], [-104.216921, 32.712781], [-104.216777, 32.712876], [-104.216348, 32.713165], [-104.216206, 32.713263], [-104.212743, 32.71574], [-104.21267, 32.715792], [-104.212638, 32.715814], [-104.212525, 32.715893], [-104.208472, 32.718682], [-104.2084, 32.718732], [-104.20837, 32.718752], [-104.20826, 32.718825], [-104.204036, 32.721626], [-104.203966, 32.721672], [-104.203937, 32.721691], [-104.203831, 32.72176], [-104.199436, 32.724571], [-104.199369, 32.724614], [-104.19934, 32.724632], [-104.199238, 32.724696], [-104.194672, 32.727518], [-104.194607, 32.727558], [-104.19458, 32.727575], [-104.19448, 32.727635], [-104.189744, 32.730466], [-104.189681, 32.730503], [-104.189655, 32.730519], [-104.189559, 32.730575], [-104.184698, 32.733389], [-104.184546, 32.733476], [-104.179441, 32.736341], [-104.179292, 32.736423], [-104.174226, 32.739182], [-104.173919, 32.739344], [-104.173818, 32.739396], [-104.173508, 32.739549], [-104.168335, 32.742031], [-104.168049, 32.742165], [-104.167953, 32.742208], [-104.167663, 32.742335], [-104.161992, 32.744743], [-104.161725, 32.744853], [-104.161635, 32.744889], [-104.161365, 32.744994], [-104.157296, 32.746527], [-104.157174, 32.746574], [-104.156809, 32.746719], [-104.156688, 32.746769], [-104.156308, 32.746928], [-104.156069, 32.747034], [-104.155363, 32.747362], [-104.15513, 32.747476], [-104.154766, 32.747662], [-104.154652, 32.747722], [-104.154311, 32.747904], [-104.154199, 32.747966], [-104.093563, 32.78197], [-104.092875, 32.78233], [-104.092161, 32.782653], [-104.091425, 32.782937], [-104.090669, 32.783181], [-104.089897, 32.783385], [-104.089111, 32.783548], [-104.088314, 32.783669], [-104.08751, 32.783747], [-104.086702, 32.783782], [-104.039034, 32.784593], [-104.038123, 32.784582], [-104.037216, 32.784515], [-104.036316, 32.784395], [-104.035429, 32.784222], [-104.035321, 32.784197], [-104.035163, 32.784163], [-104.034685, 32.784065], [-104.034525, 32.784035], [-104.033937, 32.783928], [-104.033775, 32.7839], [-104.033371, 32.783836], [-104.033046, 32.783791], [-104.032639, 32.783744], [-104.032476, 32.783727], [-104.032205, 32.783702], [-104.032041, 32.783688], [-104.031631, 32.783659], [-104.031303, 32.783643], [-104.030892, 32.783631], [-104.030727, 32.783628], [-104.030455, 32.783627], [-104.030291, 32.783627], [-104.029879, 32.783633], [-104.029551, 32.783646], [-104.02914, 32.783669], [-104.028976, 32.783681], [-104.028705, 32.783702], [-104.028542, 32.783717], [-104.028133, 32.783759], [-104.027808, 32.783799], [-104.027403, 32.783858], [-104.027241, 32.783884], [-104.026974, 32.783928], [-104.026813, 32.783957], [-104.026412, 32.784034], [-104.026093, 32.784102], [-104.025697, 32.784196], [-104.025539, 32.784235], [-104.025278, 32.784302], [-104.025122, 32.784345], [-104.024732, 32.784456], [-104.024423, 32.784551], [-104.02404, 32.784678], [-104.023888, 32.784731], [-104.023334, 32.784929], [-104.023183, 32.784985], [-104.022917, 32.785087], [-104.02209, 32.785375], [-104.021241, 32.785615], [-104.020374, 32.785803], [-104.019494, 32.785941], [-104.018605, 32.786027], [-104.017711, 32.78606], [-103.968014, 32.786447], [-103.967907, 32.786447], [-103.943662, 32.786457], [-103.885248, 32.786421], [-103.884385, 32.786395], [-103.883526, 32.786322], [-103.882675, 32.786199], [-103.881836, 32.786029], [-103.881012, 32.785812], [-103.880207, 32.785549], [-103.865551, 32.780269], [-103.865408, 32.78022], [-103.864978, 32.780075], [-103.864834, 32.780028], [-103.864378, 32.779885], [-103.864086, 32.779801], [-103.863205, 32.779564], [-103.862909, 32.779491], [-103.862811, 32.779469], [-103.862512, 32.779409], [-103.861608, 32.779244], [-103.861305, 32.779196], [-103.861205, 32.779182], [-103.8609, 32.779146], [-103.859981, 32.779055], [-103.859674, 32.779031], [-103.859573, 32.779025], [-103.859265, 32.779014], [-103.858341, 32.778998], [-103.858033, 32.778999], [-103.857932, 32.779001], [-103.857624, 32.779015], [-103.856702, 32.779073], [-103.856395, 32.779099], [-103.855912, 32.77915], [-103.855759, 32.779167], [-103.855301, 32.779225], [-103.855149, 32.779245], [-103.808716, 32.786011], [-103.808005, 32.786097], [-103.80729, 32.78615], [-103.806572, 32.786169], [-103.795927, 32.786199], [-103.795869, 32.786199], [-103.785446, 32.786187], [-103.785394, 32.786187], [-103.780005, 32.786163], [-103.779892, 32.786162], [-103.779709, 32.786159], [-103.779653, 32.786159], [-103.779313, 32.786153], [-103.779062, 32.786149], [-103.77878, 32.786145], [-103.778473, 32.78614], [-103.778153, 32.786135], [-103.747542, 32.785648], [-103.746721, 32.785613], [-103.745904, 32.785533], [-103.745095, 32.78541], [-103.744296, 32.785243], [-103.743512, 32.785034], [-103.742745, 32.784783], [-103.728827, 32.779784], [-103.72848, 32.779654], [-103.728365, 32.779609], [-103.728022, 32.779471], [-103.707053, 32.770669], [-103.706904, 32.770608], [-103.706452, 32.77043], [-103.7063, 32.770373], [-103.705743, 32.770168], [-103.70559, 32.770114], [-103.705205, 32.769983], [-103.704894, 32.769884], [-103.704501, 32.76977], [-103.704344, 32.769726], [-103.704082, 32.769656], [-103.703923, 32.769615], [-103.703524, 32.769518], [-103.703202, 32.769447], [-103.702798, 32.769367], [-103.702636, 32.769337], [-103.702367, 32.76929], [-103.702204, 32.769264], [-103.701795, 32.769202], [-103.701467, 32.769159], [-103.701055, 32.769115], [-103.70089, 32.769099], [-103.700616, 32.769076], [-103.700451, 32.769064], [-103.700037, 32.769038], [-103.699705, 32.769024], [-103.69929, 32.769016], [-103.699124, 32.769014], [-103.698849, 32.769015], [-103.698683, 32.769017], [-103.698268, 32.769027], [-103.697936, 32.769042], [-103.697522, 32.769071], [-103.697357, 32.769084], [-103.696753, 32.769138], [-103.696588, 32.769154], [-103.696094, 32.76921], [-103.69593, 32.76923], [-103.671184, 32.772546], [-103.670223, 32.772644], [-103.669255, 32.77268], [-103.649256, 32.772793], [-103.649149, 32.772794], [-103.645493, 32.772788], [-103.644646, 32.772764], [-103.643804, 32.772692], [-103.642968, 32.772574], [-103.642144, 32.772409], [-103.641334, 32.7722], [-103.640543, 32.771945], [-103.639773, 32.771648], [-103.639027, 32.771308], [-103.63831, 32.770927], [-103.637624, 32.770508], [-103.617781, 32.757516], [-103.617648, 32.757431], [-103.617246, 32.757181], [-103.61711, 32.757099], [-103.61661, 32.756805], [-103.616472, 32.756726], [-103.616124, 32.756533], [-103.615841, 32.756384], [-103.615481, 32.756206], [-103.615337, 32.756137], [-103.615095, 32.756024], [-103.614948, 32.755958], [-103.614579, 32.755796], [-103.614279, 32.755673], [-103.6139, 32.755527], [-103.613747, 32.75547], [-103.613493, 32.75538], [-103.613339, 32.755326], [-103.612952, 32.755197], [-103.612638, 32.755101], [-103.612244, 32.754989], [-103.612085, 32.754946], [-103.611821, 32.754878], [-103.611661, 32.754839], [-103.61126, 32.754744], [-103.610937, 32.754676], [-103.610531, 32.754599], [-103.610367, 32.75457], [-103.610097, 32.754525], [-103.609933, 32.7545], [-103.609522, 32.754441], [-103.609193, 32.754401], [-103.608779, 32.754361], [-103.608613, 32.754346], [-103.608339, 32.754325], [-103.608173, 32.754314], [-103.607757, 32.754291], [-103.607424, 32.754281], [-103.607008, 32.754276], [-103.606841, 32.754276], [-103.606232, 32.754283], [-103.606065, 32.754287], [-103.605566, 32.754303], [-103.605399, 32.75431], [-103.538678, 32.757951], [-103.537821, 32.757973], [-103.536965, 32.757948], [-103.536112, 32.757874], [-103.535267, 32.757752], [-103.534434, 32.757583], [-103.533616, 32.757368], [-103.532816, 32.757107], [-103.532039, 32.756802], [-103.531287, 32.756454], [-103.530565, 32.756064], [-103.529875, 32.755635], [-103.52922, 32.755168], [-103.528603, 32.754665], [-103.528027, 32.754129], [-103.527495, 32.753561], [-103.527009, 32.752965], [-103.526876, 32.752789], [-103.52662, 32.752461], [-103.526532, 32.752352], [-103.52625, 32.752009], [-103.526066, 32.751796], [-103.525494, 32.751168], [-103.525298, 32.750963], [-103.525231, 32.750897], [-103.525023, 32.7507], [-103.524383, 32.750122], [-103.524163, 32.749933], [-103.52409, 32.749873], [-103.52386, 32.749694], [-103.523156, 32.749171], [-103.522916, 32.749002], [-103.522836, 32.748948], [-103.522587, 32.748788], [-103.521826, 32.748326], [-103.521568, 32.748177], [-103.521482, 32.748129], [-103.521216, 32.747991], [-103.520406, 32.747593], [-103.520132, 32.747466], [-103.520041, 32.747426], [-103.51976, 32.74731], [-103.518908, 32.74698], [-103.518621, 32.746876], [-103.518525, 32.746843], [-103.518233, 32.746751], [-103.517347, 32.746493], [-103.517049, 32.746412], [-103.516951, 32.746388], [-103.516649, 32.74632], [-103.515737, 32.746135], [-103.515432, 32.74608], [-103.515331, 32.746064], [-103.515022, 32.746021], [-103.514094, 32.745911], [-103.513784, 32.745881], [-103.513292, 32.745844], [-103.513136, 32.745834], [-103.512668, 32.745807], [-103.512512, 32.7458], [-103.461948, 32.744014], [-103.461111, 32.743961], [-103.460279, 32.743862], [-103.459457, 32.743718], [-103.458648, 32.743528], [-103.457855, 32.743295], [-103.457081, 32.743018], [-103.456331, 32.742699], [-103.455607, 32.74234], [-103.454912, 32.741941], [-103.45425, 32.741505], [-103.453622, 32.741033], [-103.453032, 32.740528], [-103.452483, 32.739992], [-103.451975, 32.739426], [-103.451513, 32.738834], [-103.451097, 32.738217], [-103.45073, 32.737579], [-103.450413, 32.736922], [-103.450147, 32.736249], [-103.449933, 32.735562], [-103.419507, 32.622804], [-103.419469, 32.62267], [-103.419348, 32.62227], [-103.419306, 32.622137], [-103.419144, 32.621652], [-103.419098, 32.62152], [-103.418978, 32.621191], [-103.418874, 32.62093], [-103.418734, 32.620606], [-103.418676, 32.620478], [-103.418577, 32.620265], [-103.418515, 32.620138], [-103.418356, 32.619821], [-103.418222, 32.61957], [-103.418044, 32.61926], [-103.417971, 32.619137], [-103.417847, 32.618935], [-103.417771, 32.618813], [-103.417575, 32.618511], [-103.417411, 32.618273], [-103.417197, 32.61798], [-103.41711, 32.617864], [-103.416962, 32.617673], [-103.416871, 32.617559], [-103.41664, 32.617275], [-103.416449, 32.617053], [-103.416201, 32.616779], [-103.4161, 32.616671], [-103.415931, 32.616494], [-103.415827, 32.616388], [-103.415563, 32.616126], [-103.415346, 32.61592], [-103.415067, 32.61567], [-103.414954, 32.615571], [-103.414535, 32.615213], [-103.414419, 32.615116], [-103.414066, 32.61483], [-103.413947, 32.614736], [-103.396325, 32.60114], [-103.395744, 32.600662], [-103.395199, 32.600154], [-103.394692, 32.599617], [-103.394227, 32.599055], [-103.393805, 32.598468], [-103.393427, 32.597861], [-103.393095, 32.597234], [-103.392811, 32.596591], [-103.392575, 32.595935], [-103.392388, 32.595266], [-103.392252, 32.59459], [-103.392166, 32.593907], [-103.392131, 32.593221], [-103.391218, 32.52563], [-103.391214, 32.525499], [-103.391198, 32.525104], [-103.391191, 32.524973], [-103.391161, 32.524558], [-103.391135, 32.524296], [-103.391035, 32.523512], [-103.390994, 32.523251], [-103.390978, 32.523166], [-103.390922, 32.522908], [-103.390733, 32.522135], [-103.390662, 32.521879], [-103.390637, 32.521796], [-103.390552, 32.521543], [-103.390276, 32.52079], [-103.390176, 32.52054], [-103.390141, 32.520459], [-103.390028, 32.520215], [-103.389667, 32.519488], [-103.38954, 32.519248], [-103.389496, 32.51917], [-103.389355, 32.518935], [-103.388913, 32.518241], [-103.38876, 32.518013], [-103.388707, 32.517939], [-103.38854, 32.517717], [-103.388021, 32.517062], [-103.387842, 32.516848], [-103.387781, 32.516779], [-103.38759, 32.516571], [-103.386999, 32.515962], [-103.386796, 32.515763], [-103.386728, 32.515699], [-103.386514, 32.515509], [-103.385856, 32.514951], [-103.385631, 32.514769], [-103.385556, 32.514711], [-103.385321, 32.514539], [-103.384603, 32.514037], [-103.384359, 32.513875], [-103.384277, 32.513823], [-103.384024, 32.513671], [-103.383252, 32.51323], [-103.382991, 32.513089], [-103.382904, 32.513044], [-103.382634, 32.512913], [-103.381816, 32.512538], [-103.381539, 32.512418], [-103.381448, 32.512381], [-103.381416, 32.512369], [-103.380646, 32.512048], [-103.379902, 32.511683], [-103.379189, 32.511278], [-103.378509, 32.510833], [-103.377866, 32.510351], [-103.377262, 32.509833], [-103.376701, 32.509282], [-103.376184, 32.508701], [-103.375714, 32.508091], [-103.375294, 32.507457], [-103.374924, 32.5068], [-103.374607, 32.506123], [-103.374344, 32.505431], [-103.374137, 32.504724], [-103.373985, 32.504008], [-103.37389, 32.503285], [-103.371753, 32.479826], [-103.37174, 32.479701], [-103.371696, 32.479328], [-103.371679, 32.479203], [-103.371622, 32.478811], [-103.371579, 32.478563], [-103.37143, 32.477823], [-103.371374, 32.477578], [-103.371353, 32.477497], [-103.371283, 32.477254], [-103.371055, 32.476529], [-103.370972, 32.476289], [-103.370943, 32.47621], [-103.370847, 32.475974], [-103.370566, 32.475326], [-103.370297, 32.474637], [-103.370082, 32.473934], [-103.369924, 32.473221], [-103.369822, 32.4725], [-103.369776, 32.471776], [-103.368492, 32.416131], [-103.368487, 32.41601], [-103.36847, 32.415649], [-103.368462, 32.415528], [-103.368433, 32.415147], [-103.368409, 32.414907], [-103.368317, 32.414188], [-103.36828, 32.413948], [-103.368265, 32.41387], [-103.368216, 32.413632], [-103.368049, 32.412923], [-103.367987, 32.412687], [-103.367965, 32.41261], [-103.367891, 32.412377], [-103.36765, 32.411683], [-103.367564, 32.411453], [-103.367534, 32.411378], [-103.367436, 32.411151], [-103.367124, 32.410477], [-103.367014, 32.410255], [-103.366831, 32.409906], [-103.366772, 32.409797], [-103.36659, 32.409469], [-103.366528, 32.409361], [-103.353594, 32.387376], [-103.35324, 32.38672], [-103.352938, 32.386046], [-103.352689, 32.385356], [-103.352494, 32.384654], [-103.352355, 32.383942], [-103.352272, 32.383224], [-103.352244, 32.382503], [-103.352278, 32.356913], [-103.352278, 32.35668], [-103.352306, 32.355981], [-103.352386, 32.355284], [-103.352519, 32.354593], [-103.352704, 32.35391], [-103.369612, 32.299589], [-103.369661, 32.29942], [-103.369799, 32.298909], [-103.369842, 32.298738], [-103.370067, 32.297768], [-103.370103, 32.297596], [-103.370203, 32.297079], [-103.370233, 32.296906], [-103.370448, 32.295502], [-103.370463, 32.295408], [-103.370484, 32.295256], [-103.370497, 32.295167], [-103.371082, 32.290788], [-103.371094, 32.290692], [-103.371113, 32.290537], [-103.371124, 32.290446], [-103.371615, 32.286106], [-103.371625, 32.286009], [-103.371642, 32.28585], [-103.371651, 32.285758], [-103.372047, 32.281458], [-103.372056, 32.281358], [-103.372069, 32.281197], [-103.372077, 32.281103], [-103.37238, 32.276842], [-103.372386, 32.276741], [-103.372396, 32.276576], [-103.372402, 32.276481], [-103.372612, 32.272259], [-103.372616, 32.272156], [-103.372623, 32.271989], [-103.372626, 32.271892], [-103.372744, 32.267709], [-103.372746, 32.267604], [-103.372749, 32.267435], [-103.37275, 32.267336], [-103.372775, 32.263192], [-103.372775, 32.263085], [-103.372774, 32.262913], [-103.372773, 32.262813], [-103.372706, 32.258707], [-103.372704, 32.258599], [-103.372699, 32.258425], [-103.372696, 32.258323], [-103.372537, 32.254255], [-103.372532, 32.254146], [-103.372524, 32.253969], [-103.372518, 32.253866], [-103.372268, 32.249836], [-103.37226, 32.249726], [-103.372247, 32.249547], [-103.372239, 32.249442], [-103.371898, 32.24545], [-103.371888, 32.245338], [-103.371871, 32.245157], [-103.37186, 32.245052], [-103.371429, 32.241096], [-103.371416, 32.240984], [-103.371394, 32.240801], [-103.37138, 32.240694], [-103.370859, 32.236775], [-103.370843, 32.236662], [-103.370816, 32.236478], [-103.3708, 32.23637], [-103.370188, 32.232487], [-103.37017, 32.232373], [-103.370138, 32.232187], [-103.370119, 32.232079], [-103.369418, 32.228231], [-103.369396, 32.228116], [-103.36936, 32.22793], [-103.369338, 32.227821], [-103.368547, 32.224009], [-103.368522, 32.223893], [-103.368481, 32.223706], [-103.368457, 32.223596], [-103.367576, 32.219818], [-103.367548, 32.219702], [-103.367502, 32.219514], [-103.367475, 32.219405], [-103.366505, 32.215661], [-103.366474, 32.215544], [-103.366423, 32.215356], [-103.366392, 32.215246], [-103.365333, 32.211535], [-103.365299, 32.211419], [-103.365243, 32.211231], [-103.36521, 32.211121], [-103.364061, 32.207443], [-103.364024, 32.207327], [-103.363963, 32.207139], [-103.363927, 32.207029], [-103.362689, 32.203383], [-103.362649, 32.203267], [-103.362583, 32.203079], [-103.362543, 32.20297], [-103.361216, 32.199356], [-103.361173, 32.19924], [-103.361102, 32.199053], [-103.36106, 32.198944], [-103.359643, 32.195361], [-103.359597, 32.195246], [-103.359521, 32.19506], [-103.359476, 32.194952], [-103.35797, 32.191399], [-103.357921, 32.191285], [-103.35784, 32.1911], [-103.357792, 32.190992], [-103.356197, 32.187469], [-103.356145, 32.187356], [-103.356059, 32.187173], [-103.356009, 32.187066], [-103.354323, 32.183572], [-103.354268, 32.18346], [-103.354178, 32.183279], [-103.354124, 32.183173], [-103.352348, 32.179708], [-103.352291, 32.179597], [-103.352196, 32.179418], [-103.35214, 32.179313], [-103.350274, 32.175876], [-103.350213, 32.175767], [-103.350115, 32.17559], [-103.350056, 32.175487], [-103.348238, 32.17232], [-103.348175, 32.172213], [-103.347981, 32.171894], [-103.347915, 32.171789], [-103.347703, 32.171456], [-103.347563, 32.171249], [-103.347127, 32.170634], [-103.346977, 32.170431], [-103.346925, 32.170366], [-103.346765, 32.170169], [-103.346267, 32.169589], [-103.346096, 32.169399], [-103.345818, 32.169104], [-103.345729, 32.169011], [-103.345459, 32.168735], [-103.345367, 32.168644], [-103.317338, 32.141357], [-103.316803, 32.1408], [-103.316313, 32.140215], [-103.315869, 32.139603], [-103.315474, 32.138967], [-103.315129, 32.138311], [-103.314836, 32.137637], [-103.314595, 32.136948], [-103.314409, 32.136247], [-103.314277, 32.135537], [-103.310701, 32.111035], [-103.310622, 32.110283], [-103.310605, 32.109528], [-103.310649, 32.108774], [-103.310755, 32.108024], [-103.310922, 32.107282], [-103.319993, 32.073282], [-103.320022, 32.073168], [-103.320104, 32.072826], [-103.32013, 32.072712], [-103.320208, 32.072349], [-103.320251, 32.072119], [-103.320364, 32.071427], [-103.320396, 32.071195], [-103.320404, 32.071119], [-103.320424, 32.070887], [-103.320467, 32.070189], [-103.320475, 32.069956], [-103.320479, 32.069587], [-103.320479, 32.069471], [-103.320474, 32.069121], [-103.320471, 32.069005], [-103.320323, 32.065264], [-103.320318, 32.06511], [-103.320183, 32.059214], [-103.320181, 32.059063], [-103.32014, 32.053059], [-103.32014, 32.052914], [-103.320195, 32.046801], [-103.320197, 32.046661], [-103.320347, 32.04044], [-103.320351, 32.040304], [-103.320596, 32.033975], [-103.320602, 32.033843], [-103.320943, 32.027406], [-103.32095, 32.027279], [-103.321387, 32.020734], [-103.321396, 32.020611], [-103.321928, 32.013958], [-103.321938, 32.013839], [-103.322566, 32.007079], [-103.322578, 32.006963], [-103.323302, 32.000096], [-103.323314, 31.999984], [-103.324127, 31.993073], [-103.32414, 31.992967], [-103.325022, 31.986136], [-103.325038, 31.986023], [-103.325965, 31.979473], [-103.325983, 31.979354], [-103.326963, 31.973015], [-103.326983, 31.972889], [-103.328016, 31.966764], [-103.32804, 31.96663], [-103.329125, 31.96072], [-103.329152, 31.960579], [-103.3298, 31.957329], [-103.329822, 31.957208], [-103.329885, 31.95684], [-103.329905, 31.956717], [-103.330006, 31.95602], [-103.330022, 31.955896], [-103.330066, 31.955526], [-103.330079, 31.955403], [-103.336011, 31.890201], [-103.336105, 31.88948], [-103.336255, 31.888766], [-103.336461, 31.888062], [-103.336721, 31.887371], [-103.337034, 31.886697], [-103.337399, 31.886041], [-103.337815, 31.885408], [-103.338279, 31.8848], [-103.33879, 31.88422], [-103.339345, 31.88367], [-103.339941, 31.883153], [-103.340576, 31.882671], [-103.341248, 31.882226], [-103.341953, 31.88182], [-103.342688, 31.881455], [-103.34345, 31.881133], [-103.344235, 31.880855], [-103.345041, 31.880622], [-103.345862, 31.880435], [-103.388791, 31.871971], [-103.388943, 31.871939], [-103.389397, 31.871839], [-103.389548, 31.871805], [-103.390023, 31.87169], [-103.390321, 31.871611], [-103.39121, 31.871355], [-103.391503, 31.871263], [-103.391599, 31.871231], [-103.391887, 31.871128], [-103.392741, 31.870799], [-103.393023, 31.870684], [-103.393463, 31.870492], [-103.393601, 31.87043], [-103.394013, 31.870239], [-103.394122, 31.870187], [-103.394166, 31.870166], [-103.394369, 31.870063], [-103.39444, 31.870027], [-103.394837, 31.86982], [-103.394906, 31.869784], [-103.395115, 31.869672], [-103.395184, 31.869635], [-103.396301, 31.86902], [-103.396369, 31.868982], [-103.396572, 31.868867], [-103.396639, 31.868829], [-103.397019, 31.868608], [-103.397085, 31.868568], [-103.397285, 31.868449], [-103.397351, 31.868409], [-103.398457, 31.86773], [-103.398522, 31.867689], [-103.398715, 31.867568], [-103.398779, 31.867527], [-103.399139, 31.867294], [-103.399202, 31.867252], [-103.399392, 31.867127], [-103.399454, 31.867084], [-103.400556, 31.866334], [-103.400617, 31.866292], [-103.400798, 31.866165], [-103.400858, 31.866122], [-103.401198, 31.865879], [-103.401258, 31.865836], [-103.401435, 31.865705], [-103.401494, 31.865661], [-103.402595, 31.864832], [-103.402652, 31.864789], [-103.402822, 31.864658], [-103.402878, 31.864614], [-103.403195, 31.864363], [-103.403251, 31.864319], [-103.403417, 31.864184], [-103.403472, 31.864139], [-103.404575, 31.863225], [-103.404628, 31.863181], [-103.404785, 31.863047], [-103.404838, 31.863002], [-103.405132, 31.862747], [-103.405184, 31.862701], [-103.405338, 31.862564], [-103.405389, 31.862519], [-103.406494, 31.861513], [-103.406543, 31.861468], [-103.406688, 31.861333], [-103.406737, 31.861287], [-103.407008, 31.861029], [-103.407055, 31.860983], [-103.407197, 31.860845], [-103.407244, 31.860799], [-103.408353, 31.859695], [-103.408397, 31.85965], [-103.40853, 31.859514], [-103.408575, 31.859469], [-103.408823, 31.85921], [-103.408866, 31.859165], [-103.408996, 31.859027], [-103.409039, 31.85898], [-103.410149, 31.857772], [-103.41019, 31.857727], [-103.410311, 31.857593], [-103.410352, 31.857547], [-103.410578, 31.857291], [-103.410617, 31.857245], [-103.410735, 31.857108], [-103.410774, 31.857062], [-103.411872, 31.85576], [-103.412023, 31.855577], [-103.412264, 31.855279], [-103.412404, 31.855103], [-103.413546, 31.853627], [-103.413682, 31.853449], [-103.413899, 31.853156], [-103.414025, 31.852983], [-103.415157, 31.851391], [-103.415279, 31.851217], [-103.415474, 31.850931], [-103.415587, 31.850763], [-103.416705, 31.849053], [-103.416814, 31.848883], [-103.416989, 31.848605], [-103.417089, 31.848441], [-103.41819, 31.84661], [-103.418287, 31.846446], [-103.418443, 31.846177], [-103.418533, 31.846018], [-103.419613, 31.844065], [-103.419699, 31.843906], [-103.419837, 31.843646], [-103.419917, 31.843493], [-103.420972, 31.841418], [-103.421049, 31.841264], [-103.421172, 31.841014], [-103.421242, 31.840867], [-103.42227, 31.838668], [-103.422337, 31.83852], [-103.422445, 31.838279], [-103.422508, 31.838138], [-103.423504, 31.835815], [-103.423564, 31.835674], [-103.423659, 31.835443], [-103.423714, 31.835307], [-103.424676, 31.832861], [-103.424729, 31.832725], [-103.424812, 31.832504], [-103.42486, 31.832374], [-103.425786, 31.829804], [-103.425832, 31.829674], [-103.425905, 31.829463], [-103.425947, 31.829339], [-103.426834, 31.826646], [-103.426874, 31.826522], [-103.426938, 31.826319], [-103.426975, 31.826201], [-103.42782, 31.823386], [-103.427855, 31.823267], [-103.42791, 31.823074], [-103.427942, 31.82296], [-103.428743, 31.820024], [-103.428774, 31.81991], [-103.428822, 31.819726], [-103.428849, 31.819618], [-103.429605, 31.81656], [-103.429632, 31.816452], [-103.429673, 31.816275], [-103.429697, 31.816172], [-103.430406, 31.812995], [-103.430428, 31.812891], [-103.430464, 31.812723], [-103.430484, 31.812624], [-103.431144, 31.809328], [-103.431164, 31.809229], [-103.431194, 31.809068], [-103.431212, 31.808974], [-103.431824, 31.805544], [-103.431844, 31.805438], [-103.431852, 31.805394], [-103.431883, 31.80524], [-103.432573, 31.801916], [-103.432597, 31.801803], [-103.432607, 31.801757], [-103.432645, 31.801594], [-103.433406, 31.798409], [-103.433435, 31.798289], [-103.433448, 31.79824], [-103.433492, 31.79807], [-103.434322, 31.795023], [-103.434358, 31.794897], [-103.434372, 31.794846], [-103.434426, 31.794666], [-103.435322, 31.791759], [-103.435365, 31.791626], [-103.435382, 31.791572], [-103.435445, 31.791384], [-103.436406, 31.788617], [-103.436456, 31.788477], [-103.436476, 31.78842], [-103.436551, 31.788222], [-103.437573, 31.785596], [-103.437631, 31.785449], [-103.437655, 31.785389], [-103.437742, 31.785182], [-103.438822, 31.782696], [-103.438891, 31.782542], [-103.438919, 31.78248], [-103.43902, 31.782264], [-103.440155, 31.779917], [-103.440234, 31.779756], [-103.440267, 31.779691], [-103.440384, 31.779467], [-103.441587, 31.777228], [-103.4417, 31.777023], [-103.441737, 31.776958], [-103.441853, 31.776759], [-103.44309, 31.774686], [-103.443217, 31.774478], [-103.44326, 31.77441], [-103.443392, 31.774205], [-103.444674, 31.772267], [-103.444819, 31.772054], [-103.444868, 31.771983], [-103.445018, 31.771774], [-103.446342, 31.769967], [-103.446505, 31.76975], [-103.44656, 31.769679], [-103.44673, 31.769465], [-103.448093, 31.767787], [-103.448276, 31.767568], [-103.448338, 31.767495], [-103.448527, 31.76728], [-103.449928, 31.765726], [-103.450132, 31.765506], [-103.450201, 31.765434], [-103.450411, 31.765218], [-103.451848, 31.763784], [-103.452072, 31.763566], [-103.452148, 31.763494], [-103.452379, 31.763281], [-103.453853, 31.76196], [-103.454098, 31.761746], [-103.45418, 31.761676], [-103.454432, 31.761468], [-103.455943, 31.760254], [-103.456208, 31.760047], [-103.456297, 31.759979], [-103.456569, 31.759779], [-103.45812, 31.758666], [-103.458403, 31.758468], [-103.458499, 31.758404], [-103.458788, 31.758214], [-103.460384, 31.757196], [-103.460684, 31.757011], [-103.460784, 31.756951], [-103.46109, 31.756773], [-103.462736, 31.755845], [-103.463049, 31.755674], [-103.463154, 31.755619], [-103.463473, 31.755456], [-103.465176, 31.754613], [-103.4655, 31.754459], [-103.465609, 31.754408], [-103.465937, 31.754262], [-103.467705, 31.753501], [-103.468036, 31.753364], [-103.468147, 31.753319], [-103.468483, 31.75319], [-103.470323, 31.752509], [-103.470658, 31.75239], [-103.47077, 31.752352], [-103.471108, 31.752241], [-103.47303, 31.751638], [-103.473365, 31.751537], [-103.473477, 31.751505], [-103.473815, 31.751413], [-103.475826, 31.750888], [-103.476158, 31.750806], [-103.476268, 31.75078], [-103.476602, 31.750705], [-103.47871, 31.75026], [-103.479036, 31.750196], [-103.479144, 31.750175], [-103.479472, 31.750118], [-103.481682, 31.749755], [-103.481999, 31.749707], [-103.482105, 31.749692], [-103.482423, 31.74965], [-103.484742, 31.749373], [-103.485048, 31.749339], [-103.48515, 31.749329], [-103.485457, 31.749302], [-103.487888, 31.749113], [-103.488182, 31.749093], [-103.48828, 31.749087], [-103.488574, 31.749073], [-103.49112, 31.748977], [-103.491401, 31.748969], [-103.491494, 31.748967], [-103.491775, 31.748964], [-103.494438, 31.748963], [-103.494705, 31.748965], [-103.494794, 31.748967], [-103.49506, 31.748974], [-103.497683, 31.749067], [-103.497911, 31.749074], [-103.498282, 31.749082], [-103.498499, 31.749085], [-103.50102, 31.749099], [-103.501254, 31.749099], [-103.501633, 31.749096], [-103.501856, 31.749092], [-103.504319, 31.749031], [-103.504557, 31.749023], [-103.504945, 31.749008], [-103.505172, 31.748997], [-103.507581, 31.748862], [-103.507823, 31.748847], [-103.508217, 31.748819], [-103.508448, 31.7488], [-103.510805, 31.748592], [-103.51105, 31.748569], [-103.511449, 31.748528], [-103.511683, 31.748502], [-103.513993, 31.748222], [-103.51424, 31.74819], [-103.514642, 31.748135], [-103.514878, 31.748101], [-103.517143, 31.747751], [-103.517391, 31.74771], [-103.517795, 31.747641], [-103.518031, 31.747599], [-103.520256, 31.747178], [-103.520504, 31.747129], [-103.520908, 31.747046], [-103.521144, 31.746995], [-103.523333, 31.746504], [-103.52358, 31.746446], [-103.523981, 31.746349], [-103.524216, 31.74629], [-103.526373, 31.745728], [-103.526617, 31.745662], [-103.527014, 31.745551], [-103.527246, 31.745485], [-103.529375, 31.74485], [-103.529616, 31.744776], [-103.530007, 31.744652], [-103.530236, 31.744578], [-103.532341, 31.74387], [-103.532577, 31.743788], [-103.532961, 31.743652], [-103.533201, 31.743565], [-103.533244, 31.743548], [-103.53338, 31.743496], [-103.533836, 31.743312], [-103.533987, 31.743249], [-103.534535, 31.743012], [-103.534684, 31.742946], [-103.535054, 31.742776], [-103.535345, 31.742634], [-103.535704, 31.742447], [-103.535847, 31.742371], [-103.53608, 31.742242], [-103.53622, 31.742163], [-103.536567, 31.741961], [-103.536839, 31.741792], [-103.537173, 31.741575], [-103.537305, 31.741486], [-103.537522, 31.741337], [-103.537651, 31.741246], [-103.537971, 31.741013], [-103.538221, 31.740822], [-103.538526, 31.740575], [-103.538647, 31.740475], [-103.538844, 31.740308], [-103.538961, 31.740205], [-103.53925, 31.739945], [-103.539476, 31.739732], [-103.539749, 31.739459], [-103.539856, 31.739349], [-103.540243, 31.738941], [-103.540347, 31.738829], [-103.540654, 31.738487], [-103.540755, 31.738372], [-103.603547, 31.66452], [-103.603644, 31.664407], [-103.603672, 31.664375], [-103.604017, 31.663997], [-103.604027, 31.663987], [-103.604103, 31.663908], [-103.604255, 31.663752], [-103.604367, 31.663638], [-103.606024, 31.661984], [-103.606583, 31.661461], [-103.607182, 31.66097], [-103.607816, 31.660513], [-103.608484, 31.660093], [-103.609182, 31.65971], [-103.609908, 31.659368], [-103.610659, 31.659066], [-103.611431, 31.658807], [-103.612221, 31.658592], [-103.613026, 31.65842], [-103.613842, 31.658295], [-103.614666, 31.658214], [-103.615494, 31.65818], [-103.616323, 31.658192], [-103.617149, 31.658251], [-103.61797, 31.658355], [-103.61878, 31.658504], [-103.619578, 31.658699], [-103.620359, 31.658937], [-103.62112, 31.659218], [-103.621858, 31.659541], [-103.62257, 31.659905], [-103.623253, 31.660307], [-103.623904, 31.660747], [-103.62452, 31.661222], [-103.625098, 31.66173], [-103.625637, 31.66227], [-103.626133, 31.662838], [-103.626585, 31.663432], [-103.626991, 31.664051], [-103.627349, 31.664691], [-103.627657, 31.665349], [-103.627786, 31.665652], [-103.6279, 31.6659], [-103.628262, 31.666638], [-103.62839, 31.666882], [-103.628434, 31.66696], [-103.628575, 31.667198], [-103.62902, 31.667902], [-103.629175, 31.668134], [-103.629228, 31.668209], [-103.629396, 31.668433], [-103.62992, 31.669097], [-103.6301, 31.669314], [-103.630162, 31.669384], [-103.630355, 31.669594], [-103.630952, 31.67021], [-103.631156, 31.670411], [-103.631225, 31.670476], [-103.631442, 31.670668], [-103.632106, 31.671232], [-103.632333, 31.671415], [-103.632409, 31.671473], [-103.632646, 31.671647], [-103.633372, 31.672152], [-103.633619, 31.672315], [-103.633701, 31.672367], [-103.633957, 31.672519], [-103.634737, 31.672961], [-103.635001, 31.673103], [-103.635089, 31.673148], [-103.635361, 31.673278], [-103.636188, 31.673653], [-103.636467, 31.673772], [-103.63656, 31.673809], [-103.636846, 31.673916], [-103.637712, 31.674219], [-103.638003, 31.674314], [-103.6381, 31.674344], [-103.638396, 31.674426], [-103.639293, 31.674656], [-103.639594, 31.674726], [-103.639693, 31.674747], [-103.639998, 31.674804], [-103.640916, 31.674958], [-103.641224, 31.675002], [-103.641325, 31.675015], [-103.641635, 31.675047], [-103.642065, 31.675082], [-103.642885, 31.675171], [-103.643697, 31.675306], [-103.644496, 31.675486], [-103.645281, 31.67571], [-103.646046, 31.675976], [-103.64679, 31.676285], [-103.647509, 31.676634], [-103.6482, 31.677023], [-103.648859, 31.677449], [-103.649486, 31.677911], [-103.650075, 31.678406], [-103.650626, 31.678933], [-103.651136, 31.67949], [-103.651602, 31.680074], [-103.652024, 31.680682], [-103.652398, 31.681313], [-103.652723, 31.681963], [-103.652999, 31.682629], [-103.653223, 31.68331], [-103.653395, 31.684002], [-103.653514, 31.684701], [-103.656464, 31.707062], [-103.656482, 31.707189], [-103.656542, 31.707567], [-103.656564, 31.707692], [-103.656639, 31.708089], [-103.656693, 31.708339], [-103.656875, 31.709086], [-103.656942, 31.709333], [-103.656967, 31.709414], [-103.657048, 31.709659], [-103.657311, 31.710387], [-103.657405, 31.710629], [-103.657438, 31.710707], [-103.657545, 31.710944], [-103.657887, 31.711649], [-103.658007, 31.711881], [-103.658049, 31.711957], [-103.658181, 31.712184], [-103.658598, 31.712859], [-103.658743, 31.713081], [-103.658793, 31.713153], [-103.65895, 31.713369], [-103.659438, 31.714007], [-103.659607, 31.714216], [-103.659664, 31.714284], [-103.659844, 31.714486], [-103.6604, 31.715083], [-103.660591, 31.715278], [-103.660655, 31.71534], [-103.660856, 31.715528], [-103.661475, 31.716077], [-103.661686, 31.716256], [-103.661757, 31.716314], [-103.661978, 31.716484], [-103.662654, 31.716982], [-103.662884, 31.717143], [-103.663254, 31.717391], [-103.663372, 31.717468], [-103.66373, 31.717696], [-103.66385, 31.717771], [-103.679827, 31.727468], [-103.680447, 31.727869], [-103.681038, 31.728302], [-103.681596, 31.728765], [-103.68212, 31.729256], [-103.682609, 31.729773], [-103.683059, 31.730315], [-103.68347, 31.73088], [-103.683478, 31.730892], [-103.683899, 31.731565], [-103.684263, 31.732261], [-103.68457, 31.732977], [-103.684817, 31.733709], [-103.685004, 31.734455], [-103.685129, 31.73521], [-103.685192, 31.735971], [-103.686135, 31.7586], [-103.686143, 31.758738], [-103.686173, 31.759155], [-103.686185, 31.759293], [-103.686236, 31.7598], [-103.686252, 31.759938], [-103.686298, 31.760283], [-103.686343, 31.760558], [-103.686409, 31.760901], [-103.686437, 31.761038], [-103.686488, 31.761264], [-103.68652, 31.7614], [-103.686607, 31.76174], [-103.686684, 31.76201], [-103.686791, 31.762345], [-103.686835, 31.762478], [-103.686913, 31.762699], [-103.686961, 31.762831], [-103.687088, 31.763162], [-103.687197, 31.763423], [-103.687343, 31.763748], [-103.687403, 31.763877], [-103.687506, 31.764089], [-103.687571, 31.764217], [-103.687736, 31.764534], [-103.687876, 31.764785], [-103.688074, 31.765119], [-103.688401, 31.765713], [-103.688685, 31.766322], [-103.688926, 31.766944], [-103.689122, 31.767578], [-103.689273, 31.768221], [-103.704037, 31.842299], [-103.704063, 31.842421], [-103.704146, 31.842787], [-103.704176, 31.842909], [-103.704274, 31.843293], [-103.704342, 31.843534], [-103.704566, 31.844255], [-103.704648, 31.844494], [-103.704677, 31.844571], [-103.70477, 31.844807], [-103.705071, 31.845507], [-103.705177, 31.845738], [-103.705214, 31.845813], [-103.705333, 31.84604], [-103.705707, 31.846714], [-103.705838, 31.846936], [-103.706054, 31.847283], [-103.706123, 31.847392], [-103.706337, 31.847717], [-103.70641, 31.847825], [-103.707805, 31.849839], [-103.707883, 31.84995], [-103.70801, 31.850129], [-103.708084, 31.850233], [-103.711076, 31.854332], [-103.711161, 31.854448], [-103.711301, 31.854636], [-103.711384, 31.854745], [-103.714368, 31.858619], [-103.714463, 31.858741], [-103.714618, 31.858937], [-103.714709, 31.859051], [-103.717683, 31.8627], [-103.717788, 31.862827], [-103.717959, 31.863032], [-103.718061, 31.863152], [-103.721019, 31.866576], [-103.721136, 31.866708], [-103.721326, 31.866922], [-103.721438, 31.867046], [-103.724378, 31.870246], [-103.724506, 31.870384], [-103.724717, 31.870606], [-103.724841, 31.870735], [-103.727757, 31.87371], [-103.7279, 31.873853], [-103.728133, 31.874084], [-103.728271, 31.874218], [-103.731158, 31.876969], [-103.731316, 31.877118], [-103.731575, 31.877356], [-103.731728, 31.877494], [-103.73458, 31.880024], [-103.734755, 31.880177], [-103.735041, 31.880422], [-103.73521, 31.880564], [-103.738038, 31.882888], [-103.738085, 31.882925], [-103.738226, 31.883039], [-103.738273, 31.883077], [-103.738543, 31.883289], [-103.738591, 31.883327], [-103.738735, 31.883438], [-103.738783, 31.883475], [-103.741503, 31.885535], [-103.741555, 31.885573], [-103.741711, 31.885689], [-103.741763, 31.885727], [-103.74206, 31.885942], [-103.742113, 31.88598], [-103.742272, 31.886093], [-103.742325, 31.88613], [-103.74499, 31.887979], [-103.745047, 31.888018], [-103.745218, 31.888134], [-103.745276, 31.888172], [-103.745603, 31.888389], [-103.74566, 31.888426], [-103.745835, 31.888539], [-103.745893, 31.888576], [-103.748499, 31.89022], [-103.748561, 31.890259], [-103.748749, 31.890375], [-103.748812, 31.890413], [-103.74917, 31.890628], [-103.749233, 31.890665], [-103.749424, 31.890777], [-103.749488, 31.890814], [-103.752029, 31.89226], [-103.752097, 31.892299], [-103.752302, 31.892412], [-103.752371, 31.892449], [-103.752761, 31.892659], [-103.75283, 31.892696], [-103.753038, 31.892805], [-103.753108, 31.892841], [-103.755584, 31.894099], [-103.755657, 31.894136], [-103.755879, 31.894246], [-103.755954, 31.894282], [-103.756376, 31.894484], [-103.756451, 31.894519], [-103.756677, 31.894623], [-103.756752, 31.894657], [-103.759162, 31.895738], [-103.759242, 31.895772], [-103.759481, 31.895876], [-103.759561, 31.89591], [-103.760015, 31.8961], [-103.760096, 31.896133], [-103.760338, 31.896231], [-103.760419, 31.896263], [-103.762766, 31.897176], [-103.762851, 31.897208], [-103.763107, 31.897303], [-103.763192, 31.897335], [-103.763677, 31.897509], [-103.763763, 31.897539], [-103.764022, 31.897628], [-103.764108, 31.897658], [-103.766398, 31.898414], [-103.766488, 31.898443], [-103.766758, 31.898528], [-103.766848, 31.898556], [-103.767361, 31.89871], [-103.767452, 31.898737], [-103.767725, 31.898815], [-103.767817, 31.898841], [-103.770058, 31.899451], [-103.770153, 31.899476], [-103.770436, 31.899549], [-103.77053, 31.899573], [-103.771067, 31.899704], [-103.771162, 31.899726], [-103.771448, 31.899792], [-103.771543, 31.899813], [-103.774129, 31.90037], [-103.774322, 31.90041], [-103.774637, 31.900474], [-103.774822, 31.90051], [-103.777761, 31.901063], [-103.777965, 31.9011], [-103.778298, 31.901158], [-103.778493, 31.901191], [-103.781327, 31.901643], [-103.781543, 31.901676], [-103.781894, 31.901727], [-103.7821, 31.901756], [-103.784828, 31.902111], [-103.785055, 31.902139], [-103.785426, 31.902182], [-103.785643, 31.902205], [-103.788264, 31.902467], [-103.788503, 31.902489], [-103.788892, 31.902522], [-103.789121, 31.902539], [-103.791635, 31.90271], [-103.791886, 31.902725], [-103.792294, 31.902747], [-103.792534, 31.902757], [-103.794964, 31.902842], [-103.795026, 31.902844], [-103.795218, 31.902849], [-103.795282, 31.902851], [-103.795645, 31.902857], [-103.795709, 31.902858], [-103.795901, 31.90286], [-103.795965, 31.90286], [-103.798207, 31.902861], [-103.798273, 31.902861], [-103.798473, 31.902859], [-103.79854, 31.902858], [-103.798917, 31.902852], [-103.798983, 31.90285], [-103.799183, 31.902845], [-103.79925, 31.902843], [-103.801388, 31.902768], [-103.801457, 31.902765], [-103.801664, 31.902756], [-103.801733, 31.902753], [-103.802123, 31.902732], [-103.802192, 31.902728], [-103.802399, 31.902715], [-103.802468, 31.90271], [-103.804506, 31.902563], [-103.804577, 31.902557], [-103.804791, 31.90254], [-103.804862, 31.902534], [-103.805264, 31.902497], [-103.805335, 31.90249], [-103.805548, 31.902469], [-103.805619, 31.902461], [-103.807562, 31.902245], [-103.807635, 31.902237], [-103.807854, 31.902211], [-103.807927, 31.902201], [-103.808339, 31.902147], [-103.808412, 31.902137], [-103.80863, 31.902107], [-103.808703, 31.902096], [-103.810556, 31.901816], [-103.810631, 31.901804], [-103.810854, 31.901768], [-103.810928, 31.901756], [-103.811348, 31.901683], [-103.811422, 31.90167], [-103.811644, 31.901629], [-103.811718, 31.901616], [-103.81349, 31.901273], [-103.813565, 31.901258], [-103.813791, 31.901212], [-103.813866, 31.901196], [-103.814291, 31.901105], [-103.814366, 31.901088], [-103.81459, 31.901037], [-103.814665, 31.90102], [-103.816362, 31.900617], [-103.816438, 31.900598], [-103.816665, 31.900542], [-103.81674, 31.900523], [-103.817167, 31.900412], [-103.817242, 31.900392], [-103.817467, 31.900331], [-103.817542, 31.90031], [-103.819175, 31.899847], [-103.81925, 31.899825], [-103.819476, 31.899758], [-103.819551, 31.899736], [-103.819977, 31.899605], [-103.820052, 31.899581], [-103.820276, 31.89951], [-103.82035, 31.899485], [-103.821926, 31.898963], [-103.822001, 31.898937], [-103.822225, 31.89886], [-103.822299, 31.898834], [-103.82272, 31.898684], [-103.822794, 31.898657], [-103.823015, 31.898576], [-103.823089, 31.898548], [-103.824618, 31.897963], [-103.824692, 31.897935], [-103.824911, 31.897848], [-103.824984, 31.897818], [-103.825396, 31.89765], [-103.825469, 31.89762], [-103.825686, 31.897528], [-103.825758, 31.897497], [-103.827249, 31.896848], [-103.827321, 31.896816], [-103.827535, 31.89672], [-103.827606, 31.896688], [-103.828006, 31.896503], [-103.828077, 31.896469], [-103.828288, 31.896369], [-103.828358, 31.896335], [-103.82982, 31.895617], [-103.829889, 31.895582], [-103.830095, 31.895478], [-103.830164, 31.895443], [-103.83055, 31.895242], [-103.830618, 31.895206], [-103.830822, 31.895097], [-103.830889, 31.895061], [-103.832329, 31.894269], [-103.832395, 31.894232], [-103.832592, 31.89412], [-103.832658, 31.894083], [-103.833028, 31.893868], [-103.833093, 31.89383], [-103.833287, 31.893714], [-103.833352, 31.893675], [-103.834776, 31.892804], [-103.834839, 31.892765], [-103.835026, 31.892647], [-103.835089, 31.892608], [-103.83544, 31.892382], [-103.835502, 31.892341], [-103.835686, 31.89222], [-103.835747, 31.892179], [-103.83716, 31.891222], [-103.83722, 31.891181], [-103.837397, 31.891059], [-103.837455, 31.891017], [-103.837786, 31.890782], [-103.837844, 31.89074], [-103.838018, 31.890614], [-103.838075, 31.890572], [-103.839482, 31.889523], [-103.839537, 31.889481], [-103.839703, 31.889354], [-103.839758, 31.889312], [-103.840067, 31.88907], [-103.840121, 31.889027], [-103.840283, 31.888897], [-103.840337, 31.888854], [-103.841739, 31.887706], [-103.84179, 31.887663], [-103.841944, 31.887534], [-103.841995, 31.887491], [-103.842283, 31.887245], [-103.842333, 31.887201], [-103.842484, 31.887069], [-103.842534, 31.887025], [-103.843931, 31.885772], [-103.843979, 31.885729], [-103.844121, 31.885599], [-103.844168, 31.885555], [-103.844434, 31.885306], [-103.84448, 31.885262], [-103.844619, 31.885129], [-103.844665, 31.885085], [-103.846058, 31.883722], [-103.846102, 31.883678], [-103.846233, 31.883548], [-103.846276, 31.883504], [-103.84652, 31.883255], [-103.846562, 31.883211], [-103.84669, 31.883078], [-103.846732, 31.883034], [-103.846964, 31.882786], [-103.847081, 31.882658], [-103.847424, 31.882269], [-103.847535, 31.882139], [-103.847936, 31.881655], [-103.848044, 31.881521], [-103.848306, 31.881183], [-103.848507, 31.880908], [-103.848745, 31.880558], [-103.848838, 31.880416], [-103.849169, 31.879895], [-103.849257, 31.879752], [-103.849513, 31.879318], [-103.849596, 31.879172], [-103.877468, 31.828199], [-103.877846, 31.827563], [-103.878271, 31.82695], [-103.878743, 31.826362], [-103.879259, 31.825801], [-103.879816, 31.82527], [-103.880413, 31.824772], [-103.881047, 31.824308], [-103.881715, 31.823881], [-103.882414, 31.823491], [-103.883142, 31.823142], [-103.883895, 31.822834], [-103.88467, 31.822569], [-103.885463, 31.822347], [-103.886272, 31.822171], [-103.887093, 31.822039], [-103.887922, 31.821955], [-103.888755, 31.821916], [-103.88959, 31.821924], [-103.942473, 31.823912], [-103.942598, 31.823916], [-103.942973, 31.823923], [-103.943099, 31.823925], [-103.943494, 31.823926], [-103.943744, 31.823923], [-103.944494, 31.823901], [-103.944744, 31.823889], [-103.945138, 31.823864], [-103.945263, 31.823855], [-103.945636, 31.823825], [-103.945761, 31.823814], [-103.949604, 31.823441], [-103.94972, 31.82343], [-103.949768, 31.823426], [-103.949937, 31.823412], [-103.954934, 31.823023], [-103.955046, 31.823015], [-103.955092, 31.823012], [-103.955253, 31.823001], [-103.960401, 31.822696], [-103.960508, 31.82269], [-103.960552, 31.822688], [-103.960706, 31.822681], [-103.965379, 31.822485], [-103.965989, 31.82246], [-103.966087, 31.822456], [-103.96613, 31.822455], [-103.96628, 31.82245], [-103.971729, 31.822313], [-103.971824, 31.822311], [-103.971863, 31.82231], [-103.972007, 31.822308], [-103.977715, 31.822256], [-103.977749, 31.822256], [-104.06389, 31.821633], [-104.063986, 31.821632], [-104.069116, 31.821626], [-104.069946, 31.821648], [-104.070773, 31.821717], [-104.071593, 31.821831], [-104.072403, 31.82199], [-104.073199, 31.822194], [-104.073977, 31.822442], [-104.074735, 31.822733], [-104.075469, 31.823065], [-104.076176, 31.823437], [-104.076854, 31.823848], [-104.077498, 31.824295], [-104.078108, 31.824778], [-104.078679, 31.825293], [-104.079209, 31.825839], [-104.079697, 31.826413], [-104.08014, 31.827013], [-104.080536, 31.827637], [-104.080884, 31.828281], [-104.081182, 31.828943], [-104.081429, 31.82962], [-104.081624, 31.83031], [-104.081765, 31.831009], [-104.085585, 31.854346], [-104.085682, 31.855154], [-104.085707, 31.855965], [-104.085595, 31.865306], [-104.085595, 31.865329], [-104.085589, 31.86574], [-104.085553, 31.866429], [-104.085467, 31.867115], [-104.085329, 31.867795], [-104.085142, 31.868466], [-104.084905, 31.869126], [-104.084619, 31.869771], [-104.084286, 31.8704], [-104.083907, 31.871009], [-104.083484, 31.871597], [-104.083018, 31.872161], [-104.027684, 31.934721], [-104.027589, 31.934831], [-104.027309, 31.935164], [-104.027218, 31.935276], [-104.026889, 31.935689], [-104.0268, 31.935803], [-104.026584, 31.93609], [-104.026418, 31.936323], [-104.026218, 31.936619], [-104.02614, 31.936738], [-104.026014, 31.936937], [-104.02594, 31.937058], [-104.025758, 31.937362], [-104.02562, 31.937608], [-104.025457, 31.93792], [-104.025393, 31.938045], [-104.025291, 31.938253], [-104.025231, 31.93838], [-104.025086, 31.938698], [-104.024977, 31.938955], [-104.024851, 31.939279], [-104.024803, 31.939409], [-104.024726, 31.939625], [-104.024681, 31.939756], [-104.024574, 31.940085], [-104.024496, 31.940349], [-104.024409, 31.940682], [-104.024375, 31.940816], [-104.024324, 31.941038], [-104.024295, 31.941172], [-104.024227, 31.941508], [-104.024181, 31.941778], [-104.024133, 31.942117], [-104.024116, 31.942252], [-104.02409, 31.942477], [-104.024077, 31.942613], [-104.024049, 31.942954], [-104.024035, 31.943226], [-104.024027, 31.943568], [-104.024026, 31.943704], [-104.024027, 31.94393], [-104.02403, 31.944067], [-104.024042, 31.944408], [-104.02406, 31.94468], [-104.024092, 31.94502], [-104.024107, 31.945156], [-104.024135, 31.945381], [-104.024154, 31.945516], [-104.024206, 31.945855], [-104.024255, 31.946124], [-104.024327, 31.94646], [-104.024358, 31.946594], [-104.024412, 31.946815], [-104.024447, 31.946948], [-104.024538, 31.94728], [-104.024619, 31.947545], [-104.02473, 31.947872], [-104.024777, 31.948003], [-104.024953, 31.948479], [-104.025003, 31.948609], [-104.025159, 31.948996], [-104.025213, 31.949124], [-104.025801, 31.95047], [-104.025887, 31.950662], [-104.026029, 31.950973], [-104.026115, 31.951154], [-104.02691, 31.95279], [-104.027002, 31.952976], [-104.027156, 31.953278], [-104.027248, 31.953455], [-104.027883, 31.954638], [-104.027939, 31.95474], [-104.028114, 31.955048], [-104.028173, 31.95515], [-104.028517, 31.955726], [-104.028579, 31.955827], [-104.028769, 31.956129], [-104.028834, 31.956229], [-104.029224, 31.95682], [-104.029292, 31.95692], [-104.029501, 31.957221], [-104.029572, 31.95732], [-104.029979, 31.957879], [-104.030052, 31.957977], [-104.030275, 31.95827], [-104.030351, 31.958366], [-104.030776, 31.958898], [-104.030854, 31.958993], [-104.031093, 31.959278], [-104.031174, 31.959373], [-104.031638, 31.959903], [-104.031721, 31.959995], [-104.031974, 31.960271], [-104.03206, 31.960363], [-104.032543, 31.960868], [-104.03263, 31.960957], [-104.032894, 31.961221], [-104.032983, 31.961308], [-104.033493, 31.961797], [-104.033584, 31.961882], [-104.033861, 31.962137], [-104.033954, 31.96222], [-104.034529, 31.962727], [-104.034622, 31.962807], [-104.034904, 31.963045], [-104.034999, 31.963124], [-104.035542, 31.963564], [-104.035639, 31.963641], [-104.035932, 31.963869], [-104.036031, 31.963944], [-104.036736, 31.96447], [-104.036833, 31.96454], [-104.037126, 31.96475], [-104.037224, 31.964819], [-104.037786, 31.965205], [-104.037886, 31.965272], [-104.038188, 31.965472], [-104.03829, 31.965537], [-104.039164, 31.966091], [-104.039262, 31.966152], [-104.039558, 31.966332], [-104.039658, 31.966391], [-104.040224, 31.966722], [-104.040325, 31.96678], [-104.040629, 31.96695], [-104.040731, 31.967006], [-104.041811, 31.967587], [-104.041908, 31.967638], [-104.042201, 31.96779], [-104.0423, 31.967839], [-104.042859, 31.968117], [-104.042958, 31.968165], [-104.043258, 31.968308], [-104.043358, 31.968354], [-104.044673, 31.968954], [-104.044768, 31.968996], [-104.045053, 31.969121], [-104.045148, 31.969162], [-104.045691, 31.96939], [-104.045787, 31.969429], [-104.046077, 31.969546], [-104.046174, 31.969584], [-104.047748, 31.97019], [-104.047839, 31.970224], [-104.048112, 31.970325], [-104.048203, 31.970358], [-104.048722, 31.970541], [-104.048814, 31.970573], [-104.049091, 31.970667], [-104.049183, 31.970697], [-104.051031, 31.971294], [-104.051117, 31.971321], [-104.051376, 31.971401], [-104.051462, 31.971427], [-104.051953, 31.971572], [-104.05204, 31.971597], [-104.052301, 31.97167], [-104.052388, 31.971694], [-104.05452, 31.972266], [-104.054601, 31.972287], [-104.054844, 31.972349], [-104.054925, 31.972369], [-104.055385, 31.972481], [-104.055466, 31.9725], [-104.055711, 31.972557], [-104.055792, 31.972575], [-104.058213, 31.973106], [-104.058288, 31.973122], [-104.058514, 31.973169], [-104.05859, 31.973184], [-104.059018, 31.973269], [-104.059094, 31.973283], [-104.059321, 31.973326], [-104.059397, 31.973339], [-104.062107, 31.973815], [-104.062177, 31.973827], [-104.062387, 31.973862], [-104.062457, 31.973873], [-104.062854, 31.973935], [-104.062924, 31.973945], [-104.063135, 31.973976], [-104.063205, 31.973986], [-104.066202, 31.974394], [-104.066267, 31.974402], [-104.066461, 31.974427], [-104.066525, 31.974435], [-104.066892, 31.974478], [-104.066957, 31.974486], [-104.067152, 31.974507], [-104.067217, 31.974514], [-104.070477, 31.974842], [-104.070722, 31.974865], [-104.071121, 31.974899], [-104.071354, 31.974917], [-104.074973, 31.975164], [-104.075199, 31.975178], [-104.075566, 31.975198], [-104.07578, 31.975208], [-104.079667, 31.975358], [-104.079875, 31.975365], [-104.080213, 31.975373], [-104.080411, 31.975377], [-104.084561, 31.975425], [-104.084752, 31.975426], [-104.085064, 31.975426], [-104.085246, 31.975425], [-104.089653, 31.975365], [-104.08983, 31.975362], [-104.090117, 31.975355], [-104.090285, 31.97535], [-104.094944, 31.975179], [-104.095107, 31.975172], [-104.095373, 31.97516], [-104.095527, 31.975152], [-104.100435, 31.974867], [-104.100586, 31.974858], [-104.100831, 31.974841], [-104.100974, 31.974831], [-104.106125, 31.97443], [-104.106265, 31.974418], [-104.106492, 31.974398], [-104.106624, 31.974386], [-104.112014, 31.973867], [-104.112144, 31.973854], [-104.112354, 31.973832], [-104.112477, 31.973818], [-104.118104, 31.973179], [-104.118224, 31.973165], [-104.11842, 31.973141], [-104.118534, 31.973127], [-104.121359, 31.97276], [-104.121509, 31.972739], [-104.121962, 31.972671], [-104.122112, 31.972646], [-104.122586, 31.972565], [-104.122884, 31.972507], [-104.123774, 31.972316], [-104.124069, 31.972246], [-104.124166, 31.972221], [-104.124456, 31.972139], [-104.125321, 31.971876], [-104.125606, 31.971782], [-104.125699, 31.97175], [-104.125979, 31.971645], [-104.12681, 31.971312], [-104.127084, 31.971196], [-104.127511, 31.971003], [-104.127646, 31.97094], [-104.128046, 31.970749], [-104.128179, 31.970684], [-104.161917, 31.953643], [-104.16263, 31.953308], [-104.163367, 31.953013], [-104.164125, 31.952758], [-104.1649, 31.952545], [-104.165689, 31.952374], [-104.166489, 31.952247], [-104.167298, 31.952164], [-104.168111, 31.952124], [-104.168925, 31.952129], [-104.171902, 31.952227], [-104.17245, 31.952256], [-104.17263, 31.952268], [-104.173172, 31.952316], [-104.185854, 31.953668], [-104.186014, 31.953683], [-104.186496, 31.953724], [-104.186657, 31.953736], [-104.187247, 31.953773], [-104.187408, 31.953781], [-104.187811, 31.953798], [-104.188134, 31.953804], [-104.188538, 31.953804], [-104.188699, 31.953802], [-104.188967, 31.953795], [-104.189128, 31.95379], [-104.189531, 31.953772], [-104.189853, 31.95375], [-104.190255, 31.953715], [-104.190416, 31.953699], [-104.190681, 31.953669], [-104.190841, 31.95365], [-104.19124, 31.953597], [-104.191558, 31.953548], [-104.191953, 31.953478], [-104.192111, 31.953448], [-104.192371, 31.953396], [-104.192528, 31.953363], [-104.192919, 31.953276], [-104.193229, 31.9532], [-104.193614, 31.953097], [-104.193767, 31.953053], [-104.19402, 31.952979], [-104.194172, 31.952933], [-104.194551, 31.952813], [-104.194851, 31.95271], [-104.195221, 31.952574], [-104.195369, 31.952518], [-104.195906, 31.952307], [-104.196051, 31.952247], [-104.196486, 31.952065], [-104.19663, 31.952002], [-104.229357, 31.937364], [-104.230099, 31.937057], [-104.230862, 31.936792], [-104.231644, 31.93657], [-104.23244, 31.936391], [-104.233249, 31.936257], [-104.234066, 31.936167], [-104.234889, 31.936122], [-104.23643, 31.93608], [-104.236576, 31.936077], [-104.236636, 31.936076], [-104.236848, 31.936074], [-104.244488, 31.936051], [-104.245359, 31.936073], [-104.246227, 31.936147], [-104.247087, 31.93627], [-104.247935, 31.936444], [-104.248767, 31.936666], [-104.249579, 31.936937], [-104.250368, 31.937253], [-104.251129, 31.937615], [-104.25139, 31.93775], [-104.251528, 31.937818], [-104.251873, 31.937986], [-104.252153, 31.938115], [-104.252508, 31.938267], [-104.252651, 31.938327], [-104.252889, 31.938423], [-104.253034, 31.93848], [-104.253397, 31.938618], [-104.253691, 31.938722], [-104.254062, 31.938844], [-104.254211, 31.938891], [-104.254459, 31.938967], [-104.25461, 31.939011], [-104.254987, 31.939117], [-104.255292, 31.939195], [-104.255675, 31.939285], [-104.255829, 31.93932], [-104.256085, 31.939374], [-104.25624, 31.939405], [-104.256628, 31.939479], [-104.25694, 31.939531], [-104.257332, 31.939588], [-104.257489, 31.939609], [-104.25775, 31.939641], [-104.257908, 31.939659], [-104.258303, 31.939699], [-104.258619, 31.939725], [-104.259016, 31.939748], [-104.259175, 31.939756], [-104.259438, 31.939766], [-104.259597, 31.93977], [-104.259995, 31.939777], [-104.260313, 31.939775], [-104.26071, 31.939765], [-104.260869, 31.939759], [-104.261132, 31.939747], [-104.261291, 31.939737], [-104.261687, 31.93971], [-104.262004, 31.939682], [-104.262398, 31.939638], [-104.262556, 31.939618], [-104.262816, 31.939584], [-104.262973, 31.939561], [-104.263364, 31.9395], [-104.263675, 31.939445], [-104.264063, 31.939368], [-104.264217, 31.939335], [-104.26478, 31.93921], [-104.264934, 31.939174], [-104.265393, 31.939062], [-104.265545, 31.939023], [-104.277582, 31.935794], [-104.278392, 31.935602], [-104.279216, 31.935455], [-104.280049, 31.935355], [-104.280888, 31.935302], [-104.281729, 31.935296], [-104.282569, 31.935337], [-104.283404, 31.935425], [-104.28423, 31.935561], [-104.285044, 31.935742], [-104.285842, 31.935968], [-104.286621, 31.936239], [-104.287378, 31.936553], [-104.288108, 31.936909], [-104.28881, 31.937305], [-104.289479, 31.937739], [-104.290114, 31.93821], [-104.29071, 31.938716], [-104.291267, 31.939254], [-104.29178, 31.939822], [-104.292249, 31.940418], [-104.29267, 31.941039], [-104.293043, 31.941682], [-104.293365, 31.942345], [-104.293636, 31.943024], [-104.293853, 31.943717], [-104.294016, 31.944421], [-104.294125, 31.945132], [-104.294179, 31.945848], [-104.294177, 31.946566], [-104.293229, 31.969476], [-104.293224, 31.969573], [-104.293222, 31.969613], [-104.293213, 31.969755], [-104.28538, 32.085968], [-104.285372, 32.086112], [-104.285357, 32.086544], [-104.285354, 32.086688], [-104.285351, 32.087215], [-104.285352, 32.087359], [-104.285362, 32.087719], [-104.285378, 32.088007], [-104.28541, 32.088366], [-104.285425, 32.088509], [-104.285453, 32.088746], [-104.285472, 32.08889], [-104.285526, 32.089247], [-104.285578, 32.089531], [-104.285654, 32.089886], [-104.285687, 32.090027], [-104.285745, 32.09026], [-104.285782, 32.090401], [-104.28588, 32.090751], [-104.285967, 32.09103], [-104.286086, 32.091375], [-104.286136, 32.091513], [-104.286327, 32.092014], [-104.286381, 32.092151], [-104.28655, 32.092558], [-104.286609, 32.092693], [-104.287715, 32.095149], [-104.28776, 32.095249], [-104.287836, 32.095412], [-104.28788, 32.095507], [-104.289468, 32.09884], [-104.289515, 32.098938], [-104.289593, 32.099096], [-104.289638, 32.099189], [-104.291319, 32.102532], [-104.291368, 32.102628], [-104.291447, 32.102783], [-104.291494, 32.102873], [-104.293268, 32.106228], [-104.293318, 32.106321], [-104.293399, 32.106471], [-104.293447, 32.106559], [-104.295315, 32.109925], [-104.295366, 32.110016], [-104.295449, 32.110162], [-104.295498, 32.110248], [-104.297471, 32.113645], [-104.297526, 32.11374], [-104.297549, 32.11378], [-104.297626, 32.11392], [-104.299439, 32.117239], [-104.299496, 32.117344], [-104.299519, 32.117387], [-104.299598, 32.117539], [-104.301233, 32.120745], [-104.30129, 32.12086], [-104.301313, 32.120907], [-104.301393, 32.121071], [-104.302851, 32.124164], [-104.302909, 32.124289], [-104.302932, 32.124339], [-104.303011, 32.124519], [-104.304294, 32.127494], [-104.304351, 32.12763], [-104.304374, 32.127686], [-104.304453, 32.127881], [-104.305562, 32.130736], [-104.305619, 32.130885], [-104.305641, 32.130945], [-104.305717, 32.131157], [-104.306656, 32.133889], [-104.306711, 32.134052], [-104.306732, 32.134117], [-104.306804, 32.134349], [-104.307586, 32.136986], [-104.307648, 32.137204], [-104.307667, 32.137275], [-104.307723, 32.13749], [-104.308333, 32.139969], [-104.308387, 32.140202], [-104.308404, 32.14028], [-104.308452, 32.140514], [-104.308905, 32.142861], [-104.308951, 32.143114], [-104.308965, 32.143198], [-104.309003, 32.143452], [-104.309305, 32.145665], [-104.309339, 32.145939], [-104.309348, 32.14603], [-104.309373, 32.146305], [-104.309533, 32.148383], [-104.309551, 32.148677], [-104.309555, 32.148776], [-104.309564, 32.149071], [-104.309589, 32.151014], [-104.309588, 32.151329], [-104.309586, 32.151434], [-104.309573, 32.151749], [-104.309474, 32.15356], [-104.309449, 32.153895], [-104.309439, 32.154006], [-104.309402, 32.15434], [-104.309187, 32.156022], [-104.309135, 32.156373], [-104.309115, 32.15649], [-104.30905, 32.156841], [-104.308728, 32.158401], [-104.308645, 32.158766], [-104.308615, 32.158888], [-104.308518, 32.15925], [-104.308097, 32.160699], [-104.30798, 32.161073], [-104.307939, 32.161197], [-104.307806, 32.161568], [-104.307292, 32.162916], [-104.307139, 32.163294], [-104.307086, 32.163419], [-104.306917, 32.163792], [-104.306312, 32.165055], [-104.306123, 32.16543], [-104.306057, 32.165554], [-104.305851, 32.165922], [-104.305154, 32.167115], [-104.30493, 32.16748], [-104.304853, 32.167601], [-104.304613, 32.167958], [-104.303816, 32.169096], [-104.30356, 32.169445], [-104.303473, 32.16956], [-104.303202, 32.1699], [-104.302296, 32.170997], [-104.302014, 32.171324], [-104.301918, 32.171432], [-104.301622, 32.17175], [-104.300593, 32.172816], [-104.300291, 32.173118], [-104.300188, 32.173216], [-104.299874, 32.173508], [-104.298706, 32.174553], [-104.29839, 32.174825], [-104.298284, 32.174914], [-104.297957, 32.175177], [-104.296636, 32.176204], [-104.296313, 32.176447], [-104.296204, 32.176526], [-104.295872, 32.176759], [-104.294382, 32.177769], [-104.294058, 32.177981], [-104.293949, 32.178051], [-104.293617, 32.178254], [-104.291945, 32.179245], [-104.291625, 32.179429], [-104.291518, 32.179489], [-104.291192, 32.179665], [-104.289328, 32.180633], [-104.289016, 32.18079], [-104.288912, 32.180841], [-104.288595, 32.180991], [-104.286531, 32.181932], [-104.28623, 32.182064], [-104.286129, 32.182107], [-104.285825, 32.182233], [-104.283554, 32.18314], [-104.283267, 32.183251], [-104.283171, 32.183287], [-104.282881, 32.183392], [-104.2804, 32.184259], [-104.280128, 32.184351], [-104.280037, 32.18438], [-104.279762, 32.184467], [-104.277069, 32.185287], [-104.276812, 32.185363], [-104.276726, 32.185388], [-104.276467, 32.185459], [-104.273549, 32.18623], [-104.273414, 32.186266], [-104.273195, 32.186326], [-104.273068, 32.186362], [-104.27012, 32.1872], [-104.269983, 32.18724], [-104.269762, 32.187305], [-104.269633, 32.187344], [-104.266749, 32.188225], [-104.266611, 32.188267], [-104.266387, 32.188338], [-104.266256, 32.18838], [-104.263435, 32.189302], [-104.263295, 32.189349], [-104.26307, 32.189425], [-104.262938, 32.18947], [-104.260178, 32.190434], [-104.260038, 32.190484], [-104.25981, 32.190566], [-104.259678, 32.190614], [-104.256979, 32.19162], [-104.256837, 32.191673], [-104.256609, 32.191761], [-104.256476, 32.191813], [-104.253836, 32.19286], [-104.253695, 32.192916], [-104.253465, 32.19301], [-104.253332, 32.193066], [-104.250751, 32.194153], [-104.25061, 32.194214], [-104.25038, 32.194313], [-104.250246, 32.194372], [-104.247724, 32.195501], [-104.247582, 32.195565], [-104.247352, 32.195671], [-104.247218, 32.195733], [-104.244753, 32.196902], [-104.244612, 32.19697], [-104.244382, 32.197082], [-104.244249, 32.197148], [-104.24184, 32.198358], [-104.241699, 32.19843], [-104.241471, 32.198548], [-104.241338, 32.198617], [-104.238984, 32.199868], [-104.238843, 32.199943], [-104.238617, 32.200067], [-104.238485, 32.20014], [-104.236184, 32.201432], [-104.236045, 32.201511], [-104.235821, 32.20164], [-104.23569, 32.201717], [-104.233442, 32.20305], [-104.233305, 32.203133], [-104.233083, 32.203268], [-104.232953, 32.203348], [-104.230757, 32.204723], [-104.230622, 32.204809], [-104.230403, 32.20495], [-104.230275, 32.205033], [-104.22813, 32.20645], [-104.227996, 32.206539], [-104.22778, 32.206685], [-104.227655, 32.206771], [-104.225559, 32.208231], [-104.225428, 32.208323], [-104.225216, 32.208474], [-104.225093, 32.208564], [-104.223046, 32.210067], [-104.222917, 32.210162], [-104.22271, 32.210318], [-104.222589, 32.21041], [-104.220589, 32.211957], [-104.220464, 32.212055], [-104.220261, 32.212215], [-104.220144, 32.21231], [-104.21819, 32.213901], [-104.218068, 32.214002], [-104.217871, 32.214167], [-104.217756, 32.214264], [-104.215849, 32.2159], [-104.21573, 32.216003], [-104.215538, 32.216172], [-104.215427, 32.216271], [-104.213564, 32.217954], [-104.213449, 32.218059], [-104.213263, 32.218231], [-104.213155, 32.218333], [-104.211337, 32.220062], [-104.211226, 32.220169], [-104.211046, 32.220345], [-104.210942, 32.220448], [-104.209167, 32.222225], [-104.20906, 32.222334], [-104.208887, 32.222512], [-104.208786, 32.222616], [-104.207055, 32.224443], [-104.206952, 32.224553], [-104.206785, 32.224733], [-104.206689, 32.224839], [-104.205, 32.226715], [-104.204901, 32.226826], [-104.204742, 32.227008], [-104.204649, 32.227115], [-104.203003, 32.229041], [-104.202908, 32.229154], [-104.202756, 32.229337], [-104.202667, 32.229445], [-104.201064, 32.231423], [-104.200973, 32.231536], [-104.200828, 32.23172], [-104.200743, 32.231828], [-104.199182, 32.233859], [-104.199096, 32.233972], [-104.198957, 32.234157], [-104.198877, 32.234265], [-104.197358, 32.236349], [-104.197276, 32.236463], [-104.197145, 32.236648], [-104.197068, 32.236756], [-104.195591, 32.238894], [-104.195514, 32.239008], [-104.19539, 32.239193], [-104.195318, 32.239301], [-104.193883, 32.241494], [-104.19381, 32.241607], [-104.193692, 32.241792], [-104.193624, 32.2419], [-104.192334, 32.243984], [-104.192304, 32.244034], [-104.192214, 32.244183], [-104.192184, 32.244233], [-104.192017, 32.244516], [-104.191988, 32.244566], [-104.191902, 32.244717], [-104.191873, 32.244767], [-104.190849, 32.246601], [-104.19082, 32.246654], [-104.190733, 32.246813], [-104.190705, 32.246866], [-104.190545, 32.247169], [-104.190517, 32.247223], [-104.190434, 32.247384], [-104.190407, 32.247438], [-104.189526, 32.249207], [-104.189499, 32.249264], [-104.189417, 32.249434], [-104.18939, 32.24949], [-104.189239, 32.249813], [-104.189213, 32.24987], [-104.189135, 32.250042], [-104.18911, 32.250099], [-104.188366, 32.251804], [-104.18834, 32.251864], [-104.188264, 32.252045], [-104.188239, 32.252105], [-104.1881, 32.252447], [-104.188076, 32.252507], [-104.188006, 32.252689], [-104.187982, 32.25275], [-104.187366, 32.254393], [-104.187343, 32.254456], [-104.187275, 32.254646], [-104.187253, 32.25471], [-104.187129, 32.25507], [-104.187107, 32.255134], [-104.187045, 32.255326], [-104.187024, 32.25539], [-104.186529, 32.256973], [-104.186509, 32.25704], [-104.18645, 32.257239], [-104.18643, 32.257306], [-104.186324, 32.257684], [-104.186306, 32.25775], [-104.186253, 32.257951], [-104.186236, 32.258018], [-104.185853, 32.259547], [-104.185837, 32.259616], [-104.185788, 32.259824], [-104.185772, 32.259893], [-104.185687, 32.260286], [-104.185672, 32.260356], [-104.18563, 32.260564], [-104.185616, 32.260634], [-104.18534, 32.262114], [-104.185327, 32.262185], [-104.18529, 32.2624], [-104.185279, 32.262471], [-104.185216, 32.262878], [-104.185205, 32.262949], [-104.185175, 32.263165], [-104.185166, 32.263237], [-104.184989, 32.264675], [-104.18498, 32.264748], [-104.184957, 32.264968], [-104.18495, 32.265042], [-104.184912, 32.265458], [-104.184906, 32.265531], [-104.184889, 32.265752], [-104.184884, 32.265826], [-104.184801, 32.267231], [-104.184797, 32.267306], [-104.184788, 32.267529], [-104.184785, 32.267604], [-104.184774, 32.268027], [-104.184772, 32.268101], [-104.18477, 32.268325], [-104.18477, 32.2684], [-104.184778, 32.269783], [-104.184779, 32.269858], [-104.184784, 32.270083], [-104.184786, 32.270158], [-104.184802, 32.270584], [-104.184805, 32.270659], [-104.184818, 32.270884], [-104.184822, 32.27096], [-104.184919, 32.27233], [-104.184925, 32.272405], [-104.184945, 32.27263], [-104.184952, 32.272705], [-104.184996, 32.27313], [-104.185004, 32.273205], [-104.185031, 32.273429], [-104.185041, 32.273504], [-104.185227, 32.274873], [-104.185238, 32.274947], [-104.185272, 32.27517], [-104.185284, 32.275244], [-104.185355, 32.275664], [-104.185368, 32.275738], [-104.185409, 32.27596], [-104.185423, 32.276034], [-104.185702, 32.277411], [-104.185718, 32.277484], [-104.185765, 32.277703], [-104.185782, 32.277775], [-104.185879, 32.278187], [-104.185896, 32.278259], [-104.185951, 32.278476], [-104.18597, 32.278548], [-104.186345, 32.279945], [-104.186365, 32.280016], [-104.186426, 32.280228], [-104.186446, 32.280299], [-104.186567, 32.280698], [-104.186589, 32.280768], [-104.186656, 32.280979], [-104.186679, 32.281049], [-104.187158, 32.282473], [-104.187181, 32.282541], [-104.187253, 32.282746], [-104.187278, 32.282814], [-104.18742, 32.283198], [-104.187446, 32.283266], [-104.187524, 32.283469], [-104.187551, 32.283536], [-104.18814, 32.284994], [-104.188166, 32.28506], [-104.188249, 32.285255], [-104.188277, 32.28532], [-104.188437, 32.285688], [-104.188466, 32.285753], [-104.188554, 32.285946], [-104.188584, 32.286011], [-104.189291, 32.287509], [-104.189321, 32.287571], [-104.189412, 32.287756], [-104.189442, 32.287818], [-104.189619, 32.288167], [-104.189651, 32.288228], [-104.189747, 32.288412], [-104.189779, 32.288473], [-104.190613, 32.290015], [-104.190645, 32.290074], [-104.190743, 32.290249], [-104.190776, 32.290307], [-104.190965, 32.290636], [-104.190999, 32.290694], [-104.191101, 32.290867], [-104.191136, 32.290925], [-104.192104, 32.292513], [-104.192138, 32.292568], [-104.192241, 32.292732], [-104.192276, 32.292787], [-104.192475, 32.293095], [-104.19251, 32.293149], [-104.192618, 32.293312], [-104.192654, 32.293366], [-104.193766, 32.295001], [-104.193801, 32.295052], [-104.193908, 32.295206], [-104.193944, 32.295257], [-104.19415, 32.295545], [-104.194186, 32.295595], [-104.194297, 32.295746], [-104.194334, 32.295797], [-104.195597, 32.297479], [-104.195633, 32.297527], [-104.195742, 32.29767], [-104.195779, 32.297717], [-104.195989, 32.297984], [-104.196026, 32.298031], [-104.196139, 32.298172], [-104.196177, 32.298219], [-104.197584, 32.299933], [-104.197736, 32.300114], [-104.197985, 32.300405], [-104.198133, 32.300575], [-104.199754, 32.302392], [-104.199905, 32.302558], [-104.200154, 32.302827], [-104.200301, 32.302984], [-104.20209, 32.304839], [-104.202241, 32.304992], [-104.202488, 32.30524], [-104.202634, 32.305384], [-104.204595, 32.307274], [-104.204743, 32.307416], [-104.204988, 32.307643], [-104.205132, 32.307776], [-104.207267, 32.309699], [-104.207413, 32.309828], [-104.207653, 32.310038], [-104.207794, 32.310159], [-104.210107, 32.312112], [-104.210249, 32.312231], [-104.210483, 32.312423], [-104.210621, 32.312534], [-104.213113, 32.314513], [-104.213252, 32.314622], [-104.21348, 32.314798], [-104.213614, 32.3149], [-104.216286, 32.316903], [-104.216421, 32.317004], [-104.216642, 32.317165], [-104.216772, 32.317258], [-104.219626, 32.319282], [-104.219756, 32.319374], [-104.21997, 32.319522], [-104.220095, 32.319608], [-104.223131, 32.32165], [-104.223258, 32.321734], [-104.223464, 32.32187], [-104.223585, 32.321948], [-104.226802, 32.324006], [-104.22695, 32.324102], [-104.227012, 32.324143], [-104.227223, 32.324285], [-104.23028, 32.326389], [-104.230433, 32.326496], [-104.230495, 32.326539], [-104.230709, 32.326695], [-104.233581, 32.328827], [-104.233736, 32.328944], [-104.233798, 32.328992], [-104.234013, 32.329161], [-104.236732, 32.331344], [-104.236923, 32.3315], [-104.236984, 32.331552], [-104.237168, 32.331709], [-104.239679, 32.333897], [-104.239866, 32.334064], [-104.239928, 32.33412], [-104.24011, 32.334289], [-104.242446, 32.336504], [-104.24263, 32.336683], [-104.242691, 32.336743], [-104.242871, 32.336926], [-104.245035, 32.339167], [-104.245215, 32.339359], [-104.245274, 32.339423], [-104.24545, 32.339618], [-104.247446, 32.341886], [-104.24762, 32.34209], [-104.247678, 32.342159], [-104.247847, 32.342366], [-104.249679, 32.344662], [-104.249846, 32.344877], [-104.249901, 32.34495], [-104.250062, 32.345168], [-104.251734, 32.347495], [-104.251892, 32.347721], [-104.251944, 32.347797], [-104.252096, 32.348026], [-104.253612, 32.350384], [-104.253759, 32.35062], [-104.253807, 32.350699], [-104.253947, 32.350938], [-104.255312, 32.353332], [-104.255446, 32.353576], [-104.25549, 32.353657], [-104.255617, 32.353904], [-104.256833, 32.356337], [-104.256954, 32.356587], [-104.256993, 32.356671], [-104.257106, 32.356924], [-104.258176, 32.3594], [-104.258282, 32.359655], [-104.258316, 32.35974], [-104.258414, 32.359998], [-104.259339, 32.362521], [-104.25943, 32.362779], [-104.259459, 32.362865], [-104.259542, 32.363125], [-104.260323, 32.3657], [-104.260398, 32.365959], [-104.260422, 32.366046], [-104.260489, 32.366306], [-104.261127, 32.368937], [-104.261186, 32.369196], [-104.261205, 32.369282], [-104.261256, 32.369541], [-104.261751, 32.372233], [-104.261795, 32.372488], [-104.261808, 32.372574], [-104.261844, 32.37283], [-104.262194, 32.375586], [-104.262223, 32.375837], [-104.262231, 32.375921], [-104.262253, 32.376172], [-104.262457, 32.378997], [-104.262471, 32.379242], [-104.262475, 32.379324], [-104.262483, 32.379569], [-104.262538, 32.382466], [-104.262539, 32.382704], [-104.262539, 32.382783], [-104.262534, 32.383021], [-104.262437, 32.385991], [-104.262427, 32.386221], [-104.262422, 32.386298], [-104.262406, 32.386527], [-104.262155, 32.389574], [-104.262134, 32.389795], [-104.262127, 32.389868], [-104.2621, 32.390089], [-104.261696, 32.39318], [-104.261672, 32.393352], [-104.261661, 32.393424], [-104.261621, 32.393671], [-104.261052, 32.396875], [-104.261021, 32.397042], [-104.261008, 32.397109], [-104.260959, 32.397345], [-104.260227, 32.400628], [-104.26019, 32.400787], [-104.260175, 32.40085], [-104.260118, 32.401075], [-104.25922, 32.404437], [-104.259178, 32.404588], [-104.259161, 32.404648], [-104.259098, 32.404861], [-104.258031, 32.408302], [-104.257986, 32.408444], [-104.257967, 32.408501], [-104.257898, 32.408703], [-104.25666, 32.412222], [-104.256612, 32.412356], [-104.256592, 32.41241], [-104.25652, 32.412601], [-104.255109, 32.416198], [-104.255058, 32.416325], [-104.255037, 32.416376], [-104.254962, 32.416555], [-104.253376, 32.42023], [-104.253324, 32.420349], [-104.253302, 32.420396], [-104.253224, 32.420566], [-104.251462, 32.424316], [-104.251408, 32.424428], [-104.251386, 32.424473], [-104.251307, 32.424633], [-104.249425, 32.428343], [-104.249353, 32.428487], [-104.249238, 32.428722], [-104.249172, 32.428859], [-104.247523, 32.432375], [-104.247452, 32.43253], [-104.247338, 32.432783], [-104.247273, 32.432931], [-104.245816, 32.436329], [-104.245746, 32.436496], [-104.245635, 32.436767], [-104.245572, 32.436926], [-104.244303, 32.440205], [-104.244235, 32.440383], [-104.244128, 32.440675], [-104.244068, 32.440846], [-104.242983, 32.444001], [-104.242919, 32.444193], [-104.242818, 32.444506], [-104.242761, 32.444689], [-104.241857, 32.447719], [-104.241798, 32.447925], [-104.241705, 32.44826], [-104.241653, 32.448457], [-104.240919, 32.451377], [-104.240906, 32.45143], [-104.240868, 32.451591], [-104.240855, 32.451645], [-104.240786, 32.451949], [-104.240774, 32.452003], [-104.24074, 32.452165], [-104.240729, 32.452219], [-104.240179, 32.45494], [-104.240168, 32.454997], [-104.240135, 32.455169], [-104.240125, 32.455226], [-104.240068, 32.455551], [-104.240058, 32.455608], [-104.24003, 32.45578], [-104.240021, 32.455838], [-104.239631, 32.458426], [-104.239622, 32.458486], [-104.239597, 32.458669], [-104.239589, 32.45873], [-104.239547, 32.459075], [-104.23954, 32.459136], [-104.239519, 32.459319], [-104.239513, 32.45938], [-104.239275, 32.461835], [-104.239269, 32.461899], [-104.239253, 32.462092], [-104.239248, 32.462157], [-104.239223, 32.462521], [-104.239219, 32.462586], [-104.239209, 32.462779], [-104.239206, 32.462844], [-104.239111, 32.465168], [-104.239108, 32.465236], [-104.239103, 32.465439], [-104.239102, 32.465507], [-104.239097, 32.465891], [-104.239097, 32.465958], [-104.239098, 32.466162], [-104.239099, 32.46623], [-104.239138, 32.468426], [-104.23914, 32.468497], [-104.239147, 32.468709], [-104.23915, 32.46878], [-104.239169, 32.469182], [-104.239173, 32.469253], [-104.239187, 32.469465], [-104.239192, 32.469536], [-104.239357, 32.47161], [-104.239363, 32.471683], [-104.239385, 32.471904], [-104.239392, 32.471978], [-104.239439, 32.472395], [-104.239448, 32.472468], [-104.239476, 32.472688], [-104.239486, 32.472762], [-104.239768, 32.47472], [-104.23978, 32.474796], [-104.239816, 32.475024], [-104.239829, 32.4751], [-104.239906, 32.475529], [-104.23992, 32.475604], [-104.239964, 32.475831], [-104.239979, 32.475906], [-104.240372, 32.477759], [-104.240389, 32.477837], [-104.240443, 32.478069], [-104.240461, 32.478146], [-104.240569, 32.478584], [-104.240589, 32.478661], [-104.240651, 32.478892], [-104.240672, 32.478969], [-104.24117, 32.480727], [-104.241193, 32.480805], [-104.241264, 32.48104], [-104.241288, 32.481118], [-104.24143, 32.481559], [-104.241456, 32.481637], [-104.241535, 32.48187], [-104.241562, 32.481948], [-104.242163, 32.483624], [-104.242192, 32.483702], [-104.242281, 32.483937], [-104.242311, 32.484015], [-104.242487, 32.484456], [-104.242518, 32.484533], [-104.242615, 32.484766], [-104.242649, 32.484843], [-104.243353, 32.486451], [-104.243388, 32.486528], [-104.243494, 32.48676], [-104.24353, 32.486837], [-104.243739, 32.487272], [-104.243777, 32.487349], [-104.243891, 32.487578], [-104.24393, 32.487654], [-104.244741, 32.489207], [-104.244781, 32.489283], [-104.244904, 32.48951], [-104.244946, 32.489585], [-104.245186, 32.490009], [-104.245229, 32.490084], [-104.245361, 32.490307], [-104.245405, 32.490381], [-104.246329, 32.491894], [-104.246374, 32.491967], [-104.246513, 32.492185], [-104.246559, 32.492258], [-104.246828, 32.492667], [-104.246876, 32.492739], [-104.247023, 32.492954], [-104.247072, 32.493025], [-104.248117, 32.494509], [-104.248167, 32.494578], [-104.248319, 32.494787], [-104.248371, 32.494856], [-104.248664, 32.495246], [-104.248717, 32.495314], [-104.248876, 32.495519], [-104.24893, 32.495586], [-104.250108, 32.497051], [-104.250162, 32.497117], [-104.250325, 32.497314], [-104.25038, 32.497379], [-104.250694, 32.497746], [-104.25075, 32.49781], [-104.25092, 32.498002], [-104.250977, 32.498066], [-104.252301, 32.49952], [-104.252358, 32.499582], [-104.25253, 32.499765], [-104.252588, 32.499826], [-104.252918, 32.500168], [-104.252977, 32.500228], [-104.253155, 32.500406], [-104.253214, 32.500466], [-104.254698, 32.501915], [-104.254757, 32.501972], [-104.254934, 32.502141], [-104.254994, 32.502196], [-104.255335, 32.502512], [-104.255396, 32.502567], [-104.255579, 32.502732], [-104.255641, 32.502786], [-104.257297, 32.504233], [-104.257357, 32.504285], [-104.257538, 32.504439], [-104.257599, 32.504491], [-104.257947, 32.504778], [-104.258009, 32.504829], [-104.258195, 32.504979], [-104.258257, 32.505029], [-104.260098, 32.506474], [-104.260159, 32.506521], [-104.260342, 32.506661], [-104.260403, 32.506708], [-104.260752, 32.506968], [-104.260814, 32.507014], [-104.261002, 32.50715], [-104.261064, 32.507195], [-104.263101, 32.508637], [-104.263161, 32.508679], [-104.263344, 32.508805], [-104.263405, 32.508847], [-104.263752, 32.509081], [-104.263814, 32.509122], [-104.264, 32.509244], [-104.264062, 32.509285], [-104.266305, 32.510721], [-104.266364, 32.510759], [-104.266544, 32.510871], [-104.266605, 32.510909], [-104.266947, 32.511118], [-104.267008, 32.511154], [-104.267191, 32.511263], [-104.267252, 32.511299], [-104.267774, 32.511603], [-104.267892, 32.511669], [-104.268246, 32.511865], [-104.268365, 32.51193], [-104.268744, 32.51213], [-104.268987, 32.512252], [-104.269725, 32.512604], [-104.269974, 32.512717], [-104.270372, 32.512887], [-104.270499, 32.51294], [-104.27088, 32.513096], [-104.271008, 32.513146], [-104.336648, 32.538295], [-104.337409, 32.538612]]]]}}, {"type": "Feature", "properties": {"layer": "edge", "edge_no": 0, "seg_no": 734, "edge_class": "gap", "side": "NW", "gap_ft": 5299.9473613268665, "perf_class": "strong", "perf_ratio": 0.8803340362053276, "buffer_ft": 3974.9605209951496, "rule": "gap: k \u00d7 gap", "flag": "", "length_ft": 6299.857989554044}, "geometry": {"type": "LineString", "coordinates": [[-104.335169, 32.537729], [-104.316536, 32.530595]]}}, {"type": "Feature", "properties": {"layer": "edge", "edge_no": 1, "seg_no": 0, "edge_class": "pinned", "side": "NW", "gap_ft": 0.0, "perf_class": "strong", "perf_ratio": 0.8803340362053276, "buffer_ft": 1760.0, "rule": "pinned: floor", "flag": "pinned edge, strong wells: edge not explained by performance; what stops it?", "length_ft": 1299.970696257144}, "geometry": {"type": "LineString", "coordinates": [[-104.316536, 32.530595], [-104.312692, 32.529122]]}}, {"type": "Feature", "properties": {"layer": "edge", "edge_no": 2, "seg_no": 1, "edge_class": "pinned", "side": "NW", "gap_ft": 0.0, "perf_class": "strong", "perf_ratio": 0.8803340362053276, "buffer_ft": 1760.0, "rule": "pinned: floor", "flag": "pinned edge, strong wells: edge not explained by performance; what stops it?", "length_ft": 8999.797127934595}, "geometry": {"type": "LineString", "coordinates": [[-104.312692, 32.529122], [-104.28608, 32.518925]]}}, {"type": "Feature", "properties": {"layer": "edge", "edge_no": 3, "seg_no": 2, "edge_class": "gap", "side": "NW", "gap_ft": 999.9900681748805, "perf_class": "strong", "perf_ratio": 0.9329433656981759, "buffer_ft": 1760.0, "rule": "gap: k \u00d7 gap", "flag": "", "length_ft": 999.9774586589924}, "geometry": {"type": "LineString", "coordinates": [[-104.28608, 32.518925], [-104.283123, 32.517791]]}}, {"type": "Feature", "properties": {"layer": "edge", "edge_no": 4, "seg_no": 3, "edge_class": "bridge", "side": "NW", "gap_ft": 0.0, "perf_class": "strong", "perf_ratio": 0.9329433656981759, "buffer_ft": 1760.0, "rule": "envelope bridge (D27)", "flag": "bridged gap between development trends (D27): any structural or reservoir break here?", "length_ft": 17299.526931942477}, "geometry": {"type": "LineString", "coordinates": [[-104.283123, 32.517791], [-104.271003, 32.513144], [-104.268711, 32.512112], [-104.266561, 32.510882], [-104.263461, 32.508885], [-104.260722, 32.506946], [-104.258332, 32.505087], [-104.25537, 32.502543], [-104.253018, 32.500269], [-104.250818, 32.497887], [-104.248965, 32.495631], [-104.246931, 32.492819], [-104.245411, 32.49039], [-104.243316, 32.486367]]}}, {"type": "Feature", "properties": {"layer": "edge", "edge_no": 5, "seg_no": 9, "edge_class": "bridge", "side": "NW", "gap_ft": 0.0, "perf_class": "rolled", "perf_ratio": 0.5954344445019695, "buffer_ft": 880.0, "rule": "envelope bridge (D27)", "flag": "bridged gap between development trends (D27): any structural or reservoir break here?", "length_ft": 6199.834483033834}, "geometry": {"type": "LineString", "coordinates": [[-104.243316, 32.486367], [-104.242322, 32.484041], [-104.241559, 32.481938], [-104.240475, 32.478201], [-104.239762, 32.474679], [-104.239419, 32.472222], [-104.239209, 32.469754]]}}, {"type": "Feature", "properties": {"layer": "edge", "edge_no": 6, "seg_no": 10, "edge_class": "bridge", "side": "NW", "gap_ft": 0.0, "perf_class": "rolled", "perf_ratio": 0.5954344445019695, "buffer_ft": 880.0, "rule": "envelope bridge (D27)", "flag": "bridged gap between development trends (D27): any structural or reservoir break here?", "length_ft": 33299.178811646285}, "geometry": {"type": "LineString", "coordinates": [[-104.239209, 32.469754], [-104.239105, 32.465357], [-104.239236, 32.462334], [-104.23955, 32.459046], [-104.240176, 32.454956], [-104.240841, 32.451706], [-104.241648, 32.448478], [-104.243002, 32.443948], [-104.244186, 32.440518], [-104.245598, 32.436859], [-104.247481, 32.432467], [-104.253132, 32.420763], [-104.255036, 32.416378], [-104.256668, 32.412202], [-104.257963, 32.408513], [-104.259037, 32.405057], [-104.260256, 32.400499], [-104.261032, 32.396986], [-104.261657, 32.393451], [-104.262123, 32.389899], [-104.26242, 32.386333], [-104.262512, 32.381111]]}}, {"type": "Feature", "properties": {"layer": "edge", "edge_no": 7, "seg_no": 13, "edge_class": "gap", "side": "NW", "gap_ft": 4199.958286334499, "perf_class": "strong", "perf_ratio": 1.391122422273319, "buffer_ft": 3149.968714750874, "rule": "gap: k \u00d7 gap", "flag": "", "length_ft": 17799.51527111471}, "geometry": {"type": "LineString", "coordinates": [[-104.262512, 32.381111], [-104.262468, 32.379187], [-104.262198, 32.37562], [-104.261813, 32.372613], [-104.26116, 32.369083], [-104.260441, 32.36612], [-104.259477, 32.362924], [-104.258328, 32.359772], [-104.256994, 32.356674], [-104.255478, 32.353635], [-104.253786, 32.350665], [-104.251925, 32.347769], [-104.250074, 32.345185], [-104.247726, 32.342218], [-104.245602, 32.33979], [-104.242321, 32.336386]]}}, {"type": "Feature", "properties": {"layer": "edge", "edge_no": 8, "seg_no": 132, "edge_class": "bridge", "side": "W", "gap_ft": 0.0, "perf_class": "rolled", "perf_ratio": 0.5676483486546392, "buffer_ft": 7920.0, "rule": "envelope bridge (D27)", "flag": "bridged gap between development trends (D27): any structural or reservoir break here?", "length_ft": 1899.9531837632187}, "geometry": {"type": "LineString", "coordinates": [[-104.242321, 32.336386], [-104.238139, 32.332555]]}}, {"type": "Feature", "properties": {"layer": "edge", "edge_no": 9, "seg_no": 138, "edge_class": "bridge", "side": "W", "gap_ft": 0.0, "perf_class": "rolled", "perf_ratio": 0.5020529663773635, "buffer_ft": 7920.0, "rule": "envelope bridge (D27)", "flag": "bridged gap between development trends (D27): any structural or reservoir break here?", "length_ft": 45498.84959519548}, "geometry": {"type": "LineString", "coordinates": [[-104.238139, 32.332555], [-104.233952, 32.329113], [-104.230544, 32.326575], [-104.227023, 32.32415], [-104.219852, 32.319441], [-104.213464, 32.314786], [-104.207633, 32.31002], [-104.204965, 32.307622], [-104.202395, 32.305147], [-104.199937, 32.302593], [-104.197418, 32.29973], [-104.194367, 32.295841], [-104.192408, 32.292992], [-104.190775, 32.290305], [-104.18931, 32.287549], [-104.188136, 32.284987], [-104.186681, 32.281053], [-104.185797, 32.277841], [-104.185225, 32.274857], [-104.184827, 32.271023], [-104.184775, 32.268], [-104.184956, 32.26498], [-104.185316, 32.262248], [-104.186192, 32.258192], [-104.187066, 32.255261], [-104.18813, 32.252375], [-104.189248, 32.249795], [-104.19063, 32.247008], [-104.192305, 32.244032], [-104.195229, 32.239437], [-104.197355, 32.236353], [-104.200831, 32.231716], [-104.203418, 32.228556]]}}, {"type": "Feature", "properties": {"layer": "edge", "edge_no": 10, "seg_no": 139, "edge_class": "bridge", "side": "W", "gap_ft": 0.0, "perf_class": "rolled", "perf_ratio": 0.5020529663773635, "buffer_ft": 7920.0, "rule": "envelope bridge (D27)", "flag": "bridged gap between development trends (D27): any structural or reservoir break here?", "length_ft": 9799.765055738522}, "geometry": {"type": "LineString", "coordinates": [[-104.203418, 32.228556], [-104.206711, 32.224814], [-104.208736, 32.22267], [-104.213401, 32.218103], [-104.218125, 32.213955], [-104.220701, 32.21187], [-104.224814, 32.208768]]}}, {"type": "Feature", "properties": {"layer": "edge", "edge_no": 11, "seg_no": 186, "edge_class": "bridge", "side": "W", "gap_ft": 0.0, "perf_class": "unknown", "perf_ratio": null, "buffer_ft": 7920.0, "rule": "envelope bridge (D27)", "flag": "bridged gap between development trends (D27): any structural or reservoir break here?", "length_ft": 8299.800870205376}, "geometry": {"type": "LineString", "coordinates": [[-104.224814, 32.208768], [-104.230358, 32.204979], [-104.235873, 32.20161], [-104.241585, 32.198489], [-104.246908, 32.19588]]}}, {"type": "Feature", "properties": {"layer": "edge", "edge_no": 12, "seg_no": 187, "edge_class": "bridge", "side": "W", "gap_ft": 0.0, "perf_class": "unknown", "perf_ratio": null, "buffer_ft": 7920.0, "rule": "envelope bridge (D27)", "flag": "bridged gap between development trends (D27): any structural or reservoir break here?", "length_ft": 4399.894711387338}, "geometry": {"type": "LineString", "coordinates": [[-104.246908, 32.19588], [-104.25352, 32.192988], [-104.259704, 32.190605]]}}, {"type": "Feature", "properties": {"layer": "edge", "edge_no": 13, "seg_no": 188, "edge_class": "pinned", "side": "W", "gap_ft": 0.0, "perf_class": "unknown", "perf_ratio": null, "buffer_ft": 7920.0, "rule": "live front -> cap (D22)", "flag": "live front: performing step-outs ahead of the body; buffered at the cap", "length_ft": 1099.9739084009295}, "geometry": {"type": "LineString", "coordinates": [[-104.259704, 32.190605], [-104.262992, 32.189451]]}}, {"type": "Feature", "properties": {"layer": "edge", "edge_no": 14, "seg_no": 189, "edge_class": "pinned", "side": "W", "gap_ft": 0.0, "perf_class": "unknown", "perf_ratio": null, "buffer_ft": 7920.0, "rule": "live front -> cap (D22)", "flag": "live front: performing step-outs ahead of the body; buffered at the cap", "length_ft": 1499.9647229782915}, "geometry": {"type": "LineString", "coordinates": [[-104.262992, 32.189451], [-104.267526, 32.187987]]}}, {"type": "Feature", "properties": {"layer": "edge", "edge_no": 15, "seg_no": 190, "edge_class": "pinned", "side": "W", "gap_ft": 0.0, "perf_class": "unknown", "perf_ratio": null, "buffer_ft": 7920.0, "rule": "live front -> cap (D22)", "flag": "live front: performing step-outs ahead of the body; buffered at the cap", "length_ft": 4299.895858281249}, "geometry": {"type": "LineString", "coordinates": [[-104.267526, 32.187987], [-104.273027, 32.186373], [-104.27673, 32.185387], [-104.280678, 32.184162]]}}, {"type": "Feature", "properties": {"layer": "edge", "edge_no": 16, "seg_no": 191, "edge_class": "gap", "side": "W", "gap_ft": 2899.9711977071534, "perf_class": "unknown", "perf_ratio": null, "buffer_ft": 7920.0, "rule": "live front -> cap (D22)", "flag": "live front: performing step-outs ahead of the body; buffered at the cap", "length_ft": 499.98872932966583}, "geometry": {"type": "LineString", "coordinates": [[-104.280678, 32.184162], [-104.282173, 32.183639]]}}, {"type": "Feature", "properties": {"layer": "edge", "edge_no": 17, "seg_no": 192, "edge_class": "pinned", "side": "W", "gap_ft": 0.0, "perf_class": "rolled", "perf_ratio": 0.19291843372817857, "buffer_ft": 7920.0, "rule": "live front -> cap (D22)", "flag": "live front: performing step-outs ahead of the body; buffered at the cap", "length_ft": 12099.573944282756}, "geometry": {"type": "LineString", "coordinates": [[-104.282173, 32.183639], [-104.286575, 32.181911], [-104.289133, 32.180732], [-104.291612, 32.179437], [-104.293997, 32.17802], [-104.296023, 32.176652], [-104.298866, 32.17441], [-104.300196, 32.173209], [-104.30204, 32.171295], [-104.303523, 32.169494], [-104.304849, 32.167605], [-104.306009, 32.165639], [-104.306882, 32.163864], [-104.308166, 32.160463]]}}, {"type": "Feature", "properties": {"layer": "edge", "edge_no": 18, "seg_no": 193, "edge_class": "gap", "side": "W", "gap_ft": 1699.9831158972968, "perf_class": "rolled", "perf_ratio": 0.19291843372817857, "buffer_ft": 7920.0, "rule": "live front -> cap (D22)", "flag": "live front: performing step-outs ahead of the body; buffered at the cap", "length_ft": 2199.9280008515425}, "geometry": {"type": "LineString", "coordinates": [[-104.308166, 32.160463], [-104.309024, 32.156965], [-104.30938, 32.15451]]}}, {"type": "Feature", "properties": {"layer": "edge", "edge_no": 19, "seg_no": 194, "edge_class": "pinned", "side": "W", "gap_ft": 0.0, "perf_class": "rolled", "perf_ratio": 0.19291843372817857, "buffer_ft": 7920.0, "rule": "live front -> cap (D22)", "flag": "live front: performing step-outs ahead of the body; buffered at the cap", "length_ft": 10299.715392619819}, "geometry": {"type": "LineString", "coordinates": [[-104.30938, 32.15451], [-104.309583, 32.151491], [-104.309538, 32.148467], [-104.309276, 32.145451], [-104.30846, 32.140552], [-104.307679, 32.13732], [-104.306733, 32.134121], [-104.305644, 32.130954], [-104.303989, 32.126787]]}}, {"type": "Feature", "properties": {"layer": "edge", "edge_no": 20, "seg_no": 198, "edge_class": "pinned", "side": "W", "gap_ft": 0.0, "perf_class": "rolled", "perf_ratio": 0.19291843372817857, "buffer_ft": 7920.0, "rule": "live front -> cap (D22)", "flag": "live front: performing step-outs ahead of the body; buffered at the cap", "length_ft": 199.99549173197636}, "geometry": {"type": "LineString", "coordinates": [[-104.303989, 32.126787], [-104.303766, 32.12627]]}}, {"type": "Feature", "properties": {"layer": "edge", "edge_no": 21, "seg_no": 197, "edge_class": "gap", "side": "W", "gap_ft": 99.99900681748805, "perf_class": "rolled", "perf_ratio": 0.19291843372817857, "buffer_ft": 7920.0, "rule": "live front -> cap (D22)", "flag": "live front: performing step-outs ahead of the body; buffered at the cap", "length_ft": 99.99774586602898}, "geometry": {"type": "LineString", "coordinates": [[-104.303766, 32.12627], [-104.303655, 32.126012]]}}, {"type": "Feature", "properties": {"layer": "edge", "edge_no": 22, "seg_no": 196, "edge_class": "pinned", "side": "W", "gap_ft": 0.0, "perf_class": "rolled", "perf_ratio": 0.19291843372817857, "buffer_ft": 7920.0, "rule": "live front -> cap (D22)", "flag": "live front: performing step-outs ahead of the body; buffered at the cap", "length_ft": 899.976578205813}, "geometry": {"type": "LineString", "coordinates": [[-104.303655, 32.126012], [-104.30263, 32.123697]]}}, {"type": "Feature", "properties": {"layer": "edge", "edge_no": 23, "seg_no": 194, "edge_class": "pinned", "side": "W", "gap_ft": 0.0, "perf_class": "rolled", "perf_ratio": 0.19291843372817857, "buffer_ft": 7920.0, "rule": "live front -> cap (D22)", "flag": "live front: performing step-outs ahead of the body; buffered at the cap", "length_ft": 8899.790809388307}, "geometry": {"type": "LineString", "coordinates": [[-104.30263, 32.123697], [-104.299504, 32.117359], [-104.293383, 32.106441], [-104.290758, 32.101416]]}}, {"type": "Feature", "properties": {"layer": "edge", "edge_no": 24, "seg_no": 206, "edge_class": "bridge", "side": "SW", "gap_ft": 0.0, "perf_class": "strong", "perf_ratio": 1.1981273914505628, "buffer_ft": 1760.0, "rule": "envelope bridge (D27)", "flag": "bridged gap between development trends (D27): any structural or reservoir break here?", "length_ft": 5499.807440404049}, "geometry": {"type": "LineString", "coordinates": [[-104.290758, 32.101416], [-104.287793, 32.095319], [-104.286212, 32.091713], [-104.285538, 32.089309], [-104.285351, 32.087117]]}}, {"type": "Feature", "properties": {"layer": "edge", "edge_no": 25, "seg_no": 207, "edge_class": "bridge", "side": "SW", "gap_ft": 899.9910613573925, "perf_class": "strong", "perf_ratio": 1.1981273914505628, "buffer_ft": 1760.0, "rule": "envelope bridge (D27)", "flag": "bridged gap between development trends (D27): any structural or reservoir break here?", "length_ft": 199.99333730290772}, "geometry": {"type": "LineString", "coordinates": [[-104.285351, 32.087117], [-104.285356, 32.086567]]}}, {"type": "Feature", "properties": {"layer": "edge", "edge_no": 26, "seg_no": 210, "edge_class": "bridge", "side": "SW", "gap_ft": 0.0, "perf_class": "strong", "perf_ratio": 1.1981273914505628, "buffer_ft": 1760.0, "rule": "envelope bridge (D27)", "flag": "bridged gap between development trends (D27): any structural or reservoir break here?", "length_ft": 15299.651148444096}, "geometry": {"type": "LineString", "coordinates": [[-104.285356, 32.086567], [-104.288173, 32.044567]]}}, {"type": "Feature", "properties": {"layer": "edge", "edge_no": 27, "seg_no": 218, "edge_class": "bridge", "side": "SW", "gap_ft": 0.0, "perf_class": "rolled", "perf_ratio": 0.6020333401135854, "buffer_ft": 880.0, "rule": "envelope bridge (D27)", "flag": "bridged gap between development trends (D27): any structural or reservoir break here?", "length_ft": 2299.948154917123}, "geometry": {"type": "LineString", "coordinates": [[-104.288173, 32.044567], [-104.288599, 32.038253]]}}, {"type": "Feature", "properties": {"layer": "edge", "edge_no": 28, "seg_no": 229, "edge_class": "bridge", "side": "SW", "gap_ft": 0.0, "perf_class": "rolled", "perf_ratio": 0.39190200960440646, "buffer_ft": 880.0, "rule": "envelope bridge (D27)", "flag": "bridged gap between development trends (D27): any structural or reservoir break here?", "length_ft": 21199.52212357819}, "geometry": {"type": "LineString", "coordinates": [[-104.288599, 32.038253], [-104.29252, 31.980057]]}}, {"type": "Feature", "properties": {"layer": "edge", "edge_no": 29, "seg_no": 230, "edge_class": "gap", "side": "SW", "gap_ft": 1999.980136349761, "perf_class": "rolled", "perf_ratio": 0.39190200960440646, "buffer_ft": 880.0, "rule": "gap: k \u00d7 gap", "flag": "", "length_ft": 2199.9504090497066}, "geometry": {"type": "LineString", "coordinates": [[-104.29252, 31.980057], [-104.292927, 31.974018]]}}, {"type": "Feature", "properties": {"layer": "edge", "edge_no": 30, "seg_no": 231, "edge_class": "pinned", "side": "SW", "gap_ft": 0.0, "perf_class": "rolled", "perf_ratio": 0.39190200960440646, "buffer_ft": 880.0, "rule": "pinned: floor", "flag": "", "length_ft": 12199.419760027205}, "geometry": {"type": "LineString", "coordinates": [[-104.292927, 31.974018], [-104.293234, 31.969351], [-104.294178, 31.945993], [-104.294, 31.944352], [-104.293632, 31.943014], [-104.293065, 31.941728], [-104.292475, 31.940751]]}}, {"type": "Feature", "properties": {"layer": "edge", "edge_no": 31, "seg_no": 232, "edge_class": "gap", "side": "SW", "gap_ft": 399.9960272699522, "perf_class": "rolled", "perf_ratio": 0.38974843709752416, "buffer_ft": 880.0, "rule": "gap: k \u00d7 gap", "flag": "", "length_ft": 299.941228063381}, "geometry": {"type": "LineString", "coordinates": [[-104.292475, 31.940751], [-104.291961, 31.940052]]}}, {"type": "Feature", "properties": {"layer": "edge", "edge_no": 32, "seg_no": 233, "edge_class": "pinned", "side": "SW", "gap_ft": 0.0, "perf_class": "rolled", "perf_ratio": 0.38974843709752416, "buffer_ft": 880.0, "rule": "pinned: floor", "flag": "", "length_ft": 2099.676127083662}, "geometry": {"type": "LineString", "coordinates": [[-104.291961, 31.940052], [-104.290758, 31.938762], [-104.289587, 31.937819], [-104.288286, 31.937009], [-104.286876, 31.936345]]}}, {"type": "Feature", "properties": {"layer": "edge", "edge_no": 33, "seg_no": 234, "edge_class": "pinned", "side": "SW", "gap_ft": 0.0, "perf_class": "rolled", "perf_ratio": 0.38974843709752416, "buffer_ft": 880.0, "rule": "pinned: floor", "flag": "", "length_ft": 2999.538367282279}, "geometry": {"type": "LineString", "coordinates": [[-104.286876, 31.936345], [-104.285074, 31.93575], [-104.282545, 31.935336], [-104.27997, 31.935364], [-104.277453, 31.935829]]}}, {"type": "Feature", "properties": {"layer": "edge", "edge_no": 34, "seg_no": 235, "edge_class": "gap", "side": "SW", "gap_ft": 8199.91855903402, "perf_class": "rolled", "perf_ratio": 0.5156583441516758, "buffer_ft": 3074.9694596377576, "rule": "gap: k \u00d7 gap", "flag": "", "length_ft": 7599.731830932421}, "geometry": {"type": "LineString", "coordinates": [[-104.277453, 31.935829], [-104.265456, 31.939046], [-104.262632, 31.939608], [-104.260385, 31.939773], [-104.258132, 31.939682], [-104.255913, 31.939338], [-104.253767, 31.938747]]}}, {"type": "Feature", "properties": {"layer": "edge", "edge_no": 35, "seg_no": 236, "edge_class": "pinned", "side": "SW", "gap_ft": 0.0, "perf_class": "rolled", "perf_ratio": 0.6645297790443883, "buffer_ft": 880.0, "rule": "pinned: floor", "flag": "", "length_ft": 2899.631601665785}, "geometry": {"type": "LineString", "coordinates": [[-104.253767, 31.938747], [-104.2523, 31.938178], [-104.250331, 31.937238], [-104.248851, 31.936694], [-104.246988, 31.936256], [-104.245068, 31.936066]]}}, {"type": "Feature", "properties": {"layer": "edge", "edge_no": 36, "seg_no": 237, "edge_class": "pinned", "side": "SW", "gap_ft": 0.0, "perf_class": "rolled", "perf_ratio": 0.6645297790443883, "buffer_ft": 880.0, "rule": "pinned: floor", "flag": "", "length_ft": 1499.956916657477}, "geometry": {"type": "LineString", "coordinates": [[-104.245068, 31.936066], [-104.240232, 31.936064]]}}, {"type": "Feature", "properties": {"layer": "edge", "edge_no": 37, "seg_no": 238, "edge_class": "gap", "side": "SW", "gap_ft": 99.99900681748805, "perf_class": "rolled", "perf_ratio": 0.6645297790443883, "buffer_ft": 880.0, "rule": "gap: k \u00d7 gap", "flag": "", "length_ft": 199.99549173185602}, "geometry": {"type": "LineString", "coordinates": [[-104.240232, 31.936064], [-104.239587, 31.936066]]}}, {"type": "Feature", "properties": {"layer": "edge", "edge_no": 38, "seg_no": 239, "edge_class": "pinned", "side": "SW", "gap_ft": 0.0, "perf_class": "rolled", "perf_ratio": 0.6645297790443883, "buffer_ft": 880.0, "rule": "pinned: floor", "flag": "", "length_ft": 1399.9656424382383}, "geometry": {"type": "LineString", "coordinates": [[-104.239587, 31.936066], [-104.235074, 31.936117]]}}, {"type": "Feature", "properties": {"layer": "edge", "edge_no": 39, "seg_no": 240, "edge_class": "pinned", "side": "SW", "gap_ft": 0.0, "perf_class": "rolled", "perf_ratio": 0.6645297790443883, "buffer_ft": 880.0, "rule": "pinned: floor", "flag": "", "length_ft": 3999.6788992151646}, "geometry": {"type": "LineString", "coordinates": [[-104.235074, 31.936117], [-104.232517, 31.936379], [-104.230668, 31.93686], [-104.229204, 31.937432], [-104.223208, 31.940115]]}}, {"type": "Feature", "properties": {"layer": "edge", "edge_no": 40, "seg_no": 241, "edge_class": "bridge", "side": "SW", "gap_ft": 6099.939415866771, "perf_class": "rolled", "perf_ratio": 0.6645297790443883, "buffer_ft": 880.0, "rule": "envelope bridge (D27)", "flag": "bridged gap between development trends (D27): any structural or reservoir break here?", "length_ft": 4899.889547431488}, "geometry": {"type": "LineString", "coordinates": [[-104.223208, 31.940115], [-104.209215, 31.946374]]}}, {"type": "Feature", "properties": {"layer": "edge", "edge_no": 41, "seg_no": 242, "edge_class": "pinned", "side": "SW", "gap_ft": 0.0, "perf_class": "unknown", "perf_ratio": null, "buffer_ft": 1320.0, "rule": "pinned: floor", "flag": "", "length_ft": 4199.90532636951}, "geometry": {"type": "LineString", "coordinates": [[-104.209215, 31.946374], [-104.197221, 31.951738]]}}, {"type": "Feature", "properties": {"layer": "edge", "edge_no": 42, "seg_no": 243, "edge_class": "bridge", "side": "SW", "gap_ft": 6099.939415866771, "perf_class": "unknown", "perf_ratio": null, "buffer_ft": 1320.0, "rule": "envelope bridge (D27)", "flag": "bridged gap between development trends (D27): any structural or reservoir break here?", "length_ft": 5899.7654472430595}, "geometry": {"type": "LineString", "coordinates": [[-104.197221, 31.951738], [-104.195194, 31.952584], [-104.193381, 31.953159], [-104.191504, 31.953556], [-104.189586, 31.953768], [-104.187975, 31.953801], [-104.186366, 31.953713], [-104.178684, 31.952904]]}}, {"type": "Feature", "properties": {"layer": "edge", "edge_no": 43, "seg_no": 244, "edge_class": "pinned", "side": "SW", "gap_ft": 0.0, "perf_class": "unknown", "perf_ratio": null, "buffer_ft": 1320.0, "rule": "pinned: floor", "flag": "", "length_ft": 2399.9310122498036}, "geometry": {"type": "LineString", "coordinates": [[-104.178684, 31.952904], [-104.172924, 31.952294], [-104.170993, 31.952197]]}}, {"type": "Feature", "properties": {"layer": "edge", "edge_no": 44, "seg_no": 245, "edge_class": "gap", "side": "SW", "gap_ft": 199.9980136349761, "perf_class": "unknown", "perf_ratio": null, "buffer_ft": 1320.0, "rule": "gap: k \u00d7 gap", "flag": "", "length_ft": 599.9864751956734}, "geometry": {"type": "LineString", "coordinates": [[-104.170993, 31.952197], [-104.169059, 31.952133]]}}, {"type": "Feature", "properties": {"layer": "edge", "edge_no": 45, "seg_no": 246, "edge_class": "pinned", "side": "SW", "gap_ft": 0.0, "perf_class": "unknown", "perf_ratio": null, "buffer_ft": 1320.0, "rule": "pinned: floor", "flag": "", "length_ft": 6299.602339613602}, "geometry": {"type": "LineString", "coordinates": [[-104.169059, 31.952133], [-104.166487, 31.952247], [-104.164912, 31.952542], [-104.163394, 31.953003], [-104.161957, 31.953624], [-104.150858, 31.95923]]}}, {"type": "Feature", "properties": {"layer": "edge", "edge_no": 46, "seg_no": 247, "edge_class": "bridge", "side": "SW", "gap_ft": 2399.976163619713, "perf_class": "unknown", "perf_ratio": null, "buffer_ft": 1349.9865920360887, "rule": "envelope bridge (D27)", "flag": "bridged gap between development trends (D27): any structural or reservoir break here?", "length_ft": 1699.9616797204094}, "geometry": {"type": "LineString", "coordinates": [[-104.150858, 31.95923], [-104.146141, 31.961613]]}}, {"type": "Feature", "properties": {"layer": "edge", "edge_no": 47, "seg_no": 248, "edge_class": "bridge", "side": "SW", "gap_ft": 0.0, "perf_class": "unknown", "perf_ratio": null, "buffer_ft": 1320.0, "rule": "envelope bridge (D27)", "flag": "bridged gap between development trends (D27): any structural or reservoir break here?", "length_ft": 2899.934630112554}, "geometry": {"type": "LineString", "coordinates": [[-104.146141, 31.961613], [-104.138094, 31.965677]]}}, {"type": "Feature", "properties": {"layer": "edge", "edge_no": 48, "seg_no": 249, "edge_class": "bridge", "side": "SW", "gap_ft": 2999.9702045246418, "perf_class": "unknown", "perf_ratio": null, "buffer_ft": 1687.483240045111, "rule": "envelope bridge (D27)", "flag": "bridged gap between development trends (D27): any structural or reservoir break here?", "length_ft": 499.98872932962615}, "geometry": {"type": "LineString", "coordinates": [[-104.138094, 31.965677], [-104.136706, 31.966378]]}}, {"type": "Feature", "properties": {"layer": "edge", "edge_no": 49, "seg_no": 250, "edge_class": "bridge", "side": "SW", "gap_ft": 0.0, "perf_class": "unknown", "perf_ratio": null, "buffer_ft": 1320.0, "rule": "envelope bridge (D27)", "flag": "bridged gap between development trends (D27): any structural or reservoir break here?", "length_ft": 8299.706271679494}, "geometry": {"type": "LineString", "coordinates": [[-104.136706, 31.966378], [-104.12754, 31.97099], [-104.1258, 31.971712], [-104.124592, 31.972098], [-104.121462, 31.972746], [-104.111877, 31.97388]]}}, {"type": "Feature", "properties": {"layer": "edge", "edge_no": 50, "seg_no": 259, "edge_class": "bridge", "side": "SW", "gap_ft": 0.0, "perf_class": "strong", "perf_ratio": 0.8762857703875162, "buffer_ft": 1760.0, "rule": "envelope bridge (D27)", "flag": "bridged gap between development trends (D27): any structural or reservoir break here?", "length_ft": 6099.858441767573}, "geometry": {"type": "LineString", "coordinates": [[-104.111877, 31.97388], [-104.100967, 31.974831], [-104.092274, 31.975277]]}}, {"type": "Feature", "properties": {"layer": "edge", "edge_no": 51, "seg_no": 260, "edge_class": "bridge", "side": "SW", "gap_ft": 1099.9890749923686, "perf_class": "strong", "perf_ratio": 0.8762857703875162, "buffer_ft": 1760.0, "rule": "envelope bridge (D27)", "flag": "bridged gap between development trends (D27): any structural or reservoir break here?", "length_ft": 1399.9665027126375}, "geometry": {"type": "LineString", "coordinates": [[-104.092274, 31.975277], [-104.087761, 31.97539]]}}, {"type": "Feature", "properties": {"layer": "edge", "edge_no": 52, "seg_no": 261, "edge_class": "bridge", "side": "SW", "gap_ft": 0.0, "perf_class": "strong", "perf_ratio": 0.8762857703875162, "buffer_ft": 1760.0, "rule": "envelope bridge (D27)", "flag": "bridged gap between development trends (D27): any structural or reservoir break here?", "length_ft": 8899.783895032888}, "geometry": {"type": "LineString", "coordinates": [[-104.087761, 31.97539], [-104.08002, 31.975368], [-104.075509, 31.975194], [-104.071328, 31.974915], [-104.066204, 31.974394], [-104.062701, 31.973911], [-104.059224, 31.973308]]}}, {"type": "Feature", "properties": {"layer": "edge", "edge_no": 53, "seg_no": 263, "edge_class": "bridge", "side": "SW", "gap_ft": 0.0, "perf_class": "unknown", "perf_ratio": null, "buffer_ft": 1320.0, "rule": "envelope bridge (D27)", "flag": "bridged gap between development trends (D27): any structural or reservoir break here?", "length_ft": 3099.9219211799127}, "geometry": {"type": "LineString", "coordinates": [[-104.059224, 31.973308], [-104.054542, 31.972271], [-104.049659, 31.970851]]}}, {"type": "Feature", "properties": {"layer": "edge", "edge_no": 54, "seg_no": 265, "edge_class": "bridge", "side": "SW", "gap_ft": 0.0, "perf_class": "rolled", "perf_ratio": 0.39114366715429333, "buffer_ft": 880.0, "rule": "envelope bridge (D27)", "flag": "bridged gap between development trends (D27): any structural or reservoir break here?", "length_ft": 6299.8109998331565}, "geometry": {"type": "LineString", "coordinates": [[-104.049659, 31.970851], [-104.044942, 31.969072], [-104.042394, 31.967886], [-104.040211, 31.966715], [-104.03812, 31.965427], [-104.036135, 31.964022], [-104.034497, 31.962698], [-104.032962, 31.961287]]}}, {"type": "Feature", "properties": {"layer": "edge", "edge_no": 55, "seg_no": 266, "edge_class": "bridge", "side": "SW", "gap_ft": 999.9900681748805, "perf_class": "rolled", "perf_ratio": 0.3539395753588638, "buffer_ft": 880.0, "rule": "envelope bridge (D27)", "flag": "bridged gap between development trends (D27): any structural or reservoir break here?", "length_ft": 499.9829732850865}, "geometry": {"type": "LineString", "coordinates": [[-104.032962, 31.961287], [-104.031934, 31.960228]]}}, {"type": "Feature", "properties": {"layer": "edge", "edge_no": 56, "seg_no": 267, "edge_class": "bridge", "side": "SW", "gap_ft": 0.0, "perf_class": "rolled", "perf_ratio": 0.30552803730688116, "buffer_ft": 880.0, "rule": "envelope bridge (D27)", "flag": "bridged gap between development trends (D27): any structural or reservoir break here?", "length_ft": 17899.415225521723}, "geometry": {"type": "LineString", "coordinates": [[-104.031934, 31.960228], [-104.030062, 31.95799], [-104.028156, 31.955121], [-104.026208, 31.951347], [-104.024967, 31.948514], [-104.024312, 31.946388], [-104.024047, 31.944478], [-104.024083, 31.942555], [-104.024416, 31.940653], [-104.024834, 31.939326], [-104.025396, 31.938038], [-104.0261, 31.936802], [-104.027119, 31.935401], [-104.042828, 31.91761]]}}, {"type": "Feature", "properties": {"layer": "edge", "edge_no": 57, "seg_no": 276, "edge_class": "bridge", "side": "SW", "gap_ft": 0.0, "perf_class": "rolled", "perf_ratio": 0.1450688935026027, "buffer_ft": 880.0, "rule": "envelope bridge (D27)", "flag": "bridged gap between development trends (D27): any structural or reservoir break here?", "length_ft": 36498.67377509151}, "geometry": {"type": "LineString", "coordinates": [[-104.042828, 31.91761], [-104.083006, 31.872174], [-104.083894, 31.871028], [-104.084836, 31.869282], [-104.08535, 31.867693], [-104.085558, 31.866331], [-104.085671, 31.85506], [-104.081779, 31.831093], [-104.081378, 31.829481]]}}, {"type": "Feature", "properties": {"layer": "edge", "edge_no": 58, "seg_no": 277, "edge_class": "gap", "side": "SW", "gap_ft": 1699.9831158972968, "perf_class": "rolled", "perf_ratio": 0.1450688935026027, "buffer_ft": 880.0, "rule": "gap: k \u00d7 gap", "flag": "", "length_ft": 16798.948328101153}, "geometry": {"type": "LineString", "coordinates": [[-104.081378, 31.829481], [-104.080834, 31.828188], [-104.080103, 31.826964], [-104.079198, 31.825828], [-104.07766, 31.824424], [-104.076134, 31.823415], [-104.074737, 31.822733], [-104.073249, 31.82221], [-104.071379, 31.821801], [-104.069137, 31.821627], [-104.063985, 31.821632], [-104.031461, 31.821874]]}}, {"type": "Feature", "properties": {"layer": "edge", "edge_no": 59, "seg_no": 282, "edge_class": "bridge", "side": "S", "gap_ft": 0.0, "perf_class": "strong", "perf_ratio": 2.1319299483414564, "buffer_ft": 1760.0, "rule": "envelope bridge (D27)", "flag": "bridged gap between development trends (D27): any structural or reservoir break here?", "length_ft": 24999.430604353038}, "geometry": {"type": "LineString", "coordinates": [[-104.031461, 31.821874], [-103.971887, 31.82231], [-103.960626, 31.822684], [-103.950995, 31.82333]]}}, {"type": "Feature", "properties": {"layer": "edge", "edge_no": 60, "seg_no": 284, "edge_class": "bridge", "side": "S", "gap_ft": 0.0, "perf_class": "unknown", "perf_ratio": null, "buffer_ft": 1320.0, "rule": "envelope bridge (D27)", "flag": "bridged gap between development trends (D27): any structural or reservoir break here?", "length_ft": 499.9873706654076}, "geometry": {"type": "LineString", "coordinates": [[-103.950995, 31.82333], [-103.949392, 31.823462]]}}, {"type": "Feature", "properties": {"layer": "edge", "edge_no": 61, "seg_no": 285, "edge_class": "bridge", "side": "S", "gap_ft": 2499.975170437201, "perf_class": "unknown", "perf_ratio": null, "buffer_ft": 1406.2360333709257, "rule": "envelope bridge (D27)", "flag": "bridged gap between development trends (D27): any structural or reservoir break here?", "length_ft": 5199.85664214175}, "geometry": {"type": "LineString", "coordinates": [[-103.949392, 31.823462], [-103.945552, 31.823832], [-103.943624, 31.823925], [-103.932684, 31.823546]]}}, {"type": "Feature", "properties": {"layer": "edge", "edge_no": 62, "seg_no": 295, "edge_class": "bridge", "side": "S", "gap_ft": 6899.9314704066755, "perf_class": "unknown", "perf_ratio": 0.8439309156164002, "buffer_ft": 3881.211452103755, "rule": "envelope bridge (D27)", "flag": "bridged gap between development trends (D27): any structural or reservoir break here?", "length_ft": 10599.761061789288}, "geometry": {"type": "LineString", "coordinates": [[-103.932684, 31.823546], [-103.898583, 31.822264]]}}, {"type": "Feature", "properties": {"layer": "edge", "edge_no": 63, "seg_no": 296, "edge_class": "pinned", "side": "S", "gap_ft": 0.0, "perf_class": "unknown", "perf_ratio": 0.8439309156164002, "buffer_ft": 1320.0, "rule": "pinned: floor", "flag": "", "length_ft": 3199.8722877577325}, "geometry": {"type": "LineString", "coordinates": [[-103.898583, 31.822264], [-103.888287, 31.821938]]}}, {"type": "Feature", "properties": {"layer": "edge", "edge_no": 64, "seg_no": 297, "edge_class": "gap", "side": "S", "gap_ft": 99.99900681748805, "perf_class": "unknown", "perf_ratio": 0.8439309156164002, "buffer_ft": 1320.0, "rule": "gap: k \u00d7 gap", "flag": "", "length_ft": 199.9700712641084}, "geometry": {"type": "LineString", "coordinates": [[-103.888287, 31.821938], [-103.887646, 31.821983]]}}, {"type": "Feature", "properties": {"layer": "edge", "edge_no": 65, "seg_no": 298, "edge_class": "pinned", "side": "S", "gap_ft": 0.0, "perf_class": "unknown", "perf_ratio": 0.8439309156164002, "buffer_ft": 1320.0, "rule": "pinned: floor", "flag": "", "length_ft": 4799.347111986301}, "geometry": {"type": "LineString", "coordinates": [[-103.887646, 31.821983], [-103.885437, 31.822354], [-103.883925, 31.822824], [-103.882494, 31.823453], [-103.880917, 31.824403], [-103.879312, 31.82575], [-103.87835, 31.826852], [-103.877558, 31.828047], [-103.876463, 31.830038]]}}, {"type": "Feature", "properties": {"layer": "edge", "edge_no": 66, "seg_no": 300, "edge_class": "pinned", "side": "S", "gap_ft": 0.0, "perf_class": "unknown", "perf_ratio": 0.8439309156164002, "buffer_ft": 1320.0, "rule": "pinned: floor", "flag": "", "length_ft": 199.99549173149876}, "geometry": {"type": "LineString", "coordinates": [[-103.876463, 31.830038], [-103.876191, 31.830536]]}}, {"type": "Feature", "properties": {"layer": "edge", "edge_no": 67, "seg_no": 301, "edge_class": "gap", "side": "S", "gap_ft": 1099.9890749923686, "perf_class": "unknown", "perf_ratio": 0.8439309156164002, "buffer_ft": 1320.0, "rule": "gap: k \u00d7 gap", "flag": "", "length_ft": 1099.9752045249872}, "geometry": {"type": "LineString", "coordinates": [[-103.876191, 31.830536], [-103.874693, 31.833277]]}}, {"type": "Feature", "properties": {"layer": "edge", "edge_no": 68, "seg_no": 302, "edge_class": "bridge", "side": "S", "gap_ft": 0.0, "perf_class": "unknown", "perf_ratio": 0.8439309156164002, "buffer_ft": 1320.0, "rule": "envelope bridge (D27)", "flag": "bridged gap between development trends (D27): any structural or reservoir break here?", "length_ft": 11099.749791120092}, "geometry": {"type": "LineString", "coordinates": [[-103.874693, 31.833277], [-103.859573, 31.860933]]}}, {"type": "Feature", "properties": {"layer": "edge", "edge_no": 69, "seg_no": 306, "edge_class": "bridge", "side": "S", "gap_ft": 0.0, "perf_class": "unknown", "perf_ratio": null, "buffer_ft": 1320.0, "rule": "envelope bridge (D27)", "flag": "bridged gap between development trends (D27): any structural or reservoir break here?", "length_ft": 15199.589305228208}, "geometry": {"type": "LineString", "coordinates": [[-103.859573, 31.860933], [-103.849624, 31.87912], [-103.848729, 31.880582], [-103.847865, 31.881741], [-103.846502, 31.883274], [-103.844388, 31.885349], [-103.840316, 31.888871], [-103.837905, 31.890696], [-103.835645, 31.892246], [-103.831964, 31.89447]]}}, {"type": "Feature", "properties": {"layer": "edge", "edge_no": 70, "seg_no": 316, "edge_class": "bridge", "side": "S", "gap_ft": 0.0, "perf_class": "rolled", "perf_ratio": 0.362550391393127, "buffer_ft": 880.0, "rule": "envelope bridge (D27)", "flag": "bridged gap between development trends (D27): any structural or reservoir break here?", "length_ft": 599.9856507191082}, "geometry": {"type": "LineString", "coordinates": [[-103.831964, 31.89447], [-103.830333, 31.895355]]}}, {"type": "Feature", "properties": {"layer": "edge", "edge_no": 71, "seg_no": 317, "edge_class": "bridge", "side": "S", "gap_ft": 0.0, "perf_class": "rolled", "perf_ratio": 0.362550391393127, "buffer_ft": 880.0, "rule": "envelope bridge (D27)", "flag": "bridged gap between development trends (D27): any structural or reservoir break here?", "length_ft": 299.9911477900386}, "geometry": {"type": "LineString", "coordinates": [[-103.830333, 31.895355], [-103.8295, 31.895774]]}}, {"type": "Feature", "properties": {"layer": "edge", "edge_no": 72, "seg_no": 318, "edge_class": "bridge", "side": "S", "gap_ft": 0.0, "perf_class": "rolled", "perf_ratio": 0.3987285894144971, "buffer_ft": 880.0, "rule": "envelope bridge (D27)", "flag": "bridged gap between development trends (D27): any structural or reservoir break here?", "length_ft": 1699.9560234328778}, "geometry": {"type": "LineString", "coordinates": [[-103.8295, 31.895774], [-103.827535, 31.89672], [-103.824653, 31.89795]]}}, {"type": "Feature", "properties": {"layer": "edge", "edge_no": 73, "seg_no": 319, "edge_class": "bridge", "side": "S", "gap_ft": 0.0, "perf_class": "rolled", "perf_ratio": 0.6912139671954829, "buffer_ft": 880.0, "rule": "envelope bridge (D27)", "flag": "bridged gap between development trends (D27): any structural or reservoir break here?", "length_ft": 8199.784582949753}, "geometry": {"type": "LineString", "coordinates": [[-103.824653, 31.89795], [-103.821995, 31.898939], [-103.818977, 31.899903], [-103.814661, 31.901021], [-103.811839, 31.901592], [-103.808354, 31.902145], [-103.805479, 31.902475], [-103.80227, 31.902723], [-103.79905, 31.902849]]}}, {"type": "Feature", "properties": {"layer": "edge", "edge_no": 74, "seg_no": 328, "edge_class": "bridge", "side": "S", "gap_ft": 0.0, "perf_class": "strong", "perf_ratio": 1.1804068340511125, "buffer_ft": 1760.0, "rule": "envelope bridge (D27)", "flag": "bridged gap between development trends (D27): any structural or reservoir break here?", "length_ft": 12899.666937355676}, "geometry": {"type": "LineString", "coordinates": [[-103.79905, 31.902849], [-103.794861, 31.902839], [-103.78875, 31.90251], [-103.782361, 31.90179], [-103.777924, 31.901093], [-103.771338, 31.899767], [-103.767644, 31.898792], [-103.763132, 31.897313], [-103.758759, 31.895557]]}}, {"type": "Feature", "properties": {"layer": "edge", "edge_no": 75, "seg_no": 329, "edge_class": "bridge", "side": "S", "gap_ft": 3299.9672249771056, "perf_class": "strong", "perf_ratio": 1.1804068340511125, "buffer_ft": 2474.975418732829, "rule": "envelope bridge (D27)", "flag": "bridged gap between development trends (D27): any structural or reservoir break here?", "length_ft": 1099.9728445770352}, "geometry": {"type": "LineString", "coordinates": [[-103.758759, 31.895557], [-103.755637, 31.894126]]}}, {"type": "Feature", "properties": {"layer": "edge", "edge_no": 76, "seg_no": 330, "edge_class": "bridge", "side": "S", "gap_ft": 0.0, "perf_class": "strong", "perf_ratio": 1.1804068340511125, "buffer_ft": 1760.0, "rule": "envelope bridge (D27)", "flag": "bridged gap between development trends (D27): any structural or reservoir break here?", "length_ft": 16199.604925980448}, "geometry": {"type": "LineString", "coordinates": [[-103.755637, 31.894126], [-103.752596, 31.892571], [-103.749641, 31.890901], [-103.745478, 31.888306], [-103.741487, 31.885522], [-103.738359, 31.883145], [-103.735338, 31.880669], [-103.731527, 31.877312], [-103.727875, 31.873829], [-103.72437, 31.870238], [-103.721193, 31.866773], [-103.718323, 31.863456]]}}, {"type": "Feature", "properties": {"layer": "edge", "edge_no": 77, "seg_no": 366, "edge_class": "bridge", "side": "S", "gap_ft": 0.0, "perf_class": "unknown", "perf_ratio": 0.8370129728288518, "buffer_ft": 1320.0, "rule": "envelope bridge (D27)", "flag": "bridged gap between development trends (D27): any structural or reservoir break here?", "length_ft": 9499.72081249674}, "geometry": {"type": "LineString", "coordinates": [[-103.718323, 31.863456], [-103.714629, 31.858951], [-103.711265, 31.854587], [-103.70607, 31.847309], [-103.705222, 31.845828], [-103.704664, 31.844538], [-103.704184, 31.842941], [-103.703733, 31.840775]]}}, {"type": "Feature", "properties": {"layer": "edge", "edge_no": 78, "seg_no": 418, "edge_class": "bridge", "side": "S", "gap_ft": 0.0, "perf_class": "unknown", "perf_ratio": null, "buffer_ft": 1320.0, "rule": "envelope bridge (D27)", "flag": "bridged gap between development trends (D27): any structural or reservoir break here?", "length_ft": 29699.15032724625}, "geometry": {"type": "LineString", "coordinates": [[-103.703733, 31.840775], [-103.689254, 31.768138], [-103.688666, 31.766282], [-103.687025, 31.762998], [-103.68635, 31.760595]]}}, {"type": "Feature", "properties": {"layer": "edge", "edge_no": 79, "seg_no": 419, "edge_class": "gap", "side": "S", "gap_ft": 6799.932463589187, "perf_class": "unknown", "perf_ratio": 0.8043109499839497, "buffer_ft": 3824.962010768918, "rule": "gap: k \u00d7 gap", "flag": "", "length_ft": 5299.8633614426235}, "geometry": {"type": "LineString", "coordinates": [[-103.68635, 31.760595], [-103.68614, 31.75868], [-103.685612, 31.746041]]}}, {"type": "Feature", "properties": {"layer": "edge", "edge_no": 80, "seg_no": 420, "edge_class": "pinned", "side": "S", "gap_ft": 0.0, "perf_class": "unknown", "perf_ratio": 0.7147920318352791, "buffer_ft": 1320.0, "rule": "pinned: floor", "flag": "", "length_ft": 5499.597754450254}, "geometry": {"type": "LineString", "coordinates": [[-103.685612, 31.746041], [-103.685103, 31.735053], [-103.684542, 31.73291], [-103.68364, 31.73115]]}}, {"type": "Feature", "properties": {"layer": "edge", "edge_no": 81, "seg_no": 421, "edge_class": "pinned", "side": "S", "gap_ft": 0.0, "perf_class": "unknown", "perf_ratio": 0.7147920318352791, "buffer_ft": 1320.0, "rule": "pinned: floor", "flag": "", "length_ft": 3899.69187886566}, "geometry": {"type": "LineString", "coordinates": [[-103.68364, 31.73115], [-103.682599, 31.729763], [-103.681085, 31.728341], [-103.679838, 31.727475], [-103.67433, 31.724132]]}}, {"type": "Feature", "properties": {"layer": "edge", "edge_no": 82, "seg_no": 422, "edge_class": "bridge", "side": "S", "gap_ft": 3799.962259064546, "perf_class": "rolled", "perf_ratio": 0.19700966879863335, "buffer_ft": 1424.9858471492048, "rule": "envelope bridge (D27)", "flag": "bridged gap between development trends (D27): any structural or reservoir break here?", "length_ft": 3199.92786771032}, "geometry": {"type": "LineString", "coordinates": [[-103.67433, 31.724132], [-103.665938, 31.719038]]}}, {"type": "Feature", "properties": {"layer": "edge", "edge_no": 83, "seg_no": 423, "edge_class": "bridge", "side": "S", "gap_ft": 0.0, "perf_class": "rolled", "perf_ratio": 0.03492131838539148, "buffer_ft": 880.0, "rule": "envelope bridge (D27)", "flag": "bridged gap between development trends (D27): any structural or reservoir break here?", "length_ft": 1399.9526911932614}, "geometry": {"type": "LineString", "coordinates": [[-103.665938, 31.719038], [-103.662328, 31.716741]]}}, {"type": "Feature", "properties": {"layer": "edge", "edge_no": 84, "seg_no": 424, "edge_class": "bridge", "side": "S", "gap_ft": 299.99702045246414, "perf_class": "rolled", "perf_ratio": 0.03492131838539148, "buffer_ft": 880.0, "rule": "envelope bridge (D27)", "flag": "bridged gap between development trends (D27): any structural or reservoir break here?", "length_ft": 299.96755866401065}, "geometry": {"type": "LineString", "coordinates": [[-103.662328, 31.716741], [-103.661609, 31.716191]]}}, {"type": "Feature", "properties": {"layer": "edge", "edge_no": 85, "seg_no": 425, "edge_class": "bridge", "side": "S", "gap_ft": 0.0, "perf_class": "rolled", "perf_ratio": 0.03492131838539148, "buffer_ft": 880.0, "rule": "envelope bridge (D27)", "flag": "bridged gap between development trends (D27): any structural or reservoir break here?", "length_ft": 5899.719823712597}, "geometry": {"type": "LineString", "coordinates": [[-103.661609, 31.716191], [-103.660303, 31.714978], [-103.658988, 31.713418], [-103.658058, 31.711973], [-103.657333, 31.710445], [-103.65696, 31.709393], [-103.65658, 31.707776], [-103.655693, 31.701222]]}}, {"type": "Feature", "properties": {"layer": "edge", "edge_no": 86, "seg_no": 429, "edge_class": "bridge", "side": "S", "gap_ft": 0.0, "perf_class": "rolled", "perf_ratio": 0.37539780130483386, "buffer_ft": 880.0, "rule": "envelope bridge (D27)", "flag": "bridged gap between development trends (D27): any structural or reservoir break here?", "length_ft": 10599.162954222753}, "geometry": {"type": "LineString", "coordinates": [[-103.655693, 31.701222], [-103.653531, 31.684829], [-103.653264, 31.683475], [-103.652804, 31.682159], [-103.6523, 31.681148], [-103.651506, 31.679954], [-103.650544, 31.678854], [-103.649659, 31.678057], [-103.648687, 31.677338], [-103.647361, 31.676563], [-103.645932, 31.675936], [-103.644728, 31.675552]]}}, {"type": "Feature", "properties": {"layer": "edge", "edge_no": 87, "seg_no": 430, "edge_class": "gap", "side": "S", "gap_ft": 7099.929484041651, "perf_class": "rolled", "perf_ratio": 0.41357262588584154, "buffer_ft": 2662.4735565156193, "rule": "gap: k \u00d7 gap", "flag": "", "length_ft": 8399.2388272022}, "geometry": {"type": "LineString", "coordinates": [[-103.644728, 31.675552], [-103.642854, 31.675168], [-103.639994, 31.674804], [-103.637837, 31.67426], [-103.636357, 31.673725], [-103.634943, 31.673072], [-103.632606, 31.671617], [-103.631008, 31.670265], [-103.629283, 31.668282], [-103.628364, 31.666832], [-103.626989, 31.664048], [-103.626159, 31.662871], [-103.625162, 31.661794]]}}, {"type": "Feature", "properties": {"layer": "edge", "edge_no": 88, "seg_no": 431, "edge_class": "pinned", "side": "S", "gap_ft": 0.0, "perf_class": "unknown", "perf_ratio": null, "buffer_ft": 1320.0, "rule": "pinned: floor", "flag": "", "length_ft": 2599.579383073607}, "geometry": {"type": "LineString", "coordinates": [[-103.625162, 31.661794], [-103.623769, 31.660656], [-103.621914, 31.65957], [-103.620166, 31.658878], [-103.618002, 31.658361]]}}, {"type": "Feature", "properties": {"layer": "edge", "edge_no": 89, "seg_no": 432, "edge_class": "pinned", "side": "S", "gap_ft": 0.0, "perf_class": "unknown", "perf_ratio": null, "buffer_ft": 1320.0, "rule": "pinned: floor", "flag": "", "length_ft": 16099.058899704412}, "geometry": {"type": "LineString", "coordinates": [[-103.618002, 31.658361], [-103.616407, 31.658198], [-103.614801, 31.658209], [-103.61321, 31.658392], [-103.611658, 31.658745], [-103.610462, 31.659145], [-103.609042, 31.659787], [-103.607728, 31.660577], [-103.60654, 31.661501], [-103.603623, 31.664431], [-103.583213, 31.688452]]}}, {"type": "Feature", "properties": {"layer": "edge", "edge_no": 90, "seg_no": 435, "edge_class": "bridge", "side": "S", "gap_ft": 0.0, "perf_class": "rolled", "perf_ratio": 0.37539780130483386, "buffer_ft": 880.0, "rule": "envelope bridge (D27)", "flag": "bridged gap between development trends (D27): any structural or reservoir break here?", "length_ft": 1199.9729503906967}, "geometry": {"type": "LineString", "coordinates": [[-103.583213, 31.688452], [-103.580945, 31.691121]]}}, {"type": "Feature", "properties": {"layer": "edge", "edge_no": 91, "seg_no": 436, "edge_class": "bridge", "side": "S", "gap_ft": 1899.981129532273, "perf_class": "rolled", "perf_ratio": 0.37539780130483386, "buffer_ft": 880.0, "rule": "envelope bridge (D27)", "flag": "bridged gap between development trends (D27): any structural or reservoir break here?", "length_ft": 99.99774586691652}, "geometry": {"type": "LineString", "coordinates": [[-103.580945, 31.691121], [-103.580756, 31.691343]]}}, {"type": "Feature", "properties": {"layer": "edge", "edge_no": 92, "seg_no": 437, "edge_class": "bridge", "side": "S", "gap_ft": 0.0, "perf_class": "rolled", "perf_ratio": 0.37539780130483386, "buffer_ft": 880.0, "rule": "envelope bridge (D27)", "flag": "bridged gap between development trends (D27): any structural or reservoir break here?", "length_ft": 1499.9661879885393}, "geometry": {"type": "LineString", "coordinates": [[-103.580756, 31.691343], [-103.57792, 31.694679]]}}, {"type": "Feature", "properties": {"layer": "edge", "edge_no": 93, "seg_no": 439, "edge_class": "bridge", "side": "S", "gap_ft": 0.0, "perf_class": "rolled", "perf_ratio": 0.23225045751259757, "buffer_ft": 880.0, "rule": "envelope bridge (D27)", "flag": "bridged gap between development trends (D27): any structural or reservoir break here?", "length_ft": 3099.9301218437263}, "geometry": {"type": "LineString", "coordinates": [[-103.57792, 31.694679], [-103.572059, 31.701573]]}}, {"type": "Feature", "properties": {"layer": "edge", "edge_no": 94, "seg_no": 441, "edge_class": "bridge", "side": "S", "gap_ft": 0.0, "perf_class": "unknown", "perf_ratio": 0.84132699651409, "buffer_ft": 1320.0, "rule": "envelope bridge (D27)", "flag": "bridged gap between development trends (D27): any structural or reservoir break here?", "length_ft": 16699.621247580908}, "geometry": {"type": "LineString", "coordinates": [[-103.572059, 31.701573], [-103.540462, 31.738702]]}}, {"type": "Feature", "properties": {"layer": "edge", "edge_no": 95, "seg_no": 445, "edge_class": "bridge", "side": "S", "gap_ft": 0.0, "perf_class": "unknown", "perf_ratio": null, "buffer_ft": 1320.0, "rule": "envelope bridge (D27)", "flag": "bridged gap between development trends (D27): any structural or reservoir break here?", "length_ft": 99.99563170845522}, "geometry": {"type": "LineString", "coordinates": [[-103.540462, 31.738702], [-103.540264, 31.738919]]}}, {"type": "Feature", "properties": {"layer": "edge", "edge_no": 96, "seg_no": 446, "edge_class": "bridge", "side": "S", "gap_ft": 799.9920545399044, "perf_class": "unknown", "perf_ratio": null, "buffer_ft": 1320.0, "rule": "envelope bridge (D27)", "flag": "bridged gap between development trends (D27): any structural or reservoir break here?", "length_ft": 1299.9320346454958}, "geometry": {"type": "LineString", "coordinates": [[-103.540264, 31.738919], [-103.538778, 31.740363], [-103.53734, 31.741462]]}}, {"type": "Feature", "properties": {"layer": "edge", "edge_no": 97, "seg_no": 447, "edge_class": "bridge", "side": "S", "gap_ft": 0.0, "perf_class": "unknown", "perf_ratio": null, "buffer_ft": 1320.0, "rule": "envelope bridge (D27)", "flag": "bridged gap between development trends (D27): any structural or reservoir break here?", "length_ft": 5299.827473643719}, "geometry": {"type": "LineString", "coordinates": [[-103.53734, 31.741462], [-103.535214, 31.742698], [-103.532611, 31.743776], [-103.526879, 31.745589], [-103.521626, 31.746887]]}}, {"type": "Feature", "properties": {"layer": "edge", "edge_no": 98, "seg_no": 448, "edge_class": "bridge", "side": "SE", "gap_ft": 0.0, "perf_class": "unknown", "perf_ratio": null, "buffer_ft": 1320.0, "rule": "envelope bridge (D27)", "flag": "bridged gap between development trends (D27): any structural or reservoir break here?", "length_ft": 899.9751558840421}, "geometry": {"type": "LineString", "coordinates": [[-103.521626, 31.746887], [-103.518807, 31.747452]]}}, {"type": "Feature", "properties": {"layer": "edge", "edge_no": 99, "seg_no": 449, "edge_class": "bridge", "side": "SE", "gap_ft": 0.0, "perf_class": "unknown", "perf_ratio": null, "buffer_ft": 1320.0, "rule": "envelope bridge (D27)", "flag": "bridged gap between development trends (D27): any structural or reservoir break here?", "length_ft": 10999.702336270077}, "geometry": {"type": "LineString", "coordinates": [[-103.518807, 31.747452], [-103.514065, 31.748213], [-103.507676, 31.748856], [-103.501249, 31.749099], [-103.491278, 31.748972], [-103.488064, 31.749101], [-103.483587, 31.749511]]}}, {"type": "Feature", "properties": {"layer": "edge", "edge_no": 100, "seg_no": 457, "edge_class": "pinned", "side": "SE", "gap_ft": 0.0, "perf_class": "unknown", "perf_ratio": null, "buffer_ft": 1320.0, "rule": "pinned: floor", "flag": "", "length_ft": 16699.502679120596}, "geometry": {"type": "LineString", "coordinates": [[-103.483587, 31.749511], [-103.479466, 31.750119], [-103.476339, 31.750764], [-103.473568, 31.75148], [-103.470548, 31.752429], [-103.467896, 31.753422], [-103.465038, 31.754682], [-103.461208, 31.756706], [-103.458868, 31.758163], [-103.456387, 31.759913], [-103.45427, 31.761601], [-103.452048, 31.763589], [-103.450166, 31.76547], [-103.448207, 31.76765], [-103.446382, 31.769914], [-103.444685, 31.77225], [-103.442381, 31.775873]]}}, {"type": "Feature", "properties": {"layer": "edge", "edge_no": 101, "seg_no": 458, "edge_class": "gap", "side": "SE", "gap_ft": 6099.939415866771, "perf_class": "unknown", "perf_ratio": null, "buffer_ft": 3431.2159214250587, "rule": "gap: k \u00d7 gap", "flag": "", "length_ft": 3899.8915571533244}, "geometry": {"type": "LineString", "coordinates": [[-103.442381, 31.775873], [-103.440187, 31.779851], [-103.438843, 31.782649], [-103.437514, 31.785746]]}}, {"type": "Feature", "properties": {"layer": "edge", "edge_no": 102, "seg_no": 459, "edge_class": "pinned", "side": "SE", "gap_ft": 0.0, "perf_class": "unknown", "perf_ratio": null, "buffer_ft": 1320.0, "rule": "pinned: floor", "flag": "", "length_ft": 8299.796117164437}, "geometry": {"type": "LineString", "coordinates": [[-103.437514, 31.785746], [-103.43549, 31.791254], [-103.434336, 31.794974], [-103.432623, 31.801689], [-103.431399, 31.807924]]}}, {"type": "Feature", "properties": {"layer": "edge", "edge_no": 103, "seg_no": 460, "edge_class": "bridge", "side": "SE", "gap_ft": 2299.977156802225, "perf_class": "unknown", "perf_ratio": null, "buffer_ft": 1320.0, "rule": "envelope bridge (D27)", "flag": "bridged gap between development trends (D27): any structural or reservoir break here?", "length_ft": 2199.9483291847064}, "geometry": {"type": "LineString", "coordinates": [[-103.431399, 31.807924], [-103.430207, 31.813886]]}}, {"type": "Feature", "properties": {"layer": "edge", "edge_no": 104, "seg_no": 461, "edge_class": "bridge", "side": "SE", "gap_ft": 0.0, "perf_class": "unknown", "perf_ratio": null, "buffer_ft": 1320.0, "rule": "envelope bridge (D27)", "flag": "bridged gap between development trends (D27): any structural or reservoir break here?", "length_ft": 7199.829586835613}, "geometry": {"type": "LineString", "coordinates": [[-103.430207, 31.813886], [-103.428868, 31.819544], [-103.427847, 31.823293], [-103.425927, 31.829399], [-103.424592, 31.833075]]}}, {"type": "Feature", "properties": {"layer": "edge", "edge_no": 105, "seg_no": 467, "edge_class": "bridge", "side": "SE", "gap_ft": 0.0, "perf_class": "unknown", "perf_ratio": 0.7087558390155213, "buffer_ft": 1320.0, "rule": "envelope bridge (D27)", "flag": "bridged gap between development trends (D27): any structural or reservoir break here?", "length_ft": 16399.57897231046}, "geometry": {"type": "LineString", "coordinates": [[-103.424592, 31.833075], [-103.42222, 31.838773], [-103.420892, 31.841577], [-103.418635, 31.845834], [-103.415471, 31.850935], [-103.412206, 31.855351], [-103.410322, 31.857581], [-103.408524, 31.859521], [-103.406625, 31.861391], [-103.404626, 31.863182], [-103.402764, 31.864703], [-103.400573, 31.866322], [-103.398282, 31.867838], [-103.395355, 31.869541]]}}, {"type": "Feature", "properties": {"layer": "edge", "edge_no": 106, "seg_no": 516, "edge_class": "bridge", "side": "SE", "gap_ft": 0.0, "perf_class": "unknown", "perf_ratio": null, "buffer_ft": 1320.0, "rule": "envelope bridge (D27)", "flag": "bridged gap between development trends (D27): any structural or reservoir break here?", "length_ft": 17199.379034467896}, "geometry": {"type": "LineString", "coordinates": [[-103.395355, 31.869541], [-103.392542, 31.870876], [-103.391358, 31.871309], [-103.389518, 31.871811], [-103.345892, 31.880429], [-103.344049, 31.880921], [-103.342034, 31.88178]]}}, {"type": "Feature", "properties": {"layer": "edge", "edge_no": 107, "seg_no": 517, "edge_class": "pinned", "side": "SE", "gap_ft": 0.0, "perf_class": "unknown", "perf_ratio": null, "buffer_ft": 1320.0, "rule": "pinned: floor", "flag": "", "length_ft": 9699.25046753817}, "geometry": {"type": "LineString", "coordinates": [[-103.342034, 31.88178], [-103.339991, 31.883115], [-103.338304, 31.884772], [-103.33704, 31.886685], [-103.336408, 31.888242], [-103.33602, 31.890135], [-103.334522, 31.906579]]}}, {"type": "Feature", "properties": {"layer": "edge", "edge_no": 108, "seg_no": 518, "edge_class": "bridge", "side": "SE", "gap_ft": 1399.9860954448327, "perf_class": "unknown", "perf_ratio": null, "buffer_ft": 1320.0, "rule": "envelope bridge (D27)", "flag": "bridged gap between development trends (D27): any structural or reservoir break here?", "length_ft": 799.9819669287681}, "geometry": {"type": "LineString", "coordinates": [[-103.334522, 31.906579], [-103.334323, 31.908772]]}}, {"type": "Feature", "properties": {"layer": "edge", "edge_no": 109, "seg_no": 519, "edge_class": "bridge", "side": "SE", "gap_ft": 0.0, "perf_class": "unknown", "perf_ratio": null, "buffer_ft": 1320.0, "rule": "envelope bridge (D27)", "flag": "bridged gap between development trends (D27): any structural or reservoir break here?", "length_ft": 16499.628067878646}, "geometry": {"type": "LineString", "coordinates": [[-103.334323, 31.908772], [-103.330207, 31.953994]]}}, {"type": "Feature", "properties": {"layer": "edge", "edge_no": 110, "seg_no": 521, "edge_class": "bridge", "side": "SE", "gap_ft": 0.0, "perf_class": "rolled", "perf_ratio": 0.46471151112840875, "buffer_ft": 880.0, "rule": "envelope bridge (D27)", "flag": "bridged gap between development trends (D27): any structural or reservoir break here?", "length_ft": 22499.47791684733}, "geometry": {"type": "LineString", "coordinates": [[-103.330207, 31.953994], [-103.329857, 31.957002], [-103.328064, 31.966501], [-103.326961, 31.973031], [-103.325024, 31.986122], [-103.323305, 32.000065], [-103.321812, 32.015406]]}}, {"type": "Feature", "properties": {"layer": "edge", "edge_no": 111, "seg_no": 528, "edge_class": "bridge", "side": "SE", "gap_ft": 0.0, "perf_class": "unknown", "perf_ratio": null, "buffer_ft": 1320.0, "rule": "envelope bridge (D27)", "flag": "bridged gap between development trends (D27): any structural or reservoir break here?", "length_ft": 27499.3351292708}, "geometry": {"type": "LineString", "coordinates": [[-103.321812, 32.015406], [-103.320939, 32.027478], [-103.320341, 32.040663], [-103.32014, 32.053032], [-103.320186, 32.059354], [-103.320476, 32.069247], [-103.320424, 32.070895], [-103.319979, 32.073338], [-103.315402, 32.090494]]}}, {"type": "Feature", "properties": {"layer": "edge", "edge_no": 112, "seg_no": 529, "edge_class": "bridge", "side": "SE", "gap_ft": 8399.916572668997, "perf_class": "rolled", "perf_ratio": 0.6813970032812334, "buffer_ft": 3149.968714750874, "rule": "envelope bridge (D27)", "flag": "bridged gap between development trends (D27): any structural or reservoir break here?", "length_ft": 699.9842210615235}, "geometry": {"type": "LineString", "coordinates": [[-103.315402, 32.090494], [-103.314901, 32.09237]]}}, {"type": "Feature", "properties": {"layer": "edge", "edge_no": 113, "seg_no": 530, "edge_class": "pinned", "side": "SE", "gap_ft": 0.0, "perf_class": "unknown", "perf_ratio": 0.7271210974067073, "buffer_ft": 1320.0, "rule": "pinned: floor", "flag": "", "length_ft": 7899.627488296127}, "geometry": {"type": "LineString", "coordinates": [[-103.314901, 32.09237], [-103.310778, 32.107922], [-103.310619, 32.110113], [-103.311085, 32.113663]]}}, {"type": "Feature", "properties": {"layer": "edge", "edge_no": 114, "seg_no": 531, "edge_class": "gap", "side": "SE", "gap_ft": 1799.982122714785, "perf_class": "rolled", "perf_ratio": 0.6027412568549038, "buffer_ft": 880.0, "rule": "gap: k \u00d7 gap", "flag": "", "length_ft": 1899.9571714521699}, "geometry": {"type": "LineString", "coordinates": [[-103.311085, 32.113663], [-103.311841, 32.118846]]}}, {"type": "Feature", "properties": {"layer": "edge", "edge_no": 115, "seg_no": 532, "edge_class": "pinned", "side": "E", "gap_ft": 0.0, "perf_class": "unknown", "perf_ratio": 0.7271210974067073, "buffer_ft": 1320.0, "rule": "pinned: floor", "flag": "", "length_ft": 10199.465905329113}, "geometry": {"type": "LineString", "coordinates": [[-103.311841, 32.118846], [-103.314269, 32.135487], [-103.314833, 32.137629], [-103.315586, 32.139147], [-103.316784, 32.140776], [-103.321011, 32.144934]]}}, {"type": "Feature", "properties": {"layer": "edge", "edge_no": 116, "seg_no": 533, "edge_class": "bridge", "side": "E", "gap_ft": 0.0, "perf_class": "unknown", "perf_ratio": 0.7271210974067073, "buffer_ft": 1320.0, "rule": "envelope bridge (D27)", "flag": "bridged gap between development trends (D27): any structural or reservoir break here?", "length_ft": 2399.9459007828177}, "geometry": {"type": "LineString", "coordinates": [[-103.321011, 32.144934], [-103.326113, 32.149902]]}}, {"type": "Feature", "properties": {"layer": "edge", "edge_no": 117, "seg_no": 534, "edge_class": "bridge", "side": "E", "gap_ft": 0.0, "perf_class": "unknown", "perf_ratio": 0.7271210974067073, "buffer_ft": 1320.0, "rule": "envelope bridge (D27)", "flag": "bridged gap between development trends (D27): any structural or reservoir break here?", "length_ft": 1099.9752045252937}, "geometry": {"type": "LineString", "coordinates": [[-103.326113, 32.149902], [-103.328452, 32.152179]]}}, {"type": "Feature", "properties": {"layer": "edge", "edge_no": 118, "seg_no": 535, "edge_class": "bridge", "side": "E", "gap_ft": 5399.946368144355, "perf_class": "unknown", "perf_ratio": 0.7271210974067073, "buffer_ft": 3037.4698320811995, "rule": "envelope bridge (D27)", "flag": "bridged gap between development trends (D27): any structural or reservoir break here?", "length_ft": 1699.9616797201509}, "geometry": {"type": "LineString", "coordinates": [[-103.328452, 32.152179], [-103.332066, 32.155698]]}}, {"type": "Feature", "properties": {"layer": "edge", "edge_no": 119, "seg_no": 536, "edge_class": "bridge", "side": "E", "gap_ft": 0.0, "perf_class": "unknown", "perf_ratio": null, "buffer_ft": 1320.0, "rule": "envelope bridge (D27)", "flag": "bridged gap between development trends (D27): any structural or reservoir break here?", "length_ft": 2099.9526631852327}, "geometry": {"type": "LineString", "coordinates": [[-103.332066, 32.155698], [-103.336531, 32.160045]]}}, {"type": "Feature", "properties": {"layer": "edge", "edge_no": 120, "seg_no": 537, "edge_class": "bridge", "side": "E", "gap_ft": 0.0, "perf_class": "unknown", "perf_ratio": null, "buffer_ft": 1320.0, "rule": "envelope bridge (D27)", "flag": "bridged gap between development trends (D27): any structural or reservoir break here?", "length_ft": 2899.93463011156}, "geometry": {"type": "LineString", "coordinates": [[-103.336531, 32.160045], [-103.342698, 32.166047]]}}, {"type": "Feature", "properties": {"layer": "edge", "edge_no": 121, "seg_no": 538, "edge_class": "bridge", "side": "E", "gap_ft": 0.0, "perf_class": "unknown", "perf_ratio": 0.7275909325865717, "buffer_ft": 1320.0, "rule": "envelope bridge (D27)", "flag": "bridged gap between development trends (D27): any structural or reservoir break here?", "length_ft": 2399.909872400615}, "geometry": {"type": "LineString", "coordinates": [[-103.342698, 32.166047], [-103.346076, 32.169377], [-103.347525, 32.171196]]}}, {"type": "Feature", "properties": {"layer": "edge", "edge_no": 122, "seg_no": 539, "edge_class": "bridge", "side": "E", "gap_ft": 4399.9562999694745, "perf_class": "unknown", "perf_ratio": 0.7275909325865717, "buffer_ft": 2474.975418732829, "rule": "envelope bridge (D27)", "flag": "bridged gap between development trends (D27): any structural or reservoir break here?", "length_ft": 2799.9235048067376}, "geometry": {"type": "LineString", "coordinates": [[-103.347525, 32.171196], [-103.34999, 32.175371], [-103.351489, 32.178113]]}}, {"type": "Feature", "properties": {"layer": "edge", "edge_no": 123, "seg_no": 540, "edge_class": "pinned", "side": "E", "gap_ft": 0.0, "perf_class": "unknown", "perf_ratio": 0.7929708475390055, "buffer_ft": 1320.0, "rule": "pinned: floor", "flag": "", "length_ft": 15599.636691343885}, "geometry": {"type": "LineString", "coordinates": [[-103.351489, 32.178113], [-103.354107, 32.183139], [-103.356194, 32.187463], [-103.358043, 32.19157], [-103.361018, 32.198839], [-103.364087, 32.207526], [-103.365326, 32.211512], [-103.367303, 32.218741]]}}, {"type": "Feature", "properties": {"layer": "edge", "edge_no": 124, "seg_no": 541, "edge_class": "bridge", "side": "E", "gap_ft": 599.9940409049283, "perf_class": "unknown", "perf_ratio": 0.7929708475390055, "buffer_ft": 1320.0, "rule": "envelope bridge (D27)", "flag": "bridged gap between development trends (D27): any structural or reservoir break here?", "length_ft": 3599.915881189729}, "geometry": {"type": "LineString", "coordinates": [[-103.367303, 32.218741], [-103.368515, 32.223861], [-103.36946, 32.228465]]}}, {"type": "Feature", "properties": {"layer": "edge", "edge_no": 125, "seg_no": 558, "edge_class": "bridge", "side": "E", "gap_ft": 0.0, "perf_class": "strong", "perf_ratio": 1.067955369002093, "buffer_ft": 1760.0, "rule": "envelope bridge (D27)", "flag": "bridged gap between development trends (D27): any structural or reservoir break here?", "length_ft": 8599.801197628265}, "geometry": {"type": "LineString", "coordinates": [[-103.36946, 32.228465], [-103.370798, 32.236355], [-103.371384, 32.240724], [-103.371892, 32.245378], [-103.3724, 32.25196]]}}, {"type": "Feature", "properties": {"layer": "edge", "edge_no": 126, "seg_no": 559, "edge_class": "bridge", "side": "E", "gap_ft": 3099.9692113421297, "perf_class": "strong", "perf_ratio": 1.067955369002093, "buffer_ft": 2324.9769085065973, "rule": "envelope bridge (D27)", "flag": "bridged gap between development trends (D27): any structural or reservoir break here?", "length_ft": 1499.9655977644898}, "geometry": {"type": "LineString", "coordinates": [[-103.3724, 32.25196], [-103.372608, 32.25608]]}}, {"type": "Feature", "properties": {"layer": "edge", "edge_no": 127, "seg_no": 560, "edge_class": "pinned", "side": "E", "gap_ft": 0.0, "perf_class": "strong", "perf_ratio": 1.067955369002093, "buffer_ft": 1760.0, "rule": "pinned: floor", "flag": "pinned edge, strong wells: edge not explained by performance; what stops it?", "length_ft": 9599.777728421814}, "geometry": {"type": "LineString", "coordinates": [[-103.372608, 32.25608], [-103.372775, 32.26295], [-103.372746, 32.267623], [-103.372405, 32.276415], [-103.371956, 32.28245]]}}, {"type": "Feature", "properties": {"layer": "edge", "edge_no": 128, "seg_no": 561, "edge_class": "gap", "side": "E", "gap_ft": 3399.9662317945936, "perf_class": "rolled", "perf_ratio": 0.5799555700838399, "buffer_ft": 1274.9873369229726, "rule": "gap: k \u00d7 gap", "flag": "", "length_ft": 3999.9083223714265}, "geometry": {"type": "LineString", "coordinates": [[-103.371956, 32.28245], [-103.371594, 32.286286], [-103.370734, 32.293395]]}}, {"type": "Feature", "properties": {"layer": "edge", "edge_no": 129, "seg_no": 562, "edge_class": "pinned", "side": "E", "gap_ft": 0.0, "perf_class": "rolled", "perf_ratio": 0.6262077727501016, "buffer_ft": 880.0, "rule": "pinned: floor", "flag": "", "length_ft": 10699.739089121676}, "geometry": {"type": "LineString", "coordinates": [[-103.370734, 32.293395], [-103.370226, 32.296943], [-103.369674, 32.299371], [-103.362651, 32.321962]]}}, {"type": "Feature", "properties": {"layer": "edge", "edge_no": 130, "seg_no": 563, "edge_class": "bridge", "side": "E", "gap_ft": 1899.981129532273, "perf_class": "rolled", "perf_ratio": 0.6262077727501016, "buffer_ft": 880.0, "rule": "envelope bridge (D27)", "flag": "bridged gap between development trends (D27): any structural or reservoir break here?", "length_ft": 1999.954917317517}, "geometry": {"type": "LineString", "coordinates": [[-103.362651, 32.321962], [-103.360997, 32.327277]]}}, {"type": "Feature", "properties": {"layer": "edge", "edge_no": 131, "seg_no": 564, "edge_class": "pinned", "side": "E", "gap_ft": 0.0, "perf_class": "rolled", "perf_ratio": 0.6262077727501016, "buffer_ft": 880.0, "rule": "pinned: floor", "flag": "", "length_ft": 5499.87602262778}, "geometry": {"type": "LineString", "coordinates": [[-103.360997, 32.327277], [-103.356446, 32.341894]]}}, {"type": "Feature", "properties": {"layer": "edge", "edge_no": 132, "seg_no": 565, "edge_class": "gap", "side": "E", "gap_ft": 2999.9702045246418, "perf_class": "unknown", "perf_ratio": 0.7966682911394883, "buffer_ft": 1687.483240045111, "rule": "gap: k \u00d7 gap", "flag": "", "length_ft": 3099.930121842734}, "geometry": {"type": "LineString", "coordinates": [[-103.356446, 32.341894], [-103.353881, 32.350132]]}}, {"type": "Feature", "properties": {"layer": "edge", "edge_no": 133, "seg_no": 566, "edge_class": "pinned", "side": "E", "gap_ft": 0.0, "perf_class": "rolled", "perf_ratio": 0.6595302525321034, "buffer_ft": 880.0, "rule": "pinned: floor", "flag": "", "length_ft": 15199.306956247903}, "geometry": {"type": "LineString", "coordinates": [[-103.353881, 32.350132], [-103.352575, 32.354388], [-103.352304, 32.356019], [-103.352272, 32.383232], [-103.352483, 32.384594], [-103.352999, 32.386182], [-103.353635, 32.387445], [-103.355805, 32.391135]]}}, {"type": "Feature", "properties": {"layer": "edge", "edge_no": 134, "seg_no": 567, "edge_class": "gap", "side": "E", "gap_ft": 4499.955306786962, "perf_class": "unknown", "perf_ratio": 0.7032805827157632, "buffer_ft": 2531.224860067666, "rule": "gap: k \u00d7 gap", "flag": "", "length_ft": 4099.907580502748}, "geometry": {"type": "LineString", "coordinates": [[-103.355805, 32.391135], [-103.361737, 32.401218]]}}, {"type": "Feature", "properties": {"layer": "edge", "edge_no": 135, "seg_no": 568, "edge_class": "pinned", "side": "E", "gap_ft": 0.0, "perf_class": "unknown", "perf_ratio": 0.747030912899423, "buffer_ft": 1320.0, "rule": "pinned: floor", "flag": "", "length_ft": 6199.774350127355}, "geometry": {"type": "LineString", "coordinates": [[-103.361737, 32.401218], [-103.366512, 32.409335], [-103.367525, 32.411358], [-103.367984, 32.412676], [-103.368291, 32.414025], [-103.368513, 32.41704]]}}, {"type": "Feature", "properties": {"layer": "edge", "edge_no": 136, "seg_no": 569, "edge_class": "gap", "side": "E", "gap_ft": 2699.9731840721774, "perf_class": "strong", "perf_ratio": 0.8761134088200584, "buffer_ft": 2024.979888054133, "rule": "gap: k \u00d7 gap", "flag": "", "length_ft": 2999.93237597775}, "geometry": {"type": "LineString", "coordinates": [[-103.368513, 32.41704], [-103.368703, 32.425285]]}}, {"type": "Feature", "properties": {"layer": "edge", "edge_no": 137, "seg_no": 570, "edge_class": "pinned", "side": "NE", "gap_ft": 0.0, "perf_class": "strong", "perf_ratio": 0.8628641290523589, "buffer_ft": 1760.0, "rule": "pinned: floor", "flag": "pinned edge, strong wells: edge not explained by performance; what stops it?", "length_ft": 18799.394782628322}, "geometry": {"type": "LineString", "coordinates": [[-103.368703, 32.425285], [-103.369775, 32.471731], [-103.370077, 32.473911], [-103.371139, 32.476796]]}}, {"type": "Feature", "properties": {"layer": "edge", "edge_no": 138, "seg_no": 571, "edge_class": "gap", "side": "NE", "gap_ft": 1699.9831158972968, "perf_class": "strong", "perf_ratio": 0.9786973452052947, "buffer_ft": 1760.0, "rule": "gap: k \u00d7 gap", "flag": "", "length_ft": 2099.916764018451}, "geometry": {"type": "LineString", "coordinates": [[-103.371139, 32.476796], [-103.371642, 32.478951], [-103.371998, 32.482511]]}}, {"type": "Feature", "properties": {"layer": "edge", "edge_no": 139, "seg_no": 572, "edge_class": "pinned", "side": "NE", "gap_ft": 0.0, "perf_class": "strong", "perf_ratio": 0.8645909545806859, "buffer_ft": 1760.0, "rule": "pinned: floor", "flag": "pinned edge, strong wells: edge not explained by performance; what stops it?", "length_ft": 11399.222053550704}, "geometry": {"type": "LineString", "coordinates": [[-103.371998, 32.482511], [-103.37387, 32.503066], [-103.374131, 32.504699], [-103.37492, 32.50679], [-103.376188, 32.508705], [-103.377884, 32.510364], [-103.379132, 32.511241], [-103.38022, 32.511839]]}}, {"type": "Feature", "properties": {"layer": "edge", "edge_no": 140, "seg_no": 574, "edge_class": "pinned", "side": "NE", "gap_ft": 0.0, "perf_class": "unknown", "perf_ratio": 0.7788976197213047, "buffer_ft": 1320.0, "rule": "pinned: floor", "flag": "", "length_ft": 1899.8099530828874}, "geometry": {"type": "LineString", "coordinates": [[-103.38022, 32.511839], [-103.383079, 32.513136], [-103.385419, 32.514611]]}}, {"type": "Feature", "properties": {"layer": "edge", "edge_no": 141, "seg_no": 575, "edge_class": "gap", "side": "NE", "gap_ft": 4799.952327239426, "perf_class": "unknown", "perf_ratio": 0.750484563956077, "buffer_ft": 2699.9731840721774, "rule": "gap: k \u00d7 gap", "flag": "", "length_ft": 4499.730935572004}, "geometry": {"type": "LineString", "coordinates": [[-103.385419, 32.514611], [-103.386803, 32.51577], [-103.387829, 32.516833], [-103.388732, 32.517975], [-103.389639, 32.519434], [-103.390243, 32.520709], [-103.390703, 32.522026], [-103.391013, 32.523375], [-103.391216, 32.525566]]}}, {"type": "Feature", "properties": {"layer": "edge", "edge_no": 142, "seg_no": 576, "edge_class": "bridge", "side": "NE", "gap_ft": 0.0, "perf_class": "rolled", "perf_ratio": 0.4655556444036717, "buffer_ft": 880.0, "rule": "envelope bridge (D27)", "flag": "bridged gap between development trends (D27): any structural or reservoir break here?", "length_ft": 5099.8837310381205}, "geometry": {"type": "LineString", "coordinates": [[-103.391216, 32.525566], [-103.391407, 32.539584]]}}, {"type": "Feature", "properties": {"layer": "edge", "edge_no": 143, "seg_no": 578, "edge_class": "bridge", "side": "NE", "gap_ft": 0.0, "perf_class": "rolled", "perf_ratio": 0.5772610366833759, "buffer_ft": 880.0, "rule": "envelope bridge (D27)", "flag": "bridged gap between development trends (D27): any structural or reservoir break here?", "length_ft": 1899.9571714535434}, "geometry": {"type": "LineString", "coordinates": [[-103.391407, 32.539584], [-103.391477, 32.544806]]}}, {"type": "Feature", "properties": {"layer": "edge", "edge_no": 144, "seg_no": 579, "edge_class": "bridge", "side": "NE", "gap_ft": 0.0, "perf_class": "rolled", "perf_ratio": 0.5772610366833759, "buffer_ft": 880.0, "rule": "envelope bridge (D27)", "flag": "bridged gap between development trends (D27): any structural or reservoir break here?", "length_ft": 499.9887293295722}, "geometry": {"type": "LineString", "coordinates": [[-103.391477, 32.544806], [-103.391496, 32.54618]]}}, {"type": "Feature", "properties": {"layer": "edge", "edge_no": 145, "seg_no": 581, "edge_class": "pinned", "side": "NE", "gap_ft": 0.0, "perf_class": "rolled", "perf_ratio": 0.6969584050151935, "buffer_ft": 880.0, "rule": "pinned: floor", "flag": "", "length_ft": 21199.092176479797}, "geometry": {"type": "LineString", "coordinates": [[-103.391496, 32.54618], [-103.392178, 32.594005], [-103.392415, 32.595363], [-103.392751, 32.596425], [-103.393344, 32.597703], [-103.393953, 32.598673], [-103.39467, 32.599589], [-103.395718, 32.600638], [-103.398337, 32.602693]]}}, {"type": "Feature", "properties": {"layer": "edge", "edge_no": 146, "seg_no": 582, "edge_class": "bridge", "side": "NE", "gap_ft": 4499.955306786962, "perf_class": "rolled", "perf_ratio": 0.5549622151950114, "buffer_ft": 880.0, "rule": "envelope bridge (D27)", "flag": "bridged gap between development trends (D27): any structural or reservoir break here?", "length_ft": 4199.9053263703145}, "geometry": {"type": "LineString", "coordinates": [[-103.398337, 32.602693], [-103.408417, 32.61047]]}}, {"type": "Feature", "properties": {"layer": "edge", "edge_no": 147, "seg_no": 583, "edge_class": "bridge", "side": "NE", "gap_ft": 0.0, "perf_class": "rolled", "perf_ratio": 0.4741661993047584, "buffer_ft": 880.0, "rule": "envelope bridge (D27)", "flag": "bridged gap between development trends (D27): any structural or reservoir break here?", "length_ft": 6499.753624155941}, "geometry": {"type": "LineString", "coordinates": [[-103.408417, 32.61047], [-103.414409, 32.615108], [-103.415534, 32.616098], [-103.416738, 32.617395], [-103.41776, 32.618797], [-103.418707, 32.620545], [-103.419299, 32.622116], [-103.420043, 32.624791]]}}, {"type": "Feature", "properties": {"layer": "edge", "edge_no": 148, "seg_no": 584, "edge_class": "bridge", "side": "NE", "gap_ft": 0.0, "perf_class": "rolled", "perf_ratio": 0.4741661993047584, "buffer_ft": 880.0, "rule": "envelope bridge (D27)", "flag": "bridged gap between development trends (D27): any structural or reservoir break here?", "length_ft": 5699.871514358875}, "geometry": {"type": "LineString", "coordinates": [[-103.420043, 32.624791], [-103.42416, 32.640067]]}}, {"type": "Feature", "properties": {"layer": "edge", "edge_no": 149, "seg_no": 586, "edge_class": "bridge", "side": "NE", "gap_ft": 0.0, "perf_class": "rolled", "perf_ratio": 0.4741661993047584, "buffer_ft": 880.0, "rule": "envelope bridge (D27)", "flag": "bridged gap between development trends (D27): any structural or reservoir break here?", "length_ft": 999.977458659147}, "geometry": {"type": "LineString", "coordinates": [[-103.42416, 32.640067], [-103.424883, 32.642747]]}}, {"type": "Feature", "properties": {"layer": "edge", "edge_no": 150, "seg_no": 591, "edge_class": "bridge", "side": "NE", "gap_ft": 0.0, "perf_class": "rolled", "perf_ratio": 0.5858812131138342, "buffer_ft": 880.0, "rule": "envelope bridge (D27)", "flag": "bridged gap between development trends (D27): any structural or reservoir break here?", "length_ft": 1699.9616797203691}, "geometry": {"type": "LineString", "coordinates": [[-103.424883, 32.642747], [-103.426111, 32.647303]]}}, {"type": "Feature", "properties": {"layer": "edge", "edge_no": 151, "seg_no": 593, "edge_class": "bridge", "side": "NE", "gap_ft": 0.0, "perf_class": "rolled", "perf_ratio": 0.5195272183652686, "buffer_ft": 880.0, "rule": "envelope bridge (D27)", "flag": "bridged gap between development trends (D27): any structural or reservoir break here?", "length_ft": 20799.531140115276}, "geometry": {"type": "LineString", "coordinates": [[-103.426111, 32.647303], [-103.441151, 32.703044]]}}, {"type": "Feature", "properties": {"layer": "edge", "edge_no": 152, "seg_no": 594, "edge_class": "bridge", "side": "NE", "gap_ft": 2699.9731840721774, "perf_class": "rolled", "perf_ratio": 0.5195272183652686, "buffer_ft": 1012.4899440270665, "rule": "envelope bridge (D27)", "flag": "bridged gap between development trends (D27): any structural or reservoir break here?", "length_ft": 2199.9504090509577}, "geometry": {"type": "LineString", "coordinates": [[-103.441151, 32.703044], [-103.442743, 32.70894]]}}, {"type": "Feature", "properties": {"layer": "edge", "edge_no": 153, "seg_no": 595, "edge_class": "pinned", "side": "NE", "gap_ft": 0.0, "perf_class": "rolled", "perf_ratio": 0.6061048447956578, "buffer_ft": 880.0, "rule": "pinned: floor", "flag": "", "length_ft": 13999.16614959305}, "geometry": {"type": "LineString", "coordinates": [[-103.442743, 32.70894], [-103.449908, 32.73547], [-103.450473, 32.737047], [-103.45115, 32.738295], [-103.452007, 32.739462], [-103.453723, 32.74111], [-103.455795, 32.742433], [-103.456938, 32.742957], [-103.458446, 32.743469]]}}, {"type": "Feature", "properties": {"layer": "edge", "edge_no": 154, "seg_no": 596, "edge_class": "gap", "side": "NE", "gap_ft": 1099.9890749923686, "perf_class": "rolled", "perf_ratio": 0.6178338996365093, "buffer_ft": 880.0, "rule": "gap: k \u00d7 gap", "flag": "", "length_ft": 699.8663047115674}, "geometry": {"type": "LineString", "coordinates": [[-103.458446, 32.743469], [-103.460659, 32.743908]]}}, {"type": "Feature", "properties": {"layer": "edge", "edge_no": 155, "seg_no": 597, "edge_class": "pinned", "side": "NE", "gap_ft": 0.0, "perf_class": "rolled", "perf_ratio": 0.6178338996365093, "buffer_ft": 880.0, "rule": "pinned: floor", "flag": "", "length_ft": 2099.90071251825}, "geometry": {"type": "LineString", "coordinates": [[-103.460659, 32.743908], [-103.467478, 32.744211]]}}, {"type": "Feature", "properties": {"layer": "edge", "edge_no": 156, "seg_no": 598, "edge_class": "bridge", "side": "NE", "gap_ft": 0.0, "perf_class": "rolled", "perf_ratio": 0.6178338996365093, "buffer_ft": 880.0, "rule": "envelope bridge (D27)", "flag": "bridged gap between development trends (D27): any structural or reservoir break here?", "length_ft": 10299.76782419123}, "geometry": {"type": "LineString", "coordinates": [[-103.467478, 32.744211], [-103.50095, 32.745394]]}}, {"type": "Feature", "properties": {"layer": "edge", "edge_no": 157, "seg_no": 616, "edge_class": "pinned", "side": "NE", "gap_ft": 0.0, "perf_class": "unknown", "perf_ratio": 0.8083154259493422, "buffer_ft": 1320.0, "rule": "pinned: floor", "flag": "", "length_ft": 21598.748545287708}, "geometry": {"type": "LineString", "coordinates": [[-103.50095, 32.745394], [-103.513623, 32.745869], [-103.515871, 32.746162], [-103.518665, 32.746892], [-103.52014, 32.74747], [-103.521544, 32.748163], [-103.522864, 32.748966], [-103.524087, 32.749871], [-103.525613, 32.751298], [-103.528093, 32.754189], [-103.529978, 32.755699], [-103.531323, 32.756471], [-103.532774, 32.757091], [-103.535253, 32.757749], [-103.536863, 32.757939], [-103.538813, 32.757944], [-103.566083, 32.75646]]}}, {"type": "Feature", "properties": {"layer": "edge", "edge_no": 158, "seg_no": 622, "edge_class": "bridge", "side": "N", "gap_ft": 0.0, "perf_class": "unknown", "perf_ratio": null, "buffer_ft": 1320.0, "rule": "envelope bridge (D27)", "flag": "bridged gap between development trends (D27): any structural or reservoir break here?", "length_ft": 11999.729503912327}, "geometry": {"type": "LineString", "coordinates": [[-103.566083, 32.75646], [-103.605038, 32.75433]]}}, {"type": "Feature", "properties": {"layer": "edge", "edge_no": 159, "seg_no": 623, "edge_class": "gap", "side": "N", "gap_ft": 4699.953320421939, "perf_class": "unknown", "perf_ratio": null, "buffer_ft": 2643.7237427373407, "rule": "gap: k \u00d7 gap", "flag": "", "length_ft": 4199.780184248079}, "geometry": {"type": "LineString", "coordinates": [[-103.605038, 32.75433], [-103.606989, 32.754276], [-103.608612, 32.754346], [-103.610221, 32.754546], [-103.6118, 32.754873], [-103.613335, 32.755325], [-103.614813, 32.755898], [-103.61622, 32.756586], [-103.617815, 32.757537]]}}, {"type": "Feature", "properties": {"layer": "edge", "edge_no": 160, "seg_no": 624, "edge_class": "pinned", "side": "N", "gap_ft": 0.0, "perf_class": "strong", "perf_ratio": 1.4546802512181203, "buffer_ft": 1760.0, "rule": "pinned: floor", "flag": "pinned edge, strong wells: edge not explained by performance; what stops it?", "length_ft": 2399.9459007823134}, "geometry": {"type": "LineString", "coordinates": [[-103.617815, 32.757537], [-103.623986, 32.761579]]}}, {"type": "Feature", "properties": {"layer": "edge", "edge_no": 161, "seg_no": 625, "edge_class": "bridge", "side": "N", "gap_ft": 0.0, "perf_class": "strong", "perf_ratio": 1.4546802512181203, "buffer_ft": 1760.0, "rule": "envelope bridge (D27)", "flag": "bridged gap between development trends (D27): any structural or reservoir break here?", "length_ft": 999.9774586593276}, "geometry": {"type": "LineString", "coordinates": [[-103.623986, 32.761579], [-103.626557, 32.763263]]}}, {"type": "Feature", "properties": {"layer": "edge", "edge_no": 162, "seg_no": 626, "edge_class": "gap", "side": "N", "gap_ft": 3099.9692113421297, "perf_class": "strong", "perf_ratio": 1.5576709582234007, "buffer_ft": 2324.9769085065973, "rule": "gap: k \u00d7 gap", "flag": "", "length_ft": 2999.9323759787326}, "geometry": {"type": "LineString", "coordinates": [[-103.626557, 32.763263], [-103.634273, 32.768314]]}}, {"type": "Feature", "properties": {"layer": "edge", "edge_no": 163, "seg_no": 627, "edge_class": "pinned", "side": "N", "gap_ft": 0.0, "perf_class": "strong", "perf_ratio": 1.5576709582234007, "buffer_ft": 1760.0, "rule": "pinned: floor", "flag": "pinned edge, strong wells: edge not explained by performance; what stops it?", "length_ft": 3699.563741891261}, "geometry": {"type": "LineString", "coordinates": [[-103.634273, 32.768314], [-103.638143, 32.770825], [-103.63982, 32.771666], [-103.642256, 32.772432], [-103.644823, 32.772769]]}}, {"type": "Feature", "properties": {"layer": "edge", "edge_no": 164, "seg_no": 628, "edge_class": "gap", "side": "N", "gap_ft": 499.9950340874403, "perf_class": "strong", "perf_ratio": 1.5576709582234007, "buffer_ft": 1760.0, "rule": "gap: k \u00d7 gap", "flag": "", "length_ft": 499.98575438420585}, "geometry": {"type": "LineString", "coordinates": [[-103.644823, 32.772769], [-103.64645, 32.77279]]}}, {"type": "Feature", "properties": {"layer": "edge", "edge_no": 165, "seg_no": 629, "edge_class": "pinned", "side": "N", "gap_ft": 0.0, "perf_class": "strong", "perf_ratio": 1.5576709582234007, "buffer_ft": 1760.0, "rule": "pinned: floor", "flag": "pinned edge, strong wells: edge not explained by performance; what stops it?", "length_ft": 1899.9566004268218}, "geometry": {"type": "LineString", "coordinates": [[-103.64645, 32.77279], [-103.652632, 32.772775]]}}, {"type": "Feature", "properties": {"layer": "edge", "edge_no": 166, "seg_no": 630, "edge_class": "gap", "side": "N", "gap_ft": 1299.9870886273447, "perf_class": "strong", "perf_ratio": 1.5576709582234007, "buffer_ft": 1760.0, "rule": "gap: k \u00d7 gap", "flag": "", "length_ft": 1599.9639338550355}, "geometry": {"type": "LineString", "coordinates": [[-103.652632, 32.772775], [-103.657838, 32.772745]]}}, {"type": "Feature", "properties": {"layer": "edge", "edge_no": 167, "seg_no": 631, "edge_class": "pinned", "side": "N", "gap_ft": 0.0, "perf_class": "strong", "perf_ratio": 1.5576709582234007, "buffer_ft": 1760.0, "rule": "pinned: floor", "flag": "pinned edge, strong wells: edge not explained by performance; what stops it?", "length_ft": 1599.9639338549996}, "geometry": {"type": "LineString", "coordinates": [[-103.657838, 32.772745], [-103.663044, 32.772716]]}}, {"type": "Feature", "properties": {"layer": "edge", "edge_no": 168, "seg_no": 632, "edge_class": "pinned", "side": "N", "gap_ft": 0.0, "perf_class": "strong", "perf_ratio": 1.6606616652286812, "buffer_ft": 1760.0, "rule": "pinned: floor", "flag": "pinned edge, strong wells: edge not explained by performance; what stops it?", "length_ft": 1399.968442122964}, "geometry": {"type": "LineString", "coordinates": [[-103.663044, 32.772716], [-103.667599, 32.77269]]}}, {"type": "Feature", "properties": {"layer": "edge", "edge_no": 169, "seg_no": 633, "edge_class": "pinned", "side": "N", "gap_ft": 0.0, "perf_class": "unknown", "perf_ratio": null, "buffer_ft": 1320.0, "rule": "pinned: floor", "flag": "", "length_ft": 1399.9423275070758}, "geometry": {"type": "LineString", "coordinates": [[-103.667599, 32.77269], [-103.670201, 32.772645], [-103.672135, 32.772419]]}}, {"type": "Feature", "properties": {"layer": "edge", "edge_no": 170, "seg_no": 634, "edge_class": "bridge", "side": "N", "gap_ft": 0.0, "perf_class": "unknown", "perf_ratio": null, "buffer_ft": 1320.0, "rule": "envelope bridge (D27)", "flag": "bridged gap between development trends (D27): any structural or reservoir break here?", "length_ft": 9399.730665266597}, "geometry": {"type": "LineString", "coordinates": [[-103.672135, 32.772419], [-103.69656, 32.769158], [-103.699481, 32.76902], [-103.702387, 32.769294]]}}, {"type": "Feature", "properties": {"layer": "edge", "edge_no": 171, "seg_no": 643, "edge_class": "bridge", "side": "N", "gap_ft": 0.0, "perf_class": "strong", "perf_ratio": 1.3532995318645649, "buffer_ft": 1760.0, "rule": "envelope bridge (D27)", "flag": "bridged gap between development trends (D27): any structural or reservoir break here?", "length_ft": 10099.725724057858}, "geometry": {"type": "LineString", "coordinates": [[-103.702387, 32.769294], [-103.704585, 32.769794], [-103.706691, 32.770524], [-103.727967, 32.779447], [-103.732147, 32.780976]]}}, {"type": "Feature", "properties": {"layer": "edge", "edge_no": 172, "seg_no": 644, "edge_class": "gap", "side": "N", "gap_ft": 2399.976163619713, "perf_class": "strong", "perf_ratio": 1.0204967632664268, "buffer_ft": 1799.982122714785, "rule": "gap: k \u00d7 gap", "flag": "", "length_ft": 2699.9391383799752}, "geometry": {"type": "LineString", "coordinates": [[-103.732147, 32.780976], [-103.740233, 32.78388]]}}, {"type": "Feature", "properties": {"layer": "edge", "edge_no": 173, "seg_no": 645, "edge_class": "pinned", "side": "N", "gap_ft": 0.0, "perf_class": "strong", "perf_ratio": 1.3105947603608377, "buffer_ft": 1760.0, "rule": "pinned: floor", "flag": "pinned edge, strong wells: edge not explained by performance; what stops it?", "length_ft": 12499.565578460246}, "geometry": {"type": "LineString", "coordinates": [[-103.740233, 32.78388], [-103.743538, 32.785041], [-103.745104, 32.785411], [-103.746713, 32.785612], [-103.780552, 32.786165]]}}, {"type": "Feature", "properties": {"layer": "edge", "edge_no": 174, "seg_no": 646, "edge_class": "pinned", "side": "N", "gap_ft": 0.0, "perf_class": "strong", "perf_ratio": 1.3532995318645649, "buffer_ft": 1760.0, "rule": "pinned: floor", "flag": "pinned edge, strong wells: edge not explained by performance; what stops it?", "length_ft": 9799.710750097967}, "geometry": {"type": "LineString", "coordinates": [[-103.780552, 32.786165], [-103.806587, 32.786169], [-103.808209, 32.786073], [-103.812381, 32.785478]]}}, {"type": "Feature", "properties": {"layer": "edge", "edge_no": 175, "seg_no": 647, "edge_class": "gap", "side": "N", "gap_ft": 1999.980136349761, "perf_class": "strong", "perf_ratio": 1.4383429334458613, "buffer_ft": 1760.0, "rule": "gap: k \u00d7 gap", "flag": "", "length_ft": 2199.9504090509063}, "geometry": {"type": "LineString", "coordinates": [[-103.812381, 32.785478], [-103.819436, 32.784451]]}}, {"type": "Feature", "properties": {"layer": "edge", "edge_no": 176, "seg_no": 648, "edge_class": "pinned", "side": "N", "gap_ft": 0.0, "perf_class": "strong", "perf_ratio": 1.1756829625682013, "buffer_ft": 1760.0, "rule": "pinned: floor", "flag": "pinned edge, strong wells: edge not explained by performance; what stops it?", "length_ft": 7499.8309399451755}, "geometry": {"type": "LineString", "coordinates": [[-103.819436, 32.784451], [-103.843488, 32.780946]]}}, {"type": "Feature", "properties": {"layer": "edge", "edge_no": 177, "seg_no": 649, "edge_class": "bridge", "side": "N", "gap_ft": 2199.9781499847372, "perf_class": "strong", "perf_ratio": 1.1756829625682013, "buffer_ft": 1760.0, "rule": "envelope bridge (D27)", "flag": "bridged gap between development trends (D27): any structural or reservoir break here?", "length_ft": 1899.9571714524798}, "geometry": {"type": "LineString", "coordinates": [[-103.843488, 32.780946], [-103.849581, 32.780057]]}}, {"type": "Feature", "properties": {"layer": "edge", "edge_no": 178, "seg_no": 650, "edge_class": "bridge", "side": "N", "gap_ft": 0.0, "perf_class": "strong", "perf_ratio": 0.8871955222332817, "buffer_ft": 1760.0, "rule": "envelope bridge (D27)", "flag": "bridged gap between development trends (D27): any structural or reservoir break here?", "length_ft": 3399.880506106855}, "geometry": {"type": "LineString", "coordinates": [[-103.849581, 32.780057], [-103.856645, 32.779078], [-103.858269, 32.778998], [-103.860541, 32.77911]]}}, {"type": "Feature", "properties": {"layer": "edge", "edge_no": 179, "seg_no": 660, "edge_class": "bridge", "side": "N", "gap_ft": 0.0, "perf_class": "unknown", "perf_ratio": null, "buffer_ft": 1320.0, "rule": "envelope bridge (D27)", "flag": "bridged gap between development trends (D27): any structural or reservoir break here?", "length_ft": 1799.9040630399008}, "geometry": {"type": "LineString", "coordinates": [[-103.860541, 32.77911], [-103.863092, 32.779536], [-103.866144, 32.780483]]}}, {"type": "Feature", "properties": {"layer": "edge", "edge_no": 180, "seg_no": 661, "edge_class": "pinned", "side": "N", "gap_ft": 0.0, "perf_class": "strong", "perf_ratio": 0.9412360750021103, "buffer_ft": 1760.0, "rule": "pinned: floor", "flag": "pinned edge, strong wells: edge not explained by performance; what stops it?", "length_ft": 17499.391900871866}, "geometry": {"type": "LineString", "coordinates": [[-103.866144, 32.780483], [-103.880214, 32.785551], [-103.881749, 32.786006], [-103.883661, 32.786333], [-103.885284, 32.786421], [-103.921734, 32.786447]]}}, {"type": "Feature", "properties": {"layer": "edge", "edge_no": 181, "seg_no": 662, "edge_class": "gap", "side": "N", "gap_ft": 3799.962259064546, "perf_class": "strong", "perf_ratio": 0.9412360750021103, "buffer_ft": 2849.9716942984096, "rule": "gap: k \u00d7 gap", "flag": "", "length_ft": 4099.907580503402}, "geometry": {"type": "LineString", "coordinates": [[-103.921734, 32.786447], [-103.935078, 32.786453]]}}, {"type": "Feature", "properties": {"layer": "edge", "edge_no": 182, "seg_no": 663, "edge_class": "pinned", "side": "N", "gap_ft": 0.0, "perf_class": "strong", "perf_ratio": 0.9412360750021103, "buffer_ft": 1760.0, "rule": "pinned: floor", "flag": "pinned edge, strong wells: edge not explained by performance; what stops it?", "length_ft": 10799.756305961995}, "geometry": {"type": "LineString", "coordinates": [[-103.935078, 32.786453], [-103.970227, 32.78643]]}}, {"type": "Feature", "properties": {"layer": "edge", "edge_no": 183, "seg_no": 664, "edge_class": "pinned", "side": "N", "gap_ft": 0.0, "perf_class": "strong", "perf_ratio": 0.9720198170626133, "buffer_ft": 1760.0, "rule": "pinned: floor", "flag": "pinned edge, strong wells: edge not explained by performance; what stops it?", "length_ft": 16399.38745208406}, "geometry": {"type": "LineString", "coordinates": [[-103.970227, 32.78643], [-104.017742, 32.786059], [-104.020324, 32.785811], [-104.021887, 32.785432], [-104.023391, 32.784908]]}}, {"type": "Feature", "properties": {"layer": "edge", "edge_no": 184, "seg_no": 665, "edge_class": "gap", "side": "NW", "gap_ft": 2599.9741772546895, "perf_class": "strong", "perf_ratio": 2.0356447488833234, "buffer_ft": 1949.9806329410171, "rule": "gap: k \u00d7 gap", "flag": "", "length_ft": 3399.818207319623}, "geometry": {"type": "LineString", "coordinates": [[-104.023391, 32.784908], [-104.026152, 32.784089], [-104.028712, 32.783702], [-104.031312, 32.783643], [-104.034211, 32.783977]]}}, {"type": "Feature", "properties": {"layer": "edge", "edge_no": 185, "seg_no": 666, "edge_class": "pinned", "side": "NW", "gap_ft": 0.0, "perf_class": "strong", "perf_ratio": 2.0356447488833234, "buffer_ft": 1760.0, "rule": "pinned: floor", "flag": "pinned edge, strong wells: edge not explained by performance; what stops it?", "length_ft": 2599.765582650987}, "geometry": {"type": "LineString", "coordinates": [[-104.034211, 32.783977], [-104.03643, 32.78441], [-104.038045, 32.784576], [-104.0426, 32.784533]]}}, {"type": "Feature", "properties": {"layer": "edge", "edge_no": 186, "seg_no": 667, "edge_class": "gap", "side": "NW", "gap_ft": 1299.9870886273447, "perf_class": "strong", "perf_ratio": 2.0356447488833234, "buffer_ft": 1760.0, "rule": "gap: k \u00d7 gap", "flag": "", "length_ft": 1099.9752045252503}, "geometry": {"type": "LineString", "coordinates": [[-104.0426, 32.784533], [-104.046179, 32.784473]]}}, {"type": "Feature", "properties": {"layer": "edge", "edge_no": 187, "seg_no": 668, "edge_class": "pinned", "side": "NW", "gap_ft": 0.0, "perf_class": "strong", "perf_ratio": 1.5817584418860533, "buffer_ft": 1760.0, "rule": "pinned: floor", "flag": "pinned edge, strong wells: edge not explained by performance; what stops it?", "length_ft": 5699.871514358378}, "geometry": {"type": "LineString", "coordinates": [[-104.046179, 32.784473], [-104.064726, 32.784158]]}}, {"type": "Feature", "properties": {"layer": "edge", "edge_no": 188, "seg_no": 669, "edge_class": "pinned", "side": "NW", "gap_ft": 0.0, "perf_class": "strong", "perf_ratio": 1.5817584418860533, "buffer_ft": 1760.0, "rule": "pinned: floor", "flag": "pinned edge, strong wells: edge not explained by performance; what stops it?", "length_ft": 5199.882785028576}, "geometry": {"type": "LineString", "coordinates": [[-104.064726, 32.784158], [-104.081647, 32.783869]]}}, {"type": "Feature", "properties": {"layer": "edge", "edge_no": 189, "seg_no": 670, "edge_class": "gap", "side": "NW", "gap_ft": 899.9910613573925, "perf_class": "strong", "perf_ratio": 1.0038252139656991, "buffer_ft": 1760.0, "rule": "gap: k \u00d7 gap", "flag": "", "length_ft": 999.9774586594764}, "geometry": {"type": "LineString", "coordinates": [[-104.081647, 32.783869], [-104.0849, 32.783813]]}}, {"type": "Feature", "properties": {"layer": "edge", "edge_no": 190, "seg_no": 671, "edge_class": "pinned", "side": "NW", "gap_ft": 0.0, "perf_class": "strong", "perf_ratio": 1.4036357181598162, "buffer_ft": 1760.0, "rule": "pinned: floor", "flag": "pinned edge, strong wells: edge not explained by performance; what stops it?", "length_ft": 4999.654199961159}, "geometry": {"type": "LineString", "coordinates": [[-104.0849, 32.783813], [-104.087503, 32.783747], [-104.088471, 32.783645], [-104.089744, 32.783417], [-104.091286, 32.782982], [-104.093585, 32.781957], [-104.099552, 32.778614]]}}, {"type": "Feature", "properties": {"layer": "edge", "edge_no": 191, "seg_no": 672, "edge_class": "bridge", "side": "NW", "gap_ft": 1799.982122714785, "perf_class": "strong", "perf_ratio": 1.1346587323969237, "buffer_ft": 1760.0, "rule": "envelope bridge (D27)", "flag": "bridged gap between development trends (D27): any structural or reservoir break here?", "length_ft": 1799.9594255865957}, "geometry": {"type": "LineString", "coordinates": [[-104.099552, 32.778614], [-104.104433, 32.775878]]}}, {"type": "Feature", "properties": {"layer": "edge", "edge_no": 192, "seg_no": 673, "edge_class": "bridge", "side": "NW", "gap_ft": 0.0, "perf_class": "strong", "perf_ratio": 1.26914722527837, "buffer_ft": 1760.0, "rule": "envelope bridge (D27)", "flag": "bridged gap between development trends (D27): any structural or reservoir break here?", "length_ft": 1599.9639338548118}, "geometry": {"type": "LineString", "coordinates": [[-104.104433, 32.775878], [-104.108772, 32.773446]]}}, {"type": "Feature", "properties": {"layer": "edge", "edge_no": 193, "seg_no": 674, "edge_class": "bridge", "side": "NW", "gap_ft": 1699.9831158972968, "perf_class": "strong", "perf_ratio": 1.26914722527837, "buffer_ft": 1760.0, "rule": "envelope bridge (D27)", "flag": "bridged gap between development trends (D27): any structural or reservoir break here?", "length_ft": 1599.9639338548118}, "geometry": {"type": "LineString", "coordinates": [[-104.108772, 32.773446], [-104.11311, 32.771014]]}}, {"type": "Feature", "properties": {"layer": "edge", "edge_no": 194, "seg_no": 675, "edge_class": "bridge", "side": "NW", "gap_ft": 0.0, "perf_class": "strong", "perf_ratio": 1.26914722527837, "buffer_ft": 1760.0, "rule": "envelope bridge (D27)", "flag": "bridged gap between development trends (D27): any structural or reservoir break here?", "length_ft": 7999.819669275682}, "geometry": {"type": "LineString", "coordinates": [[-104.11311, 32.771014], [-104.134798, 32.758852]]}}, {"type": "Feature", "properties": {"layer": "edge", "edge_no": 195, "seg_no": 676, "edge_class": "bridge", "side": "NW", "gap_ft": 0.0, "perf_class": "strong", "perf_ratio": 1.2294232884286536, "buffer_ft": 1760.0, "rule": "envelope bridge (D27)", "flag": "bridged gap between development trends (D27): any structural or reservoir break here?", "length_ft": 5399.878276760444}, "geometry": {"type": "LineString", "coordinates": [[-104.134798, 32.758852], [-104.149435, 32.75064]]}}, {"type": "Feature", "properties": {"layer": "edge", "edge_no": 196, "seg_no": 684, "edge_class": "bridge", "side": "NW", "gap_ft": 0.0, "perf_class": "rolled", "perf_ratio": 0.6230599287142095, "buffer_ft": 880.0, "rule": "envelope bridge (D27)", "flag": "bridged gap between development trends (D27): any structural or reservoir break here?", "length_ft": 1299.9706962570006}, "geometry": {"type": "LineString", "coordinates": [[-104.149435, 32.75064], [-104.152958, 32.748662]]}}, {"type": "Feature", "properties": {"layer": "edge", "edge_no": 197, "seg_no": 687, "edge_class": "bridge", "side": "NW", "gap_ft": 2899.9711977071534, "perf_class": "strong", "perf_ratio": 0.9145122813560718, "buffer_ft": 2174.978398280365, "rule": "envelope bridge (D27)", "flag": "bridged gap between development trends (D27): any structural or reservoir break here?", "length_ft": 11799.696383479026}, "geometry": {"type": "LineString", "coordinates": [[-104.152958, 32.748662], [-104.156284, 32.746939], [-104.161617, 32.744896], [-104.167724, 32.742308], [-104.17339, 32.739606], [-104.179421, 32.736352], [-104.18618, 32.732531]]}}, {"type": "Feature", "properties": {"layer": "edge", "edge_no": 198, "seg_no": 688, "edge_class": "bridge", "side": "NW", "gap_ft": 0.0, "perf_class": "strong", "perf_ratio": 0.9145122813560718, "buffer_ft": 1760.0, "rule": "envelope bridge (D27)", "flag": "bridged gap between development trends (D27): any structural or reservoir break here?", "length_ft": 5599.870740530468}, "geometry": {"type": "LineString", "coordinates": [[-104.18618, 32.732531], [-104.194449, 32.727653], [-104.200994, 32.723575]]}}, {"type": "Feature", "properties": {"layer": "edge", "edge_no": 199, "seg_no": 690, "edge_class": "bridge", "side": "NW", "gap_ft": 0.0, "perf_class": "strong", "perf_ratio": 0.8615295470508704, "buffer_ft": 1760.0, "rule": "envelope bridge (D27)", "flag": "bridged gap between development trends (D27): any structural or reservoir break here?", "length_ft": 12399.685320120194}, "geometry": {"type": "LineString", "coordinates": [[-104.200994, 32.723575], [-104.208198, 32.718866], [-104.216468, 32.713084], [-104.2183, 32.711944], [-104.22027, 32.71098], [-104.234441, 32.704821]]}}, {"type": "Feature", "properties": {"layer": "edge", "edge_no": 200, "seg_no": 699, "edge_class": "bridge", "side": "NW", "gap_ft": 0.0, "perf_class": "rolled", "perf_ratio": 0.11179958757591779, "buffer_ft": 880.0, "rule": "envelope bridge (D27)", "flag": "bridged gap between development trends (D27): any structural or reservoir break here?", "length_ft": 12099.194519296718}, "geometry": {"type": "LineString", "coordinates": [[-104.234441, 32.704821], [-104.258152, 32.69451], [-104.259811, 32.693646], [-104.260826, 32.692959], [-104.26197, 32.691984], [-104.263474, 32.690195], [-104.264523, 32.688186], [-104.265075, 32.68604]]}}, {"type": "Feature", "properties": {"layer": "edge", "edge_no": 201, "seg_no": 700, "edge_class": "gap", "side": "NW", "gap_ft": 1299.9870886273447, "perf_class": "rolled", "perf_ratio": 0.11179958757591779, "buffer_ft": 880.0, "rule": "gap: k \u00d7 gap", "flag": "", "length_ft": 1099.957353263664}, "geometry": {"type": "LineString", "coordinates": [[-104.265075, 32.68604], [-104.265268, 32.683021]]}}, {"type": "Feature", "properties": {"layer": "edge", "edge_no": 202, "seg_no": 701, "edge_class": "pinned", "side": "NW", "gap_ft": 0.0, "perf_class": "rolled", "perf_ratio": 0.11179958757591779, "buffer_ft": 880.0, "rule": "pinned: floor", "flag": "", "length_ft": 8899.79938206869}, "geometry": {"type": "LineString", "coordinates": [[-104.265268, 32.683021], [-104.266601, 32.658578]]}}, {"type": "Feature", "properties": {"layer": "edge", "edge_no": 203, "seg_no": 702, "edge_class": "bridge", "side": "NW", "gap_ft": 7299.927497676627, "perf_class": "rolled", "perf_ratio": 0.11179958757591779, "buffer_ft": 2737.472811628735, "rule": "envelope bridge (D27)", "flag": "bridged gap between development trends (D27): any structural or reservoir break here?", "length_ft": 3299.925613575309}, "geometry": {"type": "LineString", "coordinates": [[-104.266601, 32.658578], [-104.267095, 32.649515]]}}, {"type": "Feature", "properties": {"layer": "edge", "edge_no": 204, "seg_no": 703, "edge_class": "bridge", "side": "NW", "gap_ft": 0.0, "perf_class": "unknown", "perf_ratio": null, "buffer_ft": 1320.0, "rule": "envelope bridge (D27)", "flag": "bridged gap between development trends (D27): any structural or reservoir break here?", "length_ft": 4899.889547430298}, "geometry": {"type": "LineString", "coordinates": [[-104.267095, 32.649515], [-104.267828, 32.636057]]}}, {"type": "Feature", "properties": {"layer": "edge", "edge_no": 205, "seg_no": 704, "edge_class": "bridge", "side": "NW", "gap_ft": 0.0, "perf_class": "unknown", "perf_ratio": null, "buffer_ft": 1320.0, "rule": "envelope bridge (D27)", "flag": "bridged gap between development trends (D27): any structural or reservoir break here?", "length_ft": 1599.9639338549796}, "geometry": {"type": "LineString", "coordinates": [[-104.267828, 32.636057], [-104.268067, 32.631663]]}}, {"type": "Feature", "properties": {"layer": "edge", "edge_no": 206, "seg_no": 705, "edge_class": "bridge", "side": "NW", "gap_ft": 0.0, "perf_class": "unknown", "perf_ratio": null, "buffer_ft": 1320.0, "rule": "envelope bridge (D27)", "flag": "bridged gap between development trends (D27): any structural or reservoir break here?", "length_ft": 1699.9402866749642}, "geometry": {"type": "LineString", "coordinates": [[-104.268067, 32.631663], [-104.268225, 32.628917], [-104.268505, 32.627008]]}}, {"type": "Feature", "properties": {"layer": "edge", "edge_no": 207, "seg_no": 706, "edge_class": "bridge", "side": "NW", "gap_ft": 1599.9841090798088, "perf_class": "unknown", "perf_ratio": null, "buffer_ft": 1320.0, "rule": "envelope bridge (D27)", "flag": "bridged gap between development trends (D27): any structural or reservoir break here?", "length_ft": 1799.9529268178574}, "geometry": {"type": "LineString", "coordinates": [[-104.268505, 32.627008], [-104.26982, 32.622186]]}}, {"type": "Feature", "properties": {"layer": "edge", "edge_no": 208, "seg_no": 707, "edge_class": "bridge", "side": "NW", "gap_ft": 0.0, "perf_class": "unknown", "perf_ratio": null, "buffer_ft": 1320.0, "rule": "envelope bridge (D27)", "flag": "bridged gap between development trends (D27): any structural or reservoir break here?", "length_ft": 9599.763630644733}, "geometry": {"type": "LineString", "coordinates": [[-104.26982, 32.622186], [-104.271912, 32.616117], [-104.273768, 32.611716], [-104.274983, 32.609166], [-104.27769, 32.604168], [-104.280119, 32.60028], [-104.281752, 32.597903]]}}, {"type": "Feature", "properties": {"layer": "edge", "edge_no": 209, "seg_no": 725, "edge_class": "bridge", "side": "NW", "gap_ft": 0.0, "perf_class": "rolled", "perf_ratio": 0.6537654886164911, "buffer_ft": 880.0, "rule": "envelope bridge (D27)", "flag": "bridged gap between development trends (D27): any structural or reservoir break here?", "length_ft": 299.9919301079386}, "geometry": {"type": "LineString", "coordinates": [[-104.281752, 32.597903], [-104.282264, 32.597201]]}}, {"type": "Feature", "properties": {"layer": "edge", "edge_no": 210, "seg_no": 726, "edge_class": "bridge", "side": "NW", "gap_ft": 999.9900681748805, "perf_class": "rolled", "perf_ratio": 0.6482959695647199, "buffer_ft": 880.0, "rule": "envelope bridge (D27)", "flag": "bridged gap between development trends (D27): any structural or reservoir break here?", "length_ft": 99.99774586697396}, "geometry": {"type": "LineString", "coordinates": [[-104.282264, 32.597201], [-104.282437, 32.596969]]}}, {"type": "Feature", "properties": {"layer": "edge", "edge_no": 211, "seg_no": 727, "edge_class": "bridge", "side": "NW", "gap_ft": 0.0, "perf_class": "rolled", "perf_ratio": 0.6537654886164911, "buffer_ft": 880.0, "rule": "envelope bridge (D27)", "flag": "bridged gap between development trends (D27): any structural or reservoir break here?", "length_ft": 9399.736203120141}, "geometry": {"type": "LineString", "coordinates": [[-104.282437, 32.596969], [-104.284787, 32.594001], [-104.285837, 32.592954], [-104.287, 32.591995], [-104.305028, 32.579827]]}}, {"type": "Feature", "properties": {"layer": "edge", "edge_no": 212, "seg_no": 728, "edge_class": "bridge", "side": "NW", "gap_ft": 2299.977156802225, "perf_class": "rolled", "perf_ratio": 0.6537654886164911, "buffer_ft": 880.0, "rule": "envelope bridge (D27)", "flag": "bridged gap between development trends (D27): any structural or reservoir break here?", "length_ft": 1599.9639338556944}, "geometry": {"type": "LineString", "coordinates": [[-104.305028, 32.579827], [-104.309097, 32.577091]]}}, {"type": "Feature", "properties": {"layer": "edge", "edge_no": 213, "seg_no": 729, "edge_class": "bridge", "side": "NW", "gap_ft": 0.0, "perf_class": "rolled", "perf_ratio": 0.6537654886164911, "buffer_ft": 880.0, "rule": "envelope bridge (D27)", "flag": "bridged gap between development trends (D27): any structural or reservoir break here?", "length_ft": 7499.830939944914}, "geometry": {"type": "LineString", "coordinates": [[-104.309097, 32.577091], [-104.328167, 32.564267]]}}, {"type": "Feature", "properties": {"layer": "edge", "edge_no": 214, "seg_no": 730, "edge_class": "bridge", "side": "NW", "gap_ft": 5599.944381779331, "perf_class": "rolled", "perf_ratio": 0.6537654886164911, "buffer_ft": 2099.9791431672493, "rule": "envelope bridge (D27)", "flag": "bridged gap between development trends (D27): any structural or reservoir break here?", "length_ft": 2099.9526631840436}, "geometry": {"type": "LineString", "coordinates": [[-104.328167, 32.564267], [-104.333505, 32.560675]]}}, {"type": "Feature", "properties": {"layer": "edge", "edge_no": 215, "seg_no": 731, "edge_class": "bridge", "side": "NW", "gap_ft": 0.0, "perf_class": "unknown", "perf_ratio": null, "buffer_ft": 1320.0, "rule": "envelope bridge (D27)", "flag": "bridged gap between development trends (D27): any structural or reservoir break here?", "length_ft": 499.9887293293356}, "geometry": {"type": "LineString", "coordinates": [[-104.333505, 32.560675], [-104.334776, 32.55982]]}}, {"type": "Feature", "properties": {"layer": "edge", "edge_no": 216, "seg_no": 732, "edge_class": "bridge", "side": "NW", "gap_ft": 1199.9880818098566, "perf_class": "unknown", "perf_ratio": null, "buffer_ft": 1320.0, "rule": "envelope bridge (D27)", "flag": "bridged gap between development trends (D27): any structural or reservoir break here?", "length_ft": 899.9797127942256}, "geometry": {"type": "LineString", "coordinates": [[-104.334776, 32.55982], [-104.337064, 32.558281]]}}, {"type": "Feature", "properties": {"layer": "edge", "edge_no": 217, "seg_no": 733, "edge_class": "pinned", "side": "NW", "gap_ft": 0.0, "perf_class": "unknown", "perf_ratio": null, "buffer_ft": 1320.0, "rule": "pinned: floor", "flag": "", "length_ft": 9498.662097455328}, "geometry": {"type": "LineString", "coordinates": [[-104.337064, 32.558281], [-104.339352, 32.556742], [-104.340554, 32.555819], [-104.34161, 32.554777], [-104.342662, 32.553391], [-104.343343, 32.552144], [-104.343967, 32.550296], [-104.344199, 32.548659], [-104.34416, 32.547286], [-104.343845, 32.54566], [-104.343121, 32.543838], [-104.342375, 32.542619], [-104.341252, 32.541273], [-104.340142, 32.540271], [-104.33889, 32.539398], [-104.337518, 32.538665], [-104.335169, 32.537729]]}}]}