{"type": "FeatureCollection", "name": "box_tc_area_WCA_v1", "crs_note": "EPSG:4326", "extent_id": 6, "features": [{"type": "Feature", "properties": {"area_no": 1, "area_sqmi": 58.2747274421511, "n12": 18, "oil12_p50": 13.105136664901874, "oil12_p10_high": 18.948737689562495, "oil12_p90_low": 8.163564661172906, "oil12_mean": 13.06195566018939, "n24": 13, "oil24_p50": 18.416040609137056, "n_eur": 18, "bo_ft_p50": 42.94279276390789, "n_eur_cum_fallback": 0, "n_WCA_1": 6, "n_WCA_2": 12, "n_WCXY": 0, "n_other_tag": 0, "oil12_p50_exWCXY": 13.105136664901874, "n12_exWCXY": 18, "fp_year_p50": 2023.0, "lateral_p50": 9848.5, "top_operator": "Devon", "top_operator_share": 0.7777777777777778, "flag": "one operator >= 70%", "d1_puds_WCA_1+2": 38, "d1_puds_WCXY": 0}, "geometry": {"type": "Polygon", "coordinates": [[[-103.538485, 32.633659], [-103.546993, 32.637948], [-103.546857, 32.646327], [-103.555367, 32.650616], [-103.564011, 32.646525], [-103.566397, 32.647726], [-103.563605, 32.651784], [-103.563554, 32.651859], [-103.563471, 32.651982], [-103.563422, 32.652054], [-103.560604, 32.656302], [-103.560548, 32.656386], [-103.56046, 32.656522], [-103.560408, 32.656602], [-103.557996, 32.660387], [-103.557834, 32.660642], [-103.557775, 32.660736], [-103.55768, 32.660888], [-103.557625, 32.660977], [-103.555295, 32.664804], [-103.555232, 32.664909], [-103.555131, 32.66508], [-103.555072, 32.66518], [-103.554024, 32.666994], [-103.553956, 32.667116], [-103.553755, 32.667488], [-103.55369, 32.667612], [-103.553458, 32.66807], [-103.553396, 32.668196], [-103.553247, 32.668512], [-103.553136, 32.668767], [-103.553006, 32.669089], [-103.552956, 32.669219], [-103.552876, 32.669434], [-103.552829, 32.669564], [-103.552718, 32.669891], [-103.552638, 32.670155], [-103.552546, 32.670486], [-103.552511, 32.670619], [-103.552392, 32.671107], [-103.552361, 32.67124], [-103.552275, 32.671642], [-103.552249, 32.671776], [-103.55181, 32.674165], [-103.549515, 32.686645], [-103.547545, 32.697358], [-103.5447, 32.71282], [-103.542813, 32.723072], [-103.542153, 32.726662], [-103.541997, 32.727358], [-103.541788, 32.728044], [-103.541527, 32.728717], [-103.541214, 32.729375], [-103.540851, 32.730013], [-103.54044, 32.730631], [-103.539983, 32.731225], [-103.53948, 32.731792], [-103.538935, 32.73233], [-103.53835, 32.732837], [-103.537727, 32.733311], [-103.537069, 32.73375], [-103.536851, 32.733877], [-103.536378, 32.734152], [-103.535658, 32.734515], [-103.534911, 32.734837], [-103.534142, 32.735118], [-103.533352, 32.735355], [-103.532546, 32.735549], [-103.531726, 32.735698], [-103.530897, 32.735802], [-103.530061, 32.73586], [-103.529223, 32.735872], [-103.528386, 32.735837], [-103.527553, 32.735757], [-103.521708, 32.73503], [-103.518383, 32.734616], [-103.502524, 32.732641], [-103.493609, 32.73153], [-103.493473, 32.731514], [-103.493066, 32.731471], [-103.49293, 32.731458], [-103.49216, 32.73139], [-103.492024, 32.731379], [-103.491615, 32.73135], [-103.491478, 32.731342], [-103.485377, 32.731024], [-103.46822, 32.730129], [-103.455176, 32.729447], [-103.454333, 32.72938], [-103.453497, 32.729265], [-103.452672, 32.729105], [-103.451861, 32.728899], [-103.451072, 32.728649], [-103.451068, 32.728648], [-103.450296, 32.728354], [-103.449549, 32.728017], [-103.448829, 32.72764], [-103.44814, 32.727224], [-103.447485, 32.72677], [-103.446867, 32.726281], [-103.446288, 32.725759], [-103.445752, 32.725205], [-103.445259, 32.724623], [-103.444812, 32.724015], [-103.444414, 32.723383], [-103.444066, 32.722731], [-103.443769, 32.72206], [-103.443526, 32.721375], [-103.443393, 32.720888], [-103.443335, 32.720678], [-103.4432, 32.719971], [-103.442694, 32.716645], [-103.441943, 32.711704], [-103.439701, 32.696952], [-103.439544, 32.695916], [-103.439474, 32.695325], [-103.439441, 32.694731], [-103.439296, 32.688098], [-103.439295, 32.688034], [-103.439294, 32.687995], [-103.439293, 32.687911], [-103.439293, 32.687817], [-103.439293, 32.687761], [-103.439293, 32.685009], [-103.439294, 32.672214], [-103.439295, 32.669573], [-103.439295, 32.669507], [-103.439295, 32.669479], [-103.439296, 32.669372], [-103.439297, 32.66936], [-103.439299, 32.669271], [-103.439322, 32.668452], [-103.439335, 32.668159], [-103.439341, 32.668064], [-103.439363, 32.667774], [-103.440076, 32.660048], [-103.441342, 32.646318], [-103.44231, 32.63582], [-103.443745, 32.620253], [-103.444509, 32.611957], [-103.444546, 32.611564], [-103.445206, 32.604395], [-103.445219, 32.604209], [-103.445248, 32.603647], [-103.445254, 32.60346], [-103.445265, 32.602401], [-103.445263, 32.602214], [-103.445246, 32.601652], [-103.445237, 32.601465], [-103.445024, 32.598455], [-103.445018, 32.598356], [-103.444806, 32.594821], [-103.444806, 32.594819], [-103.444446, 32.58882], [-103.444441, 32.588726], [-103.444312, 32.586119], [-103.44395, 32.578851], [-103.443947, 32.578763], [-103.443613, 32.570453], [-103.44524, 32.569685], [-103.445384, 32.561306], [-103.454025, 32.557222], [-103.454168, 32.548843], [-103.462807, 32.544759], [-103.471303, 32.549053], [-103.479941, 32.544967], [-103.488438, 32.54926], [-103.488298, 32.557639], [-103.479659, 32.561725], [-103.471161, 32.557432], [-103.462521, 32.561517], [-103.462378, 32.569895], [-103.470877, 32.574189], [-103.479517, 32.570104], [-103.488016, 32.574397], [-103.487876, 32.582776], [-103.479234, 32.586862], [-103.479093, 32.595241], [-103.487594, 32.599534], [-103.487454, 32.607913], [-103.495957, 32.612205], [-103.5046, 32.608118], [-103.513104, 32.612409], [-103.512965, 32.620788], [-103.521471, 32.625079], [-103.521333, 32.633458], [-103.52984, 32.637748], [-103.538485, 32.633659]]]}}, {"type": "Feature", "properties": {"area_no": 2, "area_sqmi": 39.402541311419625, "n12": 21, "oil12_p50": 14.045678909060486, "oil12_p10_high": 20.65333888657504, "oil12_p90_low": 3.8266883645240033, "oil12_mean": 13.398974408638864, "n24": 16, "oil24_p50": 19.088252836708755, "n_eur": 29, "bo_ft_p50": 46.147512292691054, "n_eur_cum_fallback": 0, "n_WCA_1": 7, "n_WCA_2": 13, "n_WCXY": 0, "n_other_tag": 1, "oil12_p50_exWCXY": 14.045678909060486, "n12_exWCXY": 21, "fp_year_p50": 2023.0, "lateral_p50": 10230.0, "top_operator": "Matador", "top_operator_share": 0.8095238095238095, "flag": "one operator >= 70%", "d1_puds_WCA_1+2": 2, "d1_puds_WCXY": 0}, "geometry": {"type": "Polygon", "coordinates": [[[-104.089022, 32.479613], [-104.088938, 32.487994], [-104.097459, 32.492246], [-104.097376, 32.500627], [-104.088769, 32.504756], [-104.088684, 32.513137], [-104.097208, 32.517389], [-104.097124, 32.52577], [-104.10565, 32.530022], [-104.105567, 32.538403], [-104.114094, 32.542654], [-104.114012, 32.551035], [-104.105401, 32.555164], [-104.096873, 32.550913], [-104.096957, 32.542532], [-104.08843, 32.53828], [-104.079819, 32.542408], [-104.071293, 32.538154], [-104.062681, 32.542281], [-104.062594, 32.550662], [-104.053981, 32.554788], [-104.045455, 32.550533], [-104.036841, 32.554658], [-104.036752, 32.563039], [-104.028136, 32.567163], [-104.01961, 32.562906], [-104.010994, 32.567029], [-104.002469, 32.562771], [-103.993852, 32.566893], [-103.993758, 32.575274], [-103.985139, 32.579395], [-103.976615, 32.575135], [-103.967995, 32.579256], [-103.959472, 32.574995], [-103.950851, 32.579114], [-103.950754, 32.587494], [-103.942132, 32.591612], [-103.933608, 32.58735], [-103.932103, 32.588068], [-103.932104, 32.578167], [-103.932105, 32.570206], [-103.932132, 32.5695], [-103.932213, 32.568796], [-103.932348, 32.568099], [-103.932536, 32.56741], [-103.932777, 32.566733], [-103.933069, 32.566071], [-103.933411, 32.565426], [-103.933802, 32.564801], [-103.934239, 32.5642], [-103.934722, 32.563623], [-103.935248, 32.563074], [-103.935386, 32.562949], [-103.935815, 32.562555], [-103.936421, 32.562069], [-103.937063, 32.561617], [-103.937738, 32.561201], [-103.94984, 32.554238], [-103.949971, 32.55416], [-103.95036, 32.553924], [-103.950488, 32.553844], [-103.950664, 32.553732], [-103.950954, 32.553547], [-103.95108, 32.553464], [-103.951392, 32.553254], [-103.951637, 32.553081], [-103.951937, 32.552858], [-103.952055, 32.552767], [-103.952249, 32.552616], [-103.952365, 32.552523], [-103.952651, 32.552288], [-103.952874, 32.552095], [-103.953146, 32.551848], [-103.953254, 32.551748], [-103.953429, 32.551581], [-103.953533, 32.551479], [-103.95379, 32.551221], [-103.95399, 32.55101], [-103.954232, 32.550741], [-103.954327, 32.550633], [-103.954482, 32.550452], [-103.954573, 32.550341], [-103.954799, 32.550063], [-103.954973, 32.549837], [-103.955182, 32.549549], [-103.955264, 32.549433], [-103.955397, 32.54924], [-103.955475, 32.549122], [-103.955667, 32.548827], [-103.955814, 32.548587], [-103.955988, 32.548283], [-103.956056, 32.548161], [-103.956166, 32.547957], [-103.95623, 32.547834], [-103.956387, 32.547523], [-103.956505, 32.547272], [-103.956643, 32.546956], [-103.956696, 32.546828], [-103.956884, 32.546361], [-103.956934, 32.546232], [-103.957077, 32.545846], [-103.957123, 32.545716], [-103.958747, 32.540916], [-103.963569, 32.526662], [-103.96363, 32.526501], [-103.963819, 32.526003], [-103.964118, 32.525358], [-103.964464, 32.524731], [-103.964857, 32.524124], [-103.965295, 32.52354], [-103.965776, 32.52298], [-103.966297, 32.522447], [-103.966858, 32.521943], [-103.967456, 32.521471], [-103.968087, 32.521031], [-103.96875, 32.520627], [-103.969443, 32.520259], [-103.970161, 32.519929], [-103.970903, 32.519638], [-103.97727, 32.517349], [-103.9881, 32.513453], [-104.003074, 32.508066], [-104.017506, 32.502871], [-104.028872, 32.498778], [-104.037641, 32.495619], [-104.037796, 32.495561], [-104.03826, 32.495382], [-104.038414, 32.49532], [-104.038973, 32.495088], [-104.039124, 32.495023], [-104.039501, 32.494857], [-104.039798, 32.494717], [-104.040164, 32.494533], [-104.040309, 32.494458], [-104.040547, 32.494331], [-104.04069, 32.494253], [-104.041043, 32.494054], [-104.041321, 32.493888], [-104.041662, 32.493672], [-104.041797, 32.493585], [-104.042018, 32.493438], [-104.04215, 32.493347], [-104.042477, 32.493117], [-104.042733, 32.492927], [-104.043045, 32.492682], [-104.043168, 32.492583], [-104.043614, 32.492215], [-104.043734, 32.492114], [-104.044089, 32.491804], [-104.044206, 32.491699], [-104.044746, 32.491203], [-104.04657, 32.489528], [-104.046685, 32.489422], [-104.046869, 32.489248], [-104.046976, 32.489146], [-104.049433, 32.48677], [-104.04955, 32.486656], [-104.049738, 32.486469], [-104.049848, 32.486359], [-104.052133, 32.484023], [-104.052252, 32.4839], [-104.052445, 32.483698], [-104.052556, 32.483579], [-104.054671, 32.481287], [-104.054751, 32.481199], [-104.054793, 32.481154], [-104.054988, 32.480936], [-104.055101, 32.480808], [-104.057048, 32.478562], [-104.057171, 32.478418], [-104.057368, 32.478183], [-104.05746, 32.478071], [-104.057482, 32.478045], [-104.059263, 32.475847], [-104.059386, 32.475692], [-104.059585, 32.475439], [-104.059699, 32.47529], [-104.061317, 32.473142], [-104.06144, 32.472976], [-104.061638, 32.472704], [-104.061752, 32.472544], [-104.063211, 32.470449], [-104.063333, 32.47027], [-104.06343, 32.470125], [-104.063528, 32.469978], [-104.063641, 32.469806], [-104.064944, 32.467765], [-104.065063, 32.467574], [-104.065254, 32.467261], [-104.065364, 32.467077], [-104.066278, 32.465503], [-104.066527, 32.465075], [-104.066554, 32.465027], [-104.066639, 32.464877], [-104.066667, 32.464827], [-104.066823, 32.464543], [-104.066851, 32.464493], [-104.066932, 32.464342], [-104.066958, 32.464291], [-104.067939, 32.462412], [-104.067966, 32.462359], [-104.068047, 32.462199], [-104.068074, 32.462146], [-104.068222, 32.461844], [-104.068248, 32.461791], [-104.068325, 32.46163], [-104.06835, 32.461576], [-104.069193, 32.459756], [-104.069218, 32.4597], [-104.069294, 32.459531], [-104.069319, 32.459475], [-104.069457, 32.459155], [-104.069482, 32.459098], [-104.069553, 32.458928], [-104.069576, 32.458871], [-104.070287, 32.45711], [-104.070311, 32.457051], [-104.07038, 32.456872], [-104.070402, 32.456813], [-104.070529, 32.456475], [-104.070551, 32.456415], [-104.070615, 32.456236], [-104.070636, 32.456176], [-104.071222, 32.454472], [-104.071243, 32.454409], [-104.071305, 32.454222], [-104.071325, 32.45416], [-104.071387, 32.453962], [-104.071436, 32.453806], [-104.071455, 32.453743], [-104.071511, 32.453555], [-104.07153, 32.453492], [-104.071999, 32.451841], [-104.072017, 32.451776], [-104.072069, 32.451581], [-104.072086, 32.451516], [-104.07218, 32.451146], [-104.072196, 32.451081], [-104.072242, 32.450885], [-104.072258, 32.450819], [-104.072616, 32.449217], [-104.07263, 32.44915], [-104.072672, 32.448947], [-104.072686, 32.44888], [-104.072759, 32.448497], [-104.072772, 32.44843], [-104.072808, 32.448226], [-104.07282, 32.448159], [-104.073073, 32.446599], [-104.073084, 32.44653], [-104.073114, 32.446322], [-104.073124, 32.446253], [-104.073176, 32.445859], [-104.073184, 32.445789], [-104.073209, 32.445581], [-104.073216, 32.445511], [-104.07337, 32.443988], [-104.073377, 32.443917], [-104.073395, 32.443704], [-104.073401, 32.443633], [-104.073429, 32.443231], [-104.073433, 32.44316], [-104.073445, 32.442948], [-104.073448, 32.442877], [-104.073507, 32.441381], [-104.073509, 32.441309], [-104.073515, 32.441094], [-104.073516, 32.441022], [-104.073519, 32.440615], [-104.073519, 32.440543], [-104.073517, 32.440328], [-104.073516, 32.440256], [-104.073483, 32.438779], [-104.07348, 32.438707], [-104.073472, 32.43849], [-104.073469, 32.438418], [-104.073454, 32.438147], [-104.080842, 32.441836], [-104.080757, 32.450217], [-104.072154, 32.454345], [-104.072068, 32.462726], [-104.080587, 32.466979], [-104.080502, 32.47536], [-104.089022, 32.479613]]]}}, {"type": "Feature", "properties": {"area_no": 3, "area_sqmi": 95.83200532378879, "n12": 33, "oil12_p50": 14.761186863837143, "oil12_p10_high": 20.309996257322954, "oil12_p90_low": 9.472596757276182, "oil12_mean": 14.783124779328517, "n24": 30, "oil24_p50": 21.938241803392636, "n_eur": 41, "bo_ft_p50": 55.71666898373419, "n_eur_cum_fallback": 0, "n_WCA_1": 28, "n_WCA_2": 0, "n_WCXY": 5, "n_other_tag": 0, "oil12_p50_exWCXY": 14.64568025230001, "n12_exWCXY": 28, "fp_year_p50": 2022.0, "lateral_p50": 9806.0, "top_operator": "Matador", "top_operator_share": 0.6666666666666666, "flag": "", "d1_puds_WCA_1+2": 29, "d1_puds_WCXY": 82}, "geometry": {"type": "Polygon", "coordinates": [[[-103.696128, 32.409107], [-103.687512, 32.413208], [-103.679018, 32.408929], [-103.670401, 32.413029], [-103.670278, 32.421408], [-103.66166, 32.425508], [-103.661536, 32.433888], [-103.652917, 32.437986], [-103.652792, 32.446366], [-103.661289, 32.450647], [-103.661165, 32.459027], [-103.652543, 32.463125], [-103.652418, 32.471505], [-103.643794, 32.475603], [-103.643669, 32.483983], [-103.652168, 32.488265], [-103.660793, 32.484166], [-103.660917, 32.475786], [-103.66954, 32.471687], [-103.678039, 32.475967], [-103.677917, 32.484347], [-103.686418, 32.488627], [-103.686296, 32.497007], [-103.694799, 32.501286], [-103.703423, 32.497184], [-103.7097, 32.500342], [-103.702146, 32.513423], [-103.694711, 32.526294], [-103.69443, 32.52678], [-103.688081, 32.537767], [-103.685641, 32.541989], [-103.68145, 32.54924], [-103.680416, 32.551029], [-103.680009, 32.551677], [-103.679551, 32.5523], [-103.679045, 32.552895], [-103.678493, 32.55346], [-103.677897, 32.553993], [-103.67726, 32.55449], [-103.676885, 32.554745], [-103.676585, 32.55495], [-103.675875, 32.55537], [-103.664135, 32.561829], [-103.651858, 32.56858], [-103.651727, 32.568655], [-103.651336, 32.568881], [-103.651207, 32.568958], [-103.65096, 32.569109], [-103.650739, 32.569244], [-103.650612, 32.569324], [-103.650298, 32.569526], [-103.650051, 32.569693], [-103.649749, 32.569908], [-103.649629, 32.569995], [-103.649433, 32.570141], [-103.649316, 32.570231], [-103.649027, 32.570458], [-103.648801, 32.570645], [-103.648525, 32.570884], [-103.648416, 32.570981], [-103.648238, 32.571143], [-103.648132, 32.571242], [-103.647871, 32.571492], [-103.647667, 32.571696], [-103.64742, 32.571957], [-103.647323, 32.572062], [-103.647165, 32.572238], [-103.647071, 32.572346], [-103.646839, 32.572616], [-103.646661, 32.572837], [-103.646445, 32.573117], [-103.646361, 32.573229], [-103.646223, 32.573418], [-103.646142, 32.573532], [-103.645943, 32.573821], [-103.645791, 32.574055], [-103.645609, 32.574352], [-103.645538, 32.574471], [-103.645424, 32.574667], [-103.645284, 32.57491], [-103.645217, 32.575031], [-103.645019, 32.575396], [-103.644955, 32.575518], [-103.642211, 32.58093], [-103.639819, 32.585647], [-103.63551, 32.594141], [-103.63516, 32.594775], [-103.634763, 32.595388], [-103.634319, 32.595978], [-103.633832, 32.596543], [-103.633394, 32.596988], [-103.633345, 32.597037], [-103.633304, 32.59708], [-103.632735, 32.597587], [-103.632129, 32.598062], [-103.631489, 32.598504], [-103.630816, 32.59891], [-103.624739, 32.602331], [-103.622047, 32.603846], [-103.62192, 32.603919], [-103.621543, 32.604143], [-103.621418, 32.604219], [-103.621028, 32.604462], [-103.620785, 32.604621], [-103.620071, 32.605112], [-103.619837, 32.605281], [-103.619762, 32.605338], [-103.619538, 32.605516], [-103.618882, 32.606062], [-103.618669, 32.606249], [-103.618601, 32.606312], [-103.618398, 32.606507], [-103.617807, 32.607104], [-103.617615, 32.607307], [-103.617554, 32.607375], [-103.617374, 32.607585], [-103.616853, 32.608227], [-103.616685, 32.608445], [-103.616632, 32.608517], [-103.616477, 32.608742], [-103.616011, 32.609452], [-103.61558, 32.610061], [-103.615104, 32.610645], [-103.614584, 32.611201], [-103.614021, 32.611728], [-103.61342, 32.612222], [-103.613364, 32.612263], [-103.612782, 32.612683], [-103.612109, 32.613106], [-103.598724, 32.620985], [-103.598843, 32.613395], [-103.590334, 32.60911], [-103.590466, 32.60073], [-103.581959, 32.596444], [-103.582091, 32.588065], [-103.590728, 32.583972], [-103.590859, 32.575592], [-103.599495, 32.571498], [-103.608, 32.575783], [-103.616635, 32.571688], [-103.616764, 32.563309], [-103.608259, 32.559024], [-103.599625, 32.563119], [-103.591121, 32.558833], [-103.582486, 32.562927], [-103.573983, 32.55864], [-103.565348, 32.562732], [-103.556846, 32.558445], [-103.54821, 32.562536], [-103.539709, 32.558247], [-103.539844, 32.549867], [-103.531345, 32.545578], [-103.522709, 32.549667], [-103.51421, 32.545377], [-103.505573, 32.549465], [-103.497076, 32.545173], [-103.497215, 32.536794], [-103.488719, 32.532502], [-103.488859, 32.524123], [-103.497494, 32.520036], [-103.50599, 32.524327], [-103.514624, 32.520239], [-103.514762, 32.51186], [-103.506267, 32.507569], [-103.506405, 32.49919], [-103.515037, 32.495102], [-103.515175, 32.486723], [-103.523805, 32.482634], [-103.523942, 32.474255], [-103.53257, 32.470165], [-103.541063, 32.474454], [-103.549691, 32.470363], [-103.549825, 32.461984], [-103.558452, 32.457893], [-103.558585, 32.449513], [-103.56721, 32.445421], [-103.575702, 32.449708], [-103.584326, 32.445615], [-103.592819, 32.449901], [-103.592689, 32.45828], [-103.601183, 32.462565], [-103.609807, 32.45847], [-103.609936, 32.450091], [-103.601442, 32.445806], [-103.601572, 32.437427], [-103.593079, 32.433141], [-103.59321, 32.424762], [-103.60183, 32.420667], [-103.610322, 32.424952], [-103.618942, 32.420856], [-103.61907, 32.412476], [-103.627688, 32.40838], [-103.627815, 32.4], [-103.636432, 32.395903], [-103.636558, 32.387524], [-103.645173, 32.383426], [-103.653664, 32.387707], [-103.662278, 32.383609], [-103.662402, 32.375229], [-103.671015, 32.371129], [-103.679505, 32.375409], [-103.679384, 32.383789], [-103.687876, 32.388068], [-103.687754, 32.396448], [-103.696248, 32.400727], [-103.696128, 32.409107]]]}}, {"type": "Feature", "properties": {"area_no": 4, "area_sqmi": 23.81078849215992, "n12": 15, "oil12_p50": 10.899273104880582, "oil12_p10_high": 17.625784759841096, "oil12_p90_low": 5.527881570369622, "oil12_mean": 11.165566970489063, "n24": 12, "oil24_p50": 15.191658654154327, "n_eur": 16, "bo_ft_p50": 38.241196335692436, "n_eur_cum_fallback": 0, "n_WCA_1": 10, "n_WCA_2": 5, "n_WCXY": 0, "n_other_tag": 0, "oil12_p50_exWCXY": 10.899273104880582, "n12_exWCXY": 15, "fp_year_p50": 2022.0, "lateral_p50": 9320.0, "top_operator": "Permian Resources", "top_operator_share": 0.6, "flag": "pad-scale (< 25 sq mi)", "d1_puds_WCA_1+2": 20, "d1_puds_WCXY": 0}, "geometry": {"type": "Polygon", "coordinates": [[[-104.319525, 32.227602], [-104.31905, 32.230497], [-104.31902, 32.230685], [-104.318976, 32.230991], [-104.318952, 32.231171], [-104.318573, 32.234231], [-104.318553, 32.234409], [-104.318522, 32.234698], [-104.318506, 32.234867], [-104.31823, 32.238092], [-104.318217, 32.238259], [-104.318198, 32.238532], [-104.318188, 32.238691], [-104.31811, 32.240255], [-104.318019, 32.242079], [-104.318012, 32.242236], [-104.318003, 32.242493], [-104.317999, 32.242643], [-104.31794, 32.246191], [-104.317938, 32.24634], [-104.317938, 32.246582], [-104.317938, 32.246723], [-104.317992, 32.25043], [-104.317995, 32.25057], [-104.318002, 32.250797], [-104.318006, 32.250933], [-104.318016, 32.251158], [-104.318024, 32.251286], [-104.318053, 32.251682], [-104.318064, 32.251814], [-104.318106, 32.25223], [-104.318132, 32.252427], [-104.318141, 32.252493], [-104.318266, 32.253279], [-104.318315, 32.253541], [-104.318334, 32.253626], [-104.318398, 32.253885], [-104.318612, 32.254657], [-104.318691, 32.254913], [-104.31872, 32.254996], [-104.318813, 32.255248], [-104.319115, 32.255999], [-104.319222, 32.256247], [-104.319404, 32.256636], [-104.319463, 32.256758], [-104.319645, 32.257123], [-104.319708, 32.257244], [-104.324432, 32.266084], [-104.331528, 32.279357], [-104.338551, 32.29249], [-104.338729, 32.292823], [-104.339781, 32.294791], [-104.340083, 32.295404], [-104.34034, 32.296031], [-104.340551, 32.296671], [-104.340717, 32.29732], [-104.340835, 32.297976], [-104.340906, 32.298638], [-104.340929, 32.299302], [-104.340927, 32.302084], [-104.340917, 32.31658], [-104.340911, 32.323577], [-104.340911, 32.323795], [-104.340911, 32.324062], [-104.340911, 32.324315], [-104.340911, 32.324337], [-104.340874, 32.325151], [-104.340766, 32.32596], [-104.340557, 32.327136], [-104.337801, 32.342589], [-104.336063, 32.352334], [-104.335944, 32.353003], [-104.335794, 32.353692], [-104.335592, 32.354371], [-104.335339, 32.355038], [-104.335037, 32.35569], [-104.334685, 32.356324], [-104.334286, 32.356937], [-104.333842, 32.357528], [-104.333354, 32.358093], [-104.332823, 32.35863], [-104.332254, 32.359137], [-104.331647, 32.359612], [-104.331005, 32.360052], [-104.329681, 32.360903], [-104.329722, 32.355397], [-104.321202, 32.351161], [-104.321264, 32.342779], [-104.312745, 32.338542], [-104.312809, 32.33016], [-104.304292, 32.325923], [-104.304356, 32.317541], [-104.29584, 32.313303], [-104.28726, 32.317446], [-104.278745, 32.313206], [-104.278811, 32.304825], [-104.270298, 32.300585], [-104.270365, 32.292203], [-104.278944, 32.288061], [-104.287456, 32.292301], [-104.296034, 32.288158], [-104.296099, 32.279776], [-104.287587, 32.275537], [-104.27901, 32.27968], [-104.270499, 32.27544], [-104.270566, 32.267058], [-104.262057, 32.262818], [-104.262125, 32.254436], [-104.253617, 32.250195], [-104.253686, 32.241814], [-104.262261, 32.237673], [-104.270768, 32.241913], [-104.279341, 32.237771], [-104.279408, 32.22939], [-104.28798, 32.225247], [-104.296487, 32.229486], [-104.305059, 32.225342], [-104.313567, 32.22958], [-104.319718, 32.226605], [-104.319659, 32.226889], [-104.319619, 32.227088], [-104.319559, 32.227412], [-104.319525, 32.227602]]]}}, {"type": "Feature", "properties": {"area_no": 5, "area_sqmi": 107.38715006926267, "n12": 205, "oil12_p50": 37.66221142162819, "oil12_p10_high": 46.472690032463284, "oil12_p90_low": 30.430610310732654, "oil12_mean": 37.751056600437856, "n24": 184, "oil24_p50": 50.05563547345044, "n_eur": 222, "bo_ft_p50": 98.13796976401144, "n_eur_cum_fallback": 0, "n_WCA_1": 105, "n_WCA_2": 86, "n_WCXY": 11, "n_other_tag": 3, "oil12_p50_exWCXY": 37.58397373356547, "n12_exWCXY": 194, "fp_year_p50": 2023.0, "lateral_p50": 9881.0, "top_operator": "Devon", "top_operator_share": 0.44878048780487806, "flag": "", "d1_puds_WCA_1+2": 87, "d1_puds_WCXY": 31}, "geometry": {"type": "Polygon", "coordinates": [[[-103.724087, 32.245957], [-103.732569, 32.250233], [-103.741167, 32.246128], [-103.74965, 32.250403], [-103.749535, 32.258784], [-103.758019, 32.263058], [-103.757905, 32.271439], [-103.76639, 32.275712], [-103.774989, 32.271605], [-103.783476, 32.275878], [-103.783364, 32.284259], [-103.774764, 32.288366], [-103.774651, 32.296747], [-103.76605, 32.300853], [-103.765936, 32.309234], [-103.774426, 32.313507], [-103.774313, 32.321888], [-103.782804, 32.32616], [-103.782692, 32.334541], [-103.774087, 32.338648], [-103.773974, 32.347028], [-103.782467, 32.351301], [-103.782355, 32.359682], [-103.773748, 32.363789], [-103.765254, 32.359515], [-103.756646, 32.363621], [-103.748152, 32.359347], [-103.739544, 32.363452], [-103.731051, 32.359176], [-103.731168, 32.350796], [-103.722678, 32.346519], [-103.722795, 32.338139], [-103.714306, 32.333862], [-103.705698, 32.337965], [-103.705579, 32.346345], [-103.69697, 32.350447], [-103.688481, 32.346168], [-103.688602, 32.337788], [-103.680114, 32.333509], [-103.680236, 32.325129], [-103.67175, 32.32085], [-103.663142, 32.324949], [-103.654657, 32.320668], [-103.646048, 32.324767], [-103.645923, 32.333147], [-103.637313, 32.337245], [-103.637187, 32.345625], [-103.628575, 32.349722], [-103.620089, 32.345439], [-103.620216, 32.337059], [-103.628828, 32.332962], [-103.628954, 32.324582], [-103.620471, 32.320299], [-103.61186, 32.324396], [-103.603378, 32.320111], [-103.594767, 32.324206], [-103.586285, 32.319921], [-103.586415, 32.311541], [-103.577935, 32.307255], [-103.578066, 32.298876], [-103.569588, 32.294589], [-103.569719, 32.28621], [-103.561243, 32.281923], [-103.561375, 32.273543], [-103.569982, 32.26945], [-103.570114, 32.261071], [-103.57872, 32.256977], [-103.587195, 32.261263], [-103.595801, 32.257168], [-103.59593, 32.248788], [-103.587455, 32.244503], [-103.587585, 32.236124], [-103.596187, 32.232029], [-103.596316, 32.223649], [-103.604918, 32.219554], [-103.613391, 32.223837], [-103.621992, 32.219741], [-103.622118, 32.211361], [-103.613645, 32.207078], [-103.613772, 32.198698], [-103.622371, 32.194601], [-103.622497, 32.186221], [-103.614027, 32.181938], [-103.614153, 32.173558], [-103.605685, 32.169274], [-103.597088, 32.17337], [-103.58862, 32.169085], [-103.580023, 32.173179], [-103.571556, 32.168893], [-103.571687, 32.160513], [-103.580283, 32.15642], [-103.580413, 32.14804], [-103.589008, 32.143945], [-103.597473, 32.14823], [-103.597345, 32.15661], [-103.605812, 32.160894], [-103.614407, 32.156798], [-103.614534, 32.148418], [-103.623127, 32.144321], [-103.631595, 32.148604], [-103.63147, 32.156984], [-103.639939, 32.161266], [-103.648532, 32.157167], [-103.657002, 32.161448], [-103.665595, 32.157348], [-103.674065, 32.161628], [-103.673944, 32.170008], [-103.682416, 32.174287], [-103.682296, 32.182668], [-103.690769, 32.186946], [-103.690649, 32.195326], [-103.682054, 32.199428], [-103.681933, 32.207808], [-103.690409, 32.212087], [-103.699005, 32.207985], [-103.707482, 32.212263], [-103.716078, 32.208159], [-103.724556, 32.212436], [-103.724439, 32.220816], [-103.732918, 32.225092], [-103.732802, 32.233473], [-103.724204, 32.237577], [-103.724087, 32.245957]]]}}, {"type": "Feature", "properties": {"area_no": 6, "area_sqmi": 841.7213151324627, "n12": 711, "oil12_p50": 20.12554701935233, "oil12_p10_high": 27.48338399189463, "oil12_p90_low": 13.551646251411693, "oil12_mean": 20.552137930432202, "n24": 576, "oil24_p50": 28.36040246976726, "n_eur": 833, "bo_ft_p50": 62.94812426729191, "n_eur_cum_fallback": 0, "n_WCA_1": 360, "n_WCA_2": 252, "n_WCXY": 95, "n_other_tag": 4, "oil12_p50_exWCXY": 20.10802758274309, "n12_exWCXY": 616, "fp_year_p50": 2022.0, "lateral_p50": 9933.0, "top_operator": "Devon", "top_operator_share": 0.279887482419128, "flag": "", "d1_puds_WCA_1+2": 479, "d1_puds_WCXY": 674}, "geometry": {"type": "Polygon", "coordinates": [[[-104.333385, 31.85248], [-104.34192, 31.848333], [-104.350395, 31.852568], [-104.350337, 31.86095], [-104.358813, 31.865184], [-104.358755, 31.873567], [-104.350219, 31.877715], [-104.35016, 31.886097], [-104.358639, 31.890331], [-104.358581, 31.898714], [-104.350042, 31.902861], [-104.341563, 31.898627], [-104.333023, 31.902773], [-104.324544, 31.898537], [-104.316004, 31.902683], [-104.307526, 31.898446], [-104.307589, 31.890063], [-104.299112, 31.885826], [-104.290572, 31.88997], [-104.282097, 31.885731], [-104.273556, 31.889874], [-104.27349, 31.898256], [-104.264948, 31.902398], [-104.264881, 31.91078], [-104.256337, 31.914921], [-104.25627, 31.923303], [-104.264748, 31.927544], [-104.264681, 31.935926], [-104.27316, 31.940166], [-104.281706, 31.936024], [-104.281771, 31.927641], [-104.290315, 31.923498], [-104.298795, 31.927737], [-104.298731, 31.936119], [-104.290186, 31.940262], [-104.290122, 31.948645], [-104.281575, 31.952788], [-104.28151, 31.96117], [-104.289993, 31.965409], [-104.29854, 31.961265], [-104.307023, 31.965503], [-104.31557, 31.961358], [-104.324054, 31.965595], [-104.332599, 31.961449], [-104.33266, 31.953066], [-104.341204, 31.94892], [-104.349688, 31.953155], [-104.349629, 31.961537], [-104.341084, 31.965684], [-104.341025, 31.974066], [-104.349511, 31.978301], [-104.349452, 31.986683], [-104.35794, 31.990918], [-104.357882, 31.9993], [-104.366371, 32.003534], [-104.366314, 32.011916], [-104.357765, 32.016064], [-104.349274, 32.01183], [-104.340725, 32.015977], [-104.340665, 32.024359], [-104.332114, 32.028505], [-104.332053, 32.036887], [-104.3235, 32.041033], [-104.323438, 32.049415], [-104.331931, 32.053652], [-104.33187, 32.062034], [-104.323315, 32.066179], [-104.314822, 32.061943], [-104.306266, 32.066087], [-104.297773, 32.061849], [-104.289217, 32.065993], [-104.289152, 32.074375], [-104.280594, 32.078517], [-104.280528, 32.086899], [-104.271968, 32.091042], [-104.271902, 32.099423], [-104.280397, 32.103663], [-104.280331, 32.112045], [-104.271769, 32.116187], [-104.271702, 32.124569], [-104.280199, 32.128809], [-104.280134, 32.13719], [-104.288632, 32.14143], [-104.288567, 32.149811], [-104.297067, 32.15405], [-104.297003, 32.162432], [-104.305505, 32.16667], [-104.305441, 32.175052], [-104.296874, 32.179195], [-104.29681, 32.187577], [-104.305314, 32.191815], [-104.313881, 32.187671], [-104.322386, 32.191908], [-104.322324, 32.20029], [-104.329192, 32.20371], [-104.329092, 32.203804], [-104.328889, 32.204005], [-104.328824, 32.204072], [-104.328633, 32.204282], [-104.328077, 32.204922], [-104.327897, 32.205139], [-104.327841, 32.205212], [-104.327674, 32.205436], [-104.327194, 32.206119], [-104.32704, 32.206351], [-104.326808, 32.20672], [-104.326737, 32.206838], [-104.326526, 32.207194], [-104.326458, 32.207313], [-104.326108, 32.207944], [-104.326074, 32.208006], [-104.325973, 32.208194], [-104.32594, 32.208256], [-104.325755, 32.208612], [-104.325723, 32.208675], [-104.325628, 32.208865], [-104.325596, 32.208928], [-104.324699, 32.210782], [-104.32467, 32.210842], [-104.324584, 32.211025], [-104.324556, 32.211085], [-104.3244, 32.211431], [-104.324373, 32.211493], [-104.324293, 32.211677], [-104.324267, 32.211738], [-104.323423, 32.213749], [-104.323399, 32.213808], [-104.323328, 32.213984], [-104.323304, 32.214043], [-104.323174, 32.214377], [-104.323152, 32.214436], [-104.323085, 32.214613], [-104.323063, 32.214672], [-104.322281, 32.216846], [-104.322261, 32.216902], [-104.32221, 32.217048], [-104.322202, 32.217071], [-104.3222, 32.217079], [-104.322183, 32.217128], [-104.322077, 32.217448], [-104.322058, 32.217505], [-104.322004, 32.217675], [-104.321986, 32.217731], [-104.321272, 32.220071], [-104.321256, 32.220125], [-104.321209, 32.220286], [-104.321193, 32.22034], [-104.321108, 32.220646], [-104.321093, 32.2207], [-104.32105, 32.220862], [-104.321036, 32.220916], [-104.320402, 32.223407], [-104.32035, 32.223618], [-104.320271, 32.22396], [-104.320226, 32.22416], [-104.319718, 32.226605], [-104.313567, 32.22958], [-104.305059, 32.225342], [-104.296487, 32.229486], [-104.28798, 32.225247], [-104.279408, 32.22939], [-104.279341, 32.237771], [-104.270768, 32.241913], [-104.262261, 32.237673], [-104.253686, 32.241814], [-104.253617, 32.250195], [-104.262125, 32.254436], [-104.262057, 32.262818], [-104.270566, 32.267058], [-104.270499, 32.27544], [-104.27901, 32.27968], [-104.287587, 32.275537], [-104.296099, 32.279776], [-104.296034, 32.288158], [-104.287456, 32.292301], [-104.278944, 32.288061], [-104.270365, 32.292203], [-104.270298, 32.300585], [-104.278811, 32.304825], [-104.278745, 32.313206], [-104.28726, 32.317446], [-104.29584, 32.313303], [-104.304356, 32.317541], [-104.304292, 32.325923], [-104.312809, 32.33016], [-104.312745, 32.338542], [-104.321264, 32.342779], [-104.321202, 32.351161], [-104.329722, 32.355397], [-104.329681, 32.360903], [-104.319769, 32.367274], [-104.305006, 32.376759], [-104.2953, 32.382993], [-104.293785, 32.383966], [-104.293679, 32.384035], [-104.293365, 32.384246], [-104.293261, 32.384317], [-104.292677, 32.384725], [-104.292575, 32.384798], [-104.292271, 32.38502], [-104.292171, 32.385094], [-104.28987, 32.386846], [-104.289661, 32.387001], [-104.289594, 32.38705], [-104.289384, 32.3872], [-104.286941, 32.388903], [-104.286849, 32.388968], [-104.286699, 32.389074], [-104.286613, 32.389136], [-104.284191, 32.390888], [-104.284095, 32.390958], [-104.28394, 32.391072], [-104.28385, 32.39114], [-104.28358, 32.391343], [-104.281559, 32.392863], [-104.28146, 32.392938], [-104.281299, 32.393061], [-104.281206, 32.393134], [-104.279045, 32.394826], [-104.278942, 32.394907], [-104.278775, 32.39504], [-104.278679, 32.395119], [-104.276649, 32.396778], [-104.276542, 32.396866], [-104.276369, 32.39701], [-104.276269, 32.397095], [-104.27437, 32.398719], [-104.274259, 32.398815], [-104.274081, 32.398971], [-104.273978, 32.399062], [-104.272208, 32.400649], [-104.272095, 32.400753], [-104.271911, 32.400921], [-104.271804, 32.401021], [-104.270907, 32.401868], [-104.270164, 32.402568], [-104.270047, 32.40268], [-104.269858, 32.402863], [-104.269749, 32.402971], [-104.268238, 32.404476], [-104.268117, 32.404597], [-104.267924, 32.404795], [-104.267811, 32.404912], [-104.266428, 32.406372], [-104.266305, 32.406503], [-104.266107, 32.406718], [-104.265992, 32.406845], [-104.264735, 32.408257], [-104.26461, 32.408399], [-104.264409, 32.408632], [-104.264292, 32.408769], [-104.263158, 32.410131], [-104.263032, 32.410284], [-104.262829, 32.410537], [-104.262711, 32.410685], [-104.261697, 32.411993], [-104.261571, 32.412159], [-104.261367, 32.412432], [-104.261249, 32.412593], [-104.260836, 32.413169], [-104.260353, 32.413844], [-104.260275, 32.413953], [-104.260226, 32.414023], [-104.260024, 32.414318], [-104.259906, 32.414492], [-104.259123, 32.415683], [-104.258999, 32.415877], [-104.258799, 32.416194], [-104.258684, 32.416382], [-104.257998, 32.417529], [-104.257969, 32.417578], [-104.257881, 32.417731], [-104.257851, 32.417782], [-104.257687, 32.418072], [-104.257658, 32.418124], [-104.257573, 32.418278], [-104.257545, 32.41833], [-104.257, 32.419346], [-104.256971, 32.419401], [-104.256885, 32.419565], [-104.256857, 32.419619], [-104.2567, 32.41993], [-104.256673, 32.419985], [-104.256592, 32.420151], [-104.256565, 32.420206], [-104.256114, 32.421156], [-104.256087, 32.421214], [-104.256006, 32.421389], [-104.25598, 32.421447], [-104.255833, 32.421779], [-104.255807, 32.421838], [-104.255732, 32.422014], [-104.255707, 32.422073], [-104.255342, 32.422955], [-104.255317, 32.423017], [-104.255243, 32.423203], [-104.255219, 32.423265], [-104.255085, 32.423617], [-104.255061, 32.42368], [-104.254993, 32.423867], [-104.25497, 32.423929], [-104.254684, 32.424746], [-104.254662, 32.424812], [-104.254596, 32.425008], [-104.254574, 32.425074], [-104.254456, 32.425446], [-104.254435, 32.425511], [-104.254375, 32.425709], [-104.254356, 32.425775], [-104.254139, 32.426529], [-104.25412, 32.426598], [-104.254064, 32.426804], [-104.254046, 32.426873], [-104.253986, 32.42711], [-104.253946, 32.427263], [-104.253929, 32.427332], [-104.25388, 32.427539], [-104.253864, 32.427609], [-104.253708, 32.428306], [-104.253693, 32.428377], [-104.253648, 32.428592], [-104.253634, 32.428663], [-104.253556, 32.42907], [-104.253543, 32.429142], [-104.253505, 32.429357], [-104.253493, 32.429429], [-104.253391, 32.430075], [-104.253379, 32.430149], [-104.253348, 32.430371], [-104.253338, 32.430445], [-104.253285, 32.430865], [-104.253276, 32.43094], [-104.253252, 32.431162], [-104.253244, 32.431237], [-104.253188, 32.43184], [-104.253181, 32.431916], [-104.253164, 32.432143], [-104.253159, 32.432219], [-104.253133, 32.432649], [-104.253129, 32.432725], [-104.253119, 32.432953], [-104.253116, 32.433029], [-104.2531, 32.4336], [-104.253099, 32.433677], [-104.253096, 32.433908], [-104.253096, 32.433985], [-104.253099, 32.434422], [-104.2531, 32.434499], [-104.253105, 32.43473], [-104.253107, 32.434807], [-104.253129, 32.435356], [-104.253133, 32.435433], [-104.253146, 32.435666], [-104.253151, 32.435743], [-104.253183, 32.436182], [-104.253189, 32.43626], [-104.25321, 32.436492], [-104.253218, 32.436569], [-104.253275, 32.437107], [-104.253284, 32.437185], [-104.253313, 32.437417], [-104.253323, 32.437494], [-104.253385, 32.437931], [-104.253396, 32.438008], [-104.253433, 32.438239], [-104.253446, 32.438316], [-104.25354, 32.438856], [-104.253554, 32.438932], [-104.253598, 32.439161], [-104.253613, 32.439237], [-104.253704, 32.439668], [-104.25372, 32.439744], [-104.253772, 32.439971], [-104.25379, 32.440047], [-104.253925, 32.440599], [-104.253944, 32.440674], [-104.254002, 32.440898], [-104.254022, 32.440972], [-104.25414, 32.441393], [-104.254161, 32.441467], [-104.254227, 32.441689], [-104.254249, 32.441763], [-104.254287, 32.441883], [-104.25443, 32.442339], [-104.254454, 32.442411], [-104.254525, 32.442627], [-104.25455, 32.442699], [-104.254692, 32.443106], [-104.254718, 32.443178], [-104.254796, 32.443393], [-104.254823, 32.443464], [-104.255057, 32.444072], [-104.255085, 32.444142], [-104.255168, 32.444349], [-104.255197, 32.444418], [-104.255361, 32.444809], [-104.25539, 32.444878], [-104.25548, 32.445083], [-104.255511, 32.445152], [-104.255807, 32.4458], [-104.255837, 32.445866], [-104.255931, 32.446063], [-104.255963, 32.446129], [-104.256146, 32.446501], [-104.256178, 32.446566], [-104.256278, 32.446762], [-104.256312, 32.446827], [-104.256747, 32.447649], [-104.256845, 32.447831], [-104.257006, 32.448123], [-104.257103, 32.448295], [-104.257687, 32.449301], [-104.257793, 32.449481], [-104.257969, 32.449772], [-104.258075, 32.449944], [-104.258688, 32.450912], [-104.258803, 32.45109], [-104.258994, 32.45138], [-104.259109, 32.451549], [-104.259752, 32.452481], [-104.259876, 32.452658], [-104.260082, 32.452944], [-104.260205, 32.453112], [-104.260879, 32.454011], [-104.261012, 32.454185], [-104.261232, 32.454467], [-104.261363, 32.454632], [-104.261678, 32.455019], [-104.26207, 32.455501], [-104.26221, 32.45567], [-104.262444, 32.455947], [-104.262583, 32.456108], [-104.263324, 32.45695], [-104.263472, 32.457115], [-104.263718, 32.457384], [-104.263864, 32.457542], [-104.264641, 32.458358], [-104.264797, 32.458519], [-104.265054, 32.45878], [-104.265207, 32.458933], [-104.266023, 32.459727], [-104.266184, 32.459882], [-104.266452, 32.460133], [-104.266612, 32.46028], [-104.267468, 32.461054], [-104.267636, 32.461203], [-104.267913, 32.461444], [-104.268077, 32.461585], [-104.268978, 32.462341], [-104.26915, 32.462483], [-104.269435, 32.462713], [-104.269604, 32.462848], [-104.270551, 32.463586], [-104.270728, 32.463721], [-104.271019, 32.46394], [-104.271192, 32.464068], [-104.272189, 32.464791], [-104.272369, 32.464919], [-104.272665, 32.465125], [-104.27284, 32.465246], [-104.273787, 32.465883], [-104.273892, 32.465954], [-104.274073, 32.466074], [-104.274373, 32.466268], [-104.27455, 32.466382], [-104.275658, 32.467075], [-104.275841, 32.467188], [-104.276143, 32.46737], [-104.276321, 32.467475], [-104.277489, 32.468154], [-104.277673, 32.468259], [-104.277975, 32.468429], [-104.278153, 32.468527], [-104.279384, 32.469192], [-104.279567, 32.469289], [-104.279869, 32.469446], [-104.280047, 32.469538], [-104.281342, 32.470187], [-104.281525, 32.470277], [-104.281825, 32.470422], [-104.282002, 32.470506], [-104.283365, 32.47114], [-104.283546, 32.471223], [-104.283843, 32.471356], [-104.284018, 32.471433], [-104.285451, 32.472051], [-104.28563, 32.472127], [-104.285923, 32.472249], [-104.286042, 32.472297], [-104.286096, 32.472319], [-104.287601, 32.472919], [-104.287777, 32.472988], [-104.288066, 32.473099], [-104.288235, 32.473163], [-104.289814, 32.473745], [-104.289987, 32.473808], [-104.29027, 32.473908], [-104.290437, 32.473966], [-104.29209, 32.474528], [-104.29226, 32.474585], [-104.292537, 32.474676], [-104.2927, 32.474728], [-104.29443, 32.475269], [-104.294595, 32.47532], [-104.294867, 32.475402], [-104.295026, 32.475449], [-104.296832, 32.475967], [-104.296994, 32.476013], [-104.297258, 32.476086], [-104.297413, 32.476128], [-104.299297, 32.476623], [-104.299455, 32.476663], [-104.299712, 32.476728], [-104.299863, 32.476765], [-104.301826, 32.477236], [-104.301979, 32.477272], [-104.302084, 32.477296], [-104.302229, 32.477329], [-104.302375, 32.477362], [-104.304416, 32.477806], [-104.304565, 32.477838], [-104.304808, 32.477888], [-104.30495, 32.477917], [-104.305699, 32.478064], [-104.30707, 32.478334], [-104.307214, 32.478362], [-104.307449, 32.478406], [-104.307587, 32.478431], [-104.309786, 32.478819], [-104.309926, 32.478843], [-104.310153, 32.478881], [-104.310287, 32.478903], [-104.312564, 32.479262], [-104.3127, 32.479283], [-104.31292, 32.479315], [-104.313049, 32.479334], [-104.3147, 32.479564], [-104.315405, 32.479662], [-104.315536, 32.47968], [-104.315749, 32.479708], [-104.315873, 32.479723], [-104.318358, 32.480026], [-104.318481, 32.480041], [-104.318533, 32.480048], [-104.318712, 32.480073], [-104.321134, 32.480418], [-104.321269, 32.480437], [-104.321323, 32.480446], [-104.321513, 32.480476], [-104.323809, 32.480854], [-104.323952, 32.480878], [-104.32401, 32.480888], [-104.324211, 32.480925], [-104.326379, 32.481335], [-104.326532, 32.481365], [-104.326593, 32.481377], [-104.326807, 32.481421], [-104.328786, 32.481847], [-104.328846, 32.48186], [-104.329009, 32.481896], [-104.329074, 32.481911], [-104.3293, 32.481964], [-104.331209, 32.48243], [-104.331382, 32.482473], [-104.331451, 32.482491], [-104.331691, 32.482555], [-104.333469, 32.483043], [-104.333653, 32.483095], [-104.333726, 32.483116], [-104.333978, 32.483192], [-104.335625, 32.483701], [-104.33582, 32.483762], [-104.335897, 32.483787], [-104.336163, 32.483876], [-104.337715, 32.484414], [-104.337966, 32.484503], [-104.338045, 32.484532], [-104.338287, 32.484624], [-104.339674, 32.485162], [-104.339929, 32.485264], [-104.340014, 32.485299], [-104.340267, 32.485406], [-104.341525, 32.485953], [-104.341791, 32.486072], [-104.341879, 32.486112], [-104.342142, 32.486236], [-104.343275, 32.486787], [-104.343551, 32.486924], [-104.343642, 32.486971], [-104.343913, 32.487115], [-104.344924, 32.487664], [-104.345207, 32.487823], [-104.3453, 32.487876], [-104.345579, 32.488041], [-104.345868, 32.488217], [-104.346473, 32.488586], [-104.346761, 32.488766], [-104.346856, 32.488828], [-104.347138, 32.489015], [-104.347923, 32.489552], [-104.348212, 32.489756], [-104.348307, 32.489825], [-104.34859, 32.490036], [-104.349274, 32.490562], [-104.349561, 32.49079], [-104.349655, 32.490867], [-104.349934, 32.491103], [-104.350528, 32.491619], [-104.350808, 32.491871], [-104.350899, 32.491956], [-104.35117, 32.492215], [-104.351195, 32.49224], [-104.351684, 32.492723], [-104.351952, 32.492997], [-104.35204, 32.49309], [-104.352297, 32.493371], [-104.352743, 32.493875], [-104.352994, 32.49417], [-104.353076, 32.494269], [-104.353316, 32.494571], [-104.353704, 32.495076], [-104.353934, 32.495389], [-104.354009, 32.495494], [-104.354227, 32.495812], [-104.354377, 32.496039], [-104.354566, 32.496328], [-104.354772, 32.496654], [-104.354839, 32.496763], [-104.355031, 32.497095], [-104.355329, 32.49763], [-104.355508, 32.497965], [-104.355565, 32.498078], [-104.35573, 32.498418], [-104.355991, 32.498984], [-104.356141, 32.499323], [-104.356188, 32.499437], [-104.356324, 32.499781], [-104.356551, 32.500389], [-104.356671, 32.500728], [-104.356708, 32.500842], [-104.356815, 32.501184], [-104.357007, 32.501845], [-104.357098, 32.50218], [-104.357126, 32.502291], [-104.357204, 32.502628], [-104.357358, 32.503352], [-104.357422, 32.503677], [-104.357434, 32.503747], [-104.357441, 32.503786], [-104.357493, 32.504113], [-104.357604, 32.504908], [-104.357642, 32.505222], [-104.357653, 32.505326], [-104.357681, 32.50564], [-104.357743, 32.506513], [-104.357759, 32.506812], [-104.357763, 32.506912], [-104.35777, 32.507211], [-104.357775, 32.508165], [-104.357773, 32.508449], [-104.35777, 32.508543], [-104.357759, 32.508826], [-104.357701, 32.509865], [-104.357683, 32.510131], [-104.357675, 32.51022], [-104.357649, 32.510487], [-104.357521, 32.51161], [-104.357489, 32.51186], [-104.357477, 32.511943], [-104.357439, 32.512192], [-104.357234, 32.513402], [-104.357192, 32.513635], [-104.357177, 32.513712], [-104.357128, 32.513944], [-104.356846, 32.51522], [-104.356807, 32.515387], [-104.35679, 32.515458], [-104.35673, 32.515693], [-104.356381, 32.516997], [-104.356332, 32.517173], [-104.356312, 32.517242], [-104.35624, 32.517479], [-104.356048, 32.518086], [-104.355839, 32.518745], [-104.355781, 32.518922], [-104.355758, 32.518992], [-104.355673, 32.519231], [-104.355209, 32.520492], [-104.355127, 32.520709], [-104.3551, 32.520776], [-104.355015, 32.520984], [-104.35451, 32.522181], [-104.35442, 32.52239], [-104.354389, 32.522459], [-104.354293, 32.522665], [-104.354185, 32.522893], [-104.353737, 32.523832], [-104.353635, 32.524039], [-104.353601, 32.524107], [-104.353494, 32.524312], [-104.352886, 32.525451], [-104.352774, 32.525655], [-104.352736, 32.525722], [-104.352619, 32.525924], [-104.351957, 32.527037], [-104.351836, 32.527237], [-104.351794, 32.527304], [-104.351668, 32.527501], [-104.350952, 32.528591], [-104.350821, 32.528786], [-104.350776, 32.528851], [-104.35064, 32.529044], [-104.350637, 32.529048], [-104.349868, 32.530113], [-104.349729, 32.530302], [-104.349681, 32.530364], [-104.349537, 32.530551], [-104.348707, 32.531601], [-104.34856, 32.531784], [-104.34851, 32.531844], [-104.348358, 32.532024], [-104.347468, 32.533057], [-104.347314, 32.533232], [-104.347262, 32.53329], [-104.347104, 32.533462], [-104.346176, 32.534454], [-104.346046, 32.53459], [-104.34599, 32.534648], [-104.345802, 32.534838], [-104.345528, 32.535107], [-104.344784, 32.535842], [-104.344645, 32.535976], [-104.34459, 32.536029], [-104.344397, 32.536209], [-104.343311, 32.5372], [-104.34317, 32.537327], [-104.343114, 32.537376], [-104.342916, 32.537547], [-104.341761, 32.538524], [-104.341617, 32.538644], [-104.34156, 32.53869], [-104.34136, 32.538851], [-104.340132, 32.539815], [-104.339987, 32.539927], [-104.33993, 32.53997], [-104.339728, 32.540121], [-104.338425, 32.541072], [-104.33828, 32.541176], [-104.338222, 32.541217], [-104.33802, 32.541357], [-104.33664, 32.542295], [-104.336495, 32.542392], [-104.336438, 32.54243], [-104.336236, 32.54256], [-104.335227, 32.543199], [-104.334777, 32.543484], [-104.334634, 32.543574], [-104.334577, 32.543609], [-104.334376, 32.54373], [-104.332836, 32.544639], [-104.332695, 32.544722], [-104.332639, 32.544754], [-104.33244, 32.544866], [-104.330818, 32.54576], [-104.330679, 32.545836], [-104.330624, 32.545866], [-104.330428, 32.545968], [-104.328722, 32.546847], [-104.328586, 32.546916], [-104.328532, 32.546943], [-104.32834, 32.547038], [-104.326549, 32.547899], [-104.326416, 32.547963], [-104.326363, 32.547988], [-104.326175, 32.548074], [-104.324299, 32.548917], [-104.324169, 32.548975], [-104.324117, 32.548998], [-104.323933, 32.549077], [-104.321972, 32.549901], [-104.321845, 32.549954], [-104.321794, 32.549974], [-104.321615, 32.550046], [-104.319703, 32.550797], [-104.319567, 32.55085], [-104.319444, 32.550898], [-104.319395, 32.550917], [-104.319221, 32.550982], [-104.317086, 32.551766], [-104.316967, 32.551809], [-104.316919, 32.551826], [-104.316749, 32.551885], [-104.314528, 32.552646], [-104.314412, 32.552686], [-104.314366, 32.552701], [-104.314201, 32.552755], [-104.311892, 32.553493], [-104.311781, 32.553528], [-104.311736, 32.553542], [-104.311576, 32.553591], [-104.30918, 32.554305], [-104.309072, 32.554337], [-104.309029, 32.55435], [-104.308875, 32.554393], [-104.307625, 32.554741], [-104.306392, 32.555084], [-104.306287, 32.555112], [-104.306245, 32.555123], [-104.306096, 32.555163], [-104.303607, 32.555807], [-104.303485, 32.555838], [-104.303287, 32.555891], [-104.303172, 32.555923], [-104.300809, 32.556576], [-104.300685, 32.556611], [-104.300482, 32.556669], [-104.300364, 32.556703], [-104.298068, 32.557381], [-104.29794, 32.557419], [-104.297734, 32.557482], [-104.297613, 32.557519], [-104.295382, 32.558221], [-104.295252, 32.558263], [-104.295042, 32.558331], [-104.294919, 32.558372], [-104.29393, 32.558703], [-104.292752, 32.559098], [-104.29262, 32.559143], [-104.292406, 32.559216], [-104.292282, 32.55926], [-104.290179, 32.56001], [-104.290045, 32.560058], [-104.289827, 32.560138], [-104.2897, 32.560185], [-104.287662, 32.560957], [-104.287526, 32.561009], [-104.287305, 32.561095], [-104.287176, 32.561146], [-104.285201, 32.56194], [-104.285063, 32.561997], [-104.284839, 32.562089], [-104.284708, 32.562144], [-104.282795, 32.562959], [-104.282656, 32.56302], [-104.28243, 32.563119], [-104.282298, 32.563178], [-104.280446, 32.564014], [-104.280305, 32.564079], [-104.280077, 32.564185], [-104.279943, 32.564247], [-104.278152, 32.565104], [-104.27801, 32.565173], [-104.277903, 32.565226], [-104.27778, 32.565286], [-104.277646, 32.565353], [-104.275915, 32.566231], [-104.275772, 32.566304], [-104.275541, 32.566424], [-104.275406, 32.566496], [-104.273733, 32.567393], [-104.27359, 32.56747], [-104.273357, 32.567598], [-104.273222, 32.567674], [-104.271606, 32.568591], [-104.271463, 32.568673], [-104.271231, 32.568808], [-104.271095, 32.568888], [-104.269536, 32.569824], [-104.269393, 32.569911], [-104.269161, 32.570054], [-104.269026, 32.570139], [-104.268119, 32.570715], [-104.267521, 32.571094], [-104.267378, 32.571186], [-104.267148, 32.571336], [-104.267013, 32.571425], [-104.265561, 32.5724], [-104.26542, 32.572496], [-104.265191, 32.572654], [-104.265057, 32.572748], [-104.263658, 32.573742], [-104.263518, 32.573843], [-104.263291, 32.574008], [-104.263159, 32.574106], [-104.261809, 32.57512], [-104.261671, 32.575225], [-104.261448, 32.575398], [-104.261317, 32.5755], [-104.260017, 32.576535], [-104.259881, 32.576644], [-104.259661, 32.576824], [-104.259533, 32.57693], [-104.258279, 32.577986], [-104.258146, 32.578099], [-104.257931, 32.578286], [-104.257805, 32.578396], [-104.256598, 32.579473], [-104.256468, 32.57959], [-104.256302, 32.579743], [-104.256257, 32.579783], [-104.256135, 32.579897], [-104.254972, 32.580997], [-104.254845, 32.581118], [-104.25464, 32.581317], [-104.254521, 32.581434], [-104.253401, 32.582557], [-104.253279, 32.582681], [-104.25308, 32.582886], [-104.252965, 32.583007], [-104.251887, 32.584154], [-104.251768, 32.584282], [-104.251577, 32.584491], [-104.251465, 32.584615], [-104.250428, 32.585787], [-104.250314, 32.585918], [-104.25013, 32.586132], [-104.250022, 32.586259], [-104.249491, 32.586897], [-104.249416, 32.586989], [-104.249192, 32.587271], [-104.249118, 32.587365], [-104.24889, 32.587666], [-104.24875, 32.587859], [-104.248344, 32.588445], [-104.248213, 32.588643], [-104.248015, 32.588959], [-104.247953, 32.589059], [-104.247772, 32.589362], [-104.247713, 32.589464], [-104.246456, 32.591683], [-104.239013, 32.604818], [-104.231568, 32.617952], [-104.230107, 32.62053], [-104.22972, 32.621159], [-104.229285, 32.621766], [-104.228805, 32.622347], [-104.228281, 32.6229], [-104.227716, 32.623424], [-104.227111, 32.623915], [-104.22647, 32.624372], [-104.225795, 32.624792], [-104.22509, 32.625175], [-104.224356, 32.625518], [-104.223598, 32.625819], [-104.222818, 32.626079], [-104.222019, 32.626294], [-104.221206, 32.626465], [-104.220381, 32.626592], [-104.219548, 32.626672], [-104.218711, 32.626706], [-104.216197, 32.62674], [-104.19904, 32.626968], [-104.191606, 32.627065], [-104.191325, 32.627069], [-104.19109, 32.627072], [-104.190797, 32.627076], [-104.19063, 32.627078], [-104.189896, 32.62707], [-104.189163, 32.627027], [-104.18189, 32.626417], [-104.164748, 32.624979], [-104.147607, 32.623538], [-104.147118, 32.623497], [-104.146912, 32.623482], [-104.146291, 32.623447], [-104.146084, 32.623438], [-104.144852, 32.623402], [-104.144687, 32.623399], [-104.144191, 32.623395], [-104.144026, 32.623396], [-104.137641, 32.623486], [-104.137485, 32.623487], [-104.130676, 32.623513], [-104.130527, 32.623513], [-104.130453, 32.623513], [-104.123492, 32.623471], [-104.123353, 32.62347], [-104.116091, 32.623359], [-104.11596, 32.623357], [-104.113301, 32.623293], [-104.108549, 32.623179], [-104.108426, 32.623176], [-104.100709, 32.622928], [-104.100591, 32.622924], [-104.096152, 32.622747], [-104.092627, 32.622606], [-104.09253, 32.622602], [-104.084805, 32.622244], [-104.084703, 32.622239], [-104.079006, 32.621936], [-104.0772, 32.62184], [-104.077093, 32.621834], [-104.069813, 32.621395], [-104.069699, 32.621388], [-104.062644, 32.620909], [-104.062523, 32.6209], [-104.061863, 32.62085], [-104.055613, 32.620375], [-104.055484, 32.620365], [-104.048874, 32.619805], [-104.04874, 32.619793], [-104.045856, 32.619523], [-104.045698, 32.61951], [-104.045219, 32.619475], [-104.045059, 32.619466], [-104.044725, 32.619448], [-104.044152, 32.619419], [-104.043992, 32.619412], [-104.043511, 32.619398], [-104.043351, 32.619395], [-104.027573, 32.61925], [-104.010422, 32.619091], [-103.99327, 32.618929], [-103.976119, 32.618764], [-103.973649, 32.618741], [-103.972823, 32.61871], [-103.972002, 32.618635], [-103.971188, 32.618515], [-103.970385, 32.618352], [-103.969596, 32.618145], [-103.968825, 32.617896], [-103.968073, 32.617605], [-103.967346, 32.617274], [-103.966645, 32.616904], [-103.965973, 32.616497], [-103.965334, 32.616054], [-103.96473, 32.615578], [-103.964163, 32.615069], [-103.963733, 32.61463], [-103.963635, 32.614531], [-103.96315, 32.613965], [-103.962709, 32.613375], [-103.962313, 32.612761], [-103.962241, 32.61264], [-103.962013, 32.61227], [-103.961936, 32.612148], [-103.961644, 32.611703], [-103.961563, 32.611582], [-103.961355, 32.611283], [-103.961181, 32.611047], [-103.960955, 32.610756], [-103.960863, 32.610641], [-103.960708, 32.610452], [-103.960613, 32.610339], [-103.960369, 32.610059], [-103.960168, 32.609839], [-103.959909, 32.60957], [-103.959803, 32.609463], [-103.959626, 32.609289], [-103.959517, 32.609185], [-103.959242, 32.608927], [-103.959015, 32.608726], [-103.958724, 32.60848], [-103.958607, 32.608383], [-103.958409, 32.608225], [-103.958289, 32.608131], [-103.957983, 32.607898], [-103.957734, 32.607718], [-103.957415, 32.607499], [-103.957286, 32.607412], [-103.957071, 32.607272], [-103.956939, 32.607188], [-103.956608, 32.606983], [-103.956338, 32.606825], [-103.955994, 32.606635], [-103.955856, 32.60656], [-103.955625, 32.606439], [-103.955484, 32.606367], [-103.955129, 32.606192], [-103.954841, 32.606058], [-103.954477, 32.605898], [-103.95433, 32.605836], [-103.954085, 32.605735], [-103.953937, 32.605676], [-103.953563, 32.605533], [-103.953261, 32.605424], [-103.952879, 32.605297], [-103.952725, 32.605247], [-103.95247, 32.605168], [-103.952315, 32.605122], [-103.951925, 32.605012], [-103.951611, 32.60493], [-103.951216, 32.604836], [-103.951057, 32.6048], [-103.950553, 32.604692], [-103.950475, 32.604675], [-103.950315, 32.604643], [-103.949834, 32.604551], [-103.949674, 32.604522], [-103.94245, 32.603304], [-103.94163, 32.603142], [-103.940825, 32.602935], [-103.940038, 32.602684], [-103.939271, 32.602389], [-103.938529, 32.602054], [-103.938144, 32.60185], [-103.937815, 32.601677], [-103.937131, 32.601262], [-103.936481, 32.60081], [-103.935867, 32.600323], [-103.935292, 32.599803], [-103.934759, 32.599253], [-103.934269, 32.598674], [-103.933824, 32.598069], [-103.933428, 32.59744], [-103.933081, 32.596792], [-103.932785, 32.596125], [-103.932541, 32.595443], [-103.93235, 32.59475], [-103.932213, 32.594047], [-103.93213, 32.593338], [-103.932103, 32.592626], [-103.932103, 32.588068], [-103.933608, 32.58735], [-103.942132, 32.591612], [-103.950754, 32.587494], [-103.950851, 32.579114], [-103.959472, 32.574995], [-103.967995, 32.579256], [-103.976615, 32.575135], [-103.985139, 32.579395], [-103.993758, 32.575274], [-103.993852, 32.566893], [-104.002469, 32.562771], [-104.010994, 32.567029], [-104.01961, 32.562906], [-104.028136, 32.567163], [-104.036752, 32.563039], [-104.036841, 32.554658], [-104.045455, 32.550533], [-104.053981, 32.554788], [-104.062594, 32.550662], [-104.062681, 32.542281], [-104.071293, 32.538154], [-104.079819, 32.542408], [-104.08843, 32.53828], [-104.096957, 32.542532], [-104.096873, 32.550913], [-104.105401, 32.555164], [-104.114012, 32.551035], [-104.114094, 32.542654], [-104.105567, 32.538403], [-104.10565, 32.530022], [-104.097124, 32.52577], [-104.097208, 32.517389], [-104.088684, 32.513137], [-104.088769, 32.504756], [-104.097376, 32.500627], [-104.097459, 32.492246], [-104.088938, 32.487994], [-104.089022, 32.479613], [-104.080502, 32.47536], [-104.080587, 32.466979], [-104.072068, 32.462726], [-104.072154, 32.454345], [-104.080757, 32.450217], [-104.080842, 32.441836], [-104.073454, 32.438147], [-104.073446, 32.43801], [-104.073442, 32.437938], [-104.073427, 32.437721], [-104.073421, 32.437649], [-104.073296, 32.436182], [-104.073289, 32.43611], [-104.073267, 32.435894], [-104.073259, 32.435822], [-104.073212, 32.435416], [-104.073203, 32.435344], [-104.073174, 32.435129], [-104.073164, 32.435057], [-104.072946, 32.433589], [-104.072934, 32.433518], [-104.072899, 32.433305], [-104.072887, 32.433234], [-104.072815, 32.432833], [-104.072801, 32.432762], [-104.07276, 32.43255], [-104.072745, 32.432479], [-104.07251, 32.431373], [-104.072484, 32.431256], [-104.0724, 32.430906], [-104.072395, 32.430884], [-104.072371, 32.43079], [-104.072196, 32.430133], [-104.072164, 32.430017], [-104.072062, 32.429671], [-104.072027, 32.429556], [-104.071818, 32.428906], [-104.071813, 32.42889], [-104.071774, 32.428773], [-104.071652, 32.428422], [-104.071609, 32.428306], [-104.071361, 32.427649], [-104.071316, 32.427533], [-104.071175, 32.427188], [-104.071126, 32.427073], [-104.070864, 32.426474], [-104.070812, 32.426359], [-104.070652, 32.426017], [-104.070597, 32.425903], [-104.070278, 32.425263], [-104.07022, 32.42515], [-104.070042, 32.424814], [-104.069981, 32.424703], [-104.069656, 32.424126], [-104.069593, 32.424017], [-104.069399, 32.42369], [-104.069333, 32.423582], [-104.06895, 32.422974], [-104.068881, 32.422867], [-104.06867, 32.422548], [-104.068598, 32.422443], [-104.068183, 32.421849], [-104.06811, 32.421747], [-104.067888, 32.421444], [-104.067813, 32.421344], [-104.067378, 32.42078], [-104.0673, 32.420681], [-104.067063, 32.420387], [-104.066982, 32.42029], [-104.06644, 32.419648], [-104.06636, 32.419556], [-104.066118, 32.419281], [-104.066035, 32.419191], [-104.065565, 32.41868], [-104.06548, 32.418591], [-104.065224, 32.418325], [-104.065138, 32.418237], [-104.064426, 32.41753], [-104.064342, 32.417448], [-104.064087, 32.417204], [-104.064001, 32.417124], [-104.063978, 32.417103], [-104.063508, 32.416672], [-104.06342, 32.416593], [-104.063154, 32.416358], [-104.063064, 32.41628], [-104.062568, 32.41586], [-104.062142, 32.415499], [-104.062056, 32.415428], [-104.061796, 32.415215], [-104.061709, 32.415145], [-104.061209, 32.414753], [-104.06112, 32.414684], [-104.06085, 32.41448], [-104.06076, 32.414413], [-104.059591, 32.413561], [-104.059505, 32.4135], [-104.059247, 32.413318], [-104.05916, 32.413258], [-104.058664, 32.412922], [-104.058576, 32.412863], [-104.05831, 32.412689], [-104.058221, 32.412631], [-104.056776, 32.411718], [-104.056692, 32.411667], [-104.05644, 32.411513], [-104.056355, 32.411462], [-104.055874, 32.411178], [-104.055789, 32.411128], [-104.055531, 32.410982], [-104.055484, 32.410956], [-104.055444, 32.410933], [-104.0537, 32.409973], [-104.05362, 32.40993], [-104.053378, 32.409801], [-104.053297, 32.409759], [-104.052836, 32.409521], [-104.052754, 32.40948], [-104.052508, 32.409357], [-104.052426, 32.409317], [-104.050368, 32.408326], [-104.050292, 32.40829], [-104.050063, 32.408183], [-104.049986, 32.408148], [-104.04955, 32.407951], [-104.049472, 32.407917], [-104.04924, 32.407815], [-104.049162, 32.407782], [-104.046783, 32.406777], [-104.046711, 32.406748], [-104.046495, 32.406659], [-104.046423, 32.40663], [-104.046013, 32.406468], [-104.045941, 32.40644], [-104.045723, 32.406356], [-104.04565, 32.406329], [-104.042945, 32.405326], [-104.042878, 32.405301], [-104.042677, 32.405229], [-104.042609, 32.405205], [-104.042227, 32.405072], [-104.042159, 32.405049], [-104.041956, 32.40498], [-104.041888, 32.404958], [-104.038858, 32.403971], [-104.038795, 32.403951], [-104.038608, 32.403892], [-104.038545, 32.403872], [-104.038446, 32.403842], [-104.03819, 32.403764], [-104.038127, 32.403745], [-104.037938, 32.403689], [-104.037875, 32.40367], [-104.03454, 32.402717], [-104.034302, 32.40265], [-104.033915, 32.402546], [-104.033687, 32.402487], [-104.029952, 32.401551], [-104.029733, 32.401497], [-104.029374, 32.401413], [-104.029164, 32.401365], [-104.027091, 32.400911], [-104.025118, 32.400479], [-104.024914, 32.400436], [-104.024583, 32.400368], [-104.024389, 32.400329], [-104.020035, 32.3995], [-104.019847, 32.399465], [-104.019541, 32.399411], [-104.019361, 32.39938], [-104.014704, 32.398614], [-104.01453, 32.398586], [-104.014247, 32.398543], [-104.014081, 32.398519], [-104.012837, 32.398343], [-104.009126, 32.39782], [-104.008964, 32.397798], [-104.008702, 32.397764], [-104.008549, 32.397745], [-104.003299, 32.397118], [-104.00315, 32.397101], [-104.002907, 32.397074], [-104.002765, 32.397059], [-103.997224, 32.396506], [-103.997085, 32.396493], [-103.99686, 32.396473], [-103.996728, 32.396461], [-103.995747, 32.396381], [-103.990901, 32.395986], [-103.990772, 32.395976], [-103.990562, 32.39596], [-103.99044, 32.395952], [-103.984328, 32.395556], [-103.984208, 32.395549], [-103.984014, 32.395537], [-103.9839, 32.395531], [-103.978649, 32.395272], [-103.977508, 32.395216], [-103.977396, 32.395211], [-103.977214, 32.395203], [-103.977108, 32.395199], [-103.970438, 32.394966], [-103.970333, 32.394963], [-103.970164, 32.394958], [-103.970065, 32.394956], [-103.963119, 32.394807], [-103.963021, 32.394805], [-103.962863, 32.394802], [-103.96277, 32.394801], [-103.961544, 32.39479], [-103.955551, 32.394737], [-103.955459, 32.394736], [-103.955311, 32.394735], [-103.955224, 32.394735], [-103.947746, 32.394756], [-103.947523, 32.394758], [-103.944433, 32.3948], [-103.939678, 32.394865], [-103.939469, 32.394869], [-103.931361, 32.395063], [-103.931164, 32.395069], [-103.927317, 32.395198], [-103.927375, 32.390334], [-103.918871, 32.386071], [-103.918971, 32.37769], [-103.910468, 32.373426], [-103.910569, 32.365045], [-103.902068, 32.360781], [-103.902169, 32.3524], [-103.89367, 32.348135], [-103.885068, 32.35225], [-103.87657, 32.347984], [-103.876674, 32.339603], [-103.868177, 32.335337], [-103.868281, 32.326956], [-103.859786, 32.322689], [-103.851185, 32.326802], [-103.842691, 32.322533], [-103.842797, 32.314153], [-103.834304, 32.309884], [-103.834412, 32.301503], [-103.84301, 32.297392], [-103.843117, 32.289011], [-103.851714, 32.284899], [-103.851819, 32.276518], [-103.860415, 32.272405], [-103.86052, 32.264025], [-103.852031, 32.259757], [-103.852136, 32.251376], [-103.860729, 32.247263], [-103.869218, 32.25153], [-103.87781, 32.247416], [-103.886299, 32.251682], [-103.894891, 32.247567], [-103.903381, 32.251831], [-103.90328, 32.260212], [-103.894688, 32.264328], [-103.894586, 32.272709], [-103.903079, 32.276974], [-103.911672, 32.272857], [-103.920165, 32.277121], [-103.928758, 32.273003], [-103.937252, 32.277266], [-103.937154, 32.285647], [-103.94565, 32.289909], [-103.945553, 32.29829], [-103.95405, 32.302551], [-103.962644, 32.298431], [-103.971142, 32.302692], [-103.979735, 32.298571], [-103.979829, 32.29019], [-103.98842, 32.286068], [-103.996918, 32.290327], [-103.996826, 32.298708], [-104.005326, 32.302966], [-104.013917, 32.298842], [-104.022418, 32.303099], [-104.031009, 32.298975], [-104.03951, 32.303231], [-104.0481, 32.299105], [-104.048188, 32.290724], [-104.056776, 32.286597], [-104.065278, 32.290851], [-104.073865, 32.286724], [-104.07395, 32.278342], [-104.082536, 32.274214], [-104.082621, 32.265833], [-104.091205, 32.261704], [-104.091289, 32.253323], [-104.082789, 32.24907], [-104.082874, 32.240689], [-104.091456, 32.23656], [-104.091539, 32.228179], [-104.10012, 32.224049], [-104.108618, 32.228301], [-104.117197, 32.22417], [-104.117278, 32.215788], [-104.125857, 32.211657], [-104.125937, 32.203276], [-104.11744, 32.199026], [-104.117521, 32.190644], [-104.126097, 32.186513], [-104.126177, 32.178131], [-104.134751, 32.173999], [-104.134831, 32.165618], [-104.126337, 32.161368], [-104.126417, 32.152987], [-104.117925, 32.148737], [-104.118006, 32.140356], [-104.109515, 32.136105], [-104.100944, 32.140236], [-104.100861, 32.148617], [-104.092288, 32.152747], [-104.092205, 32.161128], [-104.08363, 32.165257], [-104.083546, 32.173639], [-104.07497, 32.177767], [-104.066478, 32.173514], [-104.057901, 32.177641], [-104.04941, 32.173387], [-104.040832, 32.177513], [-104.032342, 32.173257], [-104.023763, 32.177382], [-104.015274, 32.173126], [-104.015364, 32.164744], [-104.023942, 32.16062], [-104.024032, 32.152239], [-104.015545, 32.147982], [-104.015635, 32.139601], [-104.007149, 32.135344], [-104.00724, 32.126962], [-104.015815, 32.122838], [-104.015905, 32.114457], [-104.007422, 32.1102], [-104.007512, 32.101819], [-104.016084, 32.097694], [-104.016174, 32.089313], [-104.024745, 32.085188], [-104.024834, 32.076807], [-104.033403, 32.072682], [-104.041884, 32.076937], [-104.050452, 32.072811], [-104.050539, 32.064429], [-104.059106, 32.060302], [-104.067587, 32.064556], [-104.076153, 32.060427], [-104.084634, 32.06468], [-104.084551, 32.073062], [-104.093034, 32.077314], [-104.092952, 32.085695], [-104.101437, 32.089947], [-104.101354, 32.098328], [-104.109841, 32.102579], [-104.10976, 32.110961], [-104.118248, 32.115211], [-104.126816, 32.111079], [-104.135305, 32.115329], [-104.143873, 32.111196], [-104.143951, 32.102814], [-104.152518, 32.098681], [-104.161007, 32.102928], [-104.169572, 32.098794], [-104.169648, 32.090412], [-104.16116, 32.086165], [-104.152595, 32.090299], [-104.144108, 32.086051], [-104.144186, 32.077669], [-104.1357, 32.073421], [-104.135779, 32.065039], [-104.144342, 32.060906], [-104.14442, 32.052525], [-104.135936, 32.048276], [-104.136015, 32.039894], [-104.127533, 32.035645], [-104.127613, 32.027263], [-104.119132, 32.023014], [-104.110571, 32.027145], [-104.102092, 32.022894], [-104.09353, 32.027024], [-104.085051, 32.022772], [-104.085135, 32.014391], [-104.093695, 32.010261], [-104.093778, 32.00188], [-104.085301, 31.997628], [-104.076742, 32.001757], [-104.068266, 31.997504], [-104.068351, 31.989122], [-104.059876, 31.984869], [-104.059962, 31.976487], [-104.06852, 31.972359], [-104.068605, 31.963977], [-104.077161, 31.959849], [-104.077245, 31.951467], [-104.068774, 31.947214], [-104.060218, 31.951342], [-104.060133, 31.959724], [-104.051575, 31.963851], [-104.043104, 31.959597], [-104.034546, 31.963723], [-104.034459, 31.972104], [-104.025899, 31.97623], [-104.017428, 31.971974], [-104.008868, 31.976098], [-104.008778, 31.98448], [-104.017249, 31.988737], [-104.01716, 31.997118], [-104.008597, 32.001243], [-104.000125, 31.996985], [-104.000216, 31.988604], [-103.991745, 31.984346], [-103.983182, 31.988468], [-103.974712, 31.984209], [-103.974806, 31.975828], [-103.983367, 31.971706], [-103.98346, 31.963324], [-103.974992, 31.959065], [-103.975085, 31.950684], [-103.983644, 31.946561], [-103.983737, 31.93818], [-103.992294, 31.934057], [-104.000761, 31.938315], [-104.009318, 31.934191], [-104.009408, 31.925809], [-104.017963, 31.921685], [-104.018052, 31.913303], [-104.026606, 31.909178], [-104.035072, 31.913434], [-104.034984, 31.921815], [-104.02643, 31.925941], [-104.026341, 31.934323], [-104.034809, 31.938578], [-104.043365, 31.934452], [-104.043452, 31.92607], [-104.052006, 31.921943], [-104.060474, 31.926197], [-104.060389, 31.934579], [-104.068858, 31.938833], [-104.077412, 31.934704], [-104.077496, 31.926322], [-104.069027, 31.922069], [-104.069112, 31.913688], [-104.077663, 31.909559], [-104.077747, 31.901177], [-104.06928, 31.896924], [-104.069365, 31.888543], [-104.0609, 31.884289], [-104.060985, 31.875907], [-104.069533, 31.871779], [-104.069617, 31.863397], [-104.078164, 31.859268], [-104.086628, 31.863521], [-104.086545, 31.871902], [-104.095011, 31.876154], [-104.103558, 31.872024], [-104.112024, 31.876274], [-104.111944, 31.884656], [-104.103396, 31.888787], [-104.094929, 31.884536], [-104.08638, 31.888666], [-104.086297, 31.897048], [-104.094765, 31.901299], [-104.103314, 31.897169], [-104.111783, 31.90142], [-104.111702, 31.909801], [-104.120172, 31.914051], [-104.120092, 31.922433], [-104.128564, 31.926683], [-104.137114, 31.92255], [-104.137192, 31.914168], [-104.145741, 31.910035], [-104.154213, 31.914283], [-104.162761, 31.910148], [-104.171233, 31.914395], [-104.179781, 31.910259], [-104.179855, 31.901877], [-104.171383, 31.897631], [-104.171459, 31.889249], [-104.180004, 31.885113], [-104.180078, 31.876731], [-104.171609, 31.872485], [-104.171684, 31.864103], [-104.163216, 31.859857], [-104.154672, 31.863991], [-104.146205, 31.859743], [-104.146283, 31.851362], [-104.137817, 31.847113], [-104.137895, 31.838731], [-104.146437, 31.834598], [-104.146514, 31.826216], [-104.138051, 31.821967], [-104.138129, 31.813585], [-104.146668, 31.809452], [-104.155131, 31.813699], [-104.155054, 31.822081], [-104.163518, 31.826329], [-104.172058, 31.822193], [-104.180523, 31.826439], [-104.189062, 31.822303], [-104.189135, 31.813921], [-104.180671, 31.809675], [-104.180745, 31.801293], [-104.172282, 31.797047], [-104.172357, 31.788665], [-104.163896, 31.784418], [-104.163971, 31.776036], [-104.155512, 31.771789], [-104.155588, 31.763407], [-104.14713, 31.75916], [-104.147207, 31.750778], [-104.15574, 31.746643], [-104.164197, 31.75089], [-104.17273, 31.746755], [-104.172804, 31.738372], [-104.181335, 31.734236], [-104.181409, 31.725854], [-104.189939, 31.721717], [-104.198395, 31.725962], [-104.198323, 31.734344], [-104.189793, 31.738482], [-104.18972, 31.746864], [-104.181188, 31.751], [-104.181114, 31.759383], [-104.189574, 31.763628], [-104.198106, 31.759491], [-104.206567, 31.763735], [-104.206495, 31.772117], [-104.197962, 31.776255], [-104.197889, 31.784637], [-104.189354, 31.788774], [-104.189281, 31.797156], [-104.197745, 31.801401], [-104.197672, 31.809783], [-104.206137, 31.814028], [-104.214674, 31.809889], [-104.223139, 31.814133], [-104.231675, 31.809993], [-104.240142, 31.814235], [-104.248677, 31.810095], [-104.257144, 31.814336], [-104.265679, 31.810194], [-104.265745, 31.801812], [-104.274278, 31.797669], [-104.274343, 31.789287], [-104.282875, 31.785144], [-104.291342, 31.789383], [-104.291278, 31.797765], [-104.299746, 31.802003], [-104.299683, 31.810386], [-104.308152, 31.814623], [-104.30809, 31.823006], [-104.316561, 31.827243], [-104.316499, 31.835625], [-104.324972, 31.839861], [-104.324911, 31.848244], [-104.333385, 31.85248]]]}}, {"type": "Feature", "properties": {"area_no": 7, "area_sqmi": 57.15767664976883, "n12": 113, "oil12_p50": 31.232234138518592, "oil12_p10_high": 39.08191104629668, "oil12_p90_low": 24.638228630081407, "oil12_mean": 31.541954098658145, "n24": 110, "oil24_p50": 40.732753100457046, "n_eur": 113, "bo_ft_p50": 73.71746093370862, "n_eur_cum_fallback": 0, "n_WCA_1": 49, "n_WCA_2": 22, "n_WCXY": 42, "n_other_tag": 0, "oil12_p50_exWCXY": 31.00050505050505, "n12_exWCXY": 71, "fp_year_p50": 2021.0, "lateral_p50": 9824.0, "top_operator": "Mewbourne", "top_operator_share": 0.3274336283185841, "flag": "", "d1_puds_WCA_1+2": 14, "d1_puds_WCXY": 18}, "geometry": {"type": "Polygon", "coordinates": [[[-104.134751, 32.173999], [-104.126177, 32.178131], [-104.126097, 32.186513], [-104.117521, 32.190644], [-104.11744, 32.199026], [-104.125937, 32.203276], [-104.125857, 32.211657], [-104.117278, 32.215788], [-104.117197, 32.22417], [-104.108618, 32.228301], [-104.10012, 32.224049], [-104.091539, 32.228179], [-104.091456, 32.23656], [-104.082874, 32.240689], [-104.082789, 32.24907], [-104.091289, 32.253323], [-104.091205, 32.261704], [-104.082621, 32.265833], [-104.074121, 32.26158], [-104.065535, 32.265708], [-104.065449, 32.274089], [-104.056863, 32.278216], [-104.048363, 32.273961], [-104.04845, 32.26558], [-104.057036, 32.261454], [-104.057123, 32.253072], [-104.048625, 32.248818], [-104.04004, 32.252944], [-104.031543, 32.248688], [-104.022957, 32.252813], [-104.014461, 32.248556], [-104.005874, 32.25268], [-104.005783, 32.261061], [-103.997195, 32.265184], [-103.988699, 32.260925], [-103.988792, 32.252544], [-103.997379, 32.248422], [-103.997471, 32.240041], [-104.006057, 32.235917], [-104.006148, 32.227536], [-103.997655, 32.223278], [-103.98907, 32.227401], [-103.980578, 32.223142], [-103.971993, 32.227263], [-103.963501, 32.223003], [-103.954915, 32.227123], [-103.954819, 32.235504], [-103.963311, 32.239765], [-103.963216, 32.248146], [-103.954627, 32.252266], [-103.954531, 32.260647], [-103.945941, 32.264766], [-103.937447, 32.260504], [-103.937545, 32.252123], [-103.929053, 32.247861], [-103.929152, 32.23948], [-103.93774, 32.235362], [-103.937838, 32.226981], [-103.929348, 32.222718], [-103.929446, 32.214337], [-103.938033, 32.210219], [-103.946521, 32.214481], [-103.955107, 32.210361], [-103.955203, 32.20198], [-103.946715, 32.197719], [-103.946811, 32.189338], [-103.938325, 32.185076], [-103.938422, 32.176695], [-103.947004, 32.172576], [-103.95549, 32.176837], [-103.964071, 32.172717], [-103.972558, 32.176977], [-103.981139, 32.172855], [-103.981232, 32.164474], [-103.989811, 32.160352], [-103.989904, 32.151971], [-103.998482, 32.147848], [-104.006968, 32.152106], [-104.006877, 32.160487], [-103.998298, 32.164611], [-103.998207, 32.172992], [-104.006695, 32.17725], [-104.006604, 32.185631], [-103.998023, 32.189754], [-103.997931, 32.198135], [-104.006422, 32.202393], [-104.015004, 32.198269], [-104.015094, 32.189888], [-104.023674, 32.185764], [-104.023763, 32.177382], [-104.032342, 32.173257], [-104.040832, 32.177513], [-104.04941, 32.173387], [-104.057901, 32.177641], [-104.066478, 32.173514], [-104.07497, 32.177767], [-104.083546, 32.173639], [-104.08363, 32.165257], [-104.092205, 32.161128], [-104.092288, 32.152747], [-104.100861, 32.148617], [-104.100944, 32.140236], [-104.109515, 32.136105], [-104.118006, 32.140356], [-104.117925, 32.148737], [-104.126417, 32.152987], [-104.126337, 32.161368], [-104.134831, 32.165618], [-104.134751, 32.173999]]]}}, {"type": "Feature", "properties": {"area_no": 8, "area_sqmi": 269.3339005769402, "n12": 636, "oil12_p50": 29.599835380617726, "oil12_p10_high": 39.66247472108357, "oil12_p90_low": 21.42795938081095, "oil12_mean": 30.414226674811232, "n24": 614, "oil24_p50": 40.638779208604134, "n_eur": 676, "bo_ft_p50": 84.67132329717697, "n_eur_cum_fallback": 0, "n_WCA_1": 296, "n_WCA_2": 218, "n_WCXY": 119, "n_other_tag": 3, "oil12_p50_exWCXY": 29.254921455557763, "n12_exWCXY": 517, "fp_year_p50": 2021.0, "lateral_p50": 9504.0, "top_operator": "EOG", "top_operator_share": 0.45125786163522014, "flag": "", "d1_puds_WCA_1+2": 96, "d1_puds_WCXY": 141}, "geometry": {"type": "Polygon", "coordinates": [[[-103.768987, 32.082961], [-103.777456, 32.087234], [-103.777344, 32.095615], [-103.785815, 32.099887], [-103.785704, 32.108268], [-103.794176, 32.11254], [-103.802758, 32.10843], [-103.811231, 32.112701], [-103.811122, 32.121082], [-103.802539, 32.125192], [-103.80243, 32.133572], [-103.793845, 32.137682], [-103.793735, 32.146062], [-103.785148, 32.150171], [-103.785037, 32.158551], [-103.776449, 32.162659], [-103.767974, 32.158386], [-103.759385, 32.162493], [-103.759271, 32.170874], [-103.750681, 32.17498], [-103.750567, 32.18336], [-103.759044, 32.187635], [-103.75893, 32.196015], [-103.767409, 32.200289], [-103.776001, 32.196182], [-103.784481, 32.200454], [-103.784369, 32.208835], [-103.79285, 32.213107], [-103.79274, 32.221487], [-103.784146, 32.225596], [-103.775664, 32.221323], [-103.76707, 32.22543], [-103.758589, 32.221156], [-103.758703, 32.212776], [-103.750223, 32.208502], [-103.741629, 32.212607], [-103.741514, 32.220988], [-103.732918, 32.225092], [-103.724439, 32.220816], [-103.724556, 32.212436], [-103.716078, 32.208159], [-103.707482, 32.212263], [-103.699005, 32.207985], [-103.690409, 32.212087], [-103.681933, 32.207808], [-103.682054, 32.199428], [-103.690649, 32.195326], [-103.690769, 32.186946], [-103.682296, 32.182668], [-103.682416, 32.174287], [-103.673944, 32.170008], [-103.674065, 32.161628], [-103.665595, 32.157348], [-103.657002, 32.161448], [-103.648532, 32.157167], [-103.639939, 32.161266], [-103.63147, 32.156984], [-103.631595, 32.148604], [-103.623127, 32.144321], [-103.614534, 32.148418], [-103.614407, 32.156798], [-103.605812, 32.160894], [-103.597345, 32.15661], [-103.597473, 32.14823], [-103.589008, 32.143945], [-103.580413, 32.14804], [-103.580283, 32.15642], [-103.571687, 32.160513], [-103.571556, 32.168893], [-103.580023, 32.173179], [-103.58862, 32.169085], [-103.597088, 32.17337], [-103.605685, 32.169274], [-103.614153, 32.173558], [-103.614027, 32.181938], [-103.622497, 32.186221], [-103.622371, 32.194601], [-103.613772, 32.198698], [-103.613645, 32.207078], [-103.622118, 32.211361], [-103.621992, 32.219741], [-103.613391, 32.223837], [-103.604918, 32.219554], [-103.596316, 32.223649], [-103.587844, 32.219364], [-103.587973, 32.210984], [-103.579502, 32.206699], [-103.579633, 32.198319], [-103.571163, 32.194033], [-103.562563, 32.198126], [-103.554095, 32.193839], [-103.545494, 32.197931], [-103.54536, 32.20631], [-103.553829, 32.210598], [-103.553697, 32.218978], [-103.545093, 32.22307], [-103.54496, 32.231449], [-103.553431, 32.235737], [-103.553298, 32.244117], [-103.544693, 32.248209], [-103.544559, 32.256588], [-103.535951, 32.260679], [-103.535817, 32.269059], [-103.527208, 32.273149], [-103.527072, 32.281529], [-103.518462, 32.285619], [-103.518326, 32.293998], [-103.509713, 32.298087], [-103.509576, 32.306467], [-103.500963, 32.310555], [-103.500824, 32.318935], [-103.509302, 32.323225], [-103.509164, 32.331605], [-103.500548, 32.335693], [-103.49207, 32.331402], [-103.483453, 32.335489], [-103.474976, 32.331196], [-103.466359, 32.335282], [-103.466217, 32.343661], [-103.457598, 32.347747], [-103.449121, 32.343452], [-103.449264, 32.335073], [-103.457883, 32.330988], [-103.458025, 32.322609], [-103.44955, 32.318315], [-103.440933, 32.322399], [-103.432459, 32.318104], [-103.423841, 32.322187], [-103.415368, 32.31789], [-103.415514, 32.309511], [-103.424131, 32.305429], [-103.424276, 32.29705], [-103.432892, 32.292966], [-103.433036, 32.284587], [-103.44165, 32.280503], [-103.441793, 32.272124], [-103.450406, 32.26804], [-103.450548, 32.25966], [-103.459159, 32.255575], [-103.459301, 32.247196], [-103.46791, 32.24311], [-103.468051, 32.234731], [-103.459584, 32.230437], [-103.459725, 32.222058], [-103.451259, 32.217764], [-103.442652, 32.221849], [-103.434187, 32.217554], [-103.425579, 32.221637], [-103.417115, 32.217341], [-103.408506, 32.221423], [-103.400043, 32.217126], [-103.391433, 32.221207], [-103.382971, 32.216909], [-103.374361, 32.220989], [-103.3659, 32.216689], [-103.357289, 32.220768], [-103.357138, 32.229147], [-103.348525, 32.233225], [-103.340064, 32.228924], [-103.340217, 32.220545], [-103.348828, 32.216467], [-103.34898, 32.208088], [-103.340521, 32.203787], [-103.33191, 32.207864], [-103.323452, 32.203562], [-103.323606, 32.195183], [-103.31515, 32.19088], [-103.315304, 32.182502], [-103.323913, 32.178426], [-103.324067, 32.170047], [-103.332674, 32.16597], [-103.332827, 32.157591], [-103.341433, 32.153514], [-103.349887, 32.157815], [-103.358492, 32.153736], [-103.358643, 32.145357], [-103.350189, 32.141057], [-103.341585, 32.145135], [-103.333132, 32.140833], [-103.333284, 32.132454], [-103.324833, 32.128152], [-103.316229, 32.132229], [-103.307779, 32.127926], [-103.307933, 32.119547], [-103.299485, 32.115243], [-103.29964, 32.106864], [-103.308242, 32.102789], [-103.308397, 32.09441], [-103.316998, 32.090334], [-103.325445, 32.094637], [-103.334046, 32.09056], [-103.342494, 32.094861], [-103.342342, 32.10324], [-103.333741, 32.107318], [-103.325292, 32.103016], [-103.316691, 32.107092], [-103.316537, 32.115471], [-103.324986, 32.119774], [-103.333589, 32.115697], [-103.342039, 32.119998], [-103.350641, 32.11592], [-103.359093, 32.12022], [-103.367694, 32.116141], [-103.376146, 32.12044], [-103.375998, 32.128819], [-103.384452, 32.133118], [-103.393053, 32.129037], [-103.401508, 32.133335], [-103.410109, 32.129252], [-103.418564, 32.133549], [-103.427164, 32.129465], [-103.435621, 32.133761], [-103.44422, 32.129676], [-103.452677, 32.13397], [-103.461276, 32.129885], [-103.461417, 32.121505], [-103.45296, 32.117212], [-103.453101, 32.108832], [-103.461698, 32.104746], [-103.461838, 32.096367], [-103.470433, 32.09228], [-103.470573, 32.083901], [-103.479166, 32.079814], [-103.479305, 32.071434], [-103.487896, 32.067346], [-103.488034, 32.058966], [-103.479582, 32.054675], [-103.470991, 32.058762], [-103.46254, 32.054469], [-103.46268, 32.04609], [-103.45423, 32.041796], [-103.445639, 32.045882], [-103.43719, 32.041587], [-103.437333, 32.033208], [-103.445923, 32.029123], [-103.446064, 32.020743], [-103.454652, 32.016657], [-103.4631, 32.020951], [-103.471687, 32.016864], [-103.480136, 32.021156], [-103.488723, 32.017068], [-103.48886, 32.008688], [-103.497446, 32.0046], [-103.497582, 31.99622], [-103.506166, 31.99213], [-103.514614, 31.99642], [-103.523197, 31.99233], [-103.531646, 31.996619], [-103.540228, 31.992527], [-103.548678, 31.996815], [-103.557259, 31.992722], [-103.557391, 31.984342], [-103.565971, 31.980248], [-103.566101, 31.971868], [-103.57468, 31.967774], [-103.574809, 31.959394], [-103.583386, 31.955299], [-103.583515, 31.946919], [-103.59209, 31.942824], [-103.600538, 31.947108], [-103.600411, 31.955488], [-103.60886, 31.959772], [-103.608734, 31.968152], [-103.617184, 31.972435], [-103.617059, 31.980815], [-103.608481, 31.984912], [-103.608354, 31.993293], [-103.599775, 31.997389], [-103.591322, 31.993105], [-103.582742, 31.9972], [-103.574291, 31.992914], [-103.56571, 31.997008], [-103.565579, 32.005388], [-103.556997, 32.009482], [-103.556865, 32.017862], [-103.548281, 32.021955], [-103.548149, 32.030334], [-103.556603, 32.034622], [-103.556471, 32.043002], [-103.547885, 32.047094], [-103.539431, 32.042806], [-103.530843, 32.046898], [-103.530709, 32.055278], [-103.522121, 32.059369], [-103.521986, 32.067748], [-103.530441, 32.072037], [-103.530307, 32.080417], [-103.521716, 32.084508], [-103.521581, 32.092888], [-103.512989, 32.096978], [-103.504532, 32.092687], [-103.495938, 32.096776], [-103.495801, 32.105156], [-103.487206, 32.109244], [-103.487068, 32.117624], [-103.495526, 32.121915], [-103.504122, 32.117826], [-103.512581, 32.122117], [-103.512445, 32.130496], [-103.520906, 32.134786], [-103.52077, 32.143166], [-103.529233, 32.147455], [-103.537829, 32.143364], [-103.537963, 32.134984], [-103.546558, 32.130893], [-103.546691, 32.122513], [-103.555285, 32.118421], [-103.555417, 32.110041], [-103.546957, 32.105753], [-103.54709, 32.097373], [-103.555681, 32.093281], [-103.56414, 32.097568], [-103.572731, 32.093474], [-103.581191, 32.09776], [-103.581062, 32.10614], [-103.57247, 32.110234], [-103.57234, 32.118614], [-103.580802, 32.1229], [-103.589395, 32.118805], [-103.589524, 32.110425], [-103.598114, 32.10633], [-103.598242, 32.09795], [-103.606832, 32.093854], [-103.615294, 32.098138], [-103.615167, 32.106518], [-103.606577, 32.110614], [-103.60645, 32.118994], [-103.614914, 32.123278], [-103.614787, 32.131658], [-103.623253, 32.135941], [-103.631845, 32.131843], [-103.63197, 32.123463], [-103.623505, 32.119181], [-103.623631, 32.110801], [-103.63222, 32.106703], [-103.632345, 32.098323], [-103.640933, 32.094225], [-103.649397, 32.098506], [-103.649273, 32.106886], [-103.640685, 32.110985], [-103.64056, 32.119365], [-103.649026, 32.123646], [-103.657616, 32.119547], [-103.657739, 32.111167], [-103.666327, 32.107067], [-103.666448, 32.098687], [-103.675035, 32.094586], [-103.675156, 32.086206], [-103.666692, 32.081926], [-103.666813, 32.073546], [-103.658351, 32.069266], [-103.658473, 32.060885], [-103.650013, 32.056605], [-103.650136, 32.048224], [-103.641676, 32.043943], [-103.6418, 32.035563], [-103.650382, 32.031464], [-103.65884, 32.035744], [-103.667421, 32.031644], [-103.67588, 32.035924], [-103.68446, 32.031822], [-103.692921, 32.0361], [-103.692802, 32.044481], [-103.701263, 32.048759], [-103.709844, 32.044655], [-103.718306, 32.048932], [-103.718189, 32.057313], [-103.726654, 32.061589], [-103.735234, 32.057484], [-103.743699, 32.061759], [-103.752279, 32.057653], [-103.760745, 32.061927], [-103.760632, 32.070307], [-103.752051, 32.074414], [-103.751937, 32.082795], [-103.760405, 32.087069], [-103.768987, 32.082961]]]}}, {"type": "Feature", "properties": {"area_no": 9, "area_sqmi": 1059.3553200771585, "n12": 1810, "oil12_p50": 25.80328179346244, "oil12_p10_high": 34.51483413395967, "oil12_p90_low": 18.452924371467148, "oil12_mean": 26.341233962928587, "n24": 1592, "oil24_p50": 36.08756813545547, "n_eur": 2038, "bo_ft_p50": 77.53380116555263, "n_eur_cum_fallback": 0, "n_WCA_1": 859, "n_WCA_2": 529, "n_WCXY": 409, "n_other_tag": 13, "oil12_p50_exWCXY": 25.34795472086442, "n12_exWCXY": 1401, "fp_year_p50": 2022.0, "lateral_p50": 9828.0, "top_operator": "Occidental", "top_operator_share": 0.2839779005524862, "flag": "", "d1_puds_WCA_1+2": 536, "d1_puds_WCXY": 711}, "geometry": {"type": "Polygon", "coordinates": [[[-104.129903, 31.784191], [-104.129981, 31.775809], [-104.138518, 31.771676], [-104.138595, 31.763293], [-104.14713, 31.75916], [-104.155588, 31.763407], [-104.155512, 31.771789], [-104.163971, 31.776036], [-104.163896, 31.784418], [-104.172357, 31.788665], [-104.172282, 31.797047], [-104.180745, 31.801293], [-104.180671, 31.809675], [-104.189135, 31.813921], [-104.189062, 31.822303], [-104.180523, 31.826439], [-104.172058, 31.822193], [-104.163518, 31.826329], [-104.155054, 31.822081], [-104.155131, 31.813699], [-104.146668, 31.809452], [-104.138129, 31.813585], [-104.138051, 31.821967], [-104.146514, 31.826216], [-104.146437, 31.834598], [-104.137895, 31.838731], [-104.137817, 31.847113], [-104.146283, 31.851362], [-104.146205, 31.859743], [-104.154672, 31.863991], [-104.163216, 31.859857], [-104.171684, 31.864103], [-104.171609, 31.872485], [-104.180078, 31.876731], [-104.180004, 31.885113], [-104.171459, 31.889249], [-104.171383, 31.897631], [-104.179855, 31.901877], [-104.179781, 31.910259], [-104.171233, 31.914395], [-104.162761, 31.910148], [-104.154213, 31.914283], [-104.145741, 31.910035], [-104.137192, 31.914168], [-104.137114, 31.92255], [-104.128564, 31.926683], [-104.120092, 31.922433], [-104.120172, 31.914051], [-104.111702, 31.909801], [-104.111783, 31.90142], [-104.103314, 31.897169], [-104.094765, 31.901299], [-104.086297, 31.897048], [-104.08638, 31.888666], [-104.094929, 31.884536], [-104.103396, 31.888787], [-104.111944, 31.884656], [-104.112024, 31.876274], [-104.103558, 31.872024], [-104.095011, 31.876154], [-104.086545, 31.871902], [-104.086628, 31.863521], [-104.078164, 31.859268], [-104.069617, 31.863397], [-104.069533, 31.871779], [-104.060985, 31.875907], [-104.0609, 31.884289], [-104.069365, 31.888543], [-104.06928, 31.896924], [-104.077747, 31.901177], [-104.077663, 31.909559], [-104.069112, 31.913688], [-104.069027, 31.922069], [-104.077496, 31.926322], [-104.077412, 31.934704], [-104.068858, 31.938833], [-104.060389, 31.934579], [-104.060474, 31.926197], [-104.052006, 31.921943], [-104.043452, 31.92607], [-104.043365, 31.934452], [-104.034809, 31.938578], [-104.026341, 31.934323], [-104.02643, 31.925941], [-104.034984, 31.921815], [-104.035072, 31.913434], [-104.026606, 31.909178], [-104.018052, 31.913303], [-104.017963, 31.921685], [-104.009408, 31.925809], [-104.009318, 31.934191], [-104.000761, 31.938315], [-103.992294, 31.934057], [-103.983737, 31.93818], [-103.983644, 31.946561], [-103.975085, 31.950684], [-103.974992, 31.959065], [-103.98346, 31.963324], [-103.983367, 31.971706], [-103.974806, 31.975828], [-103.974712, 31.984209], [-103.983182, 31.988468], [-103.991745, 31.984346], [-104.000216, 31.988604], [-104.000125, 31.996985], [-104.008597, 32.001243], [-104.01716, 31.997118], [-104.017249, 31.988737], [-104.008778, 31.98448], [-104.008868, 31.976098], [-104.017428, 31.971974], [-104.025899, 31.97623], [-104.034459, 31.972104], [-104.034546, 31.963723], [-104.043104, 31.959597], [-104.051575, 31.963851], [-104.060133, 31.959724], [-104.060218, 31.951342], [-104.068774, 31.947214], [-104.077245, 31.951467], [-104.077161, 31.959849], [-104.068605, 31.963977], [-104.06852, 31.972359], [-104.059962, 31.976487], [-104.059876, 31.984869], [-104.068351, 31.989122], [-104.068266, 31.997504], [-104.076742, 32.001757], [-104.085301, 31.997628], [-104.093778, 32.00188], [-104.093695, 32.010261], [-104.085135, 32.014391], [-104.085051, 32.022772], [-104.09353, 32.027024], [-104.102092, 32.022894], [-104.110571, 32.027145], [-104.119132, 32.023014], [-104.127613, 32.027263], [-104.127533, 32.035645], [-104.136015, 32.039894], [-104.135936, 32.048276], [-104.14442, 32.052525], [-104.144342, 32.060906], [-104.135779, 32.065039], [-104.1357, 32.073421], [-104.144186, 32.077669], [-104.144108, 32.086051], [-104.152595, 32.090299], [-104.16116, 32.086165], [-104.169648, 32.090412], [-104.169572, 32.098794], [-104.161007, 32.102928], [-104.152518, 32.098681], [-104.143951, 32.102814], [-104.143873, 32.111196], [-104.135305, 32.115329], [-104.126816, 32.111079], [-104.118248, 32.115211], [-104.10976, 32.110961], [-104.109841, 32.102579], [-104.101354, 32.098328], [-104.101437, 32.089947], [-104.092952, 32.085695], [-104.093034, 32.077314], [-104.084551, 32.073062], [-104.084634, 32.06468], [-104.076153, 32.060427], [-104.067587, 32.064556], [-104.059106, 32.060302], [-104.050539, 32.064429], [-104.050452, 32.072811], [-104.041884, 32.076937], [-104.033403, 32.072682], [-104.024834, 32.076807], [-104.024745, 32.085188], [-104.016174, 32.089313], [-104.016084, 32.097694], [-104.007512, 32.101819], [-104.007422, 32.1102], [-104.015905, 32.114457], [-104.015815, 32.122838], [-104.00724, 32.126962], [-104.007149, 32.135344], [-104.015635, 32.139601], [-104.015545, 32.147982], [-104.024032, 32.152239], [-104.023942, 32.16062], [-104.015364, 32.164744], [-104.015274, 32.173126], [-104.023763, 32.177382], [-104.023674, 32.185764], [-104.015094, 32.189888], [-104.015004, 32.198269], [-104.006422, 32.202393], [-103.997931, 32.198135], [-103.998023, 32.189754], [-104.006604, 32.185631], [-104.006695, 32.17725], [-103.998207, 32.172992], [-103.998298, 32.164611], [-104.006877, 32.160487], [-104.006968, 32.152106], [-103.998482, 32.147848], [-103.989904, 32.151971], [-103.989811, 32.160352], [-103.981232, 32.164474], [-103.981139, 32.172855], [-103.972558, 32.176977], [-103.964071, 32.172717], [-103.95549, 32.176837], [-103.947004, 32.172576], [-103.938422, 32.176695], [-103.938325, 32.185076], [-103.946811, 32.189338], [-103.946715, 32.197719], [-103.955203, 32.20198], [-103.955107, 32.210361], [-103.946521, 32.214481], [-103.938033, 32.210219], [-103.929446, 32.214337], [-103.929348, 32.222718], [-103.937838, 32.226981], [-103.93774, 32.235362], [-103.929152, 32.23948], [-103.929053, 32.247861], [-103.937545, 32.252123], [-103.937447, 32.260504], [-103.945941, 32.264766], [-103.954531, 32.260647], [-103.954627, 32.252266], [-103.963216, 32.248146], [-103.963311, 32.239765], [-103.954819, 32.235504], [-103.954915, 32.227123], [-103.963501, 32.223003], [-103.971993, 32.227263], [-103.980578, 32.223142], [-103.98907, 32.227401], [-103.997655, 32.223278], [-104.006148, 32.227536], [-104.006057, 32.235917], [-103.997471, 32.240041], [-103.997379, 32.248422], [-103.988792, 32.252544], [-103.988699, 32.260925], [-103.997195, 32.265184], [-104.005783, 32.261061], [-104.005874, 32.25268], [-104.014461, 32.248556], [-104.022957, 32.252813], [-104.031543, 32.248688], [-104.04004, 32.252944], [-104.048625, 32.248818], [-104.057123, 32.253072], [-104.057036, 32.261454], [-104.04845, 32.26558], [-104.048363, 32.273961], [-104.056863, 32.278216], [-104.065449, 32.274089], [-104.065535, 32.265708], [-104.074121, 32.26158], [-104.082621, 32.265833], [-104.082536, 32.274214], [-104.07395, 32.278342], [-104.073865, 32.286724], [-104.065278, 32.290851], [-104.056776, 32.286597], [-104.048188, 32.290724], [-104.0481, 32.299105], [-104.03951, 32.303231], [-104.031009, 32.298975], [-104.022418, 32.303099], [-104.013917, 32.298842], [-104.005326, 32.302966], [-103.996826, 32.298708], [-103.996918, 32.290327], [-103.98842, 32.286068], [-103.979829, 32.29019], [-103.979735, 32.298571], [-103.971142, 32.302692], [-103.962644, 32.298431], [-103.95405, 32.302551], [-103.945553, 32.29829], [-103.94565, 32.289909], [-103.937154, 32.285647], [-103.937252, 32.277266], [-103.928758, 32.273003], [-103.920165, 32.277121], [-103.911672, 32.272857], [-103.903079, 32.276974], [-103.894586, 32.272709], [-103.894688, 32.264328], [-103.90328, 32.260212], [-103.903381, 32.251831], [-103.894891, 32.247567], [-103.886299, 32.251682], [-103.87781, 32.247416], [-103.869218, 32.25153], [-103.860729, 32.247263], [-103.852136, 32.251376], [-103.852031, 32.259757], [-103.86052, 32.264025], [-103.860415, 32.272405], [-103.851819, 32.276518], [-103.851714, 32.284899], [-103.843117, 32.289011], [-103.84301, 32.297392], [-103.834412, 32.301503], [-103.834304, 32.309884], [-103.842797, 32.314153], [-103.842691, 32.322533], [-103.851185, 32.326802], [-103.859786, 32.322689], [-103.868281, 32.326956], [-103.868177, 32.335337], [-103.876674, 32.339603], [-103.87657, 32.347984], [-103.885068, 32.35225], [-103.89367, 32.348135], [-103.902169, 32.3524], [-103.902068, 32.360781], [-103.910569, 32.365045], [-103.910468, 32.373426], [-103.918971, 32.37769], [-103.918871, 32.386071], [-103.927375, 32.390334], [-103.927317, 32.395198], [-103.923081, 32.395341], [-103.92286, 32.39535], [-103.922501, 32.395367], [-103.922292, 32.395378], [-103.914554, 32.395859], [-103.914333, 32.395874], [-103.913974, 32.395902], [-103.913765, 32.395919], [-103.910194, 32.396244], [-103.906055, 32.39662], [-103.905835, 32.396641], [-103.905478, 32.396679], [-103.90527, 32.396702], [-103.897586, 32.397623], [-103.897367, 32.397651], [-103.897012, 32.397698], [-103.896806, 32.397727], [-103.893059, 32.398285], [-103.889145, 32.398868], [-103.888929, 32.398902], [-103.888578, 32.398959], [-103.888373, 32.398994], [-103.880733, 32.400357], [-103.88052, 32.400396], [-103.880281, 32.400442], [-103.880173, 32.400463], [-103.879972, 32.400503], [-103.87235, 32.402087], [-103.87214, 32.402132], [-103.8718, 32.402208], [-103.871601, 32.402253], [-103.86733, 32.403269], [-103.863996, 32.404061], [-103.86379, 32.404111], [-103.863456, 32.404195], [-103.863262, 32.404246], [-103.85567, 32.406277], [-103.855469, 32.406333], [-103.855143, 32.406425], [-103.854953, 32.406479], [-103.850159, 32.407907], [-103.847374, 32.408737], [-103.847178, 32.408797], [-103.84686, 32.408896], [-103.846675, 32.408955], [-103.839106, 32.411439], [-103.838916, 32.411503], [-103.838607, 32.411609], [-103.838428, 32.411672], [-103.83669, 32.412295], [-103.830868, 32.414385], [-103.830683, 32.414453], [-103.830384, 32.414564], [-103.83021, 32.41463], [-103.824373, 32.416905], [-103.822658, 32.417574], [-103.82248, 32.417644], [-103.822191, 32.417761], [-103.822023, 32.41783], [-103.814478, 32.421005], [-103.814306, 32.421079], [-103.814027, 32.4212], [-103.813866, 32.421272], [-103.808768, 32.423577], [-103.806327, 32.42468], [-103.806161, 32.424756], [-103.805894, 32.424881], [-103.805738, 32.424955], [-103.798548, 32.428432], [-103.798206, 32.428598], [-103.798046, 32.428676], [-103.797789, 32.428804], [-103.79764, 32.42888], [-103.790113, 32.432759], [-103.789961, 32.432839], [-103.789714, 32.432969], [-103.789571, 32.433046], [-103.783673, 32.436275], [-103.782051, 32.437163], [-103.781905, 32.437244], [-103.781669, 32.437376], [-103.781532, 32.437454], [-103.774017, 32.44181], [-103.773878, 32.441892], [-103.773653, 32.442025], [-103.773522, 32.442104], [-103.772681, 32.442619], [-103.766013, 32.446699], [-103.76588, 32.446782], [-103.765665, 32.446917], [-103.765541, 32.446996], [-103.760767, 32.450073], [-103.758039, 32.451832], [-103.757912, 32.451915], [-103.757707, 32.45205], [-103.757589, 32.452129], [-103.750094, 32.457207], [-103.749973, 32.45729], [-103.749778, 32.457425], [-103.749665, 32.457504], [-103.746768, 32.459564], [-103.745309, 32.460601], [-103.742178, 32.462826], [-103.742064, 32.462908], [-103.741878, 32.463042], [-103.741771, 32.463121], [-103.738119, 32.465839], [-103.734292, 32.468686], [-103.734183, 32.468768], [-103.734007, 32.468902], [-103.733905, 32.46898], [-103.726435, 32.47479], [-103.726332, 32.474871], [-103.726271, 32.474919], [-103.726165, 32.475004], [-103.726067, 32.475082], [-103.725161, 32.475817], [-103.72506, 32.475901], [-103.724761, 32.476155], [-103.724662, 32.476241], [-103.724353, 32.476514], [-103.724162, 32.476691], [-103.723604, 32.477232], [-103.723423, 32.477415], [-103.723364, 32.477477], [-103.723193, 32.477667], [-103.722693, 32.478247], [-103.722531, 32.478444], [-103.722479, 32.47851], [-103.722328, 32.478712], [-103.72189, 32.479327], [-103.721749, 32.479535], [-103.721536, 32.479867], [-103.721469, 32.479973], [-103.721275, 32.480293], [-103.721211, 32.4804], [-103.717251, 32.487261], [-103.7097, 32.500342], [-103.703423, 32.497184], [-103.694799, 32.501286], [-103.686296, 32.497007], [-103.686418, 32.488627], [-103.677917, 32.484347], [-103.678039, 32.475967], [-103.66954, 32.471687], [-103.660917, 32.475786], [-103.660793, 32.484166], [-103.652168, 32.488265], [-103.643669, 32.483983], [-103.643794, 32.475603], [-103.652418, 32.471505], [-103.652543, 32.463125], [-103.661165, 32.459027], [-103.661289, 32.450647], [-103.652792, 32.446366], [-103.652917, 32.437986], [-103.661536, 32.433888], [-103.66166, 32.425508], [-103.670278, 32.421408], [-103.670401, 32.413029], [-103.679018, 32.408929], [-103.687512, 32.413208], [-103.696128, 32.409107], [-103.696248, 32.400727], [-103.687754, 32.396448], [-103.687876, 32.388068], [-103.679384, 32.383789], [-103.679505, 32.375409], [-103.671015, 32.371129], [-103.662402, 32.375229], [-103.662278, 32.383609], [-103.653664, 32.387707], [-103.645173, 32.383426], [-103.636558, 32.387524], [-103.636432, 32.395903], [-103.627815, 32.4], [-103.627688, 32.40838], [-103.61907, 32.412476], [-103.618942, 32.420856], [-103.610322, 32.424952], [-103.60183, 32.420667], [-103.59321, 32.424762], [-103.593079, 32.433141], [-103.601572, 32.437427], [-103.601442, 32.445806], [-103.609936, 32.450091], [-103.609807, 32.45847], [-103.601183, 32.462565], [-103.592689, 32.45828], [-103.592819, 32.449901], [-103.584326, 32.445615], [-103.575702, 32.449708], [-103.56721, 32.445421], [-103.558585, 32.449513], [-103.558452, 32.457893], [-103.549825, 32.461984], [-103.549691, 32.470363], [-103.541063, 32.474454], [-103.53257, 32.470165], [-103.523942, 32.474255], [-103.523805, 32.482634], [-103.515175, 32.486723], [-103.515037, 32.495102], [-103.506405, 32.49919], [-103.506267, 32.507569], [-103.514762, 32.51186], [-103.514624, 32.520239], [-103.50599, 32.524327], [-103.497494, 32.520036], [-103.488859, 32.524123], [-103.488719, 32.532502], [-103.497215, 32.536794], [-103.497076, 32.545173], [-103.505573, 32.549465], [-103.51421, 32.545377], [-103.522709, 32.549667], [-103.531345, 32.545578], [-103.539844, 32.549867], [-103.539709, 32.558247], [-103.54821, 32.562536], [-103.556846, 32.558445], [-103.565348, 32.562732], [-103.573983, 32.55864], [-103.582486, 32.562927], [-103.591121, 32.558833], [-103.599625, 32.563119], [-103.608259, 32.559024], [-103.616764, 32.563309], [-103.616635, 32.571688], [-103.608, 32.575783], [-103.599495, 32.571498], [-103.590859, 32.575592], [-103.590728, 32.583972], [-103.582091, 32.588065], [-103.581959, 32.596444], [-103.590466, 32.60073], [-103.590334, 32.60911], [-103.598843, 32.613395], [-103.598724, 32.620985], [-103.591893, 32.625005], [-103.590068, 32.626079], [-103.579364, 32.632376], [-103.579234, 32.632455], [-103.578848, 32.632694], [-103.57872, 32.632775], [-103.578258, 32.633077], [-103.578132, 32.633161], [-103.577822, 32.633374], [-103.57758, 32.633549], [-103.577283, 32.633775], [-103.577165, 32.633866], [-103.576973, 32.63402], [-103.576858, 32.634114], [-103.576575, 32.634352], [-103.576354, 32.634546], [-103.576085, 32.634796], [-103.575979, 32.634897], [-103.575805, 32.635066], [-103.575702, 32.635169], [-103.575471, 32.635405], [-103.575448, 32.635429], [-103.575251, 32.635641], [-103.575012, 32.635912], [-103.574918, 32.636021], [-103.574581, 32.636425], [-103.57449, 32.636536], [-103.574223, 32.636873], [-103.574136, 32.636986], [-103.574006, 32.637158], [-103.573897, 32.637306], [-103.57031, 32.642207], [-103.570193, 32.642368], [-103.566838, 32.647089], [-103.56679, 32.647157], [-103.566713, 32.647268], [-103.566668, 32.647333], [-103.566397, 32.647726], [-103.564011, 32.646525], [-103.555367, 32.650616], [-103.546857, 32.646327], [-103.546993, 32.637948], [-103.538485, 32.633659], [-103.52984, 32.637748], [-103.521333, 32.633458], [-103.521471, 32.625079], [-103.512965, 32.620788], [-103.513104, 32.612409], [-103.5046, 32.608118], [-103.495957, 32.612205], [-103.487454, 32.607913], [-103.487594, 32.599534], [-103.479093, 32.595241], [-103.479234, 32.586862], [-103.487876, 32.582776], [-103.488016, 32.574397], [-103.479517, 32.570104], [-103.470877, 32.574189], [-103.462378, 32.569895], [-103.462521, 32.561517], [-103.471161, 32.557432], [-103.479659, 32.561725], [-103.488298, 32.557639], [-103.488438, 32.54926], [-103.479941, 32.544967], [-103.471303, 32.549053], [-103.462807, 32.544759], [-103.454168, 32.548843], [-103.454025, 32.557222], [-103.445384, 32.561306], [-103.44524, 32.569685], [-103.443613, 32.570453], [-103.443537, 32.568546], [-103.443534, 32.568464], [-103.443278, 32.560241], [-103.443205, 32.557907], [-103.443203, 32.557829], [-103.442956, 32.546969], [-103.442954, 32.54689], [-103.44295, 32.546761], [-103.442948, 32.546686], [-103.442915, 32.545852], [-103.442603, 32.537962], [-103.442596, 32.537833], [-103.44257, 32.537447], [-103.44256, 32.537318], [-103.442521, 32.536912], [-103.442489, 32.536655], [-103.442372, 32.535887], [-103.442326, 32.535632], [-103.442309, 32.535549], [-103.442248, 32.535296], [-103.442046, 32.534541], [-103.441972, 32.534291], [-103.441946, 32.534211], [-103.441945, 32.53421], [-103.441857, 32.533963], [-103.441571, 32.533227], [-103.441469, 32.532984], [-103.441297, 32.532604], [-103.441241, 32.532484], [-103.441068, 32.532125], [-103.441008, 32.532007], [-103.437441, 32.525106], [-103.436304, 32.522905], [-103.430507, 32.511688], [-103.430213, 32.511068], [-103.429965, 32.510433], [-103.429961, 32.510423], [-103.429762, 32.509787], [-103.429607, 32.509132], [-103.4295, 32.50847], [-103.429441, 32.507803], [-103.42913, 32.501836], [-103.429127, 32.501774], [-103.429125, 32.501721], [-103.429119, 32.501567], [-103.429118, 32.501537], [-103.429115, 32.501338], [-103.429071, 32.495209], [-103.429071, 32.495147], [-103.429071, 32.494997], [-103.429086, 32.494463], [-103.429093, 32.494346], [-103.429095, 32.494313], [-103.429101, 32.49421], [-103.429497, 32.487731], [-103.429529, 32.487455], [-103.429613, 32.486728], [-103.429813, 32.485564], [-103.43244, 32.470236], [-103.43363, 32.46329], [-103.433652, 32.463155], [-103.433709, 32.462747], [-103.433726, 32.462611], [-103.433782, 32.462113], [-103.433795, 32.461977], [-103.433822, 32.461636], [-103.433837, 32.461362], [-103.433844, 32.461021], [-103.433845, 32.460884], [-103.433843, 32.460657], [-103.43384, 32.460521], [-103.433827, 32.460179], [-103.433809, 32.459906], [-103.433776, 32.459565], [-103.433761, 32.459429], [-103.433698, 32.458931], [-103.43368, 32.458804], [-103.433679, 32.458795], [-103.433615, 32.458389], [-103.433591, 32.458253], [-103.432657, 32.453261], [-103.43264, 32.453168], [-103.43261, 32.453018], [-103.432592, 32.452931], [-103.430744, 32.444021], [-103.430616, 32.4434], [-103.430596, 32.443306], [-103.430563, 32.443154], [-103.430543, 32.443065], [-103.430317, 32.442073], [-103.428583, 32.434473], [-103.428395, 32.433649], [-103.428373, 32.433554], [-103.428336, 32.4334], [-103.428314, 32.43331], [-103.425995, 32.424009], [-103.42597, 32.423912], [-103.42593, 32.423757], [-103.425906, 32.423666], [-103.425249, 32.421242], [-103.423415, 32.414478], [-103.423389, 32.414381], [-103.423344, 32.414224], [-103.423318, 32.414132], [-103.421104, 32.406583], [-103.420657, 32.405058], [-103.420628, 32.40496], [-103.420579, 32.404801], [-103.420551, 32.404708], [-103.41772, 32.395748], [-103.417688, 32.395649], [-103.417635, 32.395488], [-103.417604, 32.395395], [-103.417484, 32.39504], [-103.414603, 32.386548], [-103.414569, 32.386448], [-103.414512, 32.386286], [-103.414478, 32.386192], [-103.41419, 32.385399], [-103.414199, 32.384922], [-103.422823, 32.38084], [-103.431302, 32.385136], [-103.439926, 32.381053], [-103.448406, 32.385348], [-103.457029, 32.381263], [-103.457171, 32.372884], [-103.448692, 32.36859], [-103.448835, 32.360211], [-103.457456, 32.356126], [-103.457598, 32.347747], [-103.466217, 32.343661], [-103.466359, 32.335282], [-103.474976, 32.331196], [-103.483453, 32.335489], [-103.49207, 32.331402], [-103.500548, 32.335693], [-103.509164, 32.331605], [-103.509302, 32.323225], [-103.500824, 32.318935], [-103.500963, 32.310555], [-103.509576, 32.306467], [-103.509713, 32.298087], [-103.518326, 32.293998], [-103.518462, 32.285619], [-103.527072, 32.281529], [-103.527208, 32.273149], [-103.535817, 32.269059], [-103.535951, 32.260679], [-103.544559, 32.256588], [-103.544693, 32.248209], [-103.553298, 32.244117], [-103.553431, 32.235737], [-103.54496, 32.231449], [-103.545093, 32.22307], [-103.553697, 32.218978], [-103.553829, 32.210598], [-103.54536, 32.20631], [-103.545494, 32.197931], [-103.554095, 32.193839], [-103.562563, 32.198126], [-103.571163, 32.194033], [-103.579633, 32.198319], [-103.579502, 32.206699], [-103.587973, 32.210984], [-103.587844, 32.219364], [-103.596316, 32.223649], [-103.596187, 32.232029], [-103.587585, 32.236124], [-103.587455, 32.244503], [-103.59593, 32.248788], [-103.595801, 32.257168], [-103.587195, 32.261263], [-103.57872, 32.256977], [-103.570114, 32.261071], [-103.569982, 32.26945], [-103.561375, 32.273543], [-103.561243, 32.281923], [-103.569719, 32.28621], [-103.569588, 32.294589], [-103.578066, 32.298876], [-103.577935, 32.307255], [-103.586415, 32.311541], [-103.586285, 32.319921], [-103.594767, 32.324206], [-103.603378, 32.320111], [-103.61186, 32.324396], [-103.620471, 32.320299], [-103.628954, 32.324582], [-103.628828, 32.332962], [-103.620216, 32.337059], [-103.620089, 32.345439], [-103.628575, 32.349722], [-103.637187, 32.345625], [-103.637313, 32.337245], [-103.645923, 32.333147], [-103.646048, 32.324767], [-103.654657, 32.320668], [-103.663142, 32.324949], [-103.67175, 32.32085], [-103.680236, 32.325129], [-103.680114, 32.333509], [-103.688602, 32.337788], [-103.688481, 32.346168], [-103.69697, 32.350447], [-103.705579, 32.346345], [-103.705698, 32.337965], [-103.714306, 32.333862], [-103.722795, 32.338139], [-103.722678, 32.346519], [-103.731168, 32.350796], [-103.731051, 32.359176], [-103.739544, 32.363452], [-103.748152, 32.359347], [-103.756646, 32.363621], [-103.765254, 32.359515], [-103.773748, 32.363789], [-103.782355, 32.359682], [-103.782467, 32.351301], [-103.773974, 32.347028], [-103.774087, 32.338648], [-103.782692, 32.334541], [-103.782804, 32.32616], [-103.774313, 32.321888], [-103.774426, 32.313507], [-103.765936, 32.309234], [-103.76605, 32.300853], [-103.774651, 32.296747], [-103.774764, 32.288366], [-103.783364, 32.284259], [-103.783476, 32.275878], [-103.774989, 32.271605], [-103.76639, 32.275712], [-103.757905, 32.271439], [-103.758019, 32.263058], [-103.749535, 32.258784], [-103.74965, 32.250403], [-103.741167, 32.246128], [-103.732569, 32.250233], [-103.724087, 32.245957], [-103.724204, 32.237577], [-103.732802, 32.233473], [-103.732918, 32.225092], [-103.741514, 32.220988], [-103.741629, 32.212607], [-103.750223, 32.208502], [-103.758703, 32.212776], [-103.758589, 32.221156], [-103.76707, 32.22543], [-103.775664, 32.221323], [-103.784146, 32.225596], [-103.79274, 32.221487], [-103.79285, 32.213107], [-103.784369, 32.208835], [-103.784481, 32.200454], [-103.776001, 32.196182], [-103.767409, 32.200289], [-103.75893, 32.196015], [-103.759044, 32.187635], [-103.750567, 32.18336], [-103.750681, 32.17498], [-103.759271, 32.170874], [-103.759385, 32.162493], [-103.767974, 32.158386], [-103.776449, 32.162659], [-103.785037, 32.158551], [-103.785148, 32.150171], [-103.793735, 32.146062], [-103.793845, 32.137682], [-103.80243, 32.133572], [-103.802539, 32.125192], [-103.811122, 32.121082], [-103.811231, 32.112701], [-103.802758, 32.10843], [-103.794176, 32.11254], [-103.785704, 32.108268], [-103.785815, 32.099887], [-103.777344, 32.095615], [-103.777456, 32.087234], [-103.768987, 32.082961], [-103.760405, 32.087069], [-103.751937, 32.082795], [-103.752051, 32.074414], [-103.760632, 32.070307], [-103.760745, 32.061927], [-103.752279, 32.057653], [-103.743699, 32.061759], [-103.735234, 32.057484], [-103.726654, 32.061589], [-103.718189, 32.057313], [-103.718306, 32.048932], [-103.709844, 32.044655], [-103.701263, 32.048759], [-103.692802, 32.044481], [-103.692921, 32.0361], [-103.68446, 32.031822], [-103.67588, 32.035924], [-103.667421, 32.031644], [-103.65884, 32.035744], [-103.650382, 32.031464], [-103.6418, 32.035563], [-103.641676, 32.043943], [-103.650136, 32.048224], [-103.650013, 32.056605], [-103.658473, 32.060885], [-103.658351, 32.069266], [-103.666813, 32.073546], [-103.666692, 32.081926], [-103.675156, 32.086206], [-103.675035, 32.094586], [-103.666448, 32.098687], [-103.666327, 32.107067], [-103.657739, 32.111167], [-103.657616, 32.119547], [-103.649026, 32.123646], [-103.64056, 32.119365], [-103.640685, 32.110985], [-103.649273, 32.106886], [-103.649397, 32.098506], [-103.640933, 32.094225], [-103.632345, 32.098323], [-103.623882, 32.09404], [-103.624008, 32.08566], [-103.632595, 32.081563], [-103.63272, 32.073182], [-103.624259, 32.0689], [-103.615673, 32.072997], [-103.607213, 32.068714], [-103.60734, 32.060334], [-103.615925, 32.056237], [-103.616051, 32.047857], [-103.607594, 32.043574], [-103.607721, 32.035193], [-103.599265, 32.030909], [-103.599392, 32.022529], [-103.607974, 32.018433], [-103.61643, 32.022716], [-103.625011, 32.018619], [-103.633467, 32.022901], [-103.642048, 32.018803], [-103.650505, 32.023084], [-103.659085, 32.018984], [-103.667542, 32.023264], [-103.676122, 32.019163], [-103.676242, 32.010782], [-103.667785, 32.006503], [-103.667906, 31.998123], [-103.659451, 31.993843], [-103.659572, 31.985462], [-103.668148, 31.981362], [-103.668269, 31.972981], [-103.676844, 31.96888], [-103.676964, 31.9605], [-103.668511, 31.956221], [-103.659938, 31.960321], [-103.659816, 31.968702], [-103.651241, 31.972802], [-103.651118, 31.981182], [-103.642542, 31.985281], [-103.634088, 31.981], [-103.634213, 31.972619], [-103.625761, 31.968337], [-103.625886, 31.959957], [-103.617436, 31.955675], [-103.617561, 31.947294], [-103.609113, 31.943011], [-103.609239, 31.934631], [-103.617812, 31.930534], [-103.617938, 31.922153], [-103.609491, 31.91787], [-103.600919, 31.921967], [-103.600792, 31.930347], [-103.592218, 31.934443], [-103.59209, 31.942824], [-103.583515, 31.946919], [-103.583386, 31.955299], [-103.574809, 31.959394], [-103.57468, 31.967774], [-103.566101, 31.971868], [-103.557653, 31.967582], [-103.549073, 31.971675], [-103.540626, 31.967387], [-103.532046, 31.971479], [-103.5236, 31.96719], [-103.523734, 31.95881], [-103.532313, 31.954719], [-103.532446, 31.946339], [-103.524002, 31.94205], [-103.515423, 31.946141], [-103.515289, 31.954521], [-103.506709, 31.958611], [-103.506573, 31.966991], [-103.497992, 31.97108], [-103.497855, 31.97946], [-103.489273, 31.983549], [-103.489135, 31.991929], [-103.480551, 31.996017], [-103.480412, 32.004397], [-103.471827, 32.008484], [-103.46338, 32.004191], [-103.454793, 32.008278], [-103.446347, 32.003984], [-103.446488, 31.995604], [-103.438044, 31.99131], [-103.438186, 31.982931], [-103.429743, 31.978636], [-103.429886, 31.970256], [-103.43847, 31.966171], [-103.446912, 31.970466], [-103.455495, 31.96638], [-103.455636, 31.958], [-103.464217, 31.953913], [-103.464357, 31.945534], [-103.455916, 31.941241], [-103.456056, 31.932861], [-103.464636, 31.928774], [-103.464775, 31.920395], [-103.473353, 31.916307], [-103.473491, 31.907927], [-103.465053, 31.903635], [-103.465192, 31.895255], [-103.473768, 31.891168], [-103.482205, 31.89546], [-103.49078, 31.891371], [-103.490917, 31.882991], [-103.48248, 31.8787], [-103.482617, 31.87032], [-103.49119, 31.866231], [-103.499626, 31.870522], [-103.508197, 31.866432], [-103.508332, 31.858052], [-103.499897, 31.853762], [-103.491326, 31.857851], [-103.482892, 31.85356], [-103.47432, 31.857648], [-103.474182, 31.866028], [-103.465609, 31.870116], [-103.457175, 31.865823], [-103.448601, 31.869909], [-103.440168, 31.865616], [-103.431593, 31.869701], [-103.423161, 31.865406], [-103.423304, 31.857026], [-103.414873, 31.852731], [-103.406298, 31.856814], [-103.406154, 31.865194], [-103.414586, 31.86949], [-103.414442, 31.877869], [-103.405865, 31.881953], [-103.405721, 31.890332], [-103.397143, 31.894415], [-103.38871, 31.890118], [-103.380131, 31.894199], [-103.371699, 31.889901], [-103.371846, 31.881522], [-103.363416, 31.877223], [-103.363564, 31.868843], [-103.372141, 31.864763], [-103.372288, 31.856383], [-103.380864, 31.852302], [-103.389293, 31.8566], [-103.397868, 31.852517], [-103.398013, 31.844138], [-103.406586, 31.840055], [-103.406731, 31.831675], [-103.398303, 31.827379], [-103.398447, 31.818999], [-103.390021, 31.814702], [-103.381449, 31.818784], [-103.373024, 31.814486], [-103.373171, 31.806106], [-103.364747, 31.801808], [-103.364894, 31.793428], [-103.356472, 31.789129], [-103.35662, 31.780749], [-103.365189, 31.776669], [-103.365337, 31.76829], [-103.373904, 31.764208], [-103.382325, 31.768506], [-103.390892, 31.764424], [-103.391037, 31.756045], [-103.382617, 31.751747], [-103.382763, 31.743368], [-103.374344, 31.73907], [-103.37449, 31.73069], [-103.383054, 31.726608], [-103.391472, 31.730906], [-103.400035, 31.726823], [-103.408454, 31.731119], [-103.408311, 31.739499], [-103.399747, 31.743582], [-103.399603, 31.751962], [-103.408024, 31.756258], [-103.416589, 31.752174], [-103.416731, 31.743794], [-103.425295, 31.73971], [-103.433716, 31.744004], [-103.442279, 31.739918], [-103.442419, 31.731538], [-103.45098, 31.727452], [-103.451119, 31.719072], [-103.442699, 31.714779], [-103.442839, 31.706399], [-103.451398, 31.702312], [-103.451537, 31.693932], [-103.443119, 31.689639], [-103.443259, 31.681259], [-103.451815, 31.677172], [-103.451954, 31.668792], [-103.460509, 31.664705], [-103.468926, 31.668997], [-103.468788, 31.677377], [-103.460233, 31.681465], [-103.460094, 31.689845], [-103.468513, 31.694137], [-103.468375, 31.702517], [-103.459817, 31.706605], [-103.459679, 31.714985], [-103.4681, 31.719277], [-103.476658, 31.715189], [-103.48508, 31.71948], [-103.484944, 31.72786], [-103.493367, 31.732151], [-103.493232, 31.740531], [-103.484671, 31.74462], [-103.484535, 31.753], [-103.475972, 31.757089], [-103.475835, 31.765469], [-103.484261, 31.769761], [-103.484125, 31.778141], [-103.492552, 31.782431], [-103.501116, 31.778342], [-103.509545, 31.782631], [-103.518108, 31.778541], [-103.526537, 31.782829], [-103.5351, 31.778737], [-103.535232, 31.770357], [-103.543792, 31.766264], [-103.552222, 31.770551], [-103.552091, 31.778932], [-103.54353, 31.783025], [-103.543398, 31.791405], [-103.55183, 31.795692], [-103.560393, 31.791598], [-103.560523, 31.783218], [-103.569084, 31.779124], [-103.577516, 31.783409], [-103.577387, 31.791789], [-103.585821, 31.796074], [-103.594382, 31.791978], [-103.602816, 31.796262], [-103.60269, 31.804642], [-103.594128, 31.808739], [-103.594001, 31.817119], [-103.602438, 31.821403], [-103.602311, 31.829784], [-103.61075, 31.834067], [-103.619313, 31.829969], [-103.627752, 31.834251], [-103.627628, 31.842632], [-103.619064, 31.84673], [-103.618939, 31.85511], [-103.62738, 31.859393], [-103.635945, 31.855294], [-103.644387, 31.859575], [-103.652952, 31.855475], [-103.661395, 31.859755], [-103.661274, 31.868136], [-103.652708, 31.872236], [-103.652586, 31.880617], [-103.644019, 31.884717], [-103.643896, 31.893097], [-103.652342, 31.897378], [-103.66091, 31.893277], [-103.669357, 31.897557], [-103.677924, 31.893456], [-103.678044, 31.885075], [-103.669598, 31.880796], [-103.669718, 31.872415], [-103.678283, 31.868314], [-103.678403, 31.859933], [-103.669959, 31.855654], [-103.670079, 31.847274], [-103.678642, 31.843172], [-103.678761, 31.834791], [-103.67032, 31.830512], [-103.67044, 31.822132], [-103.679, 31.81803], [-103.679119, 31.809649], [-103.687678, 31.805547], [-103.687796, 31.797166], [-103.696353, 31.793063], [-103.704793, 31.79734], [-103.713349, 31.793236], [-103.721789, 31.797512], [-103.730345, 31.793407], [-103.738786, 31.797682], [-103.738672, 31.806063], [-103.730115, 31.810168], [-103.730001, 31.818549], [-103.738444, 31.822824], [-103.73833, 31.831205], [-103.746775, 31.83548], [-103.746662, 31.84386], [-103.755108, 31.848134], [-103.754995, 31.856515], [-103.763443, 31.860789], [-103.772003, 31.856681], [-103.772114, 31.8483], [-103.780673, 31.844191], [-103.780783, 31.83581], [-103.78934, 31.831701], [-103.789449, 31.82332], [-103.781003, 31.819048], [-103.781113, 31.810667], [-103.789668, 31.806558], [-103.789777, 31.798177], [-103.79833, 31.794067], [-103.806774, 31.798337], [-103.806666, 31.806718], [-103.815112, 31.810988], [-103.815005, 31.819369], [-103.806451, 31.82348], [-103.806343, 31.831861], [-103.814791, 31.836131], [-103.823346, 31.83202], [-103.823453, 31.823639], [-103.832007, 31.819526], [-103.840455, 31.823795], [-103.849008, 31.819681], [-103.849112, 31.8113], [-103.857664, 31.807186], [-103.857767, 31.798805], [-103.866317, 31.79469], [-103.874765, 31.798956], [-103.883314, 31.79484], [-103.891762, 31.799105], [-103.891662, 31.807487], [-103.900113, 31.811751], [-103.908662, 31.807634], [-103.917113, 31.811897], [-103.917015, 31.820278], [-103.908465, 31.824396], [-103.908366, 31.832778], [-103.916819, 31.837041], [-103.916721, 31.845422], [-103.908169, 31.84954], [-103.899715, 31.845276], [-103.891161, 31.849393], [-103.882708, 31.845128], [-103.874154, 31.849244], [-103.865702, 31.844978], [-103.857147, 31.849092], [-103.857044, 31.857473], [-103.848488, 31.861587], [-103.848383, 31.869968], [-103.839826, 31.874082], [-103.83972, 31.882463], [-103.831161, 31.886575], [-103.831055, 31.894956], [-103.83951, 31.899225], [-103.839405, 31.907606], [-103.847862, 31.911874], [-103.847757, 31.920255], [-103.839195, 31.924368], [-103.839089, 31.932749], [-103.830525, 31.936861], [-103.822067, 31.932592], [-103.813502, 31.936704], [-103.805045, 31.932433], [-103.796479, 31.936543], [-103.79637, 31.944924], [-103.787803, 31.949034], [-103.779346, 31.944762], [-103.770778, 31.94887], [-103.770667, 31.957251], [-103.779124, 31.961523], [-103.779013, 31.969904], [-103.770443, 31.974012], [-103.761985, 31.969739], [-103.762097, 31.961359], [-103.75364, 31.957085], [-103.753754, 31.948704], [-103.762322, 31.944597], [-103.762434, 31.936216], [-103.75398, 31.931943], [-103.745412, 31.936049], [-103.745298, 31.94443], [-103.736729, 31.948536], [-103.736614, 31.956917], [-103.728044, 31.961022], [-103.727928, 31.969403], [-103.719356, 31.973507], [-103.719239, 31.981888], [-103.710665, 31.985992], [-103.710548, 31.994372], [-103.719006, 31.998649], [-103.727581, 31.994544], [-103.73604, 31.99882], [-103.744614, 31.994714], [-103.744728, 31.986333], [-103.753301, 31.982227], [-103.76176, 31.986501], [-103.761647, 31.994881], [-103.770108, 31.999155], [-103.77868, 31.995047], [-103.787142, 31.999319], [-103.795714, 31.995209], [-103.804176, 31.99948], [-103.804067, 32.007861], [-103.795495, 32.011971], [-103.787032, 32.007699], [-103.778458, 32.011808], [-103.769996, 32.007535], [-103.761422, 32.011643], [-103.761309, 32.020024], [-103.752733, 32.02413], [-103.75262, 32.032511], [-103.761083, 32.036785], [-103.76097, 32.045165], [-103.769436, 32.049439], [-103.778013, 32.045331], [-103.778124, 32.03695], [-103.7867, 32.032842], [-103.795166, 32.037113], [-103.803741, 32.033004], [-103.812207, 32.037274], [-103.820781, 32.033163], [-103.820889, 32.024782], [-103.829462, 32.020671], [-103.829568, 32.01229], [-103.838139, 32.008178], [-103.846605, 32.012446], [-103.855176, 32.008333], [-103.863642, 32.0126], [-103.863539, 32.020981], [-103.872007, 32.025247], [-103.880577, 32.021132], [-103.889046, 32.025398], [-103.897616, 32.021282], [-103.897717, 32.012901], [-103.906285, 32.008784], [-103.914754, 32.013047], [-103.923322, 32.008929], [-103.92342, 32.000548], [-103.931986, 31.99643], [-103.932083, 31.988049], [-103.940648, 31.983929], [-103.949116, 31.988191], [-103.95768, 31.98407], [-103.957775, 31.975689], [-103.966337, 31.971568], [-103.966431, 31.963187], [-103.957964, 31.958926], [-103.949403, 31.963047], [-103.949307, 31.971428], [-103.940744, 31.975548], [-103.932277, 31.971286], [-103.932374, 31.962905], [-103.923909, 31.958642], [-103.924007, 31.950261], [-103.915543, 31.945998], [-103.915641, 31.937617], [-103.907179, 31.933353], [-103.898618, 31.93747], [-103.890157, 31.933206], [-103.890257, 31.924824], [-103.881797, 31.920559], [-103.881899, 31.912178], [-103.890458, 31.908062], [-103.890559, 31.899681], [-103.899117, 31.895564], [-103.907575, 31.899828], [-103.907476, 31.908209], [-103.915936, 31.912473], [-103.915838, 31.920854], [-103.9243, 31.925117], [-103.932859, 31.920998], [-103.941321, 31.92526], [-103.941225, 31.933642], [-103.949689, 31.937903], [-103.958248, 31.933782], [-103.958342, 31.925401], [-103.9669, 31.92128], [-103.966994, 31.912898], [-103.958531, 31.908638], [-103.958626, 31.900257], [-103.967181, 31.896136], [-103.967275, 31.887754], [-103.975828, 31.883632], [-103.975921, 31.875251], [-103.967462, 31.870991], [-103.967555, 31.86261], [-103.976106, 31.858488], [-103.976199, 31.850106], [-103.967742, 31.845847], [-103.959191, 31.849968], [-103.959097, 31.85835], [-103.950545, 31.86247], [-103.95045, 31.870852], [-103.941896, 31.874972], [-103.933439, 31.87071], [-103.933535, 31.862329], [-103.942088, 31.858209], [-103.942184, 31.849828], [-103.950735, 31.845708], [-103.95083, 31.837326], [-103.959379, 31.833205], [-103.959474, 31.824824], [-103.968022, 31.820702], [-103.968115, 31.812321], [-103.959661, 31.808061], [-103.959755, 31.799679], [-103.951304, 31.795419], [-103.951398, 31.787037], [-103.942948, 31.782776], [-103.943043, 31.774395], [-103.951587, 31.770274], [-103.960037, 31.774534], [-103.96858, 31.770413], [-103.977031, 31.774672], [-103.976939, 31.783054], [-103.968394, 31.787176], [-103.968301, 31.795557], [-103.976754, 31.799817], [-103.985299, 31.795694], [-103.985391, 31.787312], [-103.993934, 31.783189], [-104.002387, 31.787447], [-104.002297, 31.795828], [-103.993753, 31.799952], [-103.993662, 31.808334], [-104.002117, 31.812592], [-104.010662, 31.808467], [-104.019118, 31.812724], [-104.027662, 31.808598], [-104.036119, 31.812854], [-104.044663, 31.808727], [-104.044749, 31.800345], [-104.036293, 31.79609], [-104.03638, 31.787709], [-104.027926, 31.783453], [-104.028013, 31.775071], [-104.036554, 31.770945], [-104.036641, 31.762563], [-104.04518, 31.758436], [-104.053633, 31.762691], [-104.062171, 31.758563], [-104.062256, 31.750181], [-104.070793, 31.746052], [-104.079246, 31.750305], [-104.087782, 31.746175], [-104.096236, 31.750426], [-104.096155, 31.758808], [-104.10461, 31.763059], [-104.113146, 31.758928], [-104.121603, 31.763177], [-104.121523, 31.771559], [-104.112986, 31.775692], [-104.112906, 31.784073], [-104.121365, 31.788323], [-104.129903, 31.784191]], [[-103.584285, 31.896638], [-103.584157, 31.905018], [-103.592601, 31.909303], [-103.601172, 31.905207], [-103.601299, 31.896826], [-103.609869, 31.892729], [-103.609995, 31.884349], [-103.618564, 31.880252], [-103.618689, 31.871871], [-103.610247, 31.867588], [-103.610373, 31.859208], [-103.601932, 31.854925], [-103.593365, 31.859021], [-103.584926, 31.854737], [-103.585054, 31.846356], [-103.59362, 31.84226], [-103.593747, 31.83388], [-103.58531, 31.829596], [-103.576745, 31.833691], [-103.576616, 31.842071], [-103.568049, 31.846166], [-103.56792, 31.854546], [-103.576359, 31.858832], [-103.57623, 31.867212], [-103.567661, 31.871307], [-103.559221, 31.86702], [-103.559352, 31.85864], [-103.550914, 31.854354], [-103.542345, 31.858446], [-103.542213, 31.866827], [-103.533643, 31.870919], [-103.53351, 31.879299], [-103.541949, 31.883587], [-103.541817, 31.891967], [-103.533244, 31.896059], [-103.533111, 31.904439], [-103.541553, 31.908727], [-103.550126, 31.904634], [-103.558569, 31.908921], [-103.567142, 31.904827], [-103.567271, 31.896447], [-103.575843, 31.892353], [-103.584285, 31.896638]]]}}, {"type": "Feature", "properties": {"area_no": 10, "area_sqmi": 91.69458908636277, "n12": 34, "oil12_p50": 12.320970413578912, "oil12_p10_high": 14.819918051430866, "oil12_p90_low": 1.5805940921776958, "oil12_mean": 10.587199403521009, "n24": 31, "oil24_p50": 19.117760226812475, "n_eur": 41, "bo_ft_p50": 54.30430317346205, "n_eur_cum_fallback": 0, "n_WCA_1": 9, "n_WCA_2": 22, "n_WCXY": 3, "n_other_tag": 0, "oil12_p50_exWCXY": 12.092416843269142, "n12_exWCXY": 31, "fp_year_p50": 2021.0, "lateral_p50": 10874.5, "top_operator": "Chevron", "top_operator_share": 0.7058823529411765, "flag": "one operator >= 70%", "d1_puds_WCA_1+2": 28, "d1_puds_WCXY": 200}, "geometry": {"type": "Polygon", "coordinates": [[[-104.403411, 31.92239], [-104.401398, 31.928035], [-104.401218, 31.92854], [-104.401158, 31.928713], [-104.40093, 31.929382], [-104.399083, 31.934801], [-104.399023, 31.93498], [-104.398034, 31.938026], [-104.397067, 31.941005], [-104.397009, 31.941189], [-104.395167, 31.947163], [-104.395145, 31.947236], [-104.39511, 31.947354], [-104.395089, 31.947423], [-104.394288, 31.950172], [-104.39339, 31.953253], [-104.393369, 31.953328], [-104.393334, 31.953449], [-104.393314, 31.95352], [-104.391733, 31.959286], [-104.391712, 31.959363], [-104.391678, 31.959488], [-104.391659, 31.959561], [-104.390265, 31.964986], [-104.390194, 31.965261], [-104.390174, 31.965341], [-104.390142, 31.965469], [-104.390124, 31.965544], [-104.388776, 31.97118], [-104.388757, 31.971261], [-104.388726, 31.971394], [-104.388709, 31.971471], [-104.387592, 31.976522], [-104.387477, 31.977041], [-104.387458, 31.977125], [-104.38743, 31.977261], [-104.387413, 31.977341], [-104.386297, 31.982846], [-104.38628, 31.982932], [-104.386253, 31.983072], [-104.386237, 31.983154], [-104.385386, 31.987783], [-104.385237, 31.988593], [-104.385221, 31.988682], [-104.385196, 31.988826], [-104.385182, 31.988909], [-104.384296, 31.994283], [-104.384282, 31.994374], [-104.384259, 31.994522], [-104.384246, 31.994608], [-104.383475, 31.999917], [-104.383462, 32.00001], [-104.383442, 32.000162], [-104.38343, 32.00025], [-104.383032, 32.00343], [-104.382774, 32.005493], [-104.382762, 32.005589], [-104.382744, 32.005744], [-104.382734, 32.005835], [-104.382192, 32.011012], [-104.382182, 32.01111], [-104.382167, 32.01127], [-104.382159, 32.011363], [-104.382052, 32.012632], [-104.38173, 32.016474], [-104.381722, 32.016575], [-104.38171, 32.016739], [-104.381703, 32.016834], [-104.381387, 32.021879], [-104.381381, 32.021983], [-104.381372, 32.02215], [-104.381368, 32.022248], [-104.381164, 32.027228], [-104.38116, 32.027333], [-104.381155, 32.027505], [-104.381152, 32.027605], [-104.38115, 32.027722], [-104.38106, 32.032519], [-104.381059, 32.032627], [-104.381057, 32.032802], [-104.381057, 32.032905], [-104.381076, 32.037753], [-104.381077, 32.037864], [-104.38108, 32.038043], [-104.381082, 32.038148], [-104.381083, 32.038167], [-104.381212, 32.042931], [-104.381216, 32.043044], [-104.381223, 32.043227], [-104.381227, 32.043333], [-104.381468, 32.048052], [-104.381474, 32.048167], [-104.381486, 32.048353], [-104.381493, 32.048462], [-104.381843, 32.053115], [-104.381852, 32.053233], [-104.381858, 32.053306], [-104.381869, 32.053423], [-104.381879, 32.053534], [-104.382337, 32.058122], [-104.38235, 32.058242], [-104.382372, 32.058435], [-104.382385, 32.058548], [-104.382864, 32.062367], [-104.382952, 32.063073], [-104.382968, 32.063194], [-104.382995, 32.06339], [-104.383011, 32.063505], [-104.383686, 32.067966], [-104.383706, 32.068089], [-104.383738, 32.068289], [-104.383758, 32.068405], [-104.38454, 32.072803], [-104.384563, 32.072928], [-104.384602, 32.07313], [-104.384625, 32.073248], [-104.385514, 32.077583], [-104.385541, 32.077709], [-104.385554, 32.077771], [-104.385586, 32.077914], [-104.385612, 32.078033], [-104.386608, 32.082307], [-104.386639, 32.082434], [-104.38669, 32.082641], [-104.38672, 32.082762], [-104.387822, 32.086974], [-104.387856, 32.087102], [-104.387914, 32.087311], [-104.387948, 32.087432], [-104.388814, 32.090411], [-104.389156, 32.091584], [-104.389194, 32.091714], [-104.389258, 32.091924], [-104.389296, 32.092046], [-104.390648, 32.096257], [-104.390675, 32.096343], [-104.390686, 32.096379], [-104.390724, 32.096505], [-104.391301, 32.098456], [-104.391856, 32.100335], [-104.391961, 32.100688], [-104.391988, 32.100781], [-104.391999, 32.100819], [-104.392036, 32.100954], [-104.393126, 32.105005], [-104.393152, 32.105105], [-104.393162, 32.105146], [-104.393198, 32.105289], [-104.393749, 32.107577], [-104.393784, 32.107715], [-104.393898, 32.10813], [-104.393938, 32.108268], [-104.394175, 32.109046], [-104.394219, 32.109183], [-104.394357, 32.109592], [-104.394406, 32.109728], [-104.396146, 32.114409], [-104.401409, 32.128566], [-104.406046, 32.141035], [-104.408047, 32.146415], [-104.409885, 32.151353], [-104.412369, 32.15803], [-104.412594, 32.158711], [-104.412766, 32.159402], [-104.412886, 32.160103], [-104.412951, 32.160808], [-104.412963, 32.161515], [-104.412921, 32.162221], [-104.412825, 32.162924], [-104.412675, 32.16362], [-104.412473, 32.164306], [-104.412219, 32.16498], [-104.412145, 32.165138], [-104.411914, 32.165638], [-104.411559, 32.166277], [-104.411156, 32.166896], [-104.410707, 32.167491], [-104.410213, 32.168061], [-104.409677, 32.168601], [-104.409101, 32.169111], [-104.408487, 32.169589], [-104.407895, 32.169992], [-104.407838, 32.170031], [-104.407156, 32.170436], [-104.406445, 32.170803], [-104.405708, 32.17113], [-104.392702, 32.176443], [-104.382218, 32.180724], [-104.365099, 32.187713], [-104.355563, 32.191604], [-104.339414, 32.198191], [-104.335034, 32.199977], [-104.334894, 32.200036], [-104.334477, 32.200217], [-104.334339, 32.200279], [-104.333906, 32.200478], [-104.333635, 32.20061], [-104.332834, 32.201022], [-104.332571, 32.201165], [-104.332486, 32.201214], [-104.332232, 32.201368], [-104.331482, 32.201844], [-104.331237, 32.202009], [-104.331158, 32.202064], [-104.330923, 32.202238], [-104.330231, 32.202775], [-104.330006, 32.202958], [-104.329934, 32.20302], [-104.329719, 32.203213], [-104.329192, 32.20371], [-104.322324, 32.20029], [-104.322386, 32.191908], [-104.313881, 32.187671], [-104.305314, 32.191815], [-104.29681, 32.187577], [-104.296874, 32.179195], [-104.305441, 32.175052], [-104.305505, 32.16667], [-104.297003, 32.162432], [-104.297067, 32.15405], [-104.288567, 32.149811], [-104.288632, 32.14143], [-104.280134, 32.13719], [-104.280199, 32.128809], [-104.271702, 32.124569], [-104.271769, 32.116187], [-104.280331, 32.112045], [-104.280397, 32.103663], [-104.271902, 32.099423], [-104.271968, 32.091042], [-104.280528, 32.086899], [-104.280594, 32.078517], [-104.289152, 32.074375], [-104.289217, 32.065993], [-104.297773, 32.061849], [-104.306266, 32.066087], [-104.314822, 32.061943], [-104.323315, 32.066179], [-104.33187, 32.062034], [-104.331931, 32.053652], [-104.323438, 32.049415], [-104.3235, 32.041033], [-104.332053, 32.036887], [-104.332114, 32.028505], [-104.340665, 32.024359], [-104.340725, 32.015977], [-104.349274, 32.01183], [-104.357765, 32.016064], [-104.366314, 32.011916], [-104.366371, 32.003534], [-104.357882, 31.9993], [-104.35794, 31.990918], [-104.349452, 31.986683], [-104.349511, 31.978301], [-104.341025, 31.974066], [-104.341084, 31.965684], [-104.349629, 31.961537], [-104.349688, 31.953155], [-104.341204, 31.94892], [-104.33266, 31.953066], [-104.332599, 31.961449], [-104.324054, 31.965595], [-104.31557, 31.961358], [-104.307023, 31.965503], [-104.29854, 31.961265], [-104.289993, 31.965409], [-104.28151, 31.96117], [-104.281575, 31.952788], [-104.290122, 31.948645], [-104.290186, 31.940262], [-104.298731, 31.936119], [-104.298795, 31.927737], [-104.290315, 31.923498], [-104.290379, 31.915116], [-104.298922, 31.910972], [-104.307401, 31.91521], [-104.315942, 31.911065], [-104.324422, 31.915302], [-104.324361, 31.923684], [-104.332842, 31.92792], [-104.341383, 31.923773], [-104.341443, 31.915391], [-104.349983, 31.911244], [-104.358465, 31.915478], [-104.358406, 31.92386], [-104.366889, 31.928094], [-104.37543, 31.923945], [-104.383913, 31.928178], [-104.392453, 31.924028], [-104.392508, 31.915645], [-104.401046, 31.911495], [-104.406441, 31.914186], [-104.405852, 31.915823], [-104.405817, 31.915919], [-104.403472, 31.922224], [-104.403411, 31.92239]]]}}, {"type": "Feature", "properties": {"area_no": 11, "area_sqmi": 57.157676649768696, "n12": 152, "oil12_p50": 39.03610420639569, "oil12_p10_high": 54.069435172860786, "oil12_p90_low": 27.590619600045002, "oil12_mean": 40.336663761953204, "n24": 152, "oil24_p50": 52.97309358604823, "n_eur": 154, "bo_ft_p50": 103.03882927803399, "n_eur_cum_fallback": 0, "n_WCA_1": 65, "n_WCA_2": 38, "n_WCXY": 49, "n_other_tag": 0, "oil12_p50_exWCXY": 40.1982924226254, "n12_exWCXY": 103, "fp_year_p50": 2020.0, "lateral_p50": 7407.0, "top_operator": "EOG", "top_operator_share": 0.5592105263157895, "flag": "", "d1_puds_WCA_1+2": 4, "d1_puds_WCXY": 28}, "geometry": {"type": "Polygon", "coordinates": [[[-103.634088, 31.981], [-103.642542, 31.985281], [-103.651118, 31.981182], [-103.651241, 31.972802], [-103.659816, 31.968702], [-103.659938, 31.960321], [-103.668511, 31.956221], [-103.676964, 31.9605], [-103.676844, 31.96888], [-103.668269, 31.972981], [-103.668148, 31.981362], [-103.659572, 31.985462], [-103.659451, 31.993843], [-103.667906, 31.998123], [-103.667785, 32.006503], [-103.676242, 32.010782], [-103.676122, 32.019163], [-103.667542, 32.023264], [-103.659085, 32.018984], [-103.650505, 32.023084], [-103.642048, 32.018803], [-103.633467, 32.022901], [-103.625011, 32.018619], [-103.61643, 32.022716], [-103.607974, 32.018433], [-103.599392, 32.022529], [-103.599265, 32.030909], [-103.607721, 32.035193], [-103.607594, 32.043574], [-103.616051, 32.047857], [-103.615925, 32.056237], [-103.60734, 32.060334], [-103.607213, 32.068714], [-103.615673, 32.072997], [-103.624259, 32.0689], [-103.63272, 32.073182], [-103.632595, 32.081563], [-103.624008, 32.08566], [-103.623882, 32.09404], [-103.632345, 32.098323], [-103.63222, 32.106703], [-103.623631, 32.110801], [-103.623505, 32.119181], [-103.63197, 32.123463], [-103.631845, 32.131843], [-103.623253, 32.135941], [-103.614787, 32.131658], [-103.614914, 32.123278], [-103.60645, 32.118994], [-103.606577, 32.110614], [-103.615167, 32.106518], [-103.615294, 32.098138], [-103.606832, 32.093854], [-103.598242, 32.09795], [-103.598114, 32.10633], [-103.589524, 32.110425], [-103.589395, 32.118805], [-103.580802, 32.1229], [-103.57234, 32.118614], [-103.57247, 32.110234], [-103.581062, 32.10614], [-103.581191, 32.09776], [-103.572731, 32.093474], [-103.56414, 32.097568], [-103.555681, 32.093281], [-103.54709, 32.097373], [-103.546957, 32.105753], [-103.555417, 32.110041], [-103.555285, 32.118421], [-103.546691, 32.122513], [-103.546558, 32.130893], [-103.537963, 32.134984], [-103.537829, 32.143364], [-103.529233, 32.147455], [-103.52077, 32.143166], [-103.520906, 32.134786], [-103.512445, 32.130496], [-103.512581, 32.122117], [-103.504122, 32.117826], [-103.495526, 32.121915], [-103.487068, 32.117624], [-103.487206, 32.109244], [-103.495801, 32.105156], [-103.495938, 32.096776], [-103.504532, 32.092687], [-103.512989, 32.096978], [-103.521581, 32.092888], [-103.521716, 32.084508], [-103.530307, 32.080417], [-103.530441, 32.072037], [-103.521986, 32.067748], [-103.522121, 32.059369], [-103.530709, 32.055278], [-103.530843, 32.046898], [-103.539431, 32.042806], [-103.547885, 32.047094], [-103.556471, 32.043002], [-103.556603, 32.034622], [-103.548149, 32.030334], [-103.548281, 32.021955], [-103.556865, 32.017862], [-103.556997, 32.009482], [-103.565579, 32.005388], [-103.56571, 31.997008], [-103.574291, 31.992914], [-103.582742, 31.9972], [-103.591322, 31.993105], [-103.599775, 31.997389], [-103.608354, 31.993293], [-103.608481, 31.984912], [-103.617059, 31.980815], [-103.617184, 31.972435], [-103.608734, 31.968152], [-103.60886, 31.959772], [-103.600411, 31.955488], [-103.600538, 31.947108], [-103.59209, 31.942824], [-103.592218, 31.934443], [-103.600792, 31.930347], [-103.600919, 31.921967], [-103.609491, 31.91787], [-103.617938, 31.922153], [-103.617812, 31.930534], [-103.609239, 31.934631], [-103.609113, 31.943011], [-103.617561, 31.947294], [-103.617436, 31.955675], [-103.625886, 31.959957], [-103.625761, 31.968337], [-103.634213, 31.972619], [-103.634088, 31.981]]]}}, {"type": "Feature", "properties": {"area_no": 12, "area_sqmi": 2.598076211353129, "n12": 18, "oil12_p50": 8.898642112849577, "oil12_p10_high": 18.320218259402065, "oil12_p90_low": 4.813087975140814, "oil12_mean": 10.861274389895444, "n24": 18, "oil24_p50": 12.185796497576565, "n_eur": 18, "bo_ft_p50": 26.680879330523943, "n_eur_cum_fallback": 0, "n_WCA_1": 6, "n_WCA_2": 10, "n_WCXY": 0, "n_other_tag": 2, "oil12_p50_exWCXY": 8.898642112849577, "n12_exWCXY": 18, "fp_year_p50": 2024.0, "lateral_p50": 10148.0, "top_operator": "Permian Resources", "top_operator_share": 1.0, "flag": "pad-scale (< 25 sq mi); one operator >= 70%", "d1_puds_WCA_1+2": 0, "d1_puds_WCXY": 0}, "geometry": {"type": "Polygon", "coordinates": [[[-103.412427, 31.995183], [-103.412282, 32.003562], [-103.403693, 32.007645], [-103.403548, 32.016024], [-103.394958, 32.020107], [-103.386514, 32.015809], [-103.386661, 32.007429], [-103.378218, 32.003131], [-103.378366, 31.994752], [-103.386954, 31.990671], [-103.395396, 31.994968], [-103.403984, 31.990886], [-103.412427, 31.995183]]]}}, {"type": "Feature", "properties": {"area_no": 13, "area_sqmi": 99.59292143520327, "n12": 260, "oil12_p50": 20.418526985227917, "oil12_p10_high": 26.66275205044599, "oil12_p90_low": 14.748832406152914, "oil12_mean": 20.648392656026825, "n24": 231, "oil24_p50": 29.608165374677004, "n_eur": 278, "bo_ft_p50": 71.977688941628, "n_eur_cum_fallback": 0, "n_WCA_1": 110, "n_WCA_2": 112, "n_WCXY": 38, "n_other_tag": 0, "oil12_p50_exWCXY": 20.908475248216156, "n12_exWCXY": 222, "fp_year_p50": 2021.0, "lateral_p50": 10025.0, "top_operator": "Devon", "top_operator_share": 0.49615384615384617, "flag": "", "d1_puds_WCA_1+2": 5, "d1_puds_WCXY": 45}, "geometry": {"type": "Polygon", "coordinates": [[[-103.975828, 31.883632], [-103.967275, 31.887754], [-103.967181, 31.896136], [-103.958626, 31.900257], [-103.958531, 31.908638], [-103.966994, 31.912898], [-103.9669, 31.92128], [-103.958342, 31.925401], [-103.958248, 31.933782], [-103.949689, 31.937903], [-103.941225, 31.933642], [-103.941321, 31.92526], [-103.932859, 31.920998], [-103.9243, 31.925117], [-103.915838, 31.920854], [-103.915936, 31.912473], [-103.907476, 31.908209], [-103.907575, 31.899828], [-103.899117, 31.895564], [-103.890559, 31.899681], [-103.890458, 31.908062], [-103.881899, 31.912178], [-103.881797, 31.920559], [-103.890257, 31.924824], [-103.890157, 31.933206], [-103.898618, 31.93747], [-103.907179, 31.933353], [-103.915641, 31.937617], [-103.915543, 31.945998], [-103.924007, 31.950261], [-103.923909, 31.958642], [-103.932374, 31.962905], [-103.932277, 31.971286], [-103.940744, 31.975548], [-103.949307, 31.971428], [-103.949403, 31.963047], [-103.957964, 31.958926], [-103.966431, 31.963187], [-103.966337, 31.971568], [-103.957775, 31.975689], [-103.95768, 31.98407], [-103.949116, 31.988191], [-103.940648, 31.983929], [-103.932083, 31.988049], [-103.931986, 31.99643], [-103.92342, 32.000548], [-103.923322, 32.008929], [-103.914754, 32.013047], [-103.906285, 32.008784], [-103.897717, 32.012901], [-103.897616, 32.021282], [-103.889046, 32.025398], [-103.880577, 32.021132], [-103.872007, 32.025247], [-103.863539, 32.020981], [-103.863642, 32.0126], [-103.855176, 32.008333], [-103.846605, 32.012446], [-103.838139, 32.008178], [-103.829568, 32.01229], [-103.829462, 32.020671], [-103.820889, 32.024782], [-103.820781, 32.033163], [-103.812207, 32.037274], [-103.803741, 32.033004], [-103.795166, 32.037113], [-103.7867, 32.032842], [-103.778124, 32.03695], [-103.778013, 32.045331], [-103.769436, 32.049439], [-103.76097, 32.045165], [-103.761083, 32.036785], [-103.75262, 32.032511], [-103.752733, 32.02413], [-103.761309, 32.020024], [-103.761422, 32.011643], [-103.769996, 32.007535], [-103.778458, 32.011808], [-103.787032, 32.007699], [-103.795495, 32.011971], [-103.804067, 32.007861], [-103.804176, 31.99948], [-103.795714, 31.995209], [-103.787142, 31.999319], [-103.77868, 31.995047], [-103.770108, 31.999155], [-103.761647, 31.994881], [-103.76176, 31.986501], [-103.753301, 31.982227], [-103.744728, 31.986333], [-103.744614, 31.994714], [-103.73604, 31.99882], [-103.727581, 31.994544], [-103.719006, 31.998649], [-103.710548, 31.994372], [-103.710665, 31.985992], [-103.719239, 31.981888], [-103.719356, 31.973507], [-103.727928, 31.969403], [-103.728044, 31.961022], [-103.736614, 31.956917], [-103.736729, 31.948536], [-103.745298, 31.94443], [-103.745412, 31.936049], [-103.75398, 31.931943], [-103.762434, 31.936216], [-103.762322, 31.944597], [-103.753754, 31.948704], [-103.75364, 31.957085], [-103.762097, 31.961359], [-103.761985, 31.969739], [-103.770443, 31.974012], [-103.779013, 31.969904], [-103.779124, 31.961523], [-103.770667, 31.957251], [-103.770778, 31.94887], [-103.779346, 31.944762], [-103.787803, 31.949034], [-103.79637, 31.944924], [-103.796479, 31.936543], [-103.805045, 31.932433], [-103.813502, 31.936704], [-103.822067, 31.932592], [-103.830525, 31.936861], [-103.839089, 31.932749], [-103.839195, 31.924368], [-103.847757, 31.920255], [-103.847862, 31.911874], [-103.839405, 31.907606], [-103.83951, 31.899225], [-103.831055, 31.894956], [-103.831161, 31.886575], [-103.83972, 31.882463], [-103.839826, 31.874082], [-103.848383, 31.869968], [-103.848488, 31.861587], [-103.857044, 31.857473], [-103.857147, 31.849092], [-103.865702, 31.844978], [-103.874154, 31.849244], [-103.882708, 31.845128], [-103.891161, 31.849393], [-103.899715, 31.845276], [-103.908169, 31.84954], [-103.90807, 31.857922], [-103.916525, 31.862185], [-103.925079, 31.858067], [-103.933535, 31.862329], [-103.933439, 31.87071], [-103.941896, 31.874972], [-103.95045, 31.870852], [-103.950545, 31.86247], [-103.959097, 31.85835], [-103.959191, 31.849968], [-103.967742, 31.845847], [-103.976199, 31.850106], [-103.976106, 31.858488], [-103.967555, 31.86261], [-103.967462, 31.870991], [-103.975921, 31.875251], [-103.975828, 31.883632]]]}}, {"type": "Feature", "properties": {"area_no": 14, "area_sqmi": 14.722431864334391, "n12": 36, "oil12_p50": 19.064838487647908, "oil12_p10_high": 24.558050421898017, "oil12_p90_low": 10.800508698078279, "oil12_mean": 18.817466996718128, "n24": 32, "oil24_p50": 26.848869030480966, "n_eur": 36, "bo_ft_p50": 63.755317084420845, "n_eur_cum_fallback": 0, "n_WCA_1": 9, "n_WCA_2": 1, "n_WCXY": 26, "n_other_tag": 0, "oil12_p50_exWCXY": 19.127960417303143, "n12_exWCXY": 10, "fp_year_p50": 2020.0, "lateral_p50": 9798.5, "top_operator": "ConocoPhillips", "top_operator_share": 0.8333333333333334, "flag": "pad-scale (< 25 sq mi); one operator >= 70%", "d1_puds_WCA_1+2": 0, "d1_puds_WCXY": 0}, "geometry": {"type": "Polygon", "coordinates": [[[-103.584926, 31.854737], [-103.593365, 31.859021], [-103.601932, 31.854925], [-103.610373, 31.859208], [-103.610247, 31.867588], [-103.618689, 31.871871], [-103.618564, 31.880252], [-103.609995, 31.884349], [-103.609869, 31.892729], [-103.601299, 31.896826], [-103.601172, 31.905207], [-103.592601, 31.909303], [-103.584157, 31.905018], [-103.584285, 31.896638], [-103.575843, 31.892353], [-103.567271, 31.896447], [-103.567142, 31.904827], [-103.558569, 31.908921], [-103.550126, 31.904634], [-103.541553, 31.908727], [-103.533111, 31.904439], [-103.533244, 31.896059], [-103.541817, 31.891967], [-103.541949, 31.883587], [-103.53351, 31.879299], [-103.533643, 31.870919], [-103.542213, 31.866827], [-103.542345, 31.858446], [-103.550914, 31.854354], [-103.559352, 31.85864], [-103.559221, 31.86702], [-103.567661, 31.871307], [-103.57623, 31.867212], [-103.576359, 31.858832], [-103.56792, 31.854546], [-103.568049, 31.846166], [-103.576616, 31.842071], [-103.576745, 31.833691], [-103.58531, 31.829596], [-103.593747, 31.83388], [-103.59362, 31.84226], [-103.585054, 31.846356], [-103.584926, 31.854737]]]}}, {"type": "Feature", "properties": {"area_no": 15, "area_sqmi": 119.51150572224391, "n12": 167, "oil12_p50": 17.078789724845162, "oil12_p10_high": 23.417783223540226, "oil12_p90_low": 9.301637818495369, "oil12_mean": 16.715566311217845, "n24": 148, "oil24_p50": 26.924388048524378, "n_eur": 198, "bo_ft_p50": 72.73661551823972, "n_eur_cum_fallback": 0, "n_WCA_1": 75, "n_WCA_2": 55, "n_WCXY": 37, "n_other_tag": 0, "oil12_p50_exWCXY": 17.254134892507118, "n12_exWCXY": 130, "fp_year_p50": 2020.0, "lateral_p50": 9929.0, "top_operator": "ConocoPhillips", "top_operator_share": 0.3652694610778443, "flag": "", "d1_puds_WCA_1+2": 8, "d1_puds_WCXY": 104}, "geometry": {"type": "Polygon", "coordinates": [[[-103.892362, 31.748817], [-103.900906, 31.7447], [-103.901005, 31.736318], [-103.909547, 31.732201], [-103.917991, 31.736464], [-103.917894, 31.744845], [-103.92634, 31.749108], [-103.934882, 31.744988], [-103.943329, 31.74925], [-103.943234, 31.757631], [-103.951682, 31.761892], [-103.951587, 31.770274], [-103.943043, 31.774395], [-103.942948, 31.782776], [-103.951398, 31.787037], [-103.951304, 31.795419], [-103.959755, 31.799679], [-103.959661, 31.808061], [-103.968115, 31.812321], [-103.968022, 31.820702], [-103.959474, 31.824824], [-103.959379, 31.833205], [-103.95083, 31.837326], [-103.950735, 31.845708], [-103.942184, 31.849828], [-103.942088, 31.858209], [-103.933535, 31.862329], [-103.925079, 31.858067], [-103.916525, 31.862185], [-103.90807, 31.857922], [-103.908169, 31.84954], [-103.916721, 31.845422], [-103.916819, 31.837041], [-103.908366, 31.832778], [-103.908465, 31.824396], [-103.917015, 31.820278], [-103.917113, 31.811897], [-103.908662, 31.807634], [-103.900113, 31.811751], [-103.891662, 31.807487], [-103.891762, 31.799105], [-103.883314, 31.79484], [-103.874765, 31.798956], [-103.866317, 31.79469], [-103.857767, 31.798805], [-103.857664, 31.807186], [-103.849112, 31.8113], [-103.849008, 31.819681], [-103.840455, 31.823795], [-103.832007, 31.819526], [-103.823453, 31.823639], [-103.823346, 31.83202], [-103.814791, 31.836131], [-103.806343, 31.831861], [-103.806451, 31.82348], [-103.815005, 31.819369], [-103.815112, 31.810988], [-103.806666, 31.806718], [-103.806774, 31.798337], [-103.79833, 31.794067], [-103.789777, 31.798177], [-103.789668, 31.806558], [-103.781113, 31.810667], [-103.781003, 31.819048], [-103.789449, 31.82332], [-103.78934, 31.831701], [-103.780783, 31.83581], [-103.780673, 31.844191], [-103.772114, 31.8483], [-103.772003, 31.856681], [-103.763443, 31.860789], [-103.754995, 31.856515], [-103.755108, 31.848134], [-103.746662, 31.84386], [-103.746775, 31.83548], [-103.73833, 31.831205], [-103.738444, 31.822824], [-103.730001, 31.818549], [-103.730115, 31.810168], [-103.738672, 31.806063], [-103.738786, 31.797682], [-103.730345, 31.793407], [-103.721789, 31.797512], [-103.713349, 31.793236], [-103.704793, 31.79734], [-103.696353, 31.793063], [-103.687796, 31.797166], [-103.687678, 31.805547], [-103.679119, 31.809649], [-103.679, 31.81803], [-103.67044, 31.822132], [-103.67032, 31.830512], [-103.678761, 31.834791], [-103.678642, 31.843172], [-103.670079, 31.847274], [-103.669959, 31.855654], [-103.678403, 31.859933], [-103.678283, 31.868314], [-103.669718, 31.872415], [-103.669598, 31.880796], [-103.678044, 31.885075], [-103.677924, 31.893456], [-103.669357, 31.897557], [-103.66091, 31.893277], [-103.652342, 31.897378], [-103.643896, 31.893097], [-103.644019, 31.884717], [-103.652586, 31.880617], [-103.652708, 31.872236], [-103.661274, 31.868136], [-103.661395, 31.859755], [-103.652952, 31.855475], [-103.644387, 31.859575], [-103.635945, 31.855294], [-103.62738, 31.859393], [-103.618939, 31.85511], [-103.619064, 31.84673], [-103.627628, 31.842632], [-103.627752, 31.834251], [-103.619313, 31.829969], [-103.61075, 31.834067], [-103.602311, 31.829784], [-103.602438, 31.821403], [-103.594001, 31.817119], [-103.594128, 31.808739], [-103.60269, 31.804642], [-103.602816, 31.796262], [-103.594382, 31.791978], [-103.585821, 31.796074], [-103.577387, 31.791789], [-103.577516, 31.783409], [-103.569084, 31.779124], [-103.560523, 31.783218], [-103.560393, 31.791598], [-103.55183, 31.795692], [-103.543398, 31.791405], [-103.54353, 31.783025], [-103.552091, 31.778932], [-103.552222, 31.770551], [-103.543792, 31.766264], [-103.535232, 31.770357], [-103.5351, 31.778737], [-103.526537, 31.782829], [-103.518108, 31.778541], [-103.509545, 31.782631], [-103.501116, 31.778342], [-103.501251, 31.769962], [-103.492824, 31.765671], [-103.49296, 31.757291], [-103.501521, 31.753201], [-103.509948, 31.757491], [-103.509813, 31.765871], [-103.518241, 31.77016], [-103.526803, 31.766069], [-103.526936, 31.757689], [-103.518508, 31.7534], [-103.518642, 31.74502], [-103.527201, 31.740928], [-103.535628, 31.745216], [-103.535496, 31.753597], [-103.543924, 31.757884], [-103.552483, 31.753791], [-103.560912, 31.758077], [-103.560782, 31.766457], [-103.569213, 31.770743], [-103.577772, 31.766648], [-103.5779, 31.758268], [-103.586458, 31.754172], [-103.594889, 31.758456], [-103.603446, 31.75436], [-103.611878, 31.758643], [-103.620434, 31.754545], [-103.628866, 31.758827], [-103.637422, 31.754728], [-103.637545, 31.746347], [-103.646099, 31.742247], [-103.646221, 31.733866], [-103.654774, 31.729766], [-103.663206, 31.734046], [-103.663085, 31.742426], [-103.671519, 31.746706], [-103.671399, 31.755086], [-103.679834, 31.759365], [-103.679715, 31.767746], [-103.688151, 31.772024], [-103.696706, 31.767921], [-103.705143, 31.772198], [-103.713697, 31.768094], [-103.722135, 31.77237], [-103.730688, 31.768264], [-103.739127, 31.772539], [-103.739013, 31.78092], [-103.747454, 31.785194], [-103.747341, 31.793575], [-103.755783, 31.797849], [-103.75567, 31.80623], [-103.764114, 31.810503], [-103.772669, 31.806395], [-103.77278, 31.798014], [-103.781333, 31.793905], [-103.781443, 31.785524], [-103.789995, 31.781414], [-103.790104, 31.773033], [-103.781663, 31.768762], [-103.773112, 31.772871], [-103.764671, 31.768598], [-103.756119, 31.772706], [-103.74768, 31.768432], [-103.747793, 31.760051], [-103.756344, 31.755944], [-103.756456, 31.747563], [-103.748018, 31.743289], [-103.739468, 31.747396], [-103.731031, 31.743121], [-103.72248, 31.747227], [-103.714045, 31.742951], [-103.705493, 31.747055], [-103.697058, 31.742778], [-103.697175, 31.734398], [-103.705726, 31.730294], [-103.71416, 31.73457], [-103.722711, 31.730465], [-103.731146, 31.73474], [-103.739695, 31.730634], [-103.739808, 31.722253], [-103.748356, 31.718146], [-103.748469, 31.709765], [-103.757015, 31.705658], [-103.76545, 31.709931], [-103.773995, 31.705822], [-103.782431, 31.710094], [-103.782321, 31.718475], [-103.773775, 31.722584], [-103.773664, 31.730966], [-103.765116, 31.735074], [-103.765005, 31.743455], [-103.773443, 31.747728], [-103.773333, 31.756109], [-103.781773, 31.760381], [-103.790322, 31.756271], [-103.798763, 31.760542], [-103.798655, 31.768923], [-103.807097, 31.773194], [-103.815647, 31.769082], [-103.815754, 31.760701], [-103.824302, 31.756589], [-103.832744, 31.760858], [-103.841292, 31.756745], [-103.841396, 31.748364], [-103.849942, 31.74425], [-103.850046, 31.735869], [-103.85859, 31.731754], [-103.867032, 31.736021], [-103.86693, 31.744402], [-103.875373, 31.748668], [-103.875272, 31.75705], [-103.883717, 31.761315], [-103.892262, 31.757198], [-103.892362, 31.748817]]]}}, {"type": "Feature", "properties": {"area_no": 16, "area_sqmi": 134.67256751374595, "n12": 63, "oil12_p50": 14.07254740313273, "oil12_p10_high": 17.99890936286107, "oil12_p90_low": 8.854849320190715, "oil12_mean": 13.683037149744862, "n24": 59, "oil24_p50": 19.357411358325713, "n_eur": 71, "bo_ft_p50": 42.37153096857195, "n_eur_cum_fallback": 0, "n_WCA_1": 17, "n_WCA_2": 41, "n_WCXY": 4, "n_other_tag": 1, "oil12_p50_exWCXY": 13.765853114900256, "n12_exWCXY": 59, "fp_year_p50": 2020.0, "lateral_p50": 10141.0, "top_operator": "Chevron", "top_operator_share": 0.3968253968253968, "flag": "", "d1_puds_WCA_1+2": 11, "d1_puds_WCXY": 123}, "geometry": {"type": "Polygon", "coordinates": [[[-104.443963, 31.847252], [-104.443877, 31.847995], [-104.443731, 31.84873], [-104.443663, 31.848972], [-104.443527, 31.849456], [-104.443265, 31.850168], [-104.442946, 31.850863], [-104.442573, 31.851537], [-104.442146, 31.852189], [-104.435577, 31.861447], [-104.426811, 31.873801], [-104.426713, 31.873939], [-104.418228, 31.885893], [-104.417651, 31.886706], [-104.415463, 31.889787], [-104.415388, 31.889895], [-104.415167, 31.890223], [-104.415095, 31.890333], [-104.414872, 31.890683], [-104.414737, 31.890907], [-104.41435, 31.891587], [-104.414227, 31.891817], [-104.414189, 31.891893], [-104.414078, 31.892127], [-104.413767, 31.892834], [-104.413669, 31.893072], [-104.413525, 31.893451], [-104.413481, 31.893572], [-104.413355, 31.893934], [-104.413314, 31.894055], [-104.412144, 31.897709], [-104.412106, 31.897823], [-104.411427, 31.899854], [-104.410174, 31.903602], [-104.410137, 31.903711], [-104.408092, 31.909598], [-104.408056, 31.909699], [-104.406441, 31.914186], [-104.401046, 31.911495], [-104.392508, 31.915645], [-104.392453, 31.924028], [-104.383913, 31.928178], [-104.37543, 31.923945], [-104.366889, 31.928094], [-104.358406, 31.92386], [-104.358465, 31.915478], [-104.349983, 31.911244], [-104.341443, 31.915391], [-104.341383, 31.923773], [-104.332842, 31.92792], [-104.324361, 31.923684], [-104.324422, 31.915302], [-104.315942, 31.911065], [-104.307401, 31.91521], [-104.298922, 31.910972], [-104.290379, 31.915116], [-104.290315, 31.923498], [-104.281771, 31.927641], [-104.281706, 31.936024], [-104.27316, 31.940166], [-104.264681, 31.935926], [-104.264748, 31.927544], [-104.25627, 31.923303], [-104.256337, 31.914921], [-104.264881, 31.91078], [-104.264948, 31.902398], [-104.27349, 31.898256], [-104.273556, 31.889874], [-104.282097, 31.885731], [-104.290572, 31.88997], [-104.299112, 31.885826], [-104.307589, 31.890063], [-104.307526, 31.898446], [-104.316004, 31.902683], [-104.324544, 31.898537], [-104.333023, 31.902773], [-104.341563, 31.898627], [-104.350042, 31.902861], [-104.358581, 31.898714], [-104.358639, 31.890331], [-104.35016, 31.886097], [-104.350219, 31.877715], [-104.358755, 31.873567], [-104.358813, 31.865184], [-104.350337, 31.86095], [-104.350395, 31.852568], [-104.34192, 31.848333], [-104.333385, 31.85248], [-104.324911, 31.848244], [-104.324972, 31.839861], [-104.316499, 31.835625], [-104.316561, 31.827243], [-104.30809, 31.823006], [-104.308152, 31.814623], [-104.299683, 31.810386], [-104.299746, 31.802003], [-104.291278, 31.797765], [-104.291342, 31.789383], [-104.282875, 31.785144], [-104.274343, 31.789287], [-104.274278, 31.797669], [-104.265745, 31.801812], [-104.265679, 31.810194], [-104.257144, 31.814336], [-104.248677, 31.810095], [-104.240142, 31.814235], [-104.231675, 31.809993], [-104.223139, 31.814133], [-104.214674, 31.809889], [-104.206137, 31.814028], [-104.197672, 31.809783], [-104.197745, 31.801401], [-104.189281, 31.797156], [-104.189354, 31.788774], [-104.197889, 31.784637], [-104.197962, 31.776255], [-104.206495, 31.772117], [-104.206567, 31.763735], [-104.198106, 31.759491], [-104.189574, 31.763628], [-104.181114, 31.759383], [-104.181188, 31.751], [-104.18972, 31.746864], [-104.189793, 31.738482], [-104.198323, 31.734344], [-104.198395, 31.725962], [-104.189939, 31.721717], [-104.181409, 31.725854], [-104.181335, 31.734236], [-104.172804, 31.738372], [-104.17273, 31.746755], [-104.164197, 31.75089], [-104.15574, 31.746643], [-104.147207, 31.750778], [-104.14713, 31.75916], [-104.138595, 31.763293], [-104.138518, 31.771676], [-104.129981, 31.775809], [-104.129903, 31.784191], [-104.121365, 31.788323], [-104.112906, 31.784073], [-104.112986, 31.775692], [-104.121523, 31.771559], [-104.121603, 31.763177], [-104.113146, 31.758928], [-104.10461, 31.763059], [-104.096155, 31.758808], [-104.096236, 31.750426], [-104.087782, 31.746175], [-104.079246, 31.750305], [-104.070793, 31.746052], [-104.070876, 31.73767], [-104.062425, 31.733417], [-104.053889, 31.737545], [-104.045438, 31.733291], [-104.036901, 31.737418], [-104.028451, 31.733162], [-104.019914, 31.737288], [-104.011465, 31.733032], [-104.011554, 31.72465], [-104.02009, 31.720525], [-104.028539, 31.724781], [-104.037075, 31.720654], [-104.045524, 31.724909], [-104.054059, 31.720781], [-104.062509, 31.725035], [-104.071044, 31.720906], [-104.079495, 31.725159], [-104.088028, 31.721029], [-104.09648, 31.72528], [-104.096399, 31.733662], [-104.104852, 31.737913], [-104.113386, 31.733782], [-104.12184, 31.738031], [-104.130373, 31.733899], [-104.138828, 31.738147], [-104.14736, 31.734013], [-104.147437, 31.725631], [-104.155968, 31.721497], [-104.156044, 31.713115], [-104.147591, 31.708867], [-104.147667, 31.700485], [-104.156196, 31.69635], [-104.156272, 31.687968], [-104.164799, 31.683833], [-104.164874, 31.675451], [-104.173399, 31.671315], [-104.173474, 31.662933], [-104.181998, 31.658796], [-104.182071, 31.650414], [-104.189394, 31.646859], [-104.189408, 31.64687], [-104.189459, 31.646907], [-104.189744, 31.647119], [-104.189794, 31.647156], [-104.189947, 31.647266], [-104.189998, 31.647303], [-104.191458, 31.648339], [-104.191661, 31.648481], [-104.191992, 31.648707], [-104.192188, 31.648839], [-104.193856, 31.64993], [-104.194054, 31.650058], [-104.19438, 31.650263], [-104.194578, 31.650385], [-104.194797, 31.650518], [-104.194924, 31.650593], [-104.195331, 31.650825], [-104.195468, 31.650901], [-104.195973, 31.651174], [-104.196112, 31.651247], [-104.196462, 31.651426], [-104.196747, 31.651563], [-104.197108, 31.651726], [-104.197253, 31.651789], [-104.197495, 31.651892], [-104.197642, 31.651952], [-104.198012, 31.6521], [-104.198311, 31.652211], [-104.19869, 31.652341], [-104.198842, 31.652392], [-104.199027, 31.652451], [-104.199095, 31.652473], [-104.199248, 31.65252], [-104.199634, 31.652634], [-104.199945, 31.652718], [-104.200337, 31.652815], [-104.200495, 31.652852], [-104.200756, 31.652911], [-104.200914, 31.652944], [-104.201312, 31.653024], [-104.201631, 31.65308], [-104.202033, 31.653142], [-104.202194, 31.653165], [-104.202461, 31.653201], [-104.202622, 31.65322], [-104.203027, 31.653264], [-104.203352, 31.653293], [-104.203759, 31.653319], [-104.203922, 31.653328], [-104.204191, 31.65334], [-104.204354, 31.653345], [-104.204762, 31.653353], [-104.205089, 31.653353], [-104.205497, 31.653344], [-104.20566, 31.653338], [-104.206256, 31.653312], [-104.206419, 31.653303], [-104.206907, 31.65327], [-104.20707, 31.653257], [-104.216001, 31.652463], [-104.232987, 31.65095], [-104.2476, 31.649646], [-104.253478, 31.649121], [-104.26184, 31.648374], [-104.27452, 31.647241], [-104.276079, 31.647101], [-104.282557, 31.646521], [-104.283384, 31.64647], [-104.284213, 31.646466], [-104.285041, 31.646507], [-104.285863, 31.646595], [-104.286678, 31.646728], [-104.28748, 31.646906], [-104.288268, 31.647129], [-104.289036, 31.647395], [-104.289783, 31.647703], [-104.290262, 31.647934], [-104.290505, 31.648052], [-104.291199, 31.64844], [-104.291861, 31.648867], [-104.29249, 31.649329], [-104.300844, 31.655887], [-104.310246, 31.663267], [-104.309273, 31.66374], [-104.309211, 31.672123], [-104.300691, 31.676268], [-104.300628, 31.68465], [-104.309087, 31.688888], [-104.309025, 31.69727], [-104.300503, 31.701415], [-104.30044, 31.709797], [-104.3089, 31.714035], [-104.308838, 31.722417], [-104.300314, 31.726562], [-104.291852, 31.722324], [-104.283327, 31.726468], [-104.283263, 31.73485], [-104.291725, 31.739089], [-104.291661, 31.747471], [-104.283133, 31.751615], [-104.283069, 31.759997], [-104.291533, 31.764236], [-104.291469, 31.772618], [-104.299935, 31.776856], [-104.299872, 31.785239], [-104.30834, 31.789476], [-104.308277, 31.797859], [-104.316746, 31.802096], [-104.325277, 31.79795], [-104.333747, 31.802186], [-104.333687, 31.810568], [-104.342158, 31.814804], [-104.350689, 31.810656], [-104.359161, 31.81489], [-104.359103, 31.823273], [-104.367577, 31.827506], [-104.36752, 31.835889], [-104.375995, 31.840122], [-104.384527, 31.835972], [-104.384582, 31.82759], [-104.393112, 31.823439], [-104.401588, 31.827671], [-104.410117, 31.823519], [-104.418593, 31.82775], [-104.418541, 31.836132], [-104.427018, 31.840362], [-104.435548, 31.836209], [-104.443962, 31.840405], [-104.44399, 31.846506], [-104.443963, 31.847252]]]}}, {"type": "Feature", "properties": {"area_no": 17, "area_sqmi": 52.82028068006774, "n12": 17, "oil12_p50": 7.063442684766215, "oil12_p10_high": 10.82569883253611, "oil12_p90_low": 3.655508080995727, "oil12_mean": 7.065059205968923, "n24": 14, "oil24_p50": 8.286246229260936, "n_eur": 22, "bo_ft_p50": 28.582673453996982, "n_eur_cum_fallback": 0, "n_WCA_1": 2, "n_WCA_2": 8, "n_WCXY": 6, "n_other_tag": 1, "oil12_p50_exWCXY": 5.311989484555441, "n12_exWCXY": 11, "fp_year_p50": 2023.0, "lateral_p50": 10608.0, "top_operator": "Permian Resources", "top_operator_share": 0.6470588235294118, "flag": "", "d1_puds_WCA_1+2": 9, "d1_puds_WCXY": 70}, "geometry": {"type": "Polygon", "coordinates": [[[-104.377268, 31.739242], [-104.378839, 31.749027], [-104.38031, 31.758184], [-104.380329, 31.758292], [-104.380389, 31.758618], [-104.38041, 31.758726], [-104.380482, 31.759068], [-104.380532, 31.759283], [-104.380698, 31.759927], [-104.380759, 31.76014], [-104.380847, 31.760426], [-104.380891, 31.760561], [-104.381028, 31.760966], [-104.381074, 31.761094], [-104.381087, 31.761128], [-104.381112, 31.761194], [-104.381518, 31.762238], [-104.381872, 31.76315], [-104.38192, 31.763274], [-104.382001, 31.763474], [-104.382049, 31.763592], [-104.382837, 31.765471], [-104.382891, 31.765598], [-104.38298, 31.765804], [-104.383033, 31.765925], [-104.383849, 31.767733], [-104.383909, 31.767863], [-104.384007, 31.768074], [-104.384066, 31.768197], [-104.384909, 31.769934], [-104.384974, 31.770068], [-104.385083, 31.770284], [-104.385147, 31.77041], [-104.386016, 31.772076], [-104.386088, 31.772212], [-104.386207, 31.772433], [-104.386277, 31.772561], [-104.38717, 31.774158], [-104.387249, 31.774297], [-104.387378, 31.774522], [-104.387456, 31.774653], [-104.388108, 31.775741], [-104.388372, 31.776181], [-104.388457, 31.776322], [-104.388599, 31.77655], [-104.388683, 31.776684], [-104.38962, 31.778144], [-104.389713, 31.778287], [-104.389867, 31.778518], [-104.389958, 31.778654], [-104.390917, 31.780048], [-104.391017, 31.780192], [-104.391184, 31.780426], [-104.391283, 31.780563], [-104.391896, 31.781398], [-104.391976, 31.781503], [-104.392223, 31.781823], [-104.392307, 31.781928], [-104.392577, 31.782259], [-104.392753, 31.782465], [-104.393299, 31.783071], [-104.393486, 31.78327], [-104.39355, 31.783334], [-104.393748, 31.783525], [-104.394357, 31.784085], [-104.394566, 31.784268], [-104.394636, 31.784327], [-104.394854, 31.784501], [-104.395522, 31.78501], [-104.39575, 31.785175], [-104.396116, 31.785429], [-104.396233, 31.785508], [-104.396588, 31.785742], [-104.396707, 31.785819], [-104.398901, 31.787198], [-104.410302, 31.794366], [-104.421375, 31.801324], [-104.435705, 31.810328], [-104.438663, 31.812185], [-104.439325, 31.812631], [-104.439952, 31.813113], [-104.440135, 31.813273], [-104.440539, 31.813629], [-104.441086, 31.814177], [-104.441589, 31.814755], [-104.442046, 31.81536], [-104.442455, 31.81599], [-104.442815, 31.816641], [-104.443123, 31.817311], [-104.443379, 31.817997], [-104.443582, 31.818696], [-104.443729, 31.819405], [-104.443822, 31.82012], [-104.443859, 31.82084], [-104.443878, 31.822319], [-104.443879, 31.822395], [-104.443885, 31.82379], [-104.443962, 31.840405], [-104.435548, 31.836209], [-104.427018, 31.840362], [-104.418541, 31.836132], [-104.418593, 31.82775], [-104.410117, 31.823519], [-104.401588, 31.827671], [-104.393112, 31.823439], [-104.384582, 31.82759], [-104.384527, 31.835972], [-104.375995, 31.840122], [-104.36752, 31.835889], [-104.367577, 31.827506], [-104.359103, 31.823273], [-104.359161, 31.81489], [-104.350689, 31.810656], [-104.342158, 31.814804], [-104.333687, 31.810568], [-104.333747, 31.802186], [-104.325277, 31.79795], [-104.316746, 31.802096], [-104.308277, 31.797859], [-104.30834, 31.789476], [-104.299872, 31.785239], [-104.299935, 31.776856], [-104.291469, 31.772618], [-104.291533, 31.764236], [-104.283069, 31.759997], [-104.283133, 31.751615], [-104.291661, 31.747471], [-104.291725, 31.739089], [-104.283263, 31.73485], [-104.283327, 31.726468], [-104.291852, 31.722324], [-104.300314, 31.726562], [-104.308838, 31.722417], [-104.3089, 31.714035], [-104.30044, 31.709797], [-104.300503, 31.701415], [-104.309025, 31.69727], [-104.309087, 31.688888], [-104.300628, 31.68465], [-104.300691, 31.676268], [-104.309211, 31.672123], [-104.309273, 31.66374], [-104.310246, 31.663267], [-104.323386, 31.673577], [-104.326172, 31.675762], [-104.326298, 31.675858], [-104.32668, 31.676143], [-104.326809, 31.676236], [-104.327286, 31.676572], [-104.327417, 31.676662], [-104.32775, 31.676884], [-104.328022, 31.677056], [-104.328368, 31.677263], [-104.328508, 31.677344], [-104.328741, 31.677475], [-104.328883, 31.677553], [-104.329242, 31.677744], [-104.329533, 31.67789], [-104.329903, 31.678064], [-104.330052, 31.678132], [-104.3303, 31.678242], [-104.330451, 31.678306], [-104.330831, 31.678463], [-104.331139, 31.678582], [-104.331528, 31.678722], [-104.331685, 31.678776], [-104.331945, 31.678863], [-104.332103, 31.678913], [-104.332501, 31.679035], [-104.332822, 31.679125], [-104.333226, 31.679229], [-104.333388, 31.679269], [-104.333658, 31.679331], [-104.333822, 31.679367], [-104.334232, 31.679452], [-104.334562, 31.679513], [-104.334624, 31.679523], [-104.334977, 31.679579], [-104.335143, 31.679604], [-104.335753, 31.679687], [-104.335921, 31.679708], [-104.336423, 31.679765], [-104.33659, 31.679783], [-104.351592, 31.68114], [-104.358261, 31.681743], [-104.359099, 31.681843], [-104.359927, 31.68199], [-104.360743, 31.682184], [-104.361541, 31.682424], [-104.362319, 31.682709], [-104.363073, 31.683037], [-104.3638, 31.683407], [-104.364497, 31.683818], [-104.36516, 31.684268], [-104.365787, 31.684754], [-104.366374, 31.685274], [-104.366899, 31.685806], [-104.36692, 31.685827], [-104.367422, 31.68641], [-104.367878, 31.68702], [-104.368285, 31.687654], [-104.368642, 31.68831], [-104.368947, 31.688985], [-104.369199, 31.689676], [-104.369397, 31.69038], [-104.36954, 31.691093], [-104.371048, 31.700495], [-104.372966, 31.712449], [-104.374779, 31.723743], [-104.377268, 31.739242]]]}}, {"type": "Feature", "properties": {"area_no": 18, "area_sqmi": 50.22947341949381, "n12": 63, "oil12_p50": 13.569917624326248, "oil12_p10_high": 19.75808060078988, "oil12_p90_low": 9.992845461230212, "oil12_mean": 14.160162589653545, "n24": 59, "oil24_p50": 20.490541090317333, "n_eur": 68, "bo_ft_p50": 64.8005355615813, "n_eur_cum_fallback": 0, "n_WCA_1": 20, "n_WCA_2": 36, "n_WCXY": 5, "n_other_tag": 2, "oil12_p50_exWCXY": 13.56629794023592, "n12_exWCXY": 58, "fp_year_p50": 2019.0, "lateral_p50": 9878.0, "top_operator": "Devon", "top_operator_share": 0.3333333333333333, "flag": "", "d1_puds_WCA_1+2": 22, "d1_puds_WCXY": 25}, "geometry": {"type": "Polygon", "coordinates": [[[-103.316191, 31.667072], [-103.316039, 31.675452], [-103.32445, 31.679753], [-103.324299, 31.688133], [-103.332711, 31.692434], [-103.341273, 31.688355], [-103.349686, 31.692655], [-103.349537, 31.701034], [-103.340975, 31.705114], [-103.332561, 31.700813], [-103.323998, 31.704892], [-103.323847, 31.713271], [-103.315282, 31.717349], [-103.306869, 31.713047], [-103.298304, 31.717123], [-103.29815, 31.725503], [-103.289583, 31.729579], [-103.289429, 31.737958], [-103.280861, 31.742033], [-103.280706, 31.750412], [-103.289121, 31.754716], [-103.297691, 31.750641], [-103.306107, 31.754943], [-103.314676, 31.750866], [-103.323092, 31.755168], [-103.322941, 31.763548], [-103.33136, 31.767849], [-103.331209, 31.776228], [-103.339629, 31.780529], [-103.33948, 31.788908], [-103.330908, 31.792987], [-103.322488, 31.788686], [-103.313916, 31.792763], [-103.313763, 31.801142], [-103.30519, 31.805219], [-103.296769, 31.800916], [-103.288195, 31.804992], [-103.279775, 31.800688], [-103.279931, 31.792308], [-103.288504, 31.788233], [-103.288658, 31.779854], [-103.280241, 31.77555], [-103.280396, 31.767171], [-103.27198, 31.762866], [-103.272136, 31.754487], [-103.263721, 31.750182], [-103.255151, 31.754256], [-103.246737, 31.749949], [-103.238166, 31.754022], [-103.238007, 31.762401], [-103.229434, 31.766473], [-103.221021, 31.762165], [-103.221181, 31.753786], [-103.212769, 31.749477], [-103.21293, 31.741099], [-103.20452, 31.73679], [-103.204681, 31.728411], [-103.196273, 31.724101], [-103.196435, 31.715723], [-103.205004, 31.711653], [-103.213413, 31.715962], [-103.221981, 31.711891], [-103.222141, 31.703512], [-103.230709, 31.69944], [-103.230868, 31.691061], [-103.222461, 31.686754], [-103.222621, 31.678375], [-103.231186, 31.674303], [-103.239592, 31.67861], [-103.248156, 31.674537], [-103.248313, 31.666158], [-103.239908, 31.661852], [-103.240066, 31.653473], [-103.248628, 31.6494], [-103.248785, 31.641021], [-103.257345, 31.636947], [-103.265749, 31.641252], [-103.274309, 31.637178], [-103.282714, 31.641482], [-103.291273, 31.637406], [-103.299679, 31.641709], [-103.308237, 31.637632], [-103.316644, 31.641934], [-103.316493, 31.650313], [-103.307934, 31.654391], [-103.307782, 31.66277], [-103.316191, 31.667072]]]}}, {"type": "Feature", "properties": {"area_no": 19, "area_sqmi": 56.291651245984426, "n12": 69, "oil12_p50": 13.681397006414825, "oil12_p10_high": 18.90256971799481, "oil12_p90_low": 7.776414955960901, "oil12_mean": 13.555189048501562, "n24": 69, "oil24_p50": 21.1153037916857, "n_eur": 69, "bo_ft_p50": 58.582794307891334, "n_eur_cum_fallback": 0, "n_WCA_1": 29, "n_WCA_2": 28, "n_WCXY": 12, "n_other_tag": 0, "oil12_p50_exWCXY": 13.681397006414825, "n12_exWCXY": 57, "fp_year_p50": 2018.0, "lateral_p50": 9530.0, "top_operator": "Occidental", "top_operator_share": 0.2608695652173913, "flag": "", "d1_puds_WCA_1+2": 0, "d1_puds_WCXY": 53}, "geometry": {"type": "Polygon", "coordinates": [[[-103.697761, 31.692493], [-103.689214, 31.696597], [-103.689096, 31.704978], [-103.697527, 31.709255], [-103.69741, 31.717636], [-103.705843, 31.721913], [-103.705726, 31.730294], [-103.697175, 31.734398], [-103.697058, 31.742778], [-103.705493, 31.747055], [-103.714045, 31.742951], [-103.72248, 31.747227], [-103.731031, 31.743121], [-103.739468, 31.747396], [-103.748018, 31.743289], [-103.756456, 31.747563], [-103.756344, 31.755944], [-103.747793, 31.760051], [-103.74768, 31.768432], [-103.756119, 31.772706], [-103.764671, 31.768598], [-103.773112, 31.772871], [-103.781663, 31.768762], [-103.790104, 31.773033], [-103.789995, 31.781414], [-103.781443, 31.785524], [-103.781333, 31.793905], [-103.77278, 31.798014], [-103.772669, 31.806395], [-103.764114, 31.810503], [-103.75567, 31.80623], [-103.755783, 31.797849], [-103.747341, 31.793575], [-103.747454, 31.785194], [-103.739013, 31.78092], [-103.739127, 31.772539], [-103.730688, 31.768264], [-103.722135, 31.77237], [-103.713697, 31.768094], [-103.705143, 31.772198], [-103.696706, 31.767921], [-103.688151, 31.772024], [-103.679715, 31.767746], [-103.679834, 31.759365], [-103.671399, 31.755086], [-103.671519, 31.746706], [-103.663085, 31.742426], [-103.663206, 31.734046], [-103.671758, 31.729944], [-103.671878, 31.721563], [-103.663446, 31.717284], [-103.663567, 31.708904], [-103.672116, 31.704802], [-103.672236, 31.696421], [-103.663807, 31.692142], [-103.655258, 31.696243], [-103.655137, 31.704624], [-103.646587, 31.708724], [-103.638158, 31.704444], [-103.63828, 31.696063], [-103.64683, 31.691963], [-103.646952, 31.683582], [-103.638525, 31.679302], [-103.629976, 31.683401], [-103.621551, 31.679119], [-103.621675, 31.670739], [-103.613251, 31.666456], [-103.604702, 31.670554], [-103.604577, 31.678935], [-103.596026, 31.683032], [-103.5959, 31.691412], [-103.587349, 31.695509], [-103.578924, 31.691224], [-103.570372, 31.69532], [-103.561948, 31.691034], [-103.553395, 31.695128], [-103.544972, 31.690841], [-103.536418, 31.694935], [-103.527996, 31.690647], [-103.528128, 31.682266], [-103.519708, 31.677978], [-103.519841, 31.669598], [-103.528393, 31.665506], [-103.528525, 31.657125], [-103.537075, 31.653033], [-103.537206, 31.644652], [-103.545755, 31.640559], [-103.545886, 31.632179], [-103.537469, 31.627892], [-103.5376, 31.619511], [-103.546147, 31.615418], [-103.546277, 31.607037], [-103.537862, 31.60275], [-103.537993, 31.59437], [-103.546537, 31.590276], [-103.554951, 31.594563], [-103.554822, 31.602943], [-103.563238, 31.607229], [-103.571782, 31.603134], [-103.580199, 31.607419], [-103.580071, 31.6158], [-103.588489, 31.620084], [-103.597034, 31.615987], [-103.605453, 31.62027], [-103.605328, 31.628651], [-103.613748, 31.632934], [-103.622293, 31.628835], [-103.630714, 31.633117], [-103.630591, 31.641497], [-103.639014, 31.645779], [-103.638892, 31.654159], [-103.647316, 31.65844], [-103.655862, 31.654339], [-103.664287, 31.658619], [-103.664167, 31.667], [-103.655621, 31.671101], [-103.6555, 31.679482], [-103.663927, 31.683761], [-103.672475, 31.679659], [-103.672594, 31.671279], [-103.68114, 31.667176], [-103.681258, 31.658795], [-103.689802, 31.654692], [-103.698229, 31.65897], [-103.698112, 31.66735], [-103.689567, 31.671454], [-103.689449, 31.679835], [-103.697878, 31.684112], [-103.697761, 31.692493]]]}}, {"type": "Feature", "properties": {"area_no": 20, "area_sqmi": 19.918584287040648, "n12": 28, "oil12_p50": 17.297357578278863, "oil12_p10_high": 25.286915619745137, "oil12_p90_low": 6.485936896646125, "oil12_mean": 16.65304444197901, "n24": 28, "oil24_p50": 25.540363060050442, "n_eur": 29, "bo_ft_p50": 58.7441694090714, "n_eur_cum_fallback": 0, "n_WCA_1": 12, "n_WCA_2": 14, "n_WCXY": 2, "n_other_tag": 0, "oil12_p50_exWCXY": 16.957078814619848, "n12_exWCXY": 26, "fp_year_p50": 2019.0, "lateral_p50": 7973.0, "top_operator": "Petro-Hunt", "top_operator_share": 0.35714285714285715, "flag": "pad-scale (< 25 sq mi)", "d1_puds_WCA_1+2": 0, "d1_puds_WCXY": 1}, "geometry": {"type": "Polygon", "coordinates": [[[-104.09713, 31.658224], [-104.105576, 31.662475], [-104.105496, 31.670857], [-104.096967, 31.674988], [-104.096886, 31.68337], [-104.088356, 31.687501], [-104.079908, 31.683249], [-104.071378, 31.687378], [-104.062931, 31.683125], [-104.054399, 31.687254], [-104.045953, 31.683], [-104.037421, 31.687127], [-104.037334, 31.695509], [-104.028801, 31.699635], [-104.028713, 31.708017], [-104.020178, 31.712143], [-104.011731, 31.707886], [-104.01182, 31.699505], [-104.003375, 31.695248], [-104.003464, 31.686866], [-104.011998, 31.682741], [-104.012087, 31.674359], [-104.003644, 31.670102], [-103.995111, 31.674227], [-103.995021, 31.682608], [-103.986486, 31.686732], [-103.986395, 31.695114], [-103.97786, 31.699237], [-103.969416, 31.694978], [-103.960879, 31.6991], [-103.952436, 31.694839], [-103.952531, 31.686458], [-103.961066, 31.682336], [-103.969508, 31.686596], [-103.978043, 31.682474], [-103.978135, 31.674092], [-103.986669, 31.669969], [-103.986759, 31.661587], [-103.995291, 31.657463], [-104.003733, 31.66172], [-104.012264, 31.657595], [-104.020707, 31.661852], [-104.029237, 31.657726], [-104.029324, 31.649344], [-104.037853, 31.645217], [-104.037939, 31.636835], [-104.046467, 31.632708], [-104.054909, 31.636962], [-104.054824, 31.645344], [-104.046296, 31.649472], [-104.04621, 31.657854], [-104.054654, 31.662108], [-104.063183, 31.657979], [-104.063267, 31.649597], [-104.071795, 31.645468], [-104.071878, 31.637086], [-104.080404, 31.632957], [-104.088847, 31.637209], [-104.088766, 31.645591], [-104.097211, 31.649842], [-104.09713, 31.658224]]]}}, {"type": "Feature", "properties": {"area_no": 21, "area_sqmi": 436.47680350732526, "n12": 584, "oil12_p50": 21.936023129735858, "oil12_p10_high": 30.233026556956037, "oil12_p90_low": 15.499415073786736, "oil12_mean": 22.547326451293465, "n24": 528, "oil24_p50": 32.3473828261767, "n_eur": 619, "bo_ft_p50": 76.92278509261325, "n_eur_cum_fallback": 0, "n_WCA_1": 280, "n_WCA_2": 184, "n_WCXY": 117, "n_other_tag": 3, "oil12_p50_exWCXY": 21.824995152220282, "n12_exWCXY": 467, "fp_year_p50": 2020.0, "lateral_p50": 9622.0, "top_operator": "Devon", "top_operator_share": 0.2585616438356164, "flag": "", "d1_puds_WCA_1+2": 26, "d1_puds_WCXY": 366}, "geometry": {"type": "Polygon", "coordinates": [[[-103.945319, 31.573234], [-103.945225, 31.581616], [-103.953657, 31.585877], [-103.953564, 31.594259], [-103.945036, 31.59838], [-103.944942, 31.606762], [-103.953376, 31.611022], [-103.961905, 31.606901], [-103.97034, 31.61116], [-103.970248, 31.619542], [-103.978685, 31.623801], [-103.978594, 31.632183], [-103.987032, 31.636441], [-103.995562, 31.632317], [-104.004001, 31.636575], [-104.01253, 31.63245], [-104.02097, 31.636706], [-104.020882, 31.645088], [-104.012353, 31.649214], [-104.012264, 31.657595], [-104.003733, 31.66172], [-103.995291, 31.657463], [-103.986759, 31.661587], [-103.986669, 31.669969], [-103.978135, 31.674092], [-103.978043, 31.682474], [-103.969508, 31.686596], [-103.961066, 31.682336], [-103.952531, 31.686458], [-103.952436, 31.694839], [-103.960879, 31.6991], [-103.969416, 31.694978], [-103.97786, 31.699237], [-103.986395, 31.695114], [-103.986486, 31.686732], [-103.995021, 31.682608], [-103.995111, 31.674227], [-104.003644, 31.670102], [-104.012087, 31.674359], [-104.011998, 31.682741], [-104.003464, 31.686866], [-104.003375, 31.695248], [-104.01182, 31.699505], [-104.011731, 31.707886], [-104.003196, 31.712011], [-104.003106, 31.720393], [-104.011554, 31.72465], [-104.011465, 31.733032], [-104.019914, 31.737288], [-104.028451, 31.733162], [-104.036901, 31.737418], [-104.045438, 31.733291], [-104.053889, 31.737545], [-104.062425, 31.733417], [-104.070876, 31.73767], [-104.070793, 31.746052], [-104.062256, 31.750181], [-104.062171, 31.758563], [-104.053633, 31.762691], [-104.04518, 31.758436], [-104.036641, 31.762563], [-104.036554, 31.770945], [-104.028013, 31.775071], [-104.027926, 31.783453], [-104.03638, 31.787709], [-104.036293, 31.79609], [-104.044749, 31.800345], [-104.044663, 31.808727], [-104.036119, 31.812854], [-104.027662, 31.808598], [-104.019118, 31.812724], [-104.010662, 31.808467], [-104.002117, 31.812592], [-103.993662, 31.808334], [-103.993753, 31.799952], [-104.002297, 31.795828], [-104.002387, 31.787447], [-103.993934, 31.783189], [-103.985391, 31.787312], [-103.985299, 31.795694], [-103.976754, 31.799817], [-103.968301, 31.795557], [-103.968394, 31.787176], [-103.976939, 31.783054], [-103.977031, 31.774672], [-103.96858, 31.770413], [-103.960037, 31.774534], [-103.951587, 31.770274], [-103.951682, 31.761892], [-103.943234, 31.757631], [-103.943329, 31.74925], [-103.934882, 31.744988], [-103.92634, 31.749108], [-103.917894, 31.744845], [-103.917991, 31.736464], [-103.909547, 31.732201], [-103.901005, 31.736318], [-103.900906, 31.7447], [-103.892362, 31.748817], [-103.892262, 31.757198], [-103.883717, 31.761315], [-103.875272, 31.75705], [-103.875373, 31.748668], [-103.86693, 31.744402], [-103.867032, 31.736021], [-103.85859, 31.731754], [-103.850046, 31.735869], [-103.849942, 31.74425], [-103.841396, 31.748364], [-103.841292, 31.756745], [-103.832744, 31.760858], [-103.824302, 31.756589], [-103.815754, 31.760701], [-103.815647, 31.769082], [-103.807097, 31.773194], [-103.798655, 31.768923], [-103.798763, 31.760542], [-103.790322, 31.756271], [-103.781773, 31.760381], [-103.773333, 31.756109], [-103.773443, 31.747728], [-103.765005, 31.743455], [-103.765116, 31.735074], [-103.773664, 31.730966], [-103.773775, 31.722584], [-103.782321, 31.718475], [-103.782431, 31.710094], [-103.773995, 31.705822], [-103.76545, 31.709931], [-103.757015, 31.705658], [-103.748469, 31.709765], [-103.748356, 31.718146], [-103.739808, 31.722253], [-103.739695, 31.730634], [-103.731146, 31.73474], [-103.722711, 31.730465], [-103.71416, 31.73457], [-103.705726, 31.730294], [-103.705843, 31.721913], [-103.69741, 31.717636], [-103.697527, 31.709255], [-103.689096, 31.704978], [-103.689214, 31.696597], [-103.697761, 31.692493], [-103.697878, 31.684112], [-103.689449, 31.679835], [-103.689567, 31.671454], [-103.698112, 31.66735], [-103.698229, 31.65897], [-103.689802, 31.654692], [-103.681258, 31.658795], [-103.68114, 31.667176], [-103.672594, 31.671279], [-103.672475, 31.679659], [-103.663927, 31.683761], [-103.6555, 31.679482], [-103.655621, 31.671101], [-103.664167, 31.667], [-103.664287, 31.658619], [-103.655862, 31.654339], [-103.647316, 31.65844], [-103.638892, 31.654159], [-103.639014, 31.645779], [-103.630591, 31.641497], [-103.630714, 31.633117], [-103.622293, 31.628835], [-103.613748, 31.632934], [-103.605328, 31.628651], [-103.605453, 31.62027], [-103.597034, 31.615987], [-103.588489, 31.620084], [-103.580071, 31.6158], [-103.580199, 31.607419], [-103.571782, 31.603134], [-103.563238, 31.607229], [-103.554822, 31.602943], [-103.554951, 31.594563], [-103.546537, 31.590276], [-103.537993, 31.59437], [-103.537862, 31.60275], [-103.546277, 31.607037], [-103.546147, 31.615418], [-103.5376, 31.619511], [-103.537469, 31.627892], [-103.545886, 31.632179], [-103.545755, 31.640559], [-103.537206, 31.644652], [-103.537075, 31.653033], [-103.528525, 31.657125], [-103.528393, 31.665506], [-103.519841, 31.669598], [-103.519708, 31.677978], [-103.528128, 31.682266], [-103.527996, 31.690647], [-103.536418, 31.694935], [-103.544972, 31.690841], [-103.553395, 31.695128], [-103.561948, 31.691034], [-103.570372, 31.69532], [-103.578924, 31.691224], [-103.587349, 31.695509], [-103.5959, 31.691412], [-103.596026, 31.683032], [-103.604577, 31.678935], [-103.604702, 31.670554], [-103.613251, 31.666456], [-103.621675, 31.670739], [-103.621551, 31.679119], [-103.629976, 31.683401], [-103.638525, 31.679302], [-103.646952, 31.683582], [-103.64683, 31.691963], [-103.63828, 31.696063], [-103.638158, 31.704444], [-103.646587, 31.708724], [-103.655137, 31.704624], [-103.655258, 31.696243], [-103.663807, 31.692142], [-103.672236, 31.696421], [-103.672116, 31.704802], [-103.663567, 31.708904], [-103.663446, 31.717284], [-103.671878, 31.721563], [-103.671758, 31.729944], [-103.663206, 31.734046], [-103.654774, 31.729766], [-103.646221, 31.733866], [-103.646099, 31.742247], [-103.637545, 31.746347], [-103.637422, 31.754728], [-103.628866, 31.758827], [-103.620434, 31.754545], [-103.611878, 31.758643], [-103.603446, 31.75436], [-103.594889, 31.758456], [-103.586458, 31.754172], [-103.5779, 31.758268], [-103.577772, 31.766648], [-103.569213, 31.770743], [-103.560782, 31.766457], [-103.560912, 31.758077], [-103.552483, 31.753791], [-103.543924, 31.757884], [-103.535496, 31.753597], [-103.535628, 31.745216], [-103.527201, 31.740928], [-103.518642, 31.74502], [-103.518508, 31.7534], [-103.526936, 31.757689], [-103.526803, 31.766069], [-103.518241, 31.77016], [-103.509813, 31.765871], [-103.509948, 31.757491], [-103.501521, 31.753201], [-103.49296, 31.757291], [-103.492824, 31.765671], [-103.501251, 31.769962], [-103.501116, 31.778342], [-103.492552, 31.782431], [-103.484125, 31.778141], [-103.484261, 31.769761], [-103.475835, 31.765469], [-103.475972, 31.757089], [-103.484535, 31.753], [-103.484671, 31.74462], [-103.493232, 31.740531], [-103.493367, 31.732151], [-103.484944, 31.72786], [-103.48508, 31.71948], [-103.476658, 31.715189], [-103.4681, 31.719277], [-103.459679, 31.714985], [-103.459817, 31.706605], [-103.468375, 31.702517], [-103.468513, 31.694137], [-103.460094, 31.689845], [-103.460233, 31.681465], [-103.468788, 31.677377], [-103.468926, 31.668997], [-103.460509, 31.664705], [-103.451954, 31.668792], [-103.451815, 31.677172], [-103.443259, 31.681259], [-103.443119, 31.689639], [-103.451537, 31.693932], [-103.451398, 31.702312], [-103.442839, 31.706399], [-103.442699, 31.714779], [-103.451119, 31.719072], [-103.45098, 31.727452], [-103.442419, 31.731538], [-103.442279, 31.739918], [-103.433716, 31.744004], [-103.425295, 31.73971], [-103.416731, 31.743794], [-103.416589, 31.752174], [-103.408024, 31.756258], [-103.399603, 31.751962], [-103.399747, 31.743582], [-103.408311, 31.739499], [-103.408454, 31.731119], [-103.400035, 31.726823], [-103.391472, 31.730906], [-103.383054, 31.726608], [-103.37449, 31.73069], [-103.374344, 31.73907], [-103.382763, 31.743368], [-103.382617, 31.751747], [-103.391037, 31.756045], [-103.390892, 31.764424], [-103.382325, 31.768506], [-103.373904, 31.764208], [-103.374051, 31.755829], [-103.365631, 31.75153], [-103.357065, 31.755611], [-103.356916, 31.76399], [-103.348348, 31.76807], [-103.339929, 31.76377], [-103.340078, 31.755391], [-103.331661, 31.75109], [-103.331811, 31.742711], [-103.323395, 31.738409], [-103.314827, 31.742487], [-103.306412, 31.738185], [-103.297844, 31.742261], [-103.289429, 31.737958], [-103.289583, 31.729579], [-103.29815, 31.725503], [-103.298304, 31.717123], [-103.306869, 31.713047], [-103.315282, 31.717349], [-103.323847, 31.713271], [-103.323998, 31.704892], [-103.332561, 31.700813], [-103.340975, 31.705114], [-103.349537, 31.701034], [-103.349686, 31.692655], [-103.341273, 31.688355], [-103.332711, 31.692434], [-103.324299, 31.688133], [-103.32445, 31.679753], [-103.316039, 31.675452], [-103.316191, 31.667072], [-103.307782, 31.66277], [-103.307934, 31.654391], [-103.316493, 31.650313], [-103.316644, 31.641934], [-103.308237, 31.637632], [-103.299679, 31.641709], [-103.291273, 31.637406], [-103.282714, 31.641482], [-103.274309, 31.637178], [-103.265749, 31.641252], [-103.257345, 31.636947], [-103.257502, 31.628568], [-103.249099, 31.624262], [-103.249256, 31.615883], [-103.257814, 31.611809], [-103.25797, 31.60343], [-103.266526, 31.599356], [-103.274928, 31.60366], [-103.274773, 31.61204], [-103.283176, 31.616344], [-103.291733, 31.612268], [-103.300136, 31.616571], [-103.299984, 31.62495], [-103.308389, 31.629252], [-103.316946, 31.625175], [-103.325352, 31.629476], [-103.333908, 31.625397], [-103.334057, 31.617018], [-103.342612, 31.612938], [-103.351018, 31.617238], [-103.350871, 31.625618], [-103.342315, 31.629698], [-103.342166, 31.638077], [-103.350575, 31.642377], [-103.350427, 31.650757], [-103.358837, 31.655056], [-103.358689, 31.663435], [-103.367101, 31.667734], [-103.375659, 31.663653], [-103.375805, 31.655273], [-103.367394, 31.650975], [-103.36754, 31.642595], [-103.376096, 31.638513], [-103.376242, 31.630134], [-103.384796, 31.626051], [-103.393205, 31.630348], [-103.401759, 31.626265], [-103.401902, 31.617885], [-103.393493, 31.613588], [-103.393637, 31.605209], [-103.402188, 31.601125], [-103.410597, 31.605421], [-103.419147, 31.601336], [-103.427556, 31.605631], [-103.436106, 31.601545], [-103.444516, 31.605838], [-103.453065, 31.601751], [-103.461475, 31.606044], [-103.470024, 31.601956], [-103.470161, 31.593575], [-103.461751, 31.589284], [-103.461889, 31.580903], [-103.45348, 31.576611], [-103.453619, 31.568231], [-103.462164, 31.564143], [-103.470572, 31.568435], [-103.470435, 31.576815], [-103.478844, 31.581106], [-103.487389, 31.577017], [-103.4958, 31.581307], [-103.504344, 31.577216], [-103.504478, 31.568836], [-103.513021, 31.564745], [-103.521432, 31.569033], [-103.529974, 31.564941], [-103.530106, 31.55656], [-103.538647, 31.552467], [-103.547057, 31.556754], [-103.555598, 31.55266], [-103.564009, 31.556946], [-103.563881, 31.565326], [-103.572293, 31.569612], [-103.580834, 31.565516], [-103.589248, 31.5698], [-103.597787, 31.565703], [-103.606202, 31.569986], [-103.614741, 31.565888], [-103.614865, 31.557507], [-103.623403, 31.553408], [-103.631817, 31.55769], [-103.640354, 31.55359], [-103.64877, 31.55787], [-103.657306, 31.553769], [-103.657426, 31.545388], [-103.665961, 31.541286], [-103.66608, 31.532905], [-103.674613, 31.528803], [-103.683028, 31.533081], [-103.682911, 31.541462], [-103.691327, 31.545739], [-103.69121, 31.55412], [-103.699628, 31.558397], [-103.708162, 31.554293], [-103.716581, 31.558569], [-103.716466, 31.56695], [-103.707931, 31.571055], [-103.699512, 31.566778], [-103.690976, 31.570882], [-103.690859, 31.579263], [-103.682322, 31.583367], [-103.682204, 31.591748], [-103.690624, 31.596025], [-103.690507, 31.604406], [-103.69893, 31.608684], [-103.707469, 31.604579], [-103.707584, 31.596198], [-103.699163, 31.591922], [-103.699279, 31.583541], [-103.707816, 31.579436], [-103.716237, 31.583712], [-103.716122, 31.592093], [-103.724544, 31.596369], [-103.733081, 31.592262], [-103.733194, 31.583881], [-103.724773, 31.579606], [-103.724887, 31.571225], [-103.733421, 31.567119], [-103.733534, 31.558738], [-103.742067, 31.554631], [-103.74218, 31.54625], [-103.750711, 31.542142], [-103.759131, 31.546415], [-103.767662, 31.542307], [-103.767772, 31.533925], [-103.776301, 31.529816], [-103.784721, 31.534087], [-103.784612, 31.542469], [-103.776082, 31.546579], [-103.775973, 31.55496], [-103.767441, 31.559069], [-103.767331, 31.567451], [-103.758798, 31.571559], [-103.758687, 31.57994], [-103.76711, 31.584213], [-103.775644, 31.580104], [-103.784069, 31.584376], [-103.78396, 31.592757], [-103.792385, 31.597028], [-103.800919, 31.592917], [-103.801027, 31.584536], [-103.809559, 31.580424], [-103.817985, 31.584694], [-103.826517, 31.580581], [-103.826622, 31.5722], [-103.835152, 31.568087], [-103.843578, 31.572354], [-103.852108, 31.56824], [-103.860535, 31.572507], [-103.860433, 31.580888], [-103.868861, 31.585154], [-103.877391, 31.581038], [-103.877492, 31.572657], [-103.88602, 31.56854], [-103.894448, 31.572805], [-103.902976, 31.568687], [-103.911405, 31.57295], [-103.919932, 31.568831], [-103.920029, 31.560449], [-103.928554, 31.55633], [-103.936983, 31.560592], [-103.945508, 31.556471], [-103.953938, 31.560731], [-103.953845, 31.569113], [-103.945319, 31.573234]]]}}, {"type": "Feature", "properties": {"area_no": 22, "area_sqmi": 843.954182905988, "n12": 927, "oil12_p50": 18.59391891891892, "oil12_p10_high": 26.593978130989605, "oil12_p90_low": 12.769398163960217, "oil12_mean": 19.393243900370514, "n24": 856, "oil24_p50": 27.61991393147424, "n_eur": 960, "bo_ft_p50": 69.88003277314264, "n_eur_cum_fallback": 0, "n_WCA_1": 447, "n_WCA_2": 384, "n_WCXY": 68, "n_other_tag": 28, "oil12_p50_exWCXY": 18.540959580376427, "n12_exWCXY": 859, "fp_year_p50": 2020.0, "lateral_p50": 9819.0, "top_operator": "Devon", "top_operator_share": 0.15965480043149946, "flag": "", "d1_puds_WCA_1+2": 417, "d1_puds_WCXY": 263}, "geometry": {"type": "Polygon", "coordinates": [[[-103.500477, 31.287989], [-103.508863, 31.292278], [-103.508731, 31.300658], [-103.500212, 31.30475], [-103.500079, 31.313131], [-103.491558, 31.317222], [-103.491425, 31.325603], [-103.482903, 31.329694], [-103.474515, 31.325403], [-103.465993, 31.329493], [-103.457606, 31.325201], [-103.449083, 31.329289], [-103.440697, 31.324997], [-103.440835, 31.316616], [-103.449357, 31.312528], [-103.457743, 31.31682], [-103.466264, 31.312732], [-103.4664, 31.304351], [-103.458016, 31.300059], [-103.449495, 31.304148], [-103.441111, 31.299855], [-103.432589, 31.303943], [-103.43245, 31.312323], [-103.423927, 31.31641], [-103.415544, 31.312116], [-103.40702, 31.316201], [-103.406879, 31.324581], [-103.398354, 31.328666], [-103.398212, 31.337047], [-103.406596, 31.341342], [-103.406455, 31.349722], [-103.397927, 31.353807], [-103.397785, 31.362187], [-103.389256, 31.366271], [-103.38087, 31.361975], [-103.37234, 31.366058], [-103.363955, 31.36176], [-103.355424, 31.365842], [-103.34704, 31.361543], [-103.347186, 31.353163], [-103.338804, 31.348864], [-103.338951, 31.340484], [-103.330569, 31.336184], [-103.32204, 31.340264], [-103.321891, 31.348644], [-103.31336, 31.352723], [-103.304979, 31.348422], [-103.296447, 31.3525], [-103.288067, 31.348197], [-103.288219, 31.339817], [-103.27984, 31.335514], [-103.271308, 31.339591], [-103.26293, 31.335287], [-103.254398, 31.339362], [-103.254243, 31.347741], [-103.262622, 31.352046], [-103.262468, 31.360426], [-103.253933, 31.3645], [-103.245554, 31.360195], [-103.237019, 31.364269], [-103.236862, 31.372649], [-103.245243, 31.376954], [-103.245087, 31.385334], [-103.253468, 31.389639], [-103.262005, 31.385564], [-103.270387, 31.389869], [-103.270234, 31.398248], [-103.261696, 31.402324], [-103.261542, 31.410703], [-103.269926, 31.415007], [-103.269772, 31.423387], [-103.261232, 31.427462], [-103.261078, 31.435842], [-103.252536, 31.439916], [-103.24415, 31.435611], [-103.235608, 31.439684], [-103.227223, 31.435378], [-103.21868, 31.43945], [-103.218522, 31.447829], [-103.226908, 31.452136], [-103.22675, 31.460516], [-103.235137, 31.464822], [-103.23498, 31.473202], [-103.226434, 31.477274], [-103.226276, 31.485654], [-103.217728, 31.489726], [-103.217569, 31.498105], [-103.225959, 31.502412], [-103.234507, 31.49834], [-103.242898, 31.502646], [-103.242742, 31.511026], [-103.251134, 31.515331], [-103.259682, 31.511257], [-103.268076, 31.515562], [-103.267921, 31.523941], [-103.276316, 31.528245], [-103.276162, 31.536625], [-103.284558, 31.540929], [-103.293108, 31.536852], [-103.301505, 31.541155], [-103.301353, 31.549534], [-103.292803, 31.553611], [-103.284405, 31.549308], [-103.275854, 31.553384], [-103.275699, 31.561763], [-103.284098, 31.566067], [-103.283944, 31.574447], [-103.292344, 31.57875], [-103.292192, 31.587129], [-103.283637, 31.591205], [-103.283484, 31.599585], [-103.291886, 31.603888], [-103.291733, 31.612268], [-103.283176, 31.616344], [-103.274773, 31.61204], [-103.274928, 31.60366], [-103.266526, 31.599356], [-103.25797, 31.60343], [-103.257814, 31.611809], [-103.249256, 31.615883], [-103.249099, 31.624262], [-103.257502, 31.628568], [-103.257345, 31.636947], [-103.248785, 31.641021], [-103.248628, 31.6494], [-103.240066, 31.653473], [-103.239908, 31.661852], [-103.248313, 31.666158], [-103.248156, 31.674537], [-103.239592, 31.67861], [-103.231186, 31.674303], [-103.222621, 31.678375], [-103.222461, 31.686754], [-103.230868, 31.691061], [-103.230709, 31.69944], [-103.222141, 31.703512], [-103.221981, 31.711891], [-103.213413, 31.715962], [-103.205004, 31.711653], [-103.196435, 31.715723], [-103.196273, 31.724101], [-103.204681, 31.728411], [-103.20452, 31.73679], [-103.21293, 31.741099], [-103.212769, 31.749477], [-103.221181, 31.753786], [-103.221021, 31.762165], [-103.229434, 31.766473], [-103.238007, 31.762401], [-103.238166, 31.754022], [-103.246737, 31.749949], [-103.255151, 31.754256], [-103.263721, 31.750182], [-103.272136, 31.754487], [-103.27198, 31.762866], [-103.280396, 31.767171], [-103.280241, 31.77555], [-103.288658, 31.779854], [-103.288504, 31.788233], [-103.279931, 31.792308], [-103.279775, 31.800688], [-103.288195, 31.804992], [-103.296769, 31.800916], [-103.30519, 31.805219], [-103.313763, 31.801142], [-103.313916, 31.792763], [-103.322488, 31.788686], [-103.330908, 31.792987], [-103.33948, 31.788908], [-103.339629, 31.780529], [-103.331209, 31.776228], [-103.33136, 31.767849], [-103.322941, 31.763548], [-103.323092, 31.755168], [-103.314676, 31.750866], [-103.306107, 31.754943], [-103.297691, 31.750641], [-103.289121, 31.754716], [-103.280706, 31.750412], [-103.280861, 31.742033], [-103.289429, 31.737958], [-103.297844, 31.742261], [-103.306412, 31.738185], [-103.314827, 31.742487], [-103.323395, 31.738409], [-103.331811, 31.742711], [-103.331661, 31.75109], [-103.340078, 31.755391], [-103.339929, 31.76377], [-103.348348, 31.76807], [-103.356916, 31.76399], [-103.357065, 31.755611], [-103.365631, 31.75153], [-103.374051, 31.755829], [-103.373904, 31.764208], [-103.365337, 31.76829], [-103.365189, 31.776669], [-103.35662, 31.780749], [-103.356472, 31.789129], [-103.364894, 31.793428], [-103.364747, 31.801808], [-103.373171, 31.806106], [-103.373024, 31.814486], [-103.381449, 31.818784], [-103.390021, 31.814702], [-103.398447, 31.818999], [-103.398303, 31.827379], [-103.406731, 31.831675], [-103.406586, 31.840055], [-103.398013, 31.844138], [-103.397868, 31.852517], [-103.389293, 31.8566], [-103.380864, 31.852302], [-103.372288, 31.856383], [-103.372141, 31.864763], [-103.363564, 31.868843], [-103.363416, 31.877223], [-103.371846, 31.881522], [-103.371699, 31.889901], [-103.380131, 31.894199], [-103.38871, 31.890118], [-103.397143, 31.894415], [-103.405721, 31.890332], [-103.405865, 31.881953], [-103.414442, 31.877869], [-103.414586, 31.86949], [-103.406154, 31.865194], [-103.406298, 31.856814], [-103.414873, 31.852731], [-103.423304, 31.857026], [-103.423161, 31.865406], [-103.431593, 31.869701], [-103.440168, 31.865616], [-103.448601, 31.869909], [-103.457175, 31.865823], [-103.465609, 31.870116], [-103.474182, 31.866028], [-103.47432, 31.857648], [-103.482892, 31.85356], [-103.491326, 31.857851], [-103.499897, 31.853762], [-103.508332, 31.858052], [-103.508197, 31.866432], [-103.499626, 31.870522], [-103.49119, 31.866231], [-103.482617, 31.87032], [-103.48248, 31.8787], [-103.490917, 31.882991], [-103.49078, 31.891371], [-103.482205, 31.89546], [-103.473768, 31.891168], [-103.465192, 31.895255], [-103.465053, 31.903635], [-103.473491, 31.907927], [-103.473353, 31.916307], [-103.464775, 31.920395], [-103.464636, 31.928774], [-103.456056, 31.932861], [-103.455916, 31.941241], [-103.464357, 31.945534], [-103.464217, 31.953913], [-103.455636, 31.958], [-103.455495, 31.96638], [-103.446912, 31.970466], [-103.43847, 31.966171], [-103.429886, 31.970256], [-103.429743, 31.978636], [-103.438186, 31.982931], [-103.438044, 31.99131], [-103.446488, 31.995604], [-103.446347, 32.003984], [-103.454793, 32.008278], [-103.46338, 32.004191], [-103.471827, 32.008484], [-103.480412, 32.004397], [-103.480551, 31.996017], [-103.489135, 31.991929], [-103.489273, 31.983549], [-103.497855, 31.97946], [-103.497992, 31.97108], [-103.506573, 31.966991], [-103.506709, 31.958611], [-103.515289, 31.954521], [-103.515423, 31.946141], [-103.524002, 31.94205], [-103.532446, 31.946339], [-103.532313, 31.954719], [-103.523734, 31.95881], [-103.5236, 31.96719], [-103.532046, 31.971479], [-103.540626, 31.967387], [-103.549073, 31.971675], [-103.557653, 31.967582], [-103.566101, 31.971868], [-103.565971, 31.980248], [-103.557391, 31.984342], [-103.557259, 31.992722], [-103.548678, 31.996815], [-103.540228, 31.992527], [-103.531646, 31.996619], [-103.523197, 31.99233], [-103.514614, 31.99642], [-103.506166, 31.99213], [-103.497582, 31.99622], [-103.497446, 32.0046], [-103.48886, 32.008688], [-103.488723, 32.017068], [-103.480136, 32.021156], [-103.471687, 32.016864], [-103.4631, 32.020951], [-103.454652, 32.016657], [-103.446064, 32.020743], [-103.445923, 32.029123], [-103.437333, 32.033208], [-103.43719, 32.041587], [-103.445639, 32.045882], [-103.45423, 32.041796], [-103.46268, 32.04609], [-103.46254, 32.054469], [-103.470991, 32.058762], [-103.479582, 32.054675], [-103.488034, 32.058966], [-103.487896, 32.067346], [-103.479305, 32.071434], [-103.479166, 32.079814], [-103.470573, 32.083901], [-103.470433, 32.09228], [-103.461838, 32.096367], [-103.461698, 32.104746], [-103.453101, 32.108832], [-103.45296, 32.117212], [-103.461417, 32.121505], [-103.461276, 32.129885], [-103.452677, 32.13397], [-103.44422, 32.129676], [-103.435621, 32.133761], [-103.427164, 32.129465], [-103.418564, 32.133549], [-103.410109, 32.129252], [-103.401508, 32.133335], [-103.393053, 32.129037], [-103.384452, 32.133118], [-103.375998, 32.128819], [-103.376146, 32.12044], [-103.367694, 32.116141], [-103.359093, 32.12022], [-103.350641, 32.11592], [-103.342039, 32.119998], [-103.333589, 32.115697], [-103.324986, 32.119774], [-103.316537, 32.115471], [-103.316691, 32.107092], [-103.325292, 32.103016], [-103.333741, 32.107318], [-103.342342, 32.10324], [-103.342494, 32.094861], [-103.334046, 32.09056], [-103.325445, 32.094637], [-103.316998, 32.090334], [-103.308397, 32.09441], [-103.308242, 32.102789], [-103.29964, 32.106864], [-103.299485, 32.115243], [-103.307933, 32.119547], [-103.307779, 32.127926], [-103.316229, 32.132229], [-103.324833, 32.128152], [-103.333284, 32.132454], [-103.333132, 32.140833], [-103.341585, 32.145135], [-103.350189, 32.141057], [-103.358643, 32.145357], [-103.358492, 32.153736], [-103.349887, 32.157815], [-103.341433, 32.153514], [-103.332827, 32.157591], [-103.332674, 32.16597], [-103.324067, 32.170047], [-103.323913, 32.178426], [-103.315304, 32.182502], [-103.31515, 32.19088], [-103.323606, 32.195183], [-103.323452, 32.203562], [-103.33191, 32.207864], [-103.340521, 32.203787], [-103.34898, 32.208088], [-103.348828, 32.216467], [-103.340217, 32.220545], [-103.340064, 32.228924], [-103.348525, 32.233225], [-103.357138, 32.229147], [-103.357289, 32.220768], [-103.3659, 32.216689], [-103.374361, 32.220989], [-103.382971, 32.216909], [-103.391433, 32.221207], [-103.400043, 32.217126], [-103.408506, 32.221423], [-103.417115, 32.217341], [-103.425579, 32.221637], [-103.434187, 32.217554], [-103.442652, 32.221849], [-103.451259, 32.217764], [-103.459725, 32.222058], [-103.459584, 32.230437], [-103.468051, 32.234731], [-103.46791, 32.24311], [-103.459301, 32.247196], [-103.459159, 32.255575], [-103.450548, 32.25966], [-103.450406, 32.26804], [-103.441793, 32.272124], [-103.44165, 32.280503], [-103.433036, 32.284587], [-103.432892, 32.292966], [-103.424276, 32.29705], [-103.424131, 32.305429], [-103.415514, 32.309511], [-103.415368, 32.31789], [-103.423841, 32.322187], [-103.432459, 32.318104], [-103.440933, 32.322399], [-103.44955, 32.318315], [-103.458025, 32.322609], [-103.457883, 32.330988], [-103.449264, 32.335073], [-103.449121, 32.343452], [-103.457598, 32.347747], [-103.457456, 32.356126], [-103.448835, 32.360211], [-103.448692, 32.36859], [-103.457171, 32.372884], [-103.457029, 32.381263], [-103.448406, 32.385348], [-103.439926, 32.381053], [-103.431302, 32.385136], [-103.422823, 32.38084], [-103.414199, 32.384922], [-103.41419, 32.385399], [-103.413976, 32.384809], [-103.411308, 32.377458], [-103.41127, 32.377358], [-103.411209, 32.377195], [-103.411173, 32.3771], [-103.408762, 32.370876], [-103.407833, 32.368479], [-103.407793, 32.368377], [-103.407728, 32.368213], [-103.407689, 32.368118], [-103.40418, 32.359609], [-103.404137, 32.359507], [-103.404067, 32.359342], [-103.404026, 32.359246], [-103.403029, 32.356971], [-103.400347, 32.350849], [-103.400302, 32.350747], [-103.400227, 32.350581], [-103.400183, 32.350485], [-103.396839, 32.343282], [-103.396336, 32.342199], [-103.396288, 32.342096], [-103.396209, 32.341931], [-103.396162, 32.341834], [-103.392146, 32.333659], [-103.392095, 32.333556], [-103.392011, 32.333391], [-103.391962, 32.333294], [-103.390612, 32.330693], [-103.389536, 32.32862], [-103.387777, 32.325229], [-103.387723, 32.325126], [-103.387635, 32.324961], [-103.387583, 32.324864], [-103.384429, 32.319102], [-103.383229, 32.316909], [-103.383172, 32.316806], [-103.383079, 32.316641], [-103.383024, 32.316544], [-103.381258, 32.313479], [-103.378502, 32.308698], [-103.378442, 32.308596], [-103.378345, 32.308431], [-103.378288, 32.308335], [-103.377582, 32.307172], [-103.373596, 32.300598], [-103.373534, 32.300496], [-103.373432, 32.300332], [-103.373372, 32.300236], [-103.372959, 32.299588], [-103.369929, 32.294832], [-103.368512, 32.292607], [-103.368447, 32.292506], [-103.36834, 32.292343], [-103.368278, 32.292248], [-103.364643, 32.286812], [-103.363249, 32.284727], [-103.363181, 32.284626], [-103.36307, 32.284464], [-103.363005, 32.284369], [-103.361361, 32.282026], [-103.357807, 32.276956], [-103.357736, 32.276856], [-103.357621, 32.276695], [-103.357553, 32.276601], [-103.356313, 32.274914], [-103.352186, 32.269294], [-103.352113, 32.269196], [-103.351993, 32.269036], [-103.351923, 32.268944], [-103.351711, 32.268667], [-103.347972, 32.263804], [-103.346387, 32.261743], [-103.346311, 32.261645], [-103.346187, 32.261488], [-103.346115, 32.261396], [-103.340635, 32.254583], [-103.340351, 32.25423], [-103.340292, 32.254156], [-103.340268, 32.254125], [-103.340182, 32.254016], [-103.339621, 32.253286], [-103.334528, 32.246668], [-103.334471, 32.246593], [-103.334448, 32.246562], [-103.334365, 32.246452], [-103.330805, 32.241613], [-103.328869, 32.238982], [-103.328813, 32.238906], [-103.328791, 32.238875], [-103.328712, 32.238764], [-103.323381, 32.231184], [-103.32333, 32.23111], [-103.323308, 32.231079], [-103.323231, 32.230965], [-103.322017, 32.229159], [-103.318048, 32.22325], [-103.317998, 32.223175], [-103.317978, 32.223144], [-103.317904, 32.223031], [-103.313705, 32.216481], [-103.312878, 32.215192], [-103.312831, 32.215117], [-103.312811, 32.215086], [-103.312741, 32.214972], [-103.307872, 32.20701], [-103.307827, 32.206936], [-103.307808, 32.206904], [-103.307741, 32.20679], [-103.305869, 32.203578], [-103.303029, 32.198704], [-103.302987, 32.19863], [-103.302969, 32.198599], [-103.302905, 32.198485], [-103.298747, 32.19099], [-103.29835, 32.190274], [-103.29831, 32.1902], [-103.298293, 32.190169], [-103.298232, 32.190056], [-103.298099, 32.189805], [-103.293834, 32.181721], [-103.293796, 32.181647], [-103.293779, 32.181615], [-103.293722, 32.181503], [-103.292692, 32.179449], [-103.292469, 32.179004], [-103.292408, 32.178886], [-103.292219, 32.178533], [-103.292155, 32.178416], [-103.291945, 32.178047], [-103.291806, 32.177817], [-103.291369, 32.177134], [-103.291217, 32.176909], [-103.291165, 32.176837], [-103.291001, 32.176618], [-103.290489, 32.175974], [-103.290313, 32.175762], [-103.290253, 32.175694], [-103.290065, 32.17549], [-103.289836, 32.175254], [-103.289484, 32.17489], [-103.289285, 32.174694], [-103.288962, 32.17439], [-103.288858, 32.174295], [-103.288543, 32.174014], [-103.288437, 32.173921], [-103.279446, 32.166252], [-103.266925, 32.155568], [-103.25625, 32.146457], [-103.251076, 32.142039], [-103.250491, 32.141505], [-103.249949, 32.140939], [-103.24968, 32.140615], [-103.249454, 32.140343], [-103.249006, 32.13972], [-103.248608, 32.139073], [-103.248263, 32.138404], [-103.24797, 32.137718], [-103.247891, 32.137484], [-103.247733, 32.137016], [-103.247551, 32.136303], [-103.247426, 32.13558], [-103.247358, 32.134853], [-103.247144, 32.130861], [-103.246319, 32.115497], [-103.245987, 32.109321], [-103.245982, 32.109214], [-103.24598, 32.10917], [-103.245975, 32.109015], [-103.245869, 32.10483], [-103.245518, 32.090967], [-103.245218, 32.079117], [-103.244895, 32.066354], [-103.244567, 32.053404], [-103.244271, 32.04174], [-103.243982, 32.03033], [-103.243975, 32.030158], [-103.243943, 32.029645], [-103.243929, 32.029475], [-103.243831, 32.028484], [-103.243814, 32.028339], [-103.243757, 32.027902], [-103.243735, 32.027757], [-103.243707, 32.027584], [-103.242117, 32.017852], [-103.242049, 32.017434], [-103.242026, 32.017283], [-103.240469, 32.006655], [-103.240448, 32.006505], [-103.239901, 32.002296], [-103.239051, 31.995752], [-103.239033, 31.995605], [-103.23852, 31.991094], [-103.237796, 31.984726], [-103.23778, 31.984581], [-103.237201, 31.978666], [-103.236703, 31.973576], [-103.23669, 31.973433], [-103.235946, 31.964397], [-103.235773, 31.962302], [-103.235763, 31.962163], [-103.235259, 31.954678], [-103.235004, 31.95088], [-103.234994, 31.95074], [-103.234125, 31.939679], [-103.234113, 31.939534], [-103.234033, 31.938653], [-103.233174, 31.929139], [-103.233132, 31.928669], [-103.233117, 31.928519], [-103.232023, 31.917848], [-103.232007, 31.917693], [-103.23168, 31.91486], [-103.2308, 31.907217], [-103.230781, 31.907057], [-103.23016, 31.902216], [-103.229462, 31.896776], [-103.22944, 31.89661], [-103.228696, 31.891367], [-103.22801, 31.886524], [-103.227984, 31.886354], [-103.226442, 31.876463], [-103.226414, 31.876287], [-103.226344, 31.875877], [-103.22476, 31.866592], [-103.224728, 31.866409], [-103.224561, 31.865509], [-103.222964, 31.85691], [-103.222928, 31.856722], [-103.222168, 31.85295], [-103.221051, 31.847407], [-103.221036, 31.847333], [-103.22101, 31.847211], [-103.220995, 31.84714], [-103.219025, 31.838106], [-103.219008, 31.838028], [-103.21898, 31.837902], [-103.21897, 31.837861], [-103.218963, 31.837829], [-103.216885, 31.828993], [-103.216866, 31.828913], [-103.216835, 31.828783], [-103.216816, 31.828707], [-103.216523, 31.827552], [-103.214631, 31.820071], [-103.21461, 31.819988], [-103.214575, 31.819854], [-103.214554, 31.819776], [-103.213417, 31.815589], [-103.212262, 31.811339], [-103.212239, 31.811253], [-103.2122, 31.811114], [-103.212177, 31.811033], [-103.209779, 31.802796], [-103.209753, 31.802708], [-103.20971, 31.802564], [-103.209685, 31.802481], [-103.209216, 31.800977], [-103.207182, 31.794444], [-103.207153, 31.794352], [-103.207106, 31.794204], [-103.207078, 31.794118], [-103.204974, 31.787793], [-103.204471, 31.786281], [-103.204439, 31.786186], [-103.204387, 31.786034], [-103.204356, 31.785944], [-103.203611, 31.783846], [-103.201645, 31.778308], [-103.20161, 31.77821], [-103.201553, 31.778053], [-103.201519, 31.777961], [-103.201331, 31.777465], [-103.198706, 31.770524], [-103.198667, 31.770424], [-103.198604, 31.770261], [-103.198566, 31.770167], [-103.196658, 31.765427], [-103.195652, 31.762931], [-103.19561, 31.762827], [-103.19554, 31.76266], [-103.195499, 31.762562], [-103.192485, 31.755527], [-103.192438, 31.75542], [-103.192362, 31.755248], [-103.192317, 31.755147], [-103.19072, 31.751642], [-103.189203, 31.748313], [-103.189153, 31.748203], [-103.189069, 31.748026], [-103.18902, 31.747922], [-103.185808, 31.741288], [-103.185753, 31.741175], [-103.185662, 31.740993], [-103.185608, 31.740887], [-103.184193, 31.738137], [-103.182299, 31.734453], [-103.182238, 31.734337], [-103.182139, 31.73415], [-103.182081, 31.734041], [-103.178675, 31.727808], [-103.17861, 31.727689], [-103.178502, 31.727497], [-103.178438, 31.727385], [-103.177019, 31.724939], [-103.174938, 31.721352], [-103.174867, 31.72123], [-103.17475, 31.721034], [-103.174681, 31.720919], [-103.171088, 31.715085], [-103.17101, 31.714961], [-103.170883, 31.71476], [-103.170808, 31.714643], [-103.169133, 31.712081], [-103.167123, 31.709007], [-103.167039, 31.708881], [-103.166902, 31.708676], [-103.16682, 31.708557], [-103.163045, 31.703119], [-103.162954, 31.70299], [-103.162805, 31.702782], [-103.162717, 31.702661], [-103.160458, 31.699597], [-103.158853, 31.69742], [-103.158755, 31.697289], [-103.158594, 31.697077], [-103.1585, 31.696954], [-103.154546, 31.691909], [-103.154441, 31.691777], [-103.154269, 31.691563], [-103.154167, 31.691438], [-103.150909, 31.687528], [-103.149997, 31.686433], [-103.149908, 31.686324], [-103.145696, 31.681135], [-103.145605, 31.681021], [-103.141528, 31.675857], [-103.141436, 31.675739], [-103.141259, 31.675508], [-103.137492, 31.670602], [-103.1374, 31.67048], [-103.13359, 31.665367], [-103.133497, 31.665241], [-103.132071, 31.663269], [-103.12982, 31.660155], [-103.129727, 31.660024], [-103.126183, 31.654964], [-103.12609, 31.654829], [-103.123363, 31.650803], [-103.122679, 31.649795], [-103.122586, 31.649655], [-103.11928, 31.644605], [-103.119242, 31.644546], [-103.119227, 31.644523], [-103.119171, 31.644435], [-103.116042, 31.639477], [-103.116005, 31.639417], [-103.115989, 31.639392], [-103.115934, 31.639302], [-103.115192, 31.638083], [-103.112936, 31.634371], [-103.112899, 31.63431], [-103.11288, 31.634277], [-103.112828, 31.63419], [-103.112678, 31.633934], [-103.11261, 31.63382], [-103.112399, 31.63348], [-103.112327, 31.633368], [-103.112091, 31.633008], [-103.111936, 31.632784], [-103.111452, 31.632122], [-103.111284, 31.631905], [-103.111227, 31.631835], [-103.111048, 31.631624], [-103.110492, 31.631005], [-103.110301, 31.630802], [-103.10999, 31.630488], [-103.10989, 31.63039], [-103.109587, 31.630098], [-103.109484, 31.630002], [-103.105311, 31.626174], [-103.096535, 31.618122], [-103.087428, 31.609764], [-103.08355, 31.606205], [-103.083023, 31.605689], [-103.082534, 31.605145], [-103.082086, 31.604577], [-103.081681, 31.603985], [-103.081321, 31.603373], [-103.081006, 31.602742], [-103.080738, 31.602096], [-103.078913, 31.597209], [-103.074499, 31.585385], [-103.072961, 31.581263], [-103.072928, 31.581173], [-103.072887, 31.581062], [-103.072842, 31.580933], [-103.072837, 31.58092], [-103.072793, 31.58079], [-103.071914, 31.57813], [-103.071449, 31.576725], [-103.071432, 31.576672], [-103.071418, 31.576628], [-103.071257, 31.576078], [-103.071009, 31.575122], [-103.067394, 31.56119], [-103.064595, 31.550399], [-103.064438, 31.549681], [-103.064338, 31.548956], [-103.064294, 31.548227], [-103.064308, 31.547497], [-103.064379, 31.54677], [-103.064454, 31.546346], [-103.064507, 31.546048], [-103.064691, 31.545335], [-103.067395, 31.5363], [-103.070984, 31.524306], [-103.074641, 31.51208], [-103.074682, 31.511936], [-103.074797, 31.511501], [-103.074833, 31.511356], [-103.074957, 31.510823], [-103.074988, 31.510677], [-103.075061, 31.51031], [-103.07511, 31.510016], [-103.07516, 31.509647], [-103.075174, 31.509529], [-103.075177, 31.5095], [-103.075202, 31.509255], [-103.075215, 31.509107], [-103.075241, 31.508736], [-103.075252, 31.508439], [-103.075254, 31.508067], [-103.075253, 31.507919], [-103.075246, 31.507673], [-103.07524, 31.507525], [-103.075219, 31.507154], [-103.075192, 31.506858], [-103.075147, 31.506488], [-103.075127, 31.506341], [-103.075043, 31.505802], [-103.075018, 31.505655], [-103.074936, 31.505215], [-103.074906, 31.505068], [-103.073862, 31.500311], [-103.073835, 31.500191], [-103.073806, 31.500069], [-103.073789, 31.499996], [-103.073762, 31.499883], [-103.072321, 31.494026], [-103.072294, 31.493918], [-103.072249, 31.493742], [-103.072222, 31.493639], [-103.070554, 31.487474], [-103.070527, 31.487375], [-103.070482, 31.487215], [-103.070456, 31.487122], [-103.069927, 31.485317], [-103.068562, 31.480652], [-103.068535, 31.480562], [-103.068491, 31.480417], [-103.068465, 31.480332], [-103.066343, 31.473562], [-103.066317, 31.47348], [-103.066274, 31.473346], [-103.066249, 31.473269], [-103.065445, 31.470852], [-103.063899, 31.466202], [-103.063874, 31.466126], [-103.063832, 31.466004], [-103.063807, 31.465933], [-103.061844, 31.460326], [-103.061233, 31.458583], [-103.061169, 31.458401], [-103.060539, 31.456684], [-103.060483, 31.456538], [-103.060307, 31.4561], [-103.060245, 31.455955], [-103.060012, 31.455427], [-103.059946, 31.455283], [-103.059775, 31.454926], [-103.059629, 31.454644], [-103.059434, 31.454296], [-103.059354, 31.454157], [-103.059218, 31.45393], [-103.059134, 31.453794], [-103.058916, 31.453456], [-103.058734, 31.45319], [-103.058494, 31.452862], [-103.058397, 31.452733], [-103.058031, 31.452263], [-103.057929, 31.452136], [-103.057616, 31.451758], [-103.057575, 31.45171], [-103.05751, 31.451633], [-103.054291, 31.447966], [-103.049304, 31.442284], [-103.040915, 31.432724], [-103.03064, 31.421012], [-103.023172, 31.412497], [-103.023079, 31.412393], [-103.022795, 31.412085], [-103.022699, 31.411984], [-103.022391, 31.411666], [-103.022191, 31.411468], [-103.021573, 31.41089], [-103.021362, 31.410701], [-103.021291, 31.41064], [-103.02107, 31.41046], [-103.02039, 31.409935], [-103.020159, 31.409765], [-103.020081, 31.40971], [-103.01984, 31.40955], [-103.01984, 31.409549], [-103.019105, 31.409083], [-103.018856, 31.408932], [-103.018773, 31.408884], [-103.018515, 31.408744], [-103.017731, 31.40834], [-103.017052, 31.407964], [-103.016403, 31.407552], [-103.015786, 31.407106], [-103.015203, 31.406626], [-103.014656, 31.406116], [-103.014149, 31.405577], [-103.013682, 31.405012], [-103.013259, 31.404422], [-103.01288, 31.40381], [-103.012547, 31.403179], [-103.012262, 31.402531], [-103.012025, 31.401869], [-103.011838, 31.401195], [-103.011701, 31.400513], [-103.011615, 31.399824], [-103.011367, 31.396983], [-103.010133, 31.382845], [-103.009675, 31.3776], [-103.009661, 31.37746], [-103.009611, 31.377038], [-103.009593, 31.376897], [-103.009516, 31.376384], [-103.009493, 31.376244], [-103.009431, 31.375895], [-103.009372, 31.375617], [-103.009289, 31.375271], [-103.009253, 31.375133], [-103.009191, 31.374905], [-103.009151, 31.374768], [-103.009047, 31.374426], [-103.008955, 31.374155], [-103.00883, 31.373818], [-103.008778, 31.373684], [-103.008688, 31.373463], [-103.008656, 31.373387], [-103.016973, 31.369437], [-103.017149, 31.361058], [-103.008782, 31.356738], [-103.008958, 31.348359], [-103.017501, 31.344301], [-103.025868, 31.348621], [-103.03441, 31.344561], [-103.034584, 31.336183], [-103.043124, 31.332123], [-103.051491, 31.336441], [-103.051319, 31.344819], [-103.059687, 31.349137], [-103.068228, 31.345075], [-103.076597, 31.349391], [-103.076427, 31.35777], [-103.067885, 31.361833], [-103.067714, 31.370211], [-103.076085, 31.374528], [-103.084628, 31.370465], [-103.093, 31.37478], [-103.101542, 31.370717], [-103.109915, 31.375031], [-103.109747, 31.38341], [-103.118122, 31.387724], [-103.126664, 31.383658], [-103.12683, 31.375279], [-103.135371, 31.371213], [-103.143746, 31.375525], [-103.152285, 31.371458], [-103.160661, 31.375769], [-103.1692, 31.3717], [-103.169363, 31.363321], [-103.160988, 31.359011], [-103.152449, 31.363079], [-103.144075, 31.358767], [-103.14424, 31.350388], [-103.152777, 31.34632], [-103.152941, 31.337941], [-103.161477, 31.333873], [-103.16985, 31.338184], [-103.178385, 31.334114], [-103.178547, 31.325735], [-103.187081, 31.321665], [-103.195454, 31.325974], [-103.203987, 31.321903], [-103.204146, 31.313523], [-103.195773, 31.309215], [-103.187241, 31.313286], [-103.178869, 31.308976], [-103.170336, 31.313046], [-103.170174, 31.321425], [-103.16164, 31.325494], [-103.153268, 31.321183], [-103.153432, 31.312804], [-103.161965, 31.308735], [-103.162128, 31.300356], [-103.153759, 31.296045], [-103.153922, 31.287666], [-103.145554, 31.283355], [-103.145718, 31.274975], [-103.154249, 31.270908], [-103.154412, 31.262528], [-103.146046, 31.258217], [-103.14621, 31.249838], [-103.137846, 31.245526], [-103.13801, 31.237147], [-103.146537, 31.233079], [-103.154901, 31.23739], [-103.163427, 31.233322], [-103.16359, 31.224942], [-103.155227, 31.220632], [-103.146701, 31.2247], [-103.138339, 31.220388], [-103.138503, 31.212009], [-103.130142, 31.207697], [-103.130307, 31.199318], [-103.121948, 31.195005], [-103.113423, 31.199071], [-103.113257, 31.20745], [-103.104731, 31.211516], [-103.096372, 31.207202], [-103.09654, 31.198822], [-103.088182, 31.194508], [-103.079656, 31.198572], [-103.071299, 31.194256], [-103.071469, 31.185877], [-103.063114, 31.181561], [-103.054589, 31.185623], [-103.046234, 31.181305], [-103.046406, 31.172926], [-103.054931, 31.168865], [-103.055103, 31.160486], [-103.04675, 31.156169], [-103.046922, 31.14779], [-103.038571, 31.143472], [-103.038744, 31.135093], [-103.047266, 31.131032], [-103.047437, 31.122653], [-103.039089, 31.118335], [-103.030568, 31.122396], [-103.02222, 31.118078], [-103.013699, 31.122137], [-103.013524, 31.130516], [-103.021872, 31.134835], [-103.021698, 31.143214], [-103.013175, 31.147273], [-103.004826, 31.142954], [-103.005001, 31.134575], [-102.996654, 31.130255], [-102.98813, 31.134312], [-102.979783, 31.129991], [-102.971259, 31.134048], [-102.962913, 31.129725], [-102.963092, 31.121347], [-102.954748, 31.117024], [-102.946224, 31.121079], [-102.93788, 31.116755], [-102.938062, 31.108377], [-102.946585, 31.104322], [-102.946765, 31.095944], [-102.955287, 31.091889], [-102.955466, 31.08351], [-102.947126, 31.079187], [-102.938605, 31.083241], [-102.930265, 31.078917], [-102.930446, 31.070539], [-102.938966, 31.066485], [-102.939147, 31.058106], [-102.930809, 31.053782], [-102.930991, 31.045403], [-102.939508, 31.041349], [-102.939689, 31.032971], [-102.931353, 31.028647], [-102.922836, 31.0327], [-102.922654, 31.041079], [-102.914136, 31.045132], [-102.905801, 31.040806], [-102.905984, 31.032428], [-102.914501, 31.028375], [-102.914684, 31.019997], [-102.9232, 31.015944], [-102.923382, 31.007565], [-102.915049, 31.00324], [-102.915126, 30.999696], [-102.916387, 30.999311], [-102.916509, 30.999274], [-102.916558, 30.999259], [-102.916733, 30.999209], [-102.920134, 30.998251], [-102.920259, 30.998216], [-102.92031, 30.998202], [-102.920489, 30.998155], [-102.923876, 30.997281], [-102.924004, 30.997249], [-102.924056, 30.997236], [-102.92424, 30.997191], [-102.927613, 30.996402], [-102.927745, 30.996372], [-102.927798, 30.99636], [-102.927987, 30.996319], [-102.931347, 30.995613], [-102.931481, 30.995586], [-102.931536, 30.995575], [-102.931728, 30.995538], [-102.93207, 30.995474], [-102.935076, 30.994915], [-102.935213, 30.99489], [-102.935269, 30.994881], [-102.935465, 30.994847], [-102.938801, 30.994307], [-102.938941, 30.994285], [-102.938997, 30.994277], [-102.939197, 30.994248], [-102.942522, 30.99379], [-102.942664, 30.993771], [-102.942722, 30.993764], [-102.942924, 30.993739], [-102.945218, 30.993479], [-102.946239, 30.993363], [-102.946383, 30.993348], [-102.946441, 30.993342], [-102.946647, 30.993322], [-102.949952, 30.993027], [-102.950098, 30.993014], [-102.950157, 30.99301], [-102.950364, 30.992995], [-102.953662, 30.992781], [-102.953808, 30.992772], [-102.953868, 30.992769], [-102.954077, 30.992759], [-102.954506, 30.992742], [-102.948923, 30.995401], [-102.948744, 31.00378], [-102.957078, 31.008103], [-102.965591, 31.004047], [-102.973927, 31.008368], [-102.973749, 31.016747], [-102.982086, 31.021069], [-102.981909, 31.029447], [-102.990248, 31.033768], [-102.990072, 31.042147], [-102.981556, 31.046205], [-102.981379, 31.054583], [-102.989719, 31.058904], [-102.989543, 31.067283], [-102.997885, 31.071604], [-103.006402, 31.067545], [-103.014745, 31.071864], [-103.014571, 31.080243], [-103.022915, 31.084562], [-103.031433, 31.080502], [-103.039778, 31.08482], [-103.048295, 31.080758], [-103.048466, 31.072379], [-103.056981, 31.068317], [-103.065327, 31.072633], [-103.073842, 31.06857], [-103.082188, 31.072885], [-103.090702, 31.068821], [-103.099049, 31.073135], [-103.098882, 31.081514], [-103.10723, 31.085828], [-103.107064, 31.094207], [-103.115414, 31.098521], [-103.115249, 31.1069], [-103.106732, 31.110966], [-103.106565, 31.119345], [-103.114917, 31.123658], [-103.114752, 31.132038], [-103.123105, 31.13635], [-103.12294, 31.14473], [-103.11442, 31.148796], [-103.114254, 31.157175], [-103.12261, 31.161488], [-103.122444, 31.169868], [-103.130801, 31.17418], [-103.130637, 31.182559], [-103.138995, 31.186871], [-103.147518, 31.182803], [-103.155877, 31.187114], [-103.155715, 31.195494], [-103.164075, 31.199804], [-103.172598, 31.195735], [-103.172759, 31.187355], [-103.164399, 31.183045], [-103.164561, 31.174666], [-103.173081, 31.170596], [-103.173242, 31.162217], [-103.181761, 31.158147], [-103.181921, 31.149767], [-103.190439, 31.145696], [-103.190598, 31.137316], [-103.199114, 31.133245], [-103.207471, 31.137552], [-103.215987, 31.13348], [-103.216144, 31.1251], [-103.224657, 31.121027], [-103.233015, 31.125333], [-103.23286, 31.133712], [-103.224345, 31.137786], [-103.224189, 31.146166], [-103.232549, 31.150472], [-103.241064, 31.146398], [-103.249425, 31.150703], [-103.249271, 31.159082], [-103.240755, 31.163157], [-103.2406, 31.171537], [-103.248963, 31.175842], [-103.248809, 31.184222], [-103.257173, 31.188526], [-103.257019, 31.196906], [-103.2485, 31.200981], [-103.240135, 31.196676], [-103.231615, 31.20075], [-103.231459, 31.20913], [-103.222937, 31.213204], [-103.214572, 31.208897], [-103.21473, 31.200517], [-103.206366, 31.19621], [-103.197845, 31.200282], [-103.197686, 31.208661], [-103.20605, 31.212969], [-103.205891, 31.221349], [-103.197368, 31.22542], [-103.197209, 31.2338], [-103.205575, 31.238108], [-103.205416, 31.246487], [-103.19689, 31.250559], [-103.196731, 31.258938], [-103.205099, 31.263246], [-103.213626, 31.259174], [-103.221995, 31.263481], [-103.230522, 31.259408], [-103.230678, 31.251028], [-103.239203, 31.246955], [-103.247572, 31.25126], [-103.256096, 31.247185], [-103.264467, 31.251489], [-103.264313, 31.259869], [-103.272685, 31.264173], [-103.281209, 31.260096], [-103.289582, 31.264399], [-103.298106, 31.260321], [-103.306479, 31.264623], [-103.315002, 31.260544], [-103.323376, 31.264844], [-103.331899, 31.260764], [-103.332046, 31.252384], [-103.340567, 31.248303], [-103.348941, 31.252602], [-103.348795, 31.260982], [-103.340274, 31.265064], [-103.340127, 31.273444], [-103.348503, 31.277743], [-103.357026, 31.273661], [-103.357171, 31.265281], [-103.365693, 31.261198], [-103.374069, 31.265496], [-103.38259, 31.261412], [-103.390967, 31.265708], [-103.399487, 31.261624], [-103.399629, 31.253243], [-103.391252, 31.248948], [-103.391394, 31.240567], [-103.399911, 31.236483], [-103.408287, 31.240778], [-103.416804, 31.236692], [-103.425181, 31.240986], [-103.425042, 31.249366], [-103.433421, 31.25366], [-103.441938, 31.249572], [-103.450317, 31.253865], [-103.45018, 31.262245], [-103.458561, 31.266537], [-103.458425, 31.274918], [-103.466807, 31.279209], [-103.466672, 31.28759], [-103.475056, 31.291881], [-103.483574, 31.28779], [-103.491959, 31.29208], [-103.500477, 31.287989]], [[-103.412427, 31.995183], [-103.403984, 31.990886], [-103.395396, 31.994968], [-103.386954, 31.990671], [-103.378366, 31.994752], [-103.378218, 32.003131], [-103.386661, 32.007429], [-103.386514, 32.015809], [-103.394958, 32.020107], [-103.403548, 32.016024], [-103.403693, 32.007645], [-103.412282, 32.003562], [-103.412427, 31.995183]], [[-103.15968, 31.426044], [-103.168224, 31.421975], [-103.168387, 31.413596], [-103.160008, 31.409285], [-103.160171, 31.400906], [-103.168713, 31.396838], [-103.168875, 31.388459], [-103.160498, 31.384148], [-103.151957, 31.388216], [-103.143581, 31.383904], [-103.13504, 31.387971], [-103.134874, 31.39635], [-103.126331, 31.400416], [-103.126165, 31.408795], [-103.11762, 31.41286], [-103.117453, 31.421239], [-103.125831, 31.425553], [-103.125665, 31.433932], [-103.117118, 31.437997], [-103.108739, 31.433683], [-103.100191, 31.437747], [-103.100022, 31.446126], [-103.108402, 31.450441], [-103.108234, 31.458819], [-103.116615, 31.463134], [-103.125164, 31.459068], [-103.133546, 31.463382], [-103.142094, 31.459315], [-103.14226, 31.450936], [-103.150807, 31.446869], [-103.159189, 31.451181], [-103.167735, 31.447113], [-103.167898, 31.438734], [-103.159517, 31.434423], [-103.15968, 31.426044]]]}}, {"type": "Feature", "properties": {"area_no": 23, "area_sqmi": 78.3969660062152, "n12": 47, "oil12_p50": 8.86279419128693, "oil12_p10_high": 13.168493717992654, "oil12_p90_low": 4.326559995611551, "oil12_mean": 8.925626195461092, "n24": 44, "oil24_p50": 12.591229218601168, "n_eur": 48, "bo_ft_p50": 21.717461171892154, "n_eur_cum_fallback": 0, "n_WCA_1": 7, "n_WCA_2": 40, "n_WCXY": 0, "n_other_tag": 0, "oil12_p50_exWCXY": 8.86279419128693, "n12_exWCXY": 47, "fp_year_p50": 2019.0, "lateral_p50": 7408.0, "top_operator": "Petro-Hunt", "top_operator_share": 0.425531914893617, "flag": "", "d1_puds_WCA_1+2": 7, "d1_puds_WCXY": 5}, "geometry": {"type": "Polygon", "coordinates": [[[-104.138377, 31.604011], [-104.143455, 31.60705], [-104.143527, 31.607093], [-104.143557, 31.607112], [-104.143665, 31.607178], [-104.146787, 31.609116], [-104.148352, 31.610088], [-104.148432, 31.610138], [-104.148466, 31.610159], [-104.148586, 31.610236], [-104.152893, 31.613021], [-104.152986, 31.613082], [-104.153023, 31.613106], [-104.153155, 31.613195], [-104.156924, 31.615747], [-104.15705, 31.615832], [-104.157154, 31.615904], [-104.157197, 31.615933], [-104.157345, 31.616038], [-104.160835, 31.618528], [-104.160953, 31.618613], [-104.161002, 31.618648], [-104.16117, 31.618774], [-104.164247, 31.621106], [-104.164383, 31.62121], [-104.164438, 31.621253], [-104.164628, 31.621404], [-104.167316, 31.623588], [-104.167507, 31.623746], [-104.167568, 31.623798], [-104.167753, 31.623957], [-104.167768, 31.623971], [-104.169988, 31.62593], [-104.170204, 31.626125], [-104.170275, 31.626191], [-104.170485, 31.626391], [-104.172286, 31.628145], [-104.172533, 31.628393], [-104.172613, 31.628477], [-104.172851, 31.628731], [-104.174211, 31.630228], [-104.174491, 31.630548], [-104.174582, 31.630656], [-104.174848, 31.630984], [-104.17577, 31.632169], [-104.17608, 31.632588], [-104.176179, 31.632729], [-104.176467, 31.633159], [-104.177063, 31.634102], [-104.177104, 31.634164], [-104.177226, 31.634352], [-104.177267, 31.634414], [-104.177503, 31.634765], [-104.177546, 31.634826], [-104.177673, 31.635011], [-104.177717, 31.635072], [-104.178121, 31.635638], [-104.178399, 31.636027], [-104.178442, 31.636087], [-104.178573, 31.636265], [-104.178618, 31.636324], [-104.17887, 31.636657], [-104.178915, 31.636716], [-104.179051, 31.636891], [-104.179097, 31.636949], [-104.179868, 31.637913], [-104.179914, 31.637969], [-104.180052, 31.638137], [-104.180098, 31.638193], [-104.180364, 31.638507], [-104.180411, 31.638562], [-104.180554, 31.638727], [-104.180602, 31.638782], [-104.181471, 31.639758], [-104.181518, 31.639811], [-104.181662, 31.639968], [-104.18171, 31.64002], [-104.181985, 31.640314], [-104.182034, 31.640366], [-104.182182, 31.64052], [-104.182232, 31.640571], [-104.183206, 31.641562], [-104.183255, 31.641611], [-104.183402, 31.641757], [-104.183452, 31.641805], [-104.183733, 31.642078], [-104.183784, 31.642126], [-104.183935, 31.64227], [-104.183986, 31.642317], [-104.185075, 31.643323], [-104.185124, 31.643369], [-104.185274, 31.643504], [-104.185324, 31.643548], [-104.185609, 31.643801], [-104.18566, 31.643845], [-104.185813, 31.643977], [-104.185864, 31.644021], [-104.187076, 31.645042], [-104.187125, 31.645084], [-104.187276, 31.645208], [-104.187326, 31.645249], [-104.187613, 31.645481], [-104.187664, 31.645521], [-104.187817, 31.645642], [-104.187868, 31.645682], [-104.189209, 31.646718], [-104.189259, 31.646756], [-104.189394, 31.646859], [-104.182071, 31.650414], [-104.181998, 31.658796], [-104.173474, 31.662933], [-104.173399, 31.671315], [-104.164874, 31.675451], [-104.164799, 31.683833], [-104.156272, 31.687968], [-104.156196, 31.69635], [-104.147667, 31.700485], [-104.147591, 31.708867], [-104.156044, 31.713115], [-104.155968, 31.721497], [-104.147437, 31.725631], [-104.14736, 31.734013], [-104.138828, 31.738147], [-104.130373, 31.733899], [-104.12184, 31.738031], [-104.113386, 31.733782], [-104.104852, 31.737913], [-104.096399, 31.733662], [-104.09648, 31.72528], [-104.088028, 31.721029], [-104.079495, 31.725159], [-104.071044, 31.720906], [-104.062509, 31.725035], [-104.054059, 31.720781], [-104.045524, 31.724909], [-104.037075, 31.720654], [-104.028539, 31.724781], [-104.02009, 31.720525], [-104.011554, 31.72465], [-104.003106, 31.720393], [-104.003196, 31.712011], [-104.011731, 31.707886], [-104.020178, 31.712143], [-104.028713, 31.708017], [-104.028801, 31.699635], [-104.037334, 31.695509], [-104.037421, 31.687127], [-104.045953, 31.683], [-104.054399, 31.687254], [-104.062931, 31.683125], [-104.071378, 31.687378], [-104.079908, 31.683249], [-104.088356, 31.687501], [-104.096886, 31.68337], [-104.096967, 31.674988], [-104.105496, 31.670857], [-104.105576, 31.662475], [-104.09713, 31.658224], [-104.097211, 31.649842], [-104.088766, 31.645591], [-104.088847, 31.637209], [-104.080404, 31.632957], [-104.071878, 31.637086], [-104.071795, 31.645468], [-104.063267, 31.649597], [-104.063183, 31.657979], [-104.054654, 31.662108], [-104.04621, 31.657854], [-104.046296, 31.649472], [-104.054824, 31.645344], [-104.054909, 31.636962], [-104.046467, 31.632708], [-104.037939, 31.636835], [-104.037853, 31.645217], [-104.029324, 31.649344], [-104.029237, 31.657726], [-104.020707, 31.661852], [-104.012264, 31.657595], [-104.012353, 31.649214], [-104.020882, 31.645088], [-104.02097, 31.636706], [-104.01253, 31.63245], [-104.012618, 31.624068], [-104.00418, 31.619811], [-104.004269, 31.611429], [-103.995832, 31.607172], [-103.995922, 31.59879], [-104.004447, 31.594665], [-104.012884, 31.598922], [-104.021409, 31.594796], [-104.021496, 31.586414], [-104.013061, 31.582158], [-104.013149, 31.573776], [-104.004715, 31.56952], [-104.004804, 31.561138], [-104.013326, 31.557012], [-104.013414, 31.54863], [-104.019979, 31.545451], [-104.025698, 31.548011], [-104.025751, 31.548035], [-104.030353, 31.550118], [-104.036117, 31.552726], [-104.036173, 31.552752], [-104.046168, 31.557329], [-104.046228, 31.557357], [-104.04665, 31.557553], [-104.055668, 31.561735], [-104.055851, 31.56182], [-104.055916, 31.56185], [-104.065167, 31.5662], [-104.065236, 31.566232], [-104.072546, 31.569719], [-104.074114, 31.570467], [-104.074188, 31.570502], [-104.081486, 31.574037], [-104.082694, 31.574622], [-104.082773, 31.574661], [-104.090905, 31.578665], [-104.090991, 31.578707], [-104.097864, 31.582153], [-104.098747, 31.582595], [-104.09884, 31.582643], [-104.106221, 31.586414], [-104.106322, 31.586466], [-104.106876, 31.586755], [-104.113393, 31.590156], [-104.113505, 31.590215], [-104.120134, 31.593753], [-104.120254, 31.593819], [-104.123181, 31.59542], [-104.125836, 31.596873], [-104.126505, 31.597239], [-104.126638, 31.597312], [-104.131619, 31.600112], [-104.132507, 31.600612], [-104.132653, 31.600695], [-104.138188, 31.603899], [-104.138253, 31.603938], [-104.13828, 31.603953], [-104.138377, 31.604011]]]}}, {"type": "Feature", "properties": {"area_no": 24, "area_sqmi": 383.79526258612907, "n12": 310, "oil12_p50": 13.708981784782068, "oil12_p10_high": 20.448623352190587, "oil12_p90_low": 8.581147790046469, "oil12_mean": 14.047563988293446, "n24": 278, "oil24_p50": 20.004811708111497, "n_eur": 325, "bo_ft_p50": 52.59563375692408, "n_eur_cum_fallback": 0, "n_WCA_1": 147, "n_WCA_2": 141, "n_WCXY": 18, "n_other_tag": 4, "oil12_p50_exWCXY": 13.858369121146708, "n12_exWCXY": 292, "fp_year_p50": 2020.0, "lateral_p50": 9548.5, "top_operator": "Permian Resources", "top_operator_share": 0.19032258064516128, "flag": "", "d1_puds_WCA_1+2": 16, "d1_puds_WCXY": 170}, "geometry": {"type": "Polygon", "coordinates": [[[-103.873251, 31.479285], [-103.877025, 31.481216], [-103.883507, 31.484532], [-103.883591, 31.484575], [-103.883727, 31.484644], [-103.883807, 31.484683], [-103.886996, 31.48626], [-103.894482, 31.48996], [-103.894562, 31.489999], [-103.894692, 31.490063], [-103.894768, 31.490099], [-103.902615, 31.493852], [-103.905861, 31.495404], [-103.905937, 31.49544], [-103.906061, 31.495498], [-103.906133, 31.495532], [-103.91227, 31.498375], [-103.917633, 31.500858], [-103.917822, 31.500945], [-103.929128, 31.506024], [-103.92982, 31.506334], [-103.93, 31.506414], [-103.938198, 31.509989], [-103.942412, 31.511826], [-103.942584, 31.5119], [-103.954427, 31.516918], [-103.95548, 31.517364], [-103.955518, 31.51738], [-103.965664, 31.521712], [-103.9681, 31.522752], [-103.96814, 31.522769], [-103.979732, 31.527761], [-103.980353, 31.528029], [-103.980395, 31.528047], [-103.99224, 31.533193], [-103.992284, 31.533212], [-103.992968, 31.533512], [-104.00376, 31.538244], [-104.003807, 31.538265], [-104.005041, 31.538811], [-104.014913, 31.543184], [-104.014963, 31.543206], [-104.019979, 31.545451], [-104.013414, 31.54863], [-104.013326, 31.557012], [-104.004804, 31.561138], [-104.004715, 31.56952], [-104.013149, 31.573776], [-104.013061, 31.582158], [-104.021496, 31.586414], [-104.021409, 31.594796], [-104.012884, 31.598922], [-104.004447, 31.594665], [-103.995922, 31.59879], [-103.995832, 31.607172], [-104.004269, 31.611429], [-104.00418, 31.619811], [-104.012618, 31.624068], [-104.01253, 31.63245], [-104.004001, 31.636575], [-103.995562, 31.632317], [-103.987032, 31.636441], [-103.978594, 31.632183], [-103.978685, 31.623801], [-103.970248, 31.619542], [-103.97034, 31.61116], [-103.961905, 31.606901], [-103.953376, 31.611022], [-103.944942, 31.606762], [-103.945036, 31.59838], [-103.953564, 31.594259], [-103.953657, 31.585877], [-103.945225, 31.581616], [-103.945319, 31.573234], [-103.953845, 31.569113], [-103.953938, 31.560731], [-103.945508, 31.556471], [-103.936983, 31.560592], [-103.928554, 31.55633], [-103.920029, 31.560449], [-103.919932, 31.568831], [-103.911405, 31.57295], [-103.902976, 31.568687], [-103.894448, 31.572805], [-103.88602, 31.56854], [-103.877492, 31.572657], [-103.877391, 31.581038], [-103.868861, 31.585154], [-103.860433, 31.580888], [-103.860535, 31.572507], [-103.852108, 31.56824], [-103.843578, 31.572354], [-103.835152, 31.568087], [-103.826622, 31.5722], [-103.826517, 31.580581], [-103.817985, 31.584694], [-103.809559, 31.580424], [-103.801027, 31.584536], [-103.800919, 31.592917], [-103.792385, 31.597028], [-103.78396, 31.592757], [-103.784069, 31.584376], [-103.775644, 31.580104], [-103.76711, 31.584213], [-103.758687, 31.57994], [-103.758798, 31.571559], [-103.767331, 31.567451], [-103.767441, 31.559069], [-103.775973, 31.55496], [-103.776082, 31.546579], [-103.784612, 31.542469], [-103.784721, 31.534087], [-103.776301, 31.529816], [-103.767772, 31.533925], [-103.767662, 31.542307], [-103.759131, 31.546415], [-103.750711, 31.542142], [-103.74218, 31.54625], [-103.742067, 31.554631], [-103.733534, 31.558738], [-103.733421, 31.567119], [-103.724887, 31.571225], [-103.724773, 31.579606], [-103.733194, 31.583881], [-103.733081, 31.592262], [-103.724544, 31.596369], [-103.716122, 31.592093], [-103.716237, 31.583712], [-103.707816, 31.579436], [-103.699279, 31.583541], [-103.699163, 31.591922], [-103.707584, 31.596198], [-103.707469, 31.604579], [-103.69893, 31.608684], [-103.690507, 31.604406], [-103.690624, 31.596025], [-103.682204, 31.591748], [-103.682322, 31.583367], [-103.690859, 31.579263], [-103.690976, 31.570882], [-103.699512, 31.566778], [-103.707931, 31.571055], [-103.716466, 31.56695], [-103.716581, 31.558569], [-103.708162, 31.554293], [-103.699628, 31.558397], [-103.69121, 31.55412], [-103.691327, 31.545739], [-103.682911, 31.541462], [-103.683028, 31.533081], [-103.674613, 31.528803], [-103.66608, 31.532905], [-103.665961, 31.541286], [-103.657426, 31.545388], [-103.657306, 31.553769], [-103.64877, 31.55787], [-103.640354, 31.55359], [-103.631817, 31.55769], [-103.623403, 31.553408], [-103.614865, 31.557507], [-103.614741, 31.565888], [-103.606202, 31.569986], [-103.597787, 31.565703], [-103.589248, 31.5698], [-103.580834, 31.565516], [-103.572293, 31.569612], [-103.563881, 31.565326], [-103.564009, 31.556946], [-103.555598, 31.55266], [-103.547057, 31.556754], [-103.538647, 31.552467], [-103.530106, 31.55656], [-103.529974, 31.564941], [-103.521432, 31.569033], [-103.513021, 31.564745], [-103.504478, 31.568836], [-103.504344, 31.577216], [-103.4958, 31.581307], [-103.487389, 31.577017], [-103.478844, 31.581106], [-103.470435, 31.576815], [-103.470572, 31.568435], [-103.462164, 31.564143], [-103.453619, 31.568231], [-103.45348, 31.576611], [-103.461889, 31.580903], [-103.461751, 31.589284], [-103.470161, 31.593575], [-103.470024, 31.601956], [-103.461475, 31.606044], [-103.453065, 31.601751], [-103.444516, 31.605838], [-103.436106, 31.601545], [-103.427556, 31.605631], [-103.419147, 31.601336], [-103.410597, 31.605421], [-103.402188, 31.601125], [-103.393637, 31.605209], [-103.393493, 31.613588], [-103.401902, 31.617885], [-103.401759, 31.626265], [-103.393205, 31.630348], [-103.384796, 31.626051], [-103.376242, 31.630134], [-103.376096, 31.638513], [-103.36754, 31.642595], [-103.367394, 31.650975], [-103.375805, 31.655273], [-103.375659, 31.663653], [-103.367101, 31.667734], [-103.358689, 31.663435], [-103.358837, 31.655056], [-103.350427, 31.650757], [-103.350575, 31.642377], [-103.342166, 31.638077], [-103.342315, 31.629698], [-103.350871, 31.625618], [-103.351018, 31.617238], [-103.342612, 31.612938], [-103.334057, 31.617018], [-103.333908, 31.625397], [-103.325352, 31.629476], [-103.316946, 31.625175], [-103.308389, 31.629252], [-103.299984, 31.62495], [-103.300136, 31.616571], [-103.291733, 31.612268], [-103.291886, 31.603888], [-103.283484, 31.599585], [-103.283637, 31.591205], [-103.292192, 31.587129], [-103.292344, 31.57875], [-103.283944, 31.574447], [-103.284098, 31.566067], [-103.275699, 31.561763], [-103.275854, 31.553384], [-103.284405, 31.549308], [-103.292803, 31.553611], [-103.301353, 31.549534], [-103.301505, 31.541155], [-103.293108, 31.536852], [-103.284558, 31.540929], [-103.276162, 31.536625], [-103.276316, 31.528245], [-103.267921, 31.523941], [-103.268076, 31.515562], [-103.259682, 31.511257], [-103.251134, 31.515331], [-103.242742, 31.511026], [-103.242898, 31.502646], [-103.251446, 31.498572], [-103.259838, 31.502878], [-103.268385, 31.498803], [-103.276777, 31.503107], [-103.285324, 31.499031], [-103.293717, 31.503334], [-103.302263, 31.499257], [-103.310657, 31.503559], [-103.319202, 31.499481], [-103.327597, 31.503781], [-103.336142, 31.499702], [-103.344538, 31.504002], [-103.353081, 31.499921], [-103.353228, 31.491541], [-103.36177, 31.48746], [-103.361917, 31.47908], [-103.370457, 31.474998], [-103.370602, 31.466618], [-103.379142, 31.462536], [-103.387536, 31.466833], [-103.396075, 31.462749], [-103.404471, 31.467045], [-103.413009, 31.46296], [-103.421405, 31.467255], [-103.429942, 31.463169], [-103.43834, 31.467462], [-103.446876, 31.463375], [-103.447014, 31.454995], [-103.455549, 31.450907], [-103.463947, 31.455199], [-103.472481, 31.45111], [-103.48088, 31.455401], [-103.480744, 31.463782], [-103.472209, 31.467871], [-103.46381, 31.46358], [-103.455274, 31.467668], [-103.455137, 31.476048], [-103.446599, 31.480136], [-103.4382, 31.475843], [-103.429662, 31.479929], [-103.429522, 31.488309], [-103.437922, 31.492603], [-103.437783, 31.500983], [-103.429242, 31.50507], [-103.420842, 31.500775], [-103.412301, 31.504861], [-103.412159, 31.513241], [-103.42056, 31.517536], [-103.429102, 31.51345], [-103.437504, 31.517744], [-103.437364, 31.526124], [-103.428821, 31.53021], [-103.428681, 31.53859], [-103.437085, 31.542884], [-103.436945, 31.551264], [-103.4284, 31.55535], [-103.419996, 31.551056], [-103.41145, 31.555141], [-103.411308, 31.563521], [-103.40276, 31.567605], [-103.394356, 31.563309], [-103.385808, 31.567392], [-103.377405, 31.563095], [-103.37755, 31.554715], [-103.369148, 31.550417], [-103.3606, 31.554499], [-103.352199, 31.5502], [-103.34365, 31.55428], [-103.33525, 31.54998], [-103.326701, 31.55406], [-103.326551, 31.562439], [-103.334952, 31.56674], [-103.334803, 31.575119], [-103.343206, 31.57942], [-103.351757, 31.575339], [-103.36016, 31.579638], [-103.360013, 31.588018], [-103.368418, 31.592316], [-103.376969, 31.588235], [-103.385375, 31.592532], [-103.393925, 31.588449], [-103.394069, 31.580069], [-103.402618, 31.575985], [-103.411023, 31.580281], [-103.419572, 31.576196], [-103.419713, 31.567816], [-103.42826, 31.563731], [-103.436666, 31.568025], [-103.445212, 31.563938], [-103.445351, 31.555558], [-103.453895, 31.55147], [-103.454033, 31.54309], [-103.462576, 31.539002], [-103.462714, 31.530622], [-103.471255, 31.526533], [-103.471391, 31.518153], [-103.479931, 31.514064], [-103.488336, 31.518355], [-103.496875, 31.514264], [-103.497009, 31.505884], [-103.505547, 31.501793], [-103.513951, 31.506082], [-103.522488, 31.50199], [-103.530893, 31.506277], [-103.53943, 31.502184], [-103.547836, 31.506471], [-103.556371, 31.502376], [-103.564778, 31.506662], [-103.573313, 31.502566], [-103.573441, 31.494186], [-103.581974, 31.490089], [-103.582101, 31.481709], [-103.590633, 31.477612], [-103.599039, 31.481895], [-103.60757, 31.477797], [-103.607694, 31.469416], [-103.616224, 31.465318], [-103.624631, 31.469599], [-103.63316, 31.4655], [-103.633282, 31.457119], [-103.641809, 31.453018], [-103.64193, 31.444637], [-103.633525, 31.440357], [-103.624998, 31.444456], [-103.616594, 31.440175], [-103.616717, 31.431794], [-103.625243, 31.427694], [-103.625365, 31.419313], [-103.616963, 31.415032], [-103.608438, 31.419131], [-103.608314, 31.427512], [-103.599788, 31.43161], [-103.599663, 31.439991], [-103.591135, 31.444088], [-103.582732, 31.439805], [-103.574203, 31.443901], [-103.565801, 31.439616], [-103.565929, 31.431235], [-103.574457, 31.427139], [-103.574584, 31.418759], [-103.566184, 31.414474], [-103.566312, 31.406093], [-103.574837, 31.401997], [-103.583236, 31.406281], [-103.591761, 31.402184], [-103.591886, 31.393803], [-103.583488, 31.389519], [-103.583614, 31.381139], [-103.575217, 31.376854], [-103.575343, 31.368473], [-103.566948, 31.364189], [-103.567075, 31.355808], [-103.558681, 31.351523], [-103.558809, 31.343142], [-103.567329, 31.339046], [-103.575723, 31.343331], [-103.584242, 31.339234], [-103.592636, 31.343517], [-103.601155, 31.339419], [-103.60955, 31.343702], [-103.609426, 31.352083], [-103.617823, 31.356365], [-103.626342, 31.352265], [-103.626464, 31.343884], [-103.634981, 31.339784], [-103.635102, 31.331402], [-103.626707, 31.327122], [-103.626829, 31.318741], [-103.618435, 31.314459], [-103.609919, 31.318559], [-103.601527, 31.314276], [-103.601651, 31.305895], [-103.610166, 31.301796], [-103.610289, 31.293415], [-103.601898, 31.289133], [-103.602022, 31.280752], [-103.593633, 31.276469], [-103.593757, 31.268088], [-103.602269, 31.26399], [-103.610657, 31.268272], [-103.610534, 31.276653], [-103.618924, 31.280935], [-103.627436, 31.276835], [-103.627558, 31.268453], [-103.636068, 31.264353], [-103.644458, 31.268633], [-103.644338, 31.277014], [-103.65273, 31.281294], [-103.652611, 31.289675], [-103.644098, 31.293777], [-103.635706, 31.289497], [-103.627193, 31.293597], [-103.627072, 31.301978], [-103.635465, 31.306259], [-103.643978, 31.302158], [-103.652372, 31.306438], [-103.660885, 31.302335], [-103.661004, 31.293954], [-103.669515, 31.289851], [-103.677909, 31.294129], [-103.68642, 31.290025], [-103.694814, 31.294302], [-103.694699, 31.302683], [-103.703095, 31.30696], [-103.711606, 31.302854], [-103.71172, 31.294473], [-103.703324, 31.290197], [-103.703439, 31.281816], [-103.695045, 31.277539], [-103.695161, 31.269158], [-103.703668, 31.265053], [-103.712062, 31.269328], [-103.720569, 31.265222], [-103.728963, 31.269497], [-103.737469, 31.265389], [-103.738284, 31.265804], [-103.738541, 31.266158], [-103.738935, 31.266789], [-103.73928, 31.26744], [-103.739575, 31.26811], [-103.739817, 31.268795], [-103.740007, 31.269492], [-103.740143, 31.270199], [-103.740224, 31.270911], [-103.740251, 31.271627], [-103.740244, 31.280705], [-103.740235, 31.292112], [-103.740231, 31.296993], [-103.740231, 31.297096], [-103.74023, 31.297139], [-103.740227, 31.297289], [-103.73999, 31.305811], [-103.739674, 31.317141], [-103.739351, 31.328712], [-103.739349, 31.328826], [-103.739348, 31.329167], [-103.739349, 31.329281], [-103.739362, 31.329926], [-103.739366, 31.33004], [-103.739381, 31.330381], [-103.739388, 31.330495], [-103.739428, 31.331065], [-103.739695, 31.334904], [-103.739699, 31.334971], [-103.739701, 31.335], [-103.739707, 31.335102], [-103.739947, 31.339766], [-103.73995, 31.339833], [-103.739951, 31.339861], [-103.739955, 31.339961], [-103.740045, 31.342645], [-103.740113, 31.344673], [-103.740115, 31.344738], [-103.740116, 31.344765], [-103.740118, 31.344864], [-103.740184, 31.349002], [-103.740187, 31.349096], [-103.740197, 31.349378], [-103.740201, 31.349472], [-103.740231, 31.350006], [-103.740238, 31.3501], [-103.740259, 31.350382], [-103.740267, 31.350476], [-103.740607, 31.353982], [-103.740617, 31.354075], [-103.740649, 31.354351], [-103.740661, 31.354443], [-103.740732, 31.354964], [-103.740746, 31.355056], [-103.740789, 31.355331], [-103.740798, 31.355386], [-103.740804, 31.355423], [-103.741437, 31.358991], [-103.741453, 31.35908], [-103.741506, 31.359347], [-103.741524, 31.359435], [-103.741633, 31.359937], [-103.741653, 31.360025], [-103.741716, 31.36029], [-103.741737, 31.360378], [-103.742675, 31.364026], [-103.742698, 31.364111], [-103.742768, 31.364364], [-103.742792, 31.364449], [-103.742934, 31.364926], [-103.742959, 31.36501], [-103.743039, 31.365261], [-103.743066, 31.365345], [-103.744324, 31.369084], [-103.744352, 31.369164], [-103.744437, 31.369403], [-103.744466, 31.369482], [-103.744634, 31.369931], [-103.744664, 31.37001], [-103.74472, 31.37015], [-103.744758, 31.370246], [-103.74479, 31.370325], [-103.746383, 31.374164], [-103.746415, 31.374238], [-103.746512, 31.374461], [-103.746544, 31.374535], [-103.746734, 31.374953], [-103.746768, 31.375026], [-103.746872, 31.375246], [-103.746908, 31.37532], [-103.748853, 31.379263], [-103.748887, 31.379332], [-103.748993, 31.379537], [-103.749029, 31.379606], [-103.749234, 31.379992], [-103.749271, 31.38006], [-103.749383, 31.380264], [-103.749421, 31.380331], [-103.750092, 31.381507], [-103.751733, 31.38438], [-103.751769, 31.384443], [-103.751881, 31.384632], [-103.751918, 31.384695], [-103.752134, 31.38505], [-103.752173, 31.385112], [-103.75229, 31.385299], [-103.75233, 31.385361], [-103.752782, 31.386059], [-103.755021, 31.389514], [-103.755059, 31.389572], [-103.755175, 31.389745], [-103.755213, 31.389802], [-103.755436, 31.390126], [-103.755475, 31.390183], [-103.755595, 31.390353], [-103.755636, 31.39041], [-103.758335, 31.394135], [-103.758719, 31.394664], [-103.758757, 31.394717], [-103.758874, 31.394874], [-103.758913, 31.394926], [-103.759138, 31.395221], [-103.759178, 31.395273], [-103.759299, 31.395427], [-103.759339, 31.395479], [-103.761092, 31.397668], [-103.762823, 31.39983], [-103.762862, 31.399877], [-103.762979, 31.40002], [-103.763018, 31.400067], [-103.763242, 31.400334], [-103.763282, 31.400381], [-103.763402, 31.400522], [-103.763442, 31.400568], [-103.767322, 31.404995], [-103.76748, 31.405173], [-103.767739, 31.405457], [-103.767893, 31.405622], [-103.770055, 31.407896], [-103.772239, 31.410192], [-103.772394, 31.410352], [-103.772648, 31.410609], [-103.772797, 31.410759], [-103.777562, 31.415403], [-103.777712, 31.415548], [-103.777959, 31.41578], [-103.778104, 31.415915], [-103.781522, 31.419022], [-103.783289, 31.420629], [-103.783435, 31.42076], [-103.783673, 31.42097], [-103.783813, 31.421091], [-103.789421, 31.42587], [-103.789561, 31.425987], [-103.78979, 31.426177], [-103.789925, 31.426287], [-103.794081, 31.429621], [-103.795956, 31.431125], [-103.796091, 31.431232], [-103.796311, 31.431403], [-103.79644, 31.431503], [-103.802896, 31.436396], [-103.802917, 31.436411], [-103.803025, 31.436492], [-103.803235, 31.436648], [-103.803358, 31.436738], [-103.810238, 31.441681], [-103.810362, 31.441769], [-103.810563, 31.44191], [-103.810681, 31.441992], [-103.814632, 31.444692], [-103.817985, 31.446983], [-103.818102, 31.447062], [-103.818294, 31.447191], [-103.818407, 31.447265], [-103.826135, 31.4523], [-103.826247, 31.452372], [-103.82643, 31.452489], [-103.826537, 31.452556], [-103.828104, 31.453532], [-103.834688, 31.457632], [-103.834795, 31.457698], [-103.834969, 31.457804], [-103.835071, 31.457866], [-103.836879, 31.458945], [-103.843645, 31.46298], [-103.843746, 31.463041], [-103.843912, 31.463138], [-103.844009, 31.463194], [-103.852509, 31.468061], [-103.853005, 31.468345], [-103.853102, 31.4684], [-103.85326, 31.468488], [-103.853352, 31.46854], [-103.86174, 31.473159], [-103.862769, 31.473725], [-103.862861, 31.473775], [-103.863011, 31.473856], [-103.863099, 31.473904], [-103.872936, 31.479121], [-103.873024, 31.479167], [-103.873167, 31.479242], [-103.873251, 31.479285]], [[-103.69296, 31.428403], [-103.701367, 31.43268], [-103.709889, 31.428575], [-103.718297, 31.43285], [-103.726819, 31.428744], [-103.726932, 31.420363], [-103.718525, 31.416088], [-103.718639, 31.407706], [-103.710234, 31.403431], [-103.701713, 31.407536], [-103.693309, 31.403259], [-103.693425, 31.394878], [-103.701944, 31.390773], [-103.702059, 31.382392], [-103.693657, 31.378116], [-103.685138, 31.38222], [-103.676736, 31.377942], [-103.668217, 31.382045], [-103.668099, 31.390426], [-103.659578, 31.394529], [-103.651176, 31.390249], [-103.651296, 31.381868], [-103.642896, 31.377588], [-103.643016, 31.369207], [-103.634618, 31.364927], [-103.626098, 31.369027], [-103.6177, 31.364746], [-103.60918, 31.368845], [-103.600783, 31.364562], [-103.592261, 31.36866], [-103.592136, 31.377041], [-103.600534, 31.381324], [-103.609056, 31.377226], [-103.617455, 31.381508], [-103.617332, 31.389889], [-103.625732, 31.39417], [-103.634254, 31.39007], [-103.642655, 31.394351], [-103.642534, 31.402732], [-103.634011, 31.406832], [-103.63389, 31.415213], [-103.642293, 31.419494], [-103.650817, 31.415393], [-103.65922, 31.419672], [-103.667744, 31.41557], [-103.676148, 31.419848], [-103.67603, 31.428229], [-103.667507, 31.432332], [-103.667388, 31.440713], [-103.675795, 31.444992], [-103.68432, 31.440888], [-103.684437, 31.432507], [-103.69296, 31.428403]]]}}, {"type": "Feature", "properties": {"area_no": 25, "area_sqmi": 85.73651497465305, "n12": 137, "oil12_p50": 18.30101989296173, "oil12_p10_high": 27.39333778647837, "oil12_p90_low": 11.525303452154391, "oil12_mean": 19.10643500735611, "n24": 132, "oil24_p50": 26.176824388396934, "n_eur": 147, "bo_ft_p50": 64.10696112354977, "n_eur_cum_fallback": 0, "n_WCA_1": 78, "n_WCA_2": 56, "n_WCXY": 0, "n_other_tag": 3, "oil12_p50_exWCXY": 18.30101989296173, "n12_exWCXY": 137, "fp_year_p50": 2020.0, "lateral_p50": 9715.0, "top_operator": "Permian Resources", "top_operator_share": 0.39416058394160586, "flag": "", "d1_puds_WCA_1+2": 0, "d1_puds_WCXY": 26}, "geometry": {"type": "Polygon", "coordinates": [[[-103.566184, 31.414474], [-103.574584, 31.418759], [-103.574457, 31.427139], [-103.565929, 31.431235], [-103.565801, 31.439616], [-103.574203, 31.443901], [-103.582732, 31.439805], [-103.591135, 31.444088], [-103.599663, 31.439991], [-103.599788, 31.43161], [-103.608314, 31.427512], [-103.608438, 31.419131], [-103.616963, 31.415032], [-103.625365, 31.419313], [-103.625243, 31.427694], [-103.616717, 31.431794], [-103.616594, 31.440175], [-103.624998, 31.444456], [-103.633525, 31.440357], [-103.64193, 31.444637], [-103.641809, 31.453018], [-103.633282, 31.457119], [-103.63316, 31.4655], [-103.624631, 31.469599], [-103.616224, 31.465318], [-103.607694, 31.469416], [-103.60757, 31.477797], [-103.599039, 31.481895], [-103.590633, 31.477612], [-103.582101, 31.481709], [-103.581974, 31.490089], [-103.573441, 31.494186], [-103.573313, 31.502566], [-103.564778, 31.506662], [-103.556371, 31.502376], [-103.547836, 31.506471], [-103.53943, 31.502184], [-103.530893, 31.506277], [-103.522488, 31.50199], [-103.513951, 31.506082], [-103.505547, 31.501793], [-103.497009, 31.505884], [-103.496875, 31.514264], [-103.488336, 31.518355], [-103.479931, 31.514064], [-103.471391, 31.518153], [-103.471255, 31.526533], [-103.462714, 31.530622], [-103.462576, 31.539002], [-103.454033, 31.54309], [-103.453895, 31.55147], [-103.445351, 31.555558], [-103.445212, 31.563938], [-103.436666, 31.568025], [-103.42826, 31.563731], [-103.419713, 31.567816], [-103.419572, 31.576196], [-103.411023, 31.580281], [-103.402618, 31.575985], [-103.394069, 31.580069], [-103.393925, 31.588449], [-103.385375, 31.592532], [-103.376969, 31.588235], [-103.368418, 31.592316], [-103.360013, 31.588018], [-103.36016, 31.579638], [-103.351757, 31.575339], [-103.343206, 31.57942], [-103.334803, 31.575119], [-103.334952, 31.56674], [-103.326551, 31.562439], [-103.326701, 31.55406], [-103.33525, 31.54998], [-103.34365, 31.55428], [-103.352199, 31.5502], [-103.3606, 31.554499], [-103.369148, 31.550417], [-103.37755, 31.554715], [-103.377405, 31.563095], [-103.385808, 31.567392], [-103.394356, 31.563309], [-103.40276, 31.567605], [-103.411308, 31.563521], [-103.41145, 31.555141], [-103.419996, 31.551056], [-103.4284, 31.55535], [-103.436945, 31.551264], [-103.437085, 31.542884], [-103.428681, 31.53859], [-103.428821, 31.53021], [-103.437364, 31.526124], [-103.437504, 31.517744], [-103.429102, 31.51345], [-103.42056, 31.517536], [-103.412159, 31.513241], [-103.412301, 31.504861], [-103.420842, 31.500775], [-103.429242, 31.50507], [-103.437783, 31.500983], [-103.437922, 31.492603], [-103.429522, 31.488309], [-103.429662, 31.479929], [-103.4382, 31.475843], [-103.446599, 31.480136], [-103.455137, 31.476048], [-103.455274, 31.467668], [-103.46381, 31.46358], [-103.472209, 31.467871], [-103.480744, 31.463782], [-103.48088, 31.455401], [-103.472481, 31.45111], [-103.463947, 31.455199], [-103.455549, 31.450907], [-103.447014, 31.454995], [-103.446876, 31.463375], [-103.43834, 31.467462], [-103.429942, 31.463169], [-103.421405, 31.467255], [-103.413009, 31.46296], [-103.404471, 31.467045], [-103.396075, 31.462749], [-103.396218, 31.454369], [-103.387824, 31.450073], [-103.379286, 31.454156], [-103.370893, 31.449858], [-103.371038, 31.441478], [-103.379575, 31.437396], [-103.387967, 31.441693], [-103.396503, 31.437609], [-103.396646, 31.429229], [-103.405181, 31.425144], [-103.413574, 31.429439], [-103.422108, 31.425354], [-103.430501, 31.429648], [-103.430362, 31.438028], [-103.438757, 31.442322], [-103.447291, 31.438234], [-103.447429, 31.429854], [-103.455962, 31.425766], [-103.456099, 31.417386], [-103.46463, 31.413297], [-103.464767, 31.404917], [-103.473296, 31.400828], [-103.473432, 31.392447], [-103.48196, 31.388358], [-103.490354, 31.392648], [-103.49022, 31.401028], [-103.498614, 31.405318], [-103.498481, 31.413698], [-103.506877, 31.417988], [-103.515406, 31.413896], [-103.523804, 31.418184], [-103.523672, 31.426564], [-103.532071, 31.430852], [-103.5406, 31.426758], [-103.54073, 31.418378], [-103.549258, 31.414283], [-103.549387, 31.405903], [-103.557913, 31.401808], [-103.558041, 31.393427], [-103.566566, 31.389331], [-103.574964, 31.393616], [-103.583488, 31.389519], [-103.591886, 31.393803], [-103.591761, 31.402184], [-103.583236, 31.406281], [-103.574837, 31.401997], [-103.566312, 31.406093], [-103.566184, 31.414474]]]}}, {"type": "Feature", "properties": {"area_no": 26, "area_sqmi": 51.09549882327818, "n12": 69, "oil12_p50": 24.51939240506329, "oil12_p10_high": 35.494003940361075, "oil12_p90_low": 16.244089800667897, "oil12_mean": 25.2259736159303, "n24": 66, "oil24_p50": 36.92565343936312, "n_eur": 71, "bo_ft_p50": 87.98425975894945, "n_eur_cum_fallback": 0, "n_WCA_1": 22, "n_WCA_2": 44, "n_WCXY": 0, "n_other_tag": 3, "oil12_p50_exWCXY": 24.51939240506329, "n12_exWCXY": 69, "fp_year_p50": 2019.0, "lateral_p50": 9589.0, "top_operator": "Occidental", "top_operator_share": 0.2753623188405797, "flag": "", "d1_puds_WCA_1+2": 0, "d1_puds_WCXY": 63}, "geometry": {"type": "Polygon", "coordinates": [[[-103.388397, 31.416552], [-103.388254, 31.424932], [-103.396646, 31.429229], [-103.396503, 31.437609], [-103.387967, 31.441693], [-103.379575, 31.437396], [-103.371038, 31.441478], [-103.370893, 31.449858], [-103.379286, 31.454156], [-103.387824, 31.450073], [-103.396218, 31.454369], [-103.396075, 31.462749], [-103.387536, 31.466833], [-103.379142, 31.462536], [-103.370602, 31.466618], [-103.370457, 31.474998], [-103.361917, 31.47908], [-103.36177, 31.48746], [-103.353228, 31.491541], [-103.353081, 31.499921], [-103.344538, 31.504002], [-103.336142, 31.499702], [-103.327597, 31.503781], [-103.319202, 31.499481], [-103.310657, 31.503559], [-103.302263, 31.499257], [-103.293717, 31.503334], [-103.285324, 31.499031], [-103.276777, 31.503107], [-103.268385, 31.498803], [-103.259838, 31.502878], [-103.251446, 31.498572], [-103.242898, 31.502646], [-103.234507, 31.49834], [-103.225959, 31.502412], [-103.217569, 31.498105], [-103.217728, 31.489726], [-103.226276, 31.485654], [-103.226434, 31.477274], [-103.23498, 31.473202], [-103.235137, 31.464822], [-103.22675, 31.460516], [-103.226908, 31.452136], [-103.218522, 31.447829], [-103.21868, 31.43945], [-103.227223, 31.435378], [-103.235608, 31.439684], [-103.24415, 31.435611], [-103.252536, 31.439916], [-103.261078, 31.435842], [-103.261232, 31.427462], [-103.269772, 31.423387], [-103.269926, 31.415007], [-103.261542, 31.410703], [-103.261696, 31.402324], [-103.270234, 31.398248], [-103.270387, 31.389869], [-103.262005, 31.385564], [-103.253468, 31.389639], [-103.245087, 31.385334], [-103.245243, 31.376954], [-103.236862, 31.372649], [-103.237019, 31.364269], [-103.245554, 31.360195], [-103.253933, 31.3645], [-103.253778, 31.37288], [-103.262159, 31.377185], [-103.270695, 31.373109], [-103.279076, 31.377413], [-103.287611, 31.373336], [-103.295994, 31.377639], [-103.295842, 31.386019], [-103.304226, 31.390321], [-103.304076, 31.3987], [-103.312461, 31.403002], [-103.312311, 31.411382], [-103.303774, 31.41546], [-103.295388, 31.411158], [-103.28685, 31.415235], [-103.286698, 31.423615], [-103.278158, 31.427691], [-103.278005, 31.43607], [-103.286393, 31.440374], [-103.294933, 31.436297], [-103.303321, 31.440599], [-103.311861, 31.436521], [-103.32025, 31.440822], [-103.328789, 31.436743], [-103.337179, 31.441043], [-103.345717, 31.436963], [-103.354108, 31.441262], [-103.362646, 31.43718], [-103.362792, 31.4288], [-103.371328, 31.424718], [-103.371472, 31.416338], [-103.380007, 31.412255], [-103.380151, 31.403875], [-103.371762, 31.399578], [-103.371907, 31.391198], [-103.380439, 31.387115], [-103.388827, 31.391412], [-103.388684, 31.399792], [-103.397074, 31.404088], [-103.396931, 31.412468], [-103.388397, 31.416552]]]}}, {"type": "Feature", "properties": {"area_no": 27, "area_sqmi": 12.990381056765642, "n12": 23, "oil12_p50": 11.846375086779728, "oil12_p10_high": 17.361855644028225, "oil12_p90_low": 9.089369191620161, "oil12_mean": 12.422174644703547, "n24": 20, "oil24_p50": 15.573156550873378, "n_eur": 23, "bo_ft_p50": 57.98302743240576, "n_eur_cum_fallback": 0, "n_WCA_1": 7, "n_WCA_2": 13, "n_WCXY": 0, "n_other_tag": 3, "oil12_p50_exWCXY": 11.846375086779728, "n12_exWCXY": 23, "fp_year_p50": 2022.0, "lateral_p50": 10194.0, "top_operator": "Diamondback", "top_operator_share": 0.6956521739130435, "flag": "pad-scale (< 25 sq mi)", "d1_puds_WCA_1+2": 3, "d1_puds_WCXY": 0}, "geometry": {"type": "Polygon", "coordinates": [[[-103.160171, 31.400906], [-103.160008, 31.409285], [-103.168387, 31.413596], [-103.168224, 31.421975], [-103.15968, 31.426044], [-103.159517, 31.434423], [-103.167898, 31.438734], [-103.167735, 31.447113], [-103.159189, 31.451181], [-103.150807, 31.446869], [-103.14226, 31.450936], [-103.142094, 31.459315], [-103.133546, 31.463382], [-103.125164, 31.459068], [-103.116615, 31.463134], [-103.108234, 31.458819], [-103.108402, 31.450441], [-103.100022, 31.446126], [-103.100191, 31.437747], [-103.108739, 31.433683], [-103.117118, 31.437997], [-103.125665, 31.433932], [-103.125831, 31.425553], [-103.117453, 31.421239], [-103.11762, 31.41286], [-103.126165, 31.408795], [-103.126331, 31.400416], [-103.134874, 31.39635], [-103.13504, 31.387971], [-103.143581, 31.383904], [-103.151957, 31.388216], [-103.160498, 31.384148], [-103.168875, 31.388459], [-103.168713, 31.396838], [-103.160171, 31.400906]]]}}, {"type": "Feature", "properties": {"area_no": 28, "area_sqmi": 16.454482671903147, "n12": 18, "oil12_p50": 8.681858701552862, "oil12_p10_high": 18.365979219556333, "oil12_p90_low": 4.942958285969601, "oil12_mean": 9.585679402854343, "n24": 18, "oil24_p50": 12.73982554975149, "n_eur": 18, "bo_ft_p50": 27.37898000890872, "n_eur_cum_fallback": 0, "n_WCA_1": 12, "n_WCA_2": 6, "n_WCXY": 0, "n_other_tag": 0, "oil12_p50_exWCXY": 8.681858701552862, "n12_exWCXY": 18, "fp_year_p50": 2019.0, "lateral_p50": 8427.0, "top_operator": "Crescent Energy", "top_operator_share": 0.5, "flag": "pad-scale (< 25 sq mi)", "d1_puds_WCA_1+2": 0, "d1_puds_WCXY": 0}, "geometry": {"type": "Polygon", "coordinates": [[[-103.693309, 31.403259], [-103.701713, 31.407536], [-103.710234, 31.403431], [-103.718639, 31.407706], [-103.718525, 31.416088], [-103.726932, 31.420363], [-103.726819, 31.428744], [-103.718297, 31.43285], [-103.709889, 31.428575], [-103.701367, 31.43268], [-103.69296, 31.428403], [-103.684437, 31.432507], [-103.68432, 31.440888], [-103.675795, 31.444992], [-103.667388, 31.440713], [-103.667507, 31.432332], [-103.67603, 31.428229], [-103.676148, 31.419848], [-103.667744, 31.41557], [-103.65922, 31.419672], [-103.650817, 31.415393], [-103.642293, 31.419494], [-103.63389, 31.415213], [-103.634011, 31.406832], [-103.642534, 31.402732], [-103.642655, 31.394351], [-103.634254, 31.39007], [-103.625732, 31.39417], [-103.617332, 31.389889], [-103.617455, 31.381508], [-103.609056, 31.377226], [-103.600534, 31.381324], [-103.592136, 31.377041], [-103.592261, 31.36866], [-103.600783, 31.364562], [-103.60918, 31.368845], [-103.6177, 31.364746], [-103.626098, 31.369027], [-103.634618, 31.364927], [-103.643016, 31.369207], [-103.642896, 31.377588], [-103.651296, 31.381868], [-103.651176, 31.390249], [-103.659578, 31.394529], [-103.668099, 31.390426], [-103.668217, 31.382045], [-103.676736, 31.377942], [-103.685138, 31.38222], [-103.693657, 31.378116], [-103.702059, 31.382392], [-103.701944, 31.390773], [-103.693425, 31.394878], [-103.693309, 31.403259]]]}}, {"type": "Feature", "properties": {"area_no": 29, "area_sqmi": 45.89934640057195, "n12": 67, "oil12_p50": 13.930917916269394, "oil12_p10_high": 19.605685568518044, "oil12_p90_low": 8.542583558442363, "oil12_mean": 14.131978553597712, "n24": 64, "oil24_p50": 20.216550854874274, "n_eur": 68, "bo_ft_p50": 51.16834052020549, "n_eur_cum_fallback": 0, "n_WCA_1": 35, "n_WCA_2": 32, "n_WCXY": 0, "n_other_tag": 0, "oil12_p50_exWCXY": 13.930917916269394, "n12_exWCXY": 67, "fp_year_p50": 2019.0, "lateral_p50": 9724.0, "top_operator": "Permian Resources", "top_operator_share": 0.2537313432835821, "flag": "", "d1_puds_WCA_1+2": 0, "d1_puds_WCXY": 12}, "geometry": {"type": "Polygon", "coordinates": [[[-103.405748, 31.391623], [-103.414279, 31.387538], [-103.422669, 31.391833], [-103.431199, 31.387746], [-103.43959, 31.39204], [-103.439451, 31.40042], [-103.447843, 31.404713], [-103.456374, 31.400625], [-103.464767, 31.404917], [-103.46463, 31.413297], [-103.456099, 31.417386], [-103.455962, 31.425766], [-103.447429, 31.429854], [-103.447291, 31.438234], [-103.438757, 31.442322], [-103.430362, 31.438028], [-103.430501, 31.429648], [-103.422108, 31.425354], [-103.413574, 31.429439], [-103.405181, 31.425144], [-103.396646, 31.429229], [-103.388254, 31.424932], [-103.388397, 31.416552], [-103.396931, 31.412468], [-103.397074, 31.404088], [-103.388684, 31.399792], [-103.388827, 31.391412], [-103.380439, 31.387115], [-103.371907, 31.391198], [-103.371762, 31.399578], [-103.380151, 31.403875], [-103.380007, 31.412255], [-103.371472, 31.416338], [-103.371328, 31.424718], [-103.362792, 31.4288], [-103.362646, 31.43718], [-103.354108, 31.441262], [-103.345717, 31.436963], [-103.337179, 31.441043], [-103.328789, 31.436743], [-103.32025, 31.440822], [-103.311861, 31.436521], [-103.303321, 31.440599], [-103.294933, 31.436297], [-103.286393, 31.440374], [-103.278005, 31.43607], [-103.278158, 31.427691], [-103.286698, 31.423615], [-103.28685, 31.415235], [-103.295388, 31.411158], [-103.303774, 31.41546], [-103.312311, 31.411382], [-103.312461, 31.403002], [-103.304076, 31.3987], [-103.304226, 31.390321], [-103.295842, 31.386019], [-103.295994, 31.377639], [-103.287611, 31.373336], [-103.279076, 31.377413], [-103.270695, 31.373109], [-103.262159, 31.377185], [-103.253778, 31.37288], [-103.253933, 31.3645], [-103.262468, 31.360426], [-103.262622, 31.352046], [-103.254243, 31.347741], [-103.254398, 31.339362], [-103.26293, 31.335287], [-103.271308, 31.339591], [-103.27984, 31.335514], [-103.288219, 31.339817], [-103.288067, 31.348197], [-103.296447, 31.3525], [-103.304979, 31.348422], [-103.31336, 31.352723], [-103.321891, 31.348644], [-103.32204, 31.340264], [-103.330569, 31.336184], [-103.338951, 31.340484], [-103.338804, 31.348864], [-103.347186, 31.353163], [-103.34704, 31.361543], [-103.355424, 31.365842], [-103.363955, 31.36176], [-103.37234, 31.366058], [-103.38087, 31.361975], [-103.389256, 31.366271], [-103.397785, 31.362187], [-103.406172, 31.366483], [-103.406031, 31.374863], [-103.397501, 31.378948], [-103.397359, 31.387328], [-103.405748, 31.391623]]]}}, {"type": "Feature", "properties": {"area_no": 30, "area_sqmi": 276.20241367345506, "n12": 418, "oil12_p50": 22.09284283571572, "oil12_p10_high": 32.311654389400985, "oil12_p90_low": 15.943933942930869, "oil12_mean": 23.034874327537185, "n24": 398, "oil24_p50": 32.083016769562775, "n_eur": 436, "bo_ft_p50": 71.97977563299538, "n_eur_cum_fallback": 0, "n_WCA_1": 274, "n_WCA_2": 143, "n_WCXY": 0, "n_other_tag": 1, "oil12_p50_exWCXY": 22.09284283571572, "n12_exWCXY": 418, "fp_year_p50": 2019.0, "lateral_p50": 9425.5, "top_operator": "Chevron", "top_operator_share": 0.4138755980861244, "flag": "", "d1_puds_WCA_1+2": 8, "d1_puds_WCXY": 0}, "geometry": {"type": "Polygon", "coordinates": [[[-103.675633, 31.184886], [-103.675724, 31.185042], [-103.675778, 31.185132], [-103.67766, 31.188265], [-103.677716, 31.188358], [-103.677808, 31.188508], [-103.677862, 31.188595], [-103.679847, 31.191752], [-103.679903, 31.191842], [-103.679996, 31.191986], [-103.680051, 31.19207], [-103.680611, 31.192924], [-103.682138, 31.195251], [-103.682195, 31.195337], [-103.682288, 31.195476], [-103.682343, 31.195557], [-103.684534, 31.198761], [-103.684591, 31.198844], [-103.684684, 31.198978], [-103.684739, 31.199057], [-103.687034, 31.202283], [-103.687091, 31.202363], [-103.687185, 31.202492], [-103.68724, 31.202568], [-103.689312, 31.205375], [-103.689639, 31.205817], [-103.689696, 31.205894], [-103.689789, 31.206018], [-103.689844, 31.206091], [-103.692347, 31.209362], [-103.692405, 31.209436], [-103.692498, 31.209556], [-103.692552, 31.209626], [-103.69517, 31.212931], [-103.695225, 31.213002], [-103.69525, 31.213033], [-103.695333, 31.213141], [-103.697901, 31.216524], [-103.697955, 31.216597], [-103.697978, 31.216627], [-103.698059, 31.216737], [-103.698632, 31.217527], [-103.700546, 31.220161], [-103.700599, 31.220235], [-103.700621, 31.220265], [-103.700699, 31.220377], [-103.703106, 31.223842], [-103.703157, 31.223916], [-103.703178, 31.223947], [-103.703254, 31.22406], [-103.705581, 31.227566], [-103.70563, 31.227641], [-103.705651, 31.227673], [-103.705724, 31.227787], [-103.707164, 31.23006], [-103.70797, 31.231334], [-103.708018, 31.23141], [-103.708038, 31.231442], [-103.708108, 31.231557], [-103.710275, 31.235146], [-103.71032, 31.235222], [-103.710339, 31.235255], [-103.710407, 31.235371], [-103.712494, 31.239001], [-103.712538, 31.239079], [-103.712558, 31.239115], [-103.712621, 31.239228], [-103.713023, 31.239963], [-103.713088, 31.240078], [-103.713286, 31.24042], [-103.713354, 31.240533], [-103.713575, 31.240893], [-103.713721, 31.241118], [-103.714178, 31.241783], [-103.714336, 31.242001], [-103.71439, 31.242072], [-103.714561, 31.242284], [-103.715076, 31.242893], [-103.715089, 31.242908], [-103.71527, 31.243113], [-103.715566, 31.243431], [-103.715661, 31.24353], [-103.71595, 31.243826], [-103.716048, 31.243923], [-103.726447, 31.254057], [-103.737082, 31.264417], [-103.737477, 31.264828], [-103.737613, 31.264969], [-103.7381, 31.26555], [-103.738284, 31.265804], [-103.737469, 31.265389], [-103.728963, 31.269497], [-103.720569, 31.265222], [-103.712062, 31.269328], [-103.703668, 31.265053], [-103.695161, 31.269158], [-103.695045, 31.277539], [-103.703439, 31.281816], [-103.703324, 31.290197], [-103.71172, 31.294473], [-103.711606, 31.302854], [-103.703095, 31.30696], [-103.694699, 31.302683], [-103.694814, 31.294302], [-103.68642, 31.290025], [-103.677909, 31.294129], [-103.669515, 31.289851], [-103.661004, 31.293954], [-103.660885, 31.302335], [-103.652372, 31.306438], [-103.643978, 31.302158], [-103.635465, 31.306259], [-103.627072, 31.301978], [-103.627193, 31.293597], [-103.635706, 31.289497], [-103.644098, 31.293777], [-103.652611, 31.289675], [-103.65273, 31.281294], [-103.644338, 31.277014], [-103.644458, 31.268633], [-103.636068, 31.264353], [-103.627558, 31.268453], [-103.627436, 31.276835], [-103.618924, 31.280935], [-103.610534, 31.276653], [-103.610657, 31.268272], [-103.602269, 31.26399], [-103.593757, 31.268088], [-103.593633, 31.276469], [-103.602022, 31.280752], [-103.601898, 31.289133], [-103.610289, 31.293415], [-103.610166, 31.301796], [-103.601651, 31.305895], [-103.601527, 31.314276], [-103.609919, 31.318559], [-103.618435, 31.314459], [-103.626829, 31.318741], [-103.626707, 31.327122], [-103.635102, 31.331402], [-103.634981, 31.339784], [-103.626464, 31.343884], [-103.626342, 31.352265], [-103.617823, 31.356365], [-103.609426, 31.352083], [-103.60955, 31.343702], [-103.601155, 31.339419], [-103.592636, 31.343517], [-103.584242, 31.339234], [-103.575723, 31.343331], [-103.567329, 31.339046], [-103.558809, 31.343142], [-103.558681, 31.351523], [-103.567075, 31.355808], [-103.566948, 31.364189], [-103.575343, 31.368473], [-103.575217, 31.376854], [-103.583614, 31.381139], [-103.583488, 31.389519], [-103.574964, 31.393616], [-103.566566, 31.389331], [-103.558041, 31.393427], [-103.557913, 31.401808], [-103.549387, 31.405903], [-103.549258, 31.414283], [-103.54073, 31.418378], [-103.5406, 31.426758], [-103.532071, 31.430852], [-103.523672, 31.426564], [-103.523804, 31.418184], [-103.515406, 31.413896], [-103.506877, 31.417988], [-103.498481, 31.413698], [-103.498614, 31.405318], [-103.49022, 31.401028], [-103.490354, 31.392648], [-103.48196, 31.388358], [-103.473432, 31.392447], [-103.473296, 31.400828], [-103.464767, 31.404917], [-103.456374, 31.400625], [-103.447843, 31.404713], [-103.439451, 31.40042], [-103.43959, 31.39204], [-103.431199, 31.387746], [-103.422669, 31.391833], [-103.414279, 31.387538], [-103.405748, 31.391623], [-103.397359, 31.387328], [-103.397501, 31.378948], [-103.406031, 31.374863], [-103.406172, 31.366483], [-103.397785, 31.362187], [-103.397927, 31.353807], [-103.406455, 31.349722], [-103.406596, 31.341342], [-103.398212, 31.337047], [-103.398354, 31.328666], [-103.406879, 31.324581], [-103.40702, 31.316201], [-103.415544, 31.312116], [-103.423927, 31.31641], [-103.43245, 31.312323], [-103.432589, 31.303943], [-103.441111, 31.299855], [-103.449495, 31.304148], [-103.458016, 31.300059], [-103.4664, 31.304351], [-103.466264, 31.312732], [-103.457743, 31.31682], [-103.449357, 31.312528], [-103.440835, 31.316616], [-103.440697, 31.324997], [-103.449083, 31.329289], [-103.457606, 31.325201], [-103.465993, 31.329493], [-103.474515, 31.325403], [-103.482903, 31.329694], [-103.491425, 31.325603], [-103.491558, 31.317222], [-103.500079, 31.313131], [-103.500212, 31.30475], [-103.508731, 31.300658], [-103.508863, 31.292278], [-103.500477, 31.287989], [-103.491959, 31.29208], [-103.483574, 31.28779], [-103.475056, 31.291881], [-103.466672, 31.28759], [-103.466807, 31.279209], [-103.458425, 31.274918], [-103.458561, 31.266537], [-103.45018, 31.262245], [-103.450317, 31.253865], [-103.441938, 31.249572], [-103.433421, 31.25366], [-103.425042, 31.249366], [-103.425181, 31.240986], [-103.416804, 31.236692], [-103.408287, 31.240778], [-103.399911, 31.236483], [-103.391394, 31.240567], [-103.391252, 31.248948], [-103.399629, 31.253243], [-103.399487, 31.261624], [-103.390967, 31.265708], [-103.38259, 31.261412], [-103.374069, 31.265496], [-103.365693, 31.261198], [-103.357171, 31.265281], [-103.357026, 31.273661], [-103.348503, 31.277743], [-103.340127, 31.273444], [-103.340274, 31.265064], [-103.348795, 31.260982], [-103.348941, 31.252602], [-103.340567, 31.248303], [-103.340714, 31.239923], [-103.332341, 31.235624], [-103.332488, 31.227244], [-103.341006, 31.223163], [-103.341153, 31.214783], [-103.34967, 31.210701], [-103.349816, 31.202321], [-103.358331, 31.198239], [-103.358476, 31.189859], [-103.36699, 31.185776], [-103.367134, 31.177396], [-103.375647, 31.173312], [-103.37579, 31.164932], [-103.384301, 31.160848], [-103.39267, 31.165144], [-103.40118, 31.161059], [-103.40955, 31.165354], [-103.41806, 31.161267], [-103.418199, 31.152887], [-103.40983, 31.148593], [-103.401321, 31.152678], [-103.392953, 31.148383], [-103.384443, 31.152468], [-103.376076, 31.148171], [-103.376218, 31.139791], [-103.384727, 31.135707], [-103.384869, 31.127326], [-103.393377, 31.123242], [-103.393518, 31.114861], [-103.385153, 31.110565], [-103.385295, 31.102185], [-103.376932, 31.097889], [-103.377074, 31.089508], [-103.385579, 31.085424], [-103.38572, 31.077043], [-103.394223, 31.072958], [-103.394364, 31.064578], [-103.386003, 31.060282], [-103.386145, 31.051902], [-103.377786, 31.047606], [-103.377928, 31.039225], [-103.386428, 31.03514], [-103.386569, 31.02676], [-103.395067, 31.022675], [-103.395208, 31.014294], [-103.403704, 31.010208], [-103.412061, 31.014502], [-103.420557, 31.010415], [-103.428915, 31.014709], [-103.428778, 31.023089], [-103.420281, 31.027177], [-103.420143, 31.035558], [-103.428503, 31.039851], [-103.437, 31.035763], [-103.445361, 31.040055], [-103.445225, 31.048436], [-103.436726, 31.052525], [-103.436589, 31.060905], [-103.444952, 31.065198], [-103.453451, 31.061109], [-103.461815, 31.0654], [-103.46168, 31.073781], [-103.45318, 31.07787], [-103.453044, 31.086251], [-103.444543, 31.09034], [-103.444406, 31.098721], [-103.452773, 31.103013], [-103.461275, 31.098923], [-103.46141, 31.090542], [-103.469911, 31.086452], [-103.470046, 31.078071], [-103.478545, 31.073981], [-103.486911, 31.078271], [-103.486778, 31.086651], [-103.495146, 31.090941], [-103.495014, 31.099322], [-103.486513, 31.103413], [-103.48638, 31.111794], [-103.494749, 31.116083], [-103.494617, 31.124464], [-103.486113, 31.128556], [-103.48598, 31.136937], [-103.477475, 31.141028], [-103.469104, 31.136737], [-103.460599, 31.140827], [-103.452229, 31.136536], [-103.443722, 31.140624], [-103.443585, 31.149005], [-103.451956, 31.153297], [-103.460463, 31.149208], [-103.468835, 31.153499], [-103.477341, 31.149409], [-103.485714, 31.153699], [-103.485581, 31.162079], [-103.493955, 31.166369], [-103.502461, 31.162277], [-103.510836, 31.166565], [-103.519342, 31.162472], [-103.527717, 31.166759], [-103.536223, 31.162665], [-103.536352, 31.154284], [-103.544855, 31.150189], [-103.553231, 31.154475], [-103.553104, 31.162856], [-103.561481, 31.167141], [-103.569985, 31.163045], [-103.578363, 31.167329], [-103.578238, 31.17571], [-103.586617, 31.179993], [-103.595121, 31.175895], [-103.603502, 31.180178], [-103.603379, 31.188559], [-103.611761, 31.192841], [-103.620265, 31.188741], [-103.620387, 31.18036], [-103.628889, 31.176259], [-103.637271, 31.18054], [-103.637151, 31.188921], [-103.628648, 31.193022], [-103.628527, 31.201403], [-103.620022, 31.205504], [-103.6199, 31.213885], [-103.628285, 31.218166], [-103.636791, 31.214065], [-103.636911, 31.205684], [-103.645415, 31.201582], [-103.645535, 31.193201], [-103.654038, 31.189099], [-103.654156, 31.180717], [-103.662658, 31.176615], [-103.671041, 31.180893], [-103.67288, 31.180005], [-103.673599, 31.181326], [-103.673654, 31.181426], [-103.673744, 31.181587], [-103.673797, 31.181681], [-103.675577, 31.18479], [-103.675633, 31.184886]]]}}, {"type": "Feature", "properties": {"area_no": 31, "area_sqmi": 198.2640645326825, "n12": 122, "oil12_p50": 13.369333347280858, "oil12_p10_high": 19.13111958750744, "oil12_p90_low": 7.983278368347126, "oil12_mean": 13.739097630138014, "n24": 118, "oil24_p50": 20.11070470244464, "n_eur": 122, "bo_ft_p50": 60.717080346109384, "n_eur_cum_fallback": 0, "n_WCA_1": 72, "n_WCA_2": 47, "n_WCXY": 0, "n_other_tag": 3, "oil12_p50_exWCXY": 13.369333347280858, "n12_exWCXY": 122, "fp_year_p50": 2019.0, "lateral_p50": 10098.0, "top_operator": "Continental Resources", "top_operator_share": 0.3770491803278688, "flag": "", "d1_puds_WCA_1+2": 36, "d1_puds_WCXY": 0}, "geometry": {"type": "Polygon", "coordinates": [[[-103.16359, 31.224942], [-103.163427, 31.233322], [-103.154901, 31.23739], [-103.146537, 31.233079], [-103.13801, 31.237147], [-103.137846, 31.245526], [-103.14621, 31.249838], [-103.146046, 31.258217], [-103.154412, 31.262528], [-103.154249, 31.270908], [-103.145718, 31.274975], [-103.145554, 31.283355], [-103.153922, 31.287666], [-103.153759, 31.296045], [-103.162128, 31.300356], [-103.161965, 31.308735], [-103.153432, 31.312804], [-103.153268, 31.321183], [-103.16164, 31.325494], [-103.170174, 31.321425], [-103.170336, 31.313046], [-103.178869, 31.308976], [-103.187241, 31.313286], [-103.195773, 31.309215], [-103.204146, 31.313523], [-103.203987, 31.321903], [-103.195454, 31.325974], [-103.187081, 31.321665], [-103.178547, 31.325735], [-103.178385, 31.334114], [-103.16985, 31.338184], [-103.161477, 31.333873], [-103.152941, 31.337941], [-103.152777, 31.34632], [-103.14424, 31.350388], [-103.144075, 31.358767], [-103.152449, 31.363079], [-103.160988, 31.359011], [-103.169363, 31.363321], [-103.1692, 31.3717], [-103.160661, 31.375769], [-103.152285, 31.371458], [-103.143746, 31.375525], [-103.135371, 31.371213], [-103.12683, 31.375279], [-103.126664, 31.383658], [-103.118122, 31.387724], [-103.109747, 31.38341], [-103.109915, 31.375031], [-103.101542, 31.370717], [-103.093, 31.37478], [-103.084628, 31.370465], [-103.076085, 31.374528], [-103.067714, 31.370211], [-103.067885, 31.361833], [-103.076427, 31.35777], [-103.076597, 31.349391], [-103.068228, 31.345075], [-103.059687, 31.349137], [-103.051319, 31.344819], [-103.051491, 31.336441], [-103.043124, 31.332123], [-103.034584, 31.336183], [-103.03441, 31.344561], [-103.025868, 31.348621], [-103.017501, 31.344301], [-103.008958, 31.348359], [-103.008782, 31.356738], [-103.017149, 31.361058], [-103.016973, 31.369437], [-103.008656, 31.373387], [-103.008632, 31.37333], [-103.008487, 31.373], [-103.008363, 31.372738], [-103.008198, 31.372414], [-103.00813, 31.372285], [-103.008014, 31.372073], [-103.007942, 31.371946], [-103.007758, 31.37163], [-103.007602, 31.371381], [-103.007399, 31.371074], [-103.007316, 31.370952], [-103.007175, 31.370751], [-103.007088, 31.370631], [-103.006867, 31.370333], [-103.006682, 31.370099], [-103.006443, 31.369812], [-103.006346, 31.369698], [-103.005983, 31.369285], [-103.005882, 31.369173], [-103.005574, 31.368841], [-103.00547, 31.368732], [-103.004171, 31.367403], [-103.003668, 31.366854], [-103.003207, 31.366278], [-103.00279, 31.365678], [-103.002419, 31.365057], [-103.002095, 31.364416], [-103.00182, 31.363759], [-103.001594, 31.363088], [-103.001419, 31.362406], [-103.000991, 31.360438], [-102.998225, 31.347728], [-102.998195, 31.347598], [-102.998099, 31.347209], [-102.998065, 31.34708], [-102.997952, 31.346672], [-102.997873, 31.346416], [-102.997615, 31.345652], [-102.997553, 31.345482], [-102.997522, 31.3454], [-102.997489, 31.345317], [-102.997382, 31.345069], [-102.997039, 31.34433], [-102.996917, 31.344087], [-102.996875, 31.344008], [-102.99674, 31.343769], [-102.996315, 31.343063], [-102.996167, 31.34283], [-102.996116, 31.342755], [-102.995954, 31.342529], [-102.995451, 31.341862], [-102.995277, 31.341643], [-102.995218, 31.341572], [-102.995032, 31.341361], [-102.994455, 31.340738], [-102.994257, 31.340535], [-102.993935, 31.34022], [-102.993832, 31.340122], [-102.993518, 31.339829], [-102.993412, 31.339733], [-102.986896, 31.333956], [-102.981437, 31.329114], [-102.980877, 31.328584], [-102.980358, 31.328023], [-102.979884, 31.327433], [-102.979456, 31.326819], [-102.979076, 31.326181], [-102.978746, 31.325524], [-102.978466, 31.324849], [-102.978239, 31.32416], [-102.978066, 31.323459], [-102.977706, 31.321732], [-102.974564, 31.306638], [-102.972247, 31.295508], [-102.969851, 31.283997], [-102.966711, 31.268903], [-102.964347, 31.257538], [-102.964221, 31.256931], [-102.964195, 31.256814], [-102.964113, 31.256463], [-102.964084, 31.256346], [-102.963988, 31.255978], [-102.963921, 31.255746], [-102.963703, 31.255054], [-102.963624, 31.254825], [-102.963597, 31.25475], [-102.963506, 31.254524], [-102.963219, 31.253852], [-102.963117, 31.25363], [-102.962948, 31.253282], [-102.962893, 31.253172], [-102.962723, 31.252845], [-102.962665, 31.252736], [-102.960702, 31.249155], [-102.960366, 31.248547], [-102.95917, 31.246387], [-102.953362, 31.235898], [-102.95332, 31.235822], [-102.952448, 31.234215], [-102.946342, 31.222958], [-102.946297, 31.222875], [-102.945313, 31.22102], [-102.939671, 31.210386], [-102.939625, 31.210298], [-102.938312, 31.207762], [-102.933352, 31.198185], [-102.933303, 31.19809], [-102.931459, 31.194435], [-102.927349, 31.186289], [-102.927298, 31.186186], [-102.92477, 31.181029], [-102.921728, 31.174823], [-102.921674, 31.174712], [-102.918266, 31.167537], [-102.916456, 31.163727], [-102.9164, 31.163606], [-102.912097, 31.154228], [-102.911765, 31.153504], [-102.911534, 31.153], [-102.911475, 31.152869], [-102.907217, 31.143224], [-102.906961, 31.142644], [-102.9069, 31.142502], [-102.903926, 31.13547], [-102.903867, 31.135336], [-102.903732, 31.135042], [-102.903683, 31.134934], [-102.903619, 31.134801], [-102.90338, 31.134316], [-102.903313, 31.134185], [-102.903139, 31.133857], [-102.902992, 31.133599], [-102.902799, 31.13328], [-102.902719, 31.133153], [-102.902422, 31.132693], [-102.902339, 31.132568], [-102.902083, 31.132196], [-102.901996, 31.132074], [-102.90196, 31.132025], [-102.895554, 31.12324], [-102.892022, 31.118396], [-102.887366, 31.112009], [-102.882087, 31.104766], [-102.87918, 31.100778], [-102.872154, 31.091136], [-102.870996, 31.089546], [-102.862547, 31.077948], [-102.853577, 31.065632], [-102.84461, 31.053315], [-102.842154, 31.049942], [-102.841715, 31.049289], [-102.84133, 31.048612], [-102.841, 31.047914], [-102.840726, 31.047198], [-102.840511, 31.046467], [-102.840356, 31.045725], [-102.84026, 31.044976], [-102.840225, 31.044223], [-102.840224, 31.044128], [-102.840224, 31.044056], [-102.840224, 31.044025], [-102.840225, 31.043915], [-102.840267, 31.040671], [-102.840346, 31.034518], [-102.840385, 31.033782], [-102.840481, 31.03305], [-102.840634, 31.032325], [-102.840845, 31.031611], [-102.84111, 31.03091], [-102.84143, 31.030227], [-102.841635, 31.029863], [-102.841804, 31.029564], [-102.842228, 31.028924], [-102.842702, 31.02831], [-102.843222, 31.027726], [-102.843788, 31.027173], [-102.844396, 31.026654], [-102.845043, 31.026172], [-102.847155, 31.024702], [-102.850319, 31.022501], [-102.850978, 31.022072], [-102.851669, 31.021681], [-102.852387, 31.02133], [-102.852681, 31.021197], [-102.853259, 31.020952], [-102.85385, 31.020732], [-102.861832, 31.017974], [-102.872672, 31.014226], [-102.889657, 31.008352], [-102.901009, 31.004425], [-102.908921, 31.001686], [-102.909, 31.001659], [-102.909035, 31.001648], [-102.909155, 31.001607], [-102.912637, 31.000461], [-102.912756, 31.000422], [-102.912803, 31.000407], [-102.912973, 31.000354], [-102.915126, 30.999696], [-102.915049, 31.00324], [-102.923382, 31.007565], [-102.9232, 31.015944], [-102.914684, 31.019997], [-102.914501, 31.028375], [-102.905984, 31.032428], [-102.905801, 31.040806], [-102.914136, 31.045132], [-102.922654, 31.041079], [-102.922836, 31.0327], [-102.931353, 31.028647], [-102.939689, 31.032971], [-102.939508, 31.041349], [-102.930991, 31.045403], [-102.930809, 31.053782], [-102.939147, 31.058106], [-102.938966, 31.066485], [-102.930446, 31.070539], [-102.930265, 31.078917], [-102.938605, 31.083241], [-102.947126, 31.079187], [-102.955466, 31.08351], [-102.955287, 31.091889], [-102.946765, 31.095944], [-102.946585, 31.104322], [-102.938062, 31.108377], [-102.93788, 31.116755], [-102.946224, 31.121079], [-102.954748, 31.117024], [-102.963092, 31.121347], [-102.962913, 31.129725], [-102.971259, 31.134048], [-102.979783, 31.129991], [-102.98813, 31.134312], [-102.996654, 31.130255], [-103.005001, 31.134575], [-103.004826, 31.142954], [-103.013175, 31.147273], [-103.021698, 31.143214], [-103.021872, 31.134835], [-103.013524, 31.130516], [-103.013699, 31.122137], [-103.02222, 31.118078], [-103.030568, 31.122396], [-103.039089, 31.118335], [-103.047437, 31.122653], [-103.047266, 31.131032], [-103.038744, 31.135093], [-103.038571, 31.143472], [-103.046922, 31.14779], [-103.04675, 31.156169], [-103.055103, 31.160486], [-103.054931, 31.168865], [-103.046406, 31.172926], [-103.046234, 31.181305], [-103.054589, 31.185623], [-103.063114, 31.181561], [-103.071469, 31.185877], [-103.071299, 31.194256], [-103.079656, 31.198572], [-103.088182, 31.194508], [-103.09654, 31.198822], [-103.096372, 31.207202], [-103.104731, 31.211516], [-103.113257, 31.20745], [-103.113423, 31.199071], [-103.121948, 31.195005], [-103.130307, 31.199318], [-103.130142, 31.207697], [-103.138503, 31.212009], [-103.138339, 31.220388], [-103.146701, 31.2247], [-103.155227, 31.220632], [-103.16359, 31.224942]]]}}, {"type": "Feature", "properties": {"area_no": 32, "area_sqmi": 32.84719854620713, "n12": 43, "oil12_p50": 11.595032180209172, "oil12_p10_high": 14.864687750666155, "oil12_p90_low": 5.724641460803465, "oil12_mean": 11.02572996984723, "n24": 40, "oil24_p50": 15.965317194229897, "n_eur": 43, "bo_ft_p50": 38.993161094224924, "n_eur_cum_fallback": 0, "n_WCA_1": 23, "n_WCA_2": 19, "n_WCXY": 0, "n_other_tag": 1, "oil12_p50_exWCXY": 11.595032180209172, "n12_exWCXY": 43, "fp_year_p50": 2021.0, "lateral_p50": 9278.0, "top_operator": "Crescent Energy", "top_operator_share": 0.4883720930232558, "flag": "", "d1_puds_WCA_1+2": 0, "d1_puds_WCXY": 0}, "geometry": {"type": "Polygon", "coordinates": [[[-103.596726, 31.066938], [-103.588356, 31.062656], [-103.579862, 31.066754], [-103.579737, 31.075135], [-103.588108, 31.079418], [-103.596603, 31.07532], [-103.604975, 31.079602], [-103.604852, 31.087983], [-103.596356, 31.092083], [-103.596233, 31.100464], [-103.604607, 31.104746], [-103.613104, 31.100647], [-103.621478, 31.104928], [-103.621357, 31.113309], [-103.629734, 31.11759], [-103.629613, 31.125971], [-103.637991, 31.130251], [-103.646488, 31.12615], [-103.654867, 31.130429], [-103.656364, 31.129706], [-103.656471, 31.130807], [-103.656486, 31.130955], [-103.656513, 31.131197], [-103.65653, 31.131338], [-103.656881, 31.13409], [-103.656901, 31.134236], [-103.656935, 31.134473], [-103.656956, 31.134612], [-103.657396, 31.137385], [-103.65742, 31.137528], [-103.65746, 31.137762], [-103.657485, 31.137898], [-103.657971, 31.140455], [-103.658016, 31.140692], [-103.658043, 31.140833], [-103.65809, 31.141062], [-103.658118, 31.141195], [-103.658739, 31.144012], [-103.658771, 31.14415], [-103.658823, 31.144374], [-103.658855, 31.144504], [-103.659568, 31.147344], [-103.659602, 31.147479], [-103.65966, 31.147697], [-103.659695, 31.147825], [-103.660501, 31.150688], [-103.660538, 31.15082], [-103.660601, 31.151033], [-103.660639, 31.151157], [-103.661034, 31.152425], [-103.654512, 31.155573], [-103.646131, 31.151294], [-103.637631, 31.155396], [-103.629251, 31.151115], [-103.620751, 31.155216], [-103.612372, 31.150935], [-103.612494, 31.142553], [-103.604116, 31.138271], [-103.595616, 31.14237], [-103.587239, 31.138087], [-103.578738, 31.142185], [-103.570362, 31.137901], [-103.561861, 31.141998], [-103.553486, 31.137713], [-103.544983, 31.141808], [-103.536609, 31.137522], [-103.528106, 31.141616], [-103.519733, 31.137329], [-103.519863, 31.128948], [-103.511491, 31.12466], [-103.511622, 31.116279], [-103.520123, 31.112186], [-103.520253, 31.103805], [-103.511883, 31.099517], [-103.512014, 31.091136], [-103.520513, 31.087043], [-103.520643, 31.078662], [-103.52914, 31.074568], [-103.537509, 31.078854], [-103.53738, 31.087236], [-103.54575, 31.091522], [-103.554248, 31.087426], [-103.554375, 31.079045], [-103.546006, 31.074759], [-103.546133, 31.066378], [-103.554629, 31.062282], [-103.562997, 31.066567], [-103.571492, 31.06247], [-103.571617, 31.054089], [-103.580111, 31.049991], [-103.588479, 31.054274], [-103.596972, 31.050176], [-103.597095, 31.041794], [-103.605586, 31.037695], [-103.613955, 31.041977], [-103.613834, 31.050358], [-103.605342, 31.054458], [-103.605219, 31.062839], [-103.596726, 31.066938]]]}}, {"type": "Feature", "properties": {"area_no": 33, "area_sqmi": 247.02778879614496, "n12": 189, "oil12_p50": 12.837511146339047, "oil12_p10_high": 17.81097416491593, "oil12_p90_low": 8.767586241113777, "oil12_mean": 13.215334912082254, "n24": 177, "oil24_p50": 19.09398170438132, "n_eur": 198, "bo_ft_p50": 53.60816770173304, "n_eur_cum_fallback": 0, "n_WCA_1": 90, "n_WCA_2": 97, "n_WCXY": 0, "n_other_tag": 2, "oil12_p50_exWCXY": 12.837511146339047, "n12_exWCXY": 189, "fp_year_p50": 2019.0, "lateral_p50": 9943.0, "top_operator": "Crescent Energy", "top_operator_share": 0.2857142857142857, "flag": "", "d1_puds_WCA_1+2": 0, "d1_puds_WCXY": 0}, "geometry": {"type": "Polygon", "coordinates": [[[-103.311237, 30.996458], [-103.319589, 31.000758], [-103.319442, 31.009139], [-103.327795, 31.013438], [-103.327648, 31.021819], [-103.319147, 31.025899], [-103.310794, 31.021599], [-103.302292, 31.025679], [-103.302144, 31.034059], [-103.310498, 31.03836], [-103.31035, 31.04674], [-103.318706, 31.05104], [-103.318558, 31.05942], [-103.310054, 31.0635], [-103.309905, 31.071881], [-103.318263, 31.076181], [-103.326769, 31.072101], [-103.335127, 31.0764], [-103.334981, 31.08478], [-103.343341, 31.089079], [-103.351847, 31.084997], [-103.360208, 31.089295], [-103.360064, 31.097675], [-103.351557, 31.101758], [-103.351412, 31.110138], [-103.359776, 31.114436], [-103.368283, 31.110353], [-103.376647, 31.11465], [-103.376504, 31.12303], [-103.367996, 31.127114], [-103.359631, 31.122816], [-103.351123, 31.126899], [-103.350978, 31.135279], [-103.342467, 31.139361], [-103.334103, 31.135062], [-103.325592, 31.139143], [-103.325445, 31.147523], [-103.33381, 31.151822], [-103.333663, 31.160202], [-103.34203, 31.164502], [-103.341884, 31.172882], [-103.350252, 31.17718], [-103.350106, 31.185561], [-103.358476, 31.189859], [-103.358331, 31.198239], [-103.349816, 31.202321], [-103.34967, 31.210701], [-103.341153, 31.214783], [-103.341006, 31.223163], [-103.332488, 31.227244], [-103.332341, 31.235624], [-103.340714, 31.239923], [-103.340567, 31.248303], [-103.332046, 31.252384], [-103.331899, 31.260764], [-103.323376, 31.264844], [-103.315002, 31.260544], [-103.306479, 31.264623], [-103.298106, 31.260321], [-103.289582, 31.264399], [-103.281209, 31.260096], [-103.272685, 31.264173], [-103.264313, 31.259869], [-103.264467, 31.251489], [-103.256096, 31.247185], [-103.247572, 31.25126], [-103.239203, 31.246955], [-103.230678, 31.251028], [-103.230522, 31.259408], [-103.221995, 31.263481], [-103.213626, 31.259174], [-103.205099, 31.263246], [-103.196731, 31.258938], [-103.19689, 31.250559], [-103.205416, 31.246487], [-103.205575, 31.238108], [-103.197209, 31.2338], [-103.197368, 31.22542], [-103.205891, 31.221349], [-103.20605, 31.212969], [-103.197686, 31.208661], [-103.197845, 31.200282], [-103.206366, 31.19621], [-103.21473, 31.200517], [-103.214572, 31.208897], [-103.222937, 31.213204], [-103.231459, 31.20913], [-103.231615, 31.20075], [-103.240135, 31.196676], [-103.2485, 31.200981], [-103.257019, 31.196906], [-103.257173, 31.188526], [-103.248809, 31.184222], [-103.248963, 31.175842], [-103.2406, 31.171537], [-103.240755, 31.163157], [-103.249271, 31.159082], [-103.249425, 31.150703], [-103.241064, 31.146398], [-103.232549, 31.150472], [-103.224189, 31.146166], [-103.224345, 31.137786], [-103.23286, 31.133712], [-103.233015, 31.125333], [-103.224657, 31.121027], [-103.216144, 31.1251], [-103.215987, 31.13348], [-103.207471, 31.137552], [-103.199114, 31.133245], [-103.190598, 31.137316], [-103.190439, 31.145696], [-103.181921, 31.149767], [-103.181761, 31.158147], [-103.173242, 31.162217], [-103.173081, 31.170596], [-103.164561, 31.174666], [-103.164399, 31.183045], [-103.172759, 31.187355], [-103.172598, 31.195735], [-103.164075, 31.199804], [-103.155715, 31.195494], [-103.155877, 31.187114], [-103.147518, 31.182803], [-103.138995, 31.186871], [-103.130637, 31.182559], [-103.130801, 31.17418], [-103.122444, 31.169868], [-103.12261, 31.161488], [-103.114254, 31.157175], [-103.11442, 31.148796], [-103.12294, 31.14473], [-103.123105, 31.13635], [-103.114752, 31.132038], [-103.114917, 31.123658], [-103.106565, 31.119345], [-103.106732, 31.110966], [-103.115249, 31.1069], [-103.115414, 31.098521], [-103.107064, 31.094207], [-103.10723, 31.085828], [-103.098882, 31.081514], [-103.099049, 31.073135], [-103.090702, 31.068821], [-103.082188, 31.072885], [-103.073842, 31.06857], [-103.065327, 31.072633], [-103.056981, 31.068317], [-103.048466, 31.072379], [-103.048295, 31.080758], [-103.039778, 31.08482], [-103.031433, 31.080502], [-103.022915, 31.084562], [-103.014571, 31.080243], [-103.014745, 31.071864], [-103.006402, 31.067545], [-102.997885, 31.071604], [-102.989543, 31.067283], [-102.989719, 31.058904], [-102.981379, 31.054583], [-102.981556, 31.046205], [-102.990072, 31.042147], [-102.990248, 31.033768], [-102.981909, 31.029447], [-102.982086, 31.021069], [-102.973749, 31.016747], [-102.973927, 31.008368], [-102.965591, 31.004047], [-102.957078, 31.008103], [-102.948744, 31.00378], [-102.948923, 30.995401], [-102.954506, 30.992742], [-102.957367, 30.992626], [-102.957515, 30.99262], [-102.957574, 30.992619], [-102.957785, 30.992614], [-102.959817, 30.992581], [-102.961068, 30.992561], [-102.961217, 30.992559], [-102.961277, 30.992559], [-102.961488, 30.992559], [-102.964766, 30.992587], [-102.964915, 30.992589], [-102.964975, 30.99259], [-102.965186, 30.992596], [-102.968459, 30.992704], [-102.968608, 30.992709], [-102.968668, 30.992712], [-102.96888, 30.992723], [-102.971618, 30.992881], [-102.972149, 30.992911], [-102.972298, 30.99292], [-102.97236, 30.992925], [-102.972566, 30.99294], [-102.973652, 30.993029], [-102.975837, 30.993209], [-102.975982, 30.993222], [-102.976042, 30.993228], [-102.976252, 30.993249], [-102.977749, 30.993409], [-102.979518, 30.993598], [-102.979664, 30.993615], [-102.979723, 30.993622], [-102.979931, 30.993648], [-102.983196, 30.994078], [-102.983341, 30.994098], [-102.983399, 30.994107], [-102.983605, 30.994137], [-102.985694, 30.994465], [-102.986871, 30.994649], [-102.987014, 30.994672], [-102.987071, 30.994682], [-102.987274, 30.994717], [-102.990542, 30.995311], [-102.990682, 30.995337], [-102.990739, 30.995348], [-102.990939, 30.995388], [-102.994208, 30.996064], [-102.994347, 30.996093], [-102.994403, 30.996105], [-102.994599, 30.996149], [-102.997871, 30.996908], [-102.998007, 30.99694], [-102.998062, 30.996953], [-102.998254, 30.997001], [-102.999439, 30.997305], [-103.00153, 30.997843], [-103.001663, 30.997877], [-103.001717, 30.997892], [-103.001905, 30.997943], [-103.005185, 30.998868], [-103.005315, 30.998906], [-103.005367, 30.998921], [-103.005552, 30.998976], [-103.008836, 30.999985], [-103.008963, 31.000025], [-103.009014, 31.000041], [-103.009193, 31.000099], [-103.012483, 31.001193], [-103.012606, 31.001235], [-103.012656, 31.001252], [-103.012831, 31.001313], [-103.016126, 31.002492], [-103.016184, 31.002513], [-103.016246, 31.002536], [-103.016294, 31.002553], [-103.016464, 31.002617], [-103.019706, 31.00386], [-103.01983, 31.003907], [-103.020033, 31.003982], [-103.020151, 31.004026], [-103.023258, 31.005151], [-103.023391, 31.005198], [-103.023607, 31.005274], [-103.023733, 31.005318], [-103.026746, 31.006341], [-103.026888, 31.006388], [-103.027118, 31.006464], [-103.027253, 31.006507], [-103.028914, 31.007033], [-103.030169, 31.007431], [-103.03032, 31.007478], [-103.030565, 31.007552], [-103.030709, 31.007596], [-103.033527, 31.00842], [-103.033687, 31.008466], [-103.033949, 31.00854], [-103.034102, 31.008582], [-103.036819, 31.009309], [-103.03699, 31.009354], [-103.037269, 31.009425], [-103.037432, 31.009466], [-103.040047, 31.010098], [-103.040229, 31.010141], [-103.040526, 31.010209], [-103.0407, 31.010248], [-103.041303, 31.010378], [-103.043209, 31.010787], [-103.043403, 31.010828], [-103.043719, 31.010892], [-103.043904, 31.010928], [-103.046306, 31.011377], [-103.046512, 31.011414], [-103.046848, 31.011472], [-103.047045, 31.011505], [-103.049338, 31.011867], [-103.049557, 31.0119], [-103.049914, 31.011951], [-103.050123, 31.01198], [-103.052305, 31.012258], [-103.052537, 31.012286], [-103.052916, 31.012328], [-103.053138, 31.012351], [-103.055208, 31.01255], [-103.055453, 31.012571], [-103.055854, 31.012603], [-103.056089, 31.01262], [-103.058068, 31.012744], [-103.05811, 31.012746], [-103.05813, 31.012748], [-103.058319, 31.012758], [-103.058383, 31.012761], [-103.058741, 31.012777], [-103.058805, 31.01278], [-103.058995, 31.012787], [-103.059058, 31.012789], [-103.060842, 31.012838], [-103.060909, 31.012839], [-103.061108, 31.012843], [-103.061175, 31.012844], [-103.061552, 31.012848], [-103.061618, 31.012848], [-103.061818, 31.012848], [-103.061884, 31.012848], [-103.063555, 31.012833], [-103.063625, 31.012832], [-103.063834, 31.012829], [-103.063903, 31.012827], [-103.064298, 31.012816], [-103.064367, 31.012814], [-103.064576, 31.012806], [-103.064646, 31.012803], [-103.066205, 31.01273], [-103.066278, 31.012727], [-103.066496, 31.012714], [-103.066568, 31.01271], [-103.066979, 31.012682], [-103.067051, 31.012677], [-103.067269, 31.012661], [-103.067341, 31.012655], [-103.068794, 31.012529], [-103.068869, 31.012522], [-103.069095, 31.0125], [-103.06917, 31.012492], [-103.069595, 31.012447], [-103.06967, 31.012438], [-103.069895, 31.012412], [-103.06997, 31.012402], [-103.071322, 31.012229], [-103.071399, 31.012218], [-103.071631, 31.012186], [-103.071709, 31.012175], [-103.072146, 31.012109], [-103.072223, 31.012097], [-103.072454, 31.01206], [-103.072531, 31.012047], [-103.073789, 31.01183], [-103.073868, 31.011816], [-103.074106, 31.011772], [-103.074185, 31.011757], [-103.074631, 31.011669], [-103.07471, 31.011654], [-103.074946, 31.011605], [-103.074989, 31.011596], [-103.075025, 31.011588], [-103.076197, 31.011331], [-103.076277, 31.011313], [-103.076518, 31.011257], [-103.076598, 31.011238], [-103.077051, 31.011128], [-103.077131, 31.011108], [-103.07737, 31.011047], [-103.077449, 31.011027], [-103.078546, 31.010733], [-103.078627, 31.01071], [-103.078869, 31.010643], [-103.078949, 31.010619], [-103.079405, 31.010486], [-103.079485, 31.010462], [-103.079724, 31.010388], [-103.079804, 31.010363], [-103.080837, 31.010033], [-103.080917, 31.010007], [-103.081159, 31.009927], [-103.081239, 31.009899], [-103.081692, 31.009742], [-103.081772, 31.009714], [-103.08201, 31.009628], [-103.082089, 31.009599], [-103.083069, 31.009232], [-103.083149, 31.009202], [-103.083387, 31.009109], [-103.083466, 31.009078], [-103.083913, 31.008898], [-103.083992, 31.008866], [-103.084227, 31.008768], [-103.084305, 31.008735], [-103.085244, 31.008329], [-103.085322, 31.008295], [-103.085554, 31.00819], [-103.085632, 31.008155], [-103.086068, 31.007954], [-103.086145, 31.007918], [-103.086374, 31.007808], [-103.08645, 31.007771], [-103.086855, 31.007571], [-103.08736, 31.007322], [-103.087435, 31.007284], [-103.08766, 31.007169], [-103.087735, 31.007131], [-103.088157, 31.006909], [-103.088231, 31.006869], [-103.088452, 31.006749], [-103.088526, 31.006709], [-103.089417, 31.006211], [-103.089489, 31.00617], [-103.089705, 31.006046], [-103.089777, 31.006004], [-103.09018, 31.005765], [-103.090251, 31.005722], [-103.090463, 31.005593], [-103.090533, 31.005549], [-103.091415, 31.004995], [-103.091483, 31.004951], [-103.091688, 31.004819], [-103.091755, 31.004775], [-103.092138, 31.00452], [-103.092205, 31.004475], [-103.092405, 31.004338], [-103.092472, 31.004292], [-103.093351, 31.003674], [-103.093416, 31.003628], [-103.093608, 31.00349], [-103.093671, 31.003443], [-103.09403, 31.003177], [-103.094093, 31.00313], [-103.094281, 31.002987], [-103.094343, 31.002939], [-103.095226, 31.002248], [-103.095286, 31.0022], [-103.095465, 31.002057], [-103.095524, 31.002009], [-103.095858, 31.001734], [-103.095916, 31.001685], [-103.096091, 31.001538], [-103.096149, 31.001488], [-103.097039, 31.000716], [-103.097094, 31.000668], [-103.097259, 31.000521], [-103.097314, 31.000472], [-103.097621, 31.000191], [-103.097675, 31.000141], [-103.097836, 30.999991], [-103.097889, 30.999941], [-103.098787, 30.999079], [-103.098838, 30.99903], [-103.098989, 30.998882], [-103.099039, 30.998832], [-103.09932, 30.998549], [-103.09937, 30.998499], [-103.099516, 30.998347], [-103.099565, 30.998297], [-103.100253, 30.997569], [-103.100472, 30.997338], [-103.100518, 30.997288], [-103.100655, 30.99714], [-103.1007, 30.99709], [-103.100956, 30.996807], [-103.101, 30.996757], [-103.101134, 30.996605], [-103.101178, 30.996555], [-103.102184, 30.995383], [-103.102389, 30.995151], [-103.102459, 30.995074], [-103.10267, 30.994847], [-103.103843, 30.993625], [-103.104066, 30.993399], [-103.104141, 30.993325], [-103.104371, 30.993104], [-103.105599, 30.991957], [-103.105838, 30.99174], [-103.105919, 30.991669], [-103.106165, 30.991457], [-103.107452, 30.99038], [-103.107706, 30.990173], [-103.107792, 30.990105], [-103.108052, 30.989905], [-103.109144, 30.989087], [-103.109403, 30.988893], [-103.10967, 30.988699], [-103.10976, 30.988635], [-103.110032, 30.988448], [-103.111453, 30.987497], [-103.11173, 30.987317], [-103.111823, 30.987258], [-103.112105, 30.987085], [-103.113602, 30.986192], [-103.113886, 30.986028], [-103.113981, 30.985974], [-103.11427, 30.985816], [-103.11585, 30.984979], [-103.116138, 30.984831], [-103.116235, 30.984783], [-103.116527, 30.984641], [-103.118197, 30.983859], [-103.118486, 30.983727], [-103.118583, 30.983684], [-103.118877, 30.983559], [-103.120642, 30.982831], [-103.120766, 30.982782], [-103.120931, 30.982716], [-103.121027, 30.982679], [-103.121319, 30.98257], [-103.123186, 30.981897], [-103.123471, 30.981798], [-103.123566, 30.981766], [-103.123854, 30.981672], [-103.125828, 30.981056], [-103.126107, 30.980972], [-103.126201, 30.980945], [-103.126482, 30.980867], [-103.128568, 30.98031], [-103.12884, 30.98024], [-103.128931, 30.980218], [-103.129204, 30.980153], [-103.131405, 30.979657], [-103.131668, 30.979601], [-103.131756, 30.979582], [-103.132021, 30.979531], [-103.134338, 30.979099], [-103.134592, 30.979054], [-103.134617, 30.97905], [-103.134677, 30.97904], [-103.134931, 30.979], [-103.137331, 30.978641], [-103.137528, 30.978613], [-103.137612, 30.978601], [-103.137896, 30.978565], [-103.140456, 30.97827], [-103.140651, 30.978249], [-103.140728, 30.978241], [-103.140999, 30.978216], [-103.143681, 30.977993], [-103.143865, 30.977978], [-103.143939, 30.977973], [-103.144198, 30.977957], [-103.147001, 30.97781], [-103.147176, 30.977802], [-103.147246, 30.977799], [-103.147492, 30.977791], [-103.150417, 30.977721], [-103.150582, 30.977718], [-103.150649, 30.977717], [-103.150882, 30.977716], [-103.151492, 30.977718], [-103.153928, 30.977726], [-103.154084, 30.977728], [-103.154147, 30.977728], [-103.154368, 30.977733], [-103.157534, 30.977825], [-103.157682, 30.97783], [-103.157741, 30.977833], [-103.157951, 30.977842], [-103.161236, 30.978018], [-103.161375, 30.978026], [-103.161431, 30.97803], [-103.161629, 30.978044], [-103.165032, 30.978304], [-103.165164, 30.978315], [-103.165217, 30.97832], [-103.165404, 30.978337], [-103.168324, 30.978625], [-103.168924, 30.978684], [-103.169048, 30.978697], [-103.169098, 30.978702], [-103.169275, 30.978722], [-103.172911, 30.979158], [-103.173028, 30.979172], [-103.173075, 30.979178], [-103.173242, 30.9792], [-103.176993, 30.979724], [-103.177103, 30.97974], [-103.177148, 30.979746], [-103.177305, 30.979771], [-103.18117, 30.980384], [-103.181274, 30.980401], [-103.181316, 30.980408], [-103.181465, 30.980433], [-103.185128, 30.981081], [-103.185427, 30.981134], [-103.185522, 30.981151], [-103.185563, 30.981158], [-103.185706, 30.981185], [-103.189796, 30.98198], [-103.189886, 30.981997], [-103.189923, 30.982005], [-103.190059, 30.982033], [-103.194259, 30.982918], [-103.194345, 30.982936], [-103.19438, 30.982944], [-103.194508, 30.982973], [-103.198764, 30.983937], [-103.198818, 30.98395], [-103.198899, 30.983968], [-103.198932, 30.983976], [-103.199053, 30.984005], [-103.203213, 30.985011], [-103.203413, 30.985059], [-103.203741, 30.985133], [-103.203933, 30.985176], [-103.207895, 30.986018], [-103.208098, 30.986059], [-103.208428, 30.986125], [-103.208622, 30.986162], [-103.209556, 30.986333], [-103.210672, 30.986538], [-103.21262, 30.986895], [-103.212824, 30.986931], [-103.213155, 30.986987], [-103.213349, 30.987018], [-103.217386, 30.987642], [-103.21759, 30.987672], [-103.217922, 30.987719], [-103.218116, 30.987745], [-103.222194, 30.98826], [-103.222397, 30.988284], [-103.222728, 30.988322], [-103.222921, 30.988342], [-103.227042, 30.988748], [-103.227112, 30.988754], [-103.227245, 30.988766], [-103.227573, 30.988795], [-103.227766, 30.98881], [-103.231932, 30.989106], [-103.232133, 30.989119], [-103.232459, 30.989138], [-103.23265, 30.989148], [-103.236863, 30.989334], [-103.237061, 30.989341], [-103.237384, 30.989352], [-103.237572, 30.989356], [-103.241835, 30.989432], [-103.242031, 30.989434], [-103.242348, 30.989436], [-103.242534, 30.989436], [-103.243952, 30.989424], [-103.246848, 30.9894], [-103.24704, 30.989397], [-103.247353, 30.989391], [-103.247535, 30.989386], [-103.251901, 30.989237], [-103.25209, 30.98923], [-103.252397, 30.989216], [-103.252576, 30.989207], [-103.256995, 30.988945], [-103.25718, 30.988933], [-103.25748, 30.988912], [-103.257655, 30.988898], [-103.260819, 30.988632], [-103.26213, 30.988522], [-103.262311, 30.988506], [-103.262604, 30.988478], [-103.262775, 30.98846], [-103.267305, 30.987969], [-103.267481, 30.987949], [-103.267767, 30.987914], [-103.267937, 30.987893], [-103.268281, 30.987848], [-103.268438, 30.987825], [-103.268919, 30.98775], [-103.269079, 30.987724], [-103.269662, 30.987619], [-103.269821, 30.987589], [-103.270217, 30.987509], [-103.270532, 30.987438], [-103.270923, 30.987341], [-103.271079, 30.9873], [-103.271336, 30.98723], [-103.271491, 30.987185], [-103.271875, 30.987071], [-103.27218, 30.986972], [-103.272557, 30.986841], [-103.272708, 30.986786], [-103.272955, 30.986694], [-103.273103, 30.986636], [-103.273472, 30.986488], [-103.273764, 30.986363], [-103.274123, 30.986198], [-103.274266, 30.986131], [-103.274501, 30.986017], [-103.274527, 30.986003], [-103.274641, 30.985946], [-103.274991, 30.985766], [-103.275266, 30.985616], [-103.275604, 30.985421], [-103.275738, 30.985341], [-103.276224, 30.985044], [-103.276355, 30.984961], [-103.276746, 30.984709], [-103.276875, 30.984624], [-103.286283, 30.978224], [-103.295929, 30.97166], [-103.310072, 30.962032], [-103.32039, 30.955006], [-103.320323, 30.958856], [-103.328672, 30.963156], [-103.328526, 30.971536], [-103.320029, 30.975617], [-103.319883, 30.983997], [-103.311385, 30.988078], [-103.311237, 30.996458]]]}}, {"type": "Feature", "properties": {"area_no": 34, "area_sqmi": 208.02543112823903, "n12": 130, "oil12_p50": 16.568217449864065, "oil12_p10_high": 25.631054480943472, "oil12_p90_low": 10.029272158380525, "oil12_mean": 17.190299506176135, "n24": 115, "oil24_p50": 23.2470506592644, "n_eur": 134, "bo_ft_p50": 57.74944279804218, "n_eur_cum_fallback": 0, "n_WCA_1": 42, "n_WCA_2": 87, "n_WCXY": 0, "n_other_tag": 1, "oil12_p50_exWCXY": 16.568217449864065, "n12_exWCXY": 130, "fp_year_p50": 2021.0, "lateral_p50": 9375.0, "top_operator": "Apache", "top_operator_share": 0.3, "flag": "", "d1_puds_WCA_1+2": 33, "d1_puds_WCXY": 0}, "geometry": {"type": "Polygon", "coordinates": [[[-103.610722, 31.016851], [-103.610816, 31.01694], [-103.61427, 31.020267], [-103.614988, 31.020959], [-103.615052, 31.021022], [-103.615091, 31.021059], [-103.615177, 31.021144], [-103.615322, 31.02129], [-103.615412, 31.021377], [-103.615683, 31.021637], [-103.615775, 31.021723], [-103.616079, 31.022002], [-103.616275, 31.022173], [-103.616875, 31.022677], [-103.61708, 31.022841], [-103.617149, 31.022894], [-103.617361, 31.02305], [-103.618011, 31.023506], [-103.618232, 31.023654], [-103.618586, 31.023881], [-103.618699, 31.023952], [-103.619041, 31.024161], [-103.619156, 31.02423], [-103.625638, 31.028011], [-103.639334, 31.035998], [-103.649058, 31.041666], [-103.660706, 31.048455], [-103.661374, 31.048872], [-103.662008, 31.049325], [-103.662607, 31.049813], [-103.663167, 31.050333], [-103.663687, 31.050884], [-103.6639, 31.051143], [-103.664164, 31.051463], [-103.664596, 31.052067], [-103.664982, 31.052694], [-103.66532, 31.053342], [-103.665607, 31.054007], [-103.665844, 31.054687], [-103.666029, 31.055378], [-103.666161, 31.056079], [-103.66624, 31.056785], [-103.666265, 31.057495], [-103.666237, 31.058204], [-103.666155, 31.05891], [-103.664852, 31.067333], [-103.664124, 31.072039], [-103.66346, 31.07633], [-103.661125, 31.091416], [-103.659282, 31.103323], [-103.657492, 31.114886], [-103.656237, 31.122986], [-103.656219, 31.123113], [-103.656171, 31.123495], [-103.656156, 31.123623], [-103.656116, 31.124026], [-103.656098, 31.124282], [-103.656064, 31.12505], [-103.656059, 31.125306], [-103.656063, 31.125711], [-103.656066, 31.125839], [-103.656081, 31.126223], [-103.656087, 31.126351], [-103.656164, 31.127536], [-103.656175, 31.127687], [-103.656195, 31.127932], [-103.656207, 31.128075], [-103.656364, 31.129706], [-103.654867, 31.130429], [-103.646488, 31.12615], [-103.637991, 31.130251], [-103.629613, 31.125971], [-103.629734, 31.11759], [-103.621357, 31.113309], [-103.621478, 31.104928], [-103.613104, 31.100647], [-103.604607, 31.104746], [-103.596233, 31.100464], [-103.596356, 31.092083], [-103.604852, 31.087983], [-103.604975, 31.079602], [-103.596603, 31.07532], [-103.588108, 31.079418], [-103.579737, 31.075135], [-103.579862, 31.066754], [-103.588356, 31.062656], [-103.596726, 31.066938], [-103.605219, 31.062839], [-103.605342, 31.054458], [-103.613834, 31.050358], [-103.613955, 31.041977], [-103.605586, 31.037695], [-103.597095, 31.041794], [-103.596972, 31.050176], [-103.588479, 31.054274], [-103.580111, 31.049991], [-103.571617, 31.054089], [-103.571492, 31.06247], [-103.562997, 31.066567], [-103.554629, 31.062282], [-103.546133, 31.066378], [-103.546006, 31.074759], [-103.554375, 31.079045], [-103.554248, 31.087426], [-103.54575, 31.091522], [-103.53738, 31.087236], [-103.537509, 31.078854], [-103.52914, 31.074568], [-103.520643, 31.078662], [-103.520513, 31.087043], [-103.512014, 31.091136], [-103.511883, 31.099517], [-103.520253, 31.103805], [-103.520123, 31.112186], [-103.511622, 31.116279], [-103.511491, 31.12466], [-103.519863, 31.128948], [-103.519733, 31.137329], [-103.528106, 31.141616], [-103.536609, 31.137522], [-103.544983, 31.141808], [-103.553486, 31.137713], [-103.561861, 31.141998], [-103.570362, 31.137901], [-103.578738, 31.142185], [-103.587239, 31.138087], [-103.595616, 31.14237], [-103.604116, 31.138271], [-103.612494, 31.142553], [-103.612372, 31.150935], [-103.620751, 31.155216], [-103.629251, 31.151115], [-103.637631, 31.155396], [-103.646131, 31.151294], [-103.654512, 31.155573], [-103.661034, 31.152425], [-103.661538, 31.154045], [-103.661579, 31.154173], [-103.661646, 31.15438], [-103.661686, 31.154502], [-103.66268, 31.157413], [-103.662723, 31.157538], [-103.662795, 31.15774], [-103.662837, 31.157857], [-103.663926, 31.160794], [-103.663972, 31.160915], [-103.664047, 31.161111], [-103.664092, 31.161225], [-103.665277, 31.164186], [-103.665325, 31.164303], [-103.665404, 31.164494], [-103.66545, 31.164605], [-103.666282, 31.166541], [-103.666732, 31.16759], [-103.666782, 31.167704], [-103.666864, 31.167889], [-103.666912, 31.167996], [-103.668292, 31.171007], [-103.668344, 31.171117], [-103.668428, 31.171295], [-103.668478, 31.1714], [-103.669957, 31.174435], [-103.67001, 31.174541], [-103.670096, 31.174714], [-103.670147, 31.174815], [-103.671726, 31.177875], [-103.67178, 31.177978], [-103.671868, 31.178145], [-103.67192, 31.178242], [-103.67288, 31.180005], [-103.671041, 31.180893], [-103.662658, 31.176615], [-103.654156, 31.180717], [-103.654038, 31.189099], [-103.645535, 31.193201], [-103.645415, 31.201582], [-103.636911, 31.205684], [-103.636791, 31.214065], [-103.628285, 31.218166], [-103.6199, 31.213885], [-103.620022, 31.205504], [-103.628527, 31.201403], [-103.628648, 31.193022], [-103.637151, 31.188921], [-103.637271, 31.18054], [-103.628889, 31.176259], [-103.620387, 31.18036], [-103.620265, 31.188741], [-103.611761, 31.192841], [-103.603379, 31.188559], [-103.603502, 31.180178], [-103.595121, 31.175895], [-103.586617, 31.179993], [-103.578238, 31.17571], [-103.578363, 31.167329], [-103.569985, 31.163045], [-103.561481, 31.167141], [-103.553104, 31.162856], [-103.553231, 31.154475], [-103.544855, 31.150189], [-103.536352, 31.154284], [-103.536223, 31.162665], [-103.527717, 31.166759], [-103.519342, 31.162472], [-103.510836, 31.166565], [-103.502461, 31.162277], [-103.493955, 31.166369], [-103.485581, 31.162079], [-103.485714, 31.153699], [-103.477341, 31.149409], [-103.468835, 31.153499], [-103.460463, 31.149208], [-103.451956, 31.153297], [-103.443585, 31.149005], [-103.443722, 31.140624], [-103.452229, 31.136536], [-103.460599, 31.140827], [-103.469104, 31.136737], [-103.477475, 31.141028], [-103.48598, 31.136937], [-103.486113, 31.128556], [-103.494617, 31.124464], [-103.494749, 31.116083], [-103.48638, 31.111794], [-103.486513, 31.103413], [-103.495014, 31.099322], [-103.495146, 31.090941], [-103.486778, 31.086651], [-103.486911, 31.078271], [-103.478545, 31.073981], [-103.470046, 31.078071], [-103.469911, 31.086452], [-103.46141, 31.090542], [-103.461275, 31.098923], [-103.452773, 31.103013], [-103.444406, 31.098721], [-103.444543, 31.09034], [-103.453044, 31.086251], [-103.45318, 31.07787], [-103.46168, 31.073781], [-103.461815, 31.0654], [-103.453451, 31.061109], [-103.444952, 31.065198], [-103.436589, 31.060905], [-103.436726, 31.052525], [-103.445225, 31.048436], [-103.445361, 31.040055], [-103.437, 31.035763], [-103.428503, 31.039851], [-103.420143, 31.035558], [-103.420281, 31.027177], [-103.428778, 31.023089], [-103.428915, 31.014709], [-103.420557, 31.010415], [-103.412061, 31.014502], [-103.403704, 31.010208], [-103.395208, 31.014294], [-103.395067, 31.022675], [-103.386569, 31.02676], [-103.386428, 31.03514], [-103.377928, 31.039225], [-103.377786, 31.047606], [-103.386145, 31.051902], [-103.386003, 31.060282], [-103.394364, 31.064578], [-103.394223, 31.072958], [-103.38572, 31.077043], [-103.385579, 31.085424], [-103.377074, 31.089508], [-103.376932, 31.097889], [-103.385295, 31.102185], [-103.385153, 31.110565], [-103.393518, 31.114861], [-103.393377, 31.123242], [-103.384869, 31.127326], [-103.384727, 31.135707], [-103.376218, 31.139791], [-103.376076, 31.148171], [-103.384443, 31.152468], [-103.392953, 31.148383], [-103.401321, 31.152678], [-103.40983, 31.148593], [-103.418199, 31.152887], [-103.41806, 31.161267], [-103.40955, 31.165354], [-103.40118, 31.161059], [-103.39267, 31.165144], [-103.384301, 31.160848], [-103.37579, 31.164932], [-103.375647, 31.173312], [-103.367134, 31.177396], [-103.36699, 31.185776], [-103.358476, 31.189859], [-103.350106, 31.185561], [-103.350252, 31.17718], [-103.341884, 31.172882], [-103.34203, 31.164502], [-103.333663, 31.160202], [-103.33381, 31.151822], [-103.325445, 31.147523], [-103.325592, 31.139143], [-103.334103, 31.135062], [-103.342467, 31.139361], [-103.350978, 31.135279], [-103.351123, 31.126899], [-103.359631, 31.122816], [-103.367996, 31.127114], [-103.376504, 31.12303], [-103.376647, 31.11465], [-103.368283, 31.110353], [-103.359776, 31.114436], [-103.351412, 31.110138], [-103.351557, 31.101758], [-103.360064, 31.097675], [-103.360208, 31.089295], [-103.351847, 31.084997], [-103.343341, 31.089079], [-103.334981, 31.08478], [-103.335127, 31.0764], [-103.326769, 31.072101], [-103.318263, 31.076181], [-103.309905, 31.071881], [-103.310054, 31.0635], [-103.318558, 31.05942], [-103.318706, 31.05104], [-103.31035, 31.04674], [-103.310498, 31.03836], [-103.302144, 31.034059], [-103.302292, 31.025679], [-103.310794, 31.021599], [-103.319147, 31.025899], [-103.327648, 31.021819], [-103.327795, 31.013438], [-103.319442, 31.009139], [-103.319589, 31.000758], [-103.311237, 30.996458], [-103.311385, 30.988078], [-103.319883, 30.983997], [-103.320029, 30.975617], [-103.328526, 30.971536], [-103.328672, 30.963156], [-103.320323, 30.958856], [-103.32039, 30.955006], [-103.326492, 30.95085], [-103.327155, 30.950428], [-103.327848, 30.950045], [-103.328569, 30.949701], [-103.329314, 30.949398], [-103.330081, 30.949138], [-103.330865, 30.948921], [-103.331665, 30.948749], [-103.332475, 30.948622], [-103.333157, 30.948554], [-103.333294, 30.948541], [-103.343256, 30.947837], [-103.347589, 30.94753], [-103.362652, 30.946463], [-103.379518, 30.945266], [-103.383531, 30.944981], [-103.383681, 30.944969], [-103.38413, 30.944928], [-103.38428, 30.944912], [-103.384752, 30.944859], [-103.38505, 30.944819], [-103.385939, 30.944682], [-103.386234, 30.94463], [-103.38633, 30.944611], [-103.386622, 30.944547], [-103.387492, 30.944337], [-103.38778, 30.944261], [-103.387874, 30.944234], [-103.388158, 30.944146], [-103.389001, 30.943866], [-103.389279, 30.943766], [-103.389369, 30.943732], [-103.389642, 30.943621], [-103.39045, 30.943273], [-103.390716, 30.943151], [-103.391131, 30.94295], [-103.391261, 30.942885], [-103.39165, 30.942686], [-103.391779, 30.942619], [-103.396449, 30.940098], [-103.405646, 30.935134], [-103.421681, 30.926476], [-103.430437, 30.921746], [-103.445729, 30.913484], [-103.45592, 30.907976], [-103.456229, 30.907809], [-103.45693, 30.907456], [-103.457655, 30.907144], [-103.458402, 30.906872], [-103.459167, 30.906642], [-103.459948, 30.906455], [-103.460742, 30.906311], [-103.461544, 30.906212], [-103.462353, 30.906157], [-103.463163, 30.906147], [-103.463973, 30.906182], [-103.464778, 30.906262], [-103.465576, 30.906386], [-103.466363, 30.906554], [-103.467136, 30.906765], [-103.467892, 30.907018], [-103.468627, 30.907313], [-103.469339, 30.907648], [-103.470024, 30.908021], [-103.47068, 30.908432], [-103.471304, 30.908878], [-103.472727, 30.909963], [-103.474706, 30.911472], [-103.481046, 30.916307], [-103.493164, 30.925544], [-103.506011, 30.935335], [-103.50866, 30.937353], [-103.514335, 30.941676], [-103.526591, 30.951011], [-103.539313, 30.960698], [-103.542633, 30.963226], [-103.547641, 30.967038], [-103.54989, 30.96875], [-103.549972, 30.968811], [-103.55022, 30.968993], [-103.550303, 30.969053], [-103.550778, 30.96939], [-103.550862, 30.969449], [-103.551117, 30.969624], [-103.551202, 30.969681], [-103.555584, 30.97258], [-103.555691, 30.972652], [-103.555735, 30.972682], [-103.55589, 30.972788], [-103.560702, 30.976149], [-103.561844, 30.976946], [-103.561945, 30.977018], [-103.561986, 30.977047], [-103.562131, 30.977152], [-103.568149, 30.981576], [-103.568265, 30.981663], [-103.572648, 30.984965], [-103.574194, 30.986129], [-103.574315, 30.986222], [-103.580028, 30.990637], [-103.580153, 30.990735], [-103.580732, 30.991194], [-103.580979, 30.991391], [-103.58565, 30.995099], [-103.58578, 30.995203], [-103.59106, 30.999515], [-103.591195, 30.999627], [-103.593768, 31.00179], [-103.596301, 31.003921], [-103.596358, 31.003969], [-103.596381, 31.003989], [-103.596466, 31.004061], [-103.601291, 31.008249], [-103.601349, 31.0083], [-103.601373, 31.008321], [-103.601461, 31.008399], [-103.605954, 31.012429], [-103.606068, 31.012531], [-103.606128, 31.012586], [-103.606153, 31.012609], [-103.606244, 31.012692], [-103.606263, 31.01271], [-103.610634, 31.016768], [-103.610696, 31.016826], [-103.610722, 31.016851]]]}}]}